id,token_id,nft_name,image_url,slug,last_sale_total_price,rarity
3640080,52767,Midas,https://lh3.googleusercontent.com/mezp5g4T8nxTOdQ_3wBWEEMVgbTZGzPOu3p_TV0_YAW2A3KRbYef-GpGlWVANtwZ74cLzEsKoYAGUUywCjE09O3b,axie,0.059240885416666667,88.79798874682442
4918440,88381,Norwich Keep,https://lh3.googleusercontent.com/m3upP8MVRUE0S3jiG4yI1RMm1ooCQ4VKC_ERbRo0wFHbgafqsXJImmoosWAwtIssoCihvp1NmqX_lvqkvYoeJGbX,axie,0.3,2558.3933107363946
3676801,53963,Zip :1590,https://lh3.googleusercontent.com/wUVEsVdQDoJ18OfIQ60Raof8qqvEE3Y704pWLSEsZGaiWpmr2_aeouw9ZwSO9xyJOqBpkvFj-nvuQABAndRP0V7lzg,axie,0.075,150.31188893281268
1092961,2589,Not Denoos,https://lh3.googleusercontent.com/LCZ9P-EbZ3xwu10egQwUtLy79oITbjQHSrR__zY3Cr0uX4lytTESd2sMnmWJwhgXwSti84PJBYRjMOmwxljjwL84lQ,axie,2.9,317673.79420746386
896281,4039,DIZZY SHELL,https://lh3.googleusercontent.com/KFcthkbnUBYuhijrJ52fKmxxtBD1CgEvSbPb6yBDAEnsEmQ93MnIRUsHRpAmJKQkbWAJCwko5YYkOUDHcBJ_nda2,axie,0.031,26.011075273682618
2750042,28375,🈹,https://lh3.googleusercontent.com/1FwybA5n9mFyNvIa0kzDuVmQ6sV03NfdKh4zJIgR2XfVrLd6YkBNJr3cVAuincgkvupTqDDkezqk1Db3q7N7EfSg,axie,0.07187236458333333,146.67222680593744
4394402,72913,super dd lv11,https://lh3.googleusercontent.com/Z7OAGoQRED-x-Jn04OLo9SwSUhsMFbAmmZQaRc7ip1DE8bnoydMRqDSy_wbnvXgW5-iJuTHPdwzVksAlj8DueujU,axie,0.04,41.03095457672019
4963082,90366,Axie #90366,https://lh3.googleusercontent.com/CTGnOZURRdhNuO_Z6p0FEphhBpTCyG7u7spY7Q9dvXA4XFGzWFEMZIhsMuuHZ3RX3ShKaYl39P-3QzlKYjYxTk9xIytymqRRLA0zQg,axie,0.027,18.421451784996435
4305722,70292,Axie #70292,https://lh3.googleusercontent.com/eO1-IkmWF3eJ73eAeotxfLaofSvoE7WiVQbSzJAxYwB78RmZwCaYz2AT-8CsgnXCaS6c34DW9_FaFV6ufz9aPG0,axie,0.05233145833333334,82.39300496168022
16847523,160283,Axie #160283,https://lh3.googleusercontent.com/rKwuBSBipb-XJc3zHlZy1sHtbuIhYg7DM1ltG-5BkXUitSPPjc1X9gv6Tc7GP4rJQ8OYLHyMf1PMgcrOPkZF-Ew,axie,0.05001853395061728,100.27325207172613
899643,664,Redbull,https://lh3.googleusercontent.com/d7BMwWUK4Mo7bRmWV5_U-D0ORHjmKxzIZlSe5zzxC0dUAOvmlt1vtbKON-_u48REBtlwY7QlG_5nZFAJHtjo2kGV,axie,1.0,25852.63264081538
17007604,182324,Poison debuff,https://lh3.googleusercontent.com/KMkyeUK5rFy2O_YAQiD_FVkSXOfZc_bev-n_L8Fq-HjMeLFV4YQqabuPEl9zV61OmSGP8DeRLpGSCp0VSyRhUizx,axie,0.04,40.13734204246357
3749525,56170,Dau tre duoi ran,https://lh3.googleusercontent.com/4x2X2jPNtHE_JNr6JUQHJGkBPk754QbGgNd6YxGpstAf--02c9nlOK1jttmjcoDCl6mes14bN7TL2G5F_bCXhd_p,axie,0.09,243.58987734086898
4096565,63893,OR83,https://lh3.googleusercontent.com/0s1pTwpVWjskPgHOc0t0erw0m5OKt0TfawtoDWEAoXKAtFCWOpXT-Xvnez8N6G2T4YznpHKc4A50nrAqt1YhmM07zQ,axie,0.046721204861111115,54.844169702724464
4164125,64875,The Shopkeeper,https://lh3.googleusercontent.com/YesM3EIYWRlY2aUI5PyRxKZCNgrq-c16EP-I0HurqV8rFiNg1nksnXYiwhZQ2DuieKHjf7vnlAP3_mJpXURJ1n8,axie,0.0667974537037037,117.40893752239246
2577845,19465,[DMG] [DMG] [HL] [DMG],https://lh3.googleusercontent.com/OAqqPJcudqs2rCkCx3rr-IcjzvCrd8bLGbdfhemdaFFz4gCvc-A0Qz2f7vz-lRyVU0sAXSlJAVtrEma0CoRy430lcQ,axie,0.053582204861111114,72.09676739476849
3671165,53712,8K Exp Virgin,https://lh3.googleusercontent.com/7My6czg37nU1fisjgyaiFOjcEToUtR2i07xiz5NGoK13v-eoBlxgBwOQ5Rhm9L-6fg3964JkNcWCvynpmgmYL98I,axie,0.089,239.66228817482047
13276446,131124,BEST MAKI TANK HEALER,https://lh3.googleusercontent.com/rV9thesElZVJI6wJuDb77qcK14i22veWjAJR_5hBgsYrqsDtoL1LMVvb1zUKgNeAb-JSJXajFPjApZxHPPxrfwBm,axie,0.119,355.39078442642233
16791966,156118,Friendly Shrimp,https://lh3.googleusercontent.com/XRPgNMjsi-gb_B1W1v7vbay0ZgjezE-jTrrONB7T9TGSrO89HWKmeoH3Jbg1eqpps4FccYN4O_bqAGFOJJCuGrm4,axie,0.3503,3079.8517637805808
2229606,11460,🏆 [TIER A] 55 HP ENERGY TANK CARROT + IMP,https://lh3.googleusercontent.com/g1unYOlWHff_pPy8I6X6AsHLzT059cVaVaFnJbZfcNoAez8NbYY7uEdQcU2XAGFvJj_J8foJ9ySMLeYHyVS0kA71,axie,0.05504421296296296,78.67586938815536
17079726,193858,Idle Exploiter | High PvP,https://lh3.googleusercontent.com/LnfjWEBNtcujluhT5XZQFDAm6Mo9CVHM4E03mLrKgsMjdxD28MmgR920hfvt9jfq5wpkkO_pgMNBNZgLnsQY-AVJ,axie,0.15,790.3961890679421
5645168,105461,3/4 Tank Hermit Rosebud Hot Butt,https://lh3.googleusercontent.com/hSp4MjevoLw66W8L7wS6mOaPUkGRKkfS3iTxwCSIaZ6dfyaD43p0qVuaY2VHIAQlhe98WkOgx228A3pJDCV9wWW80g,axie,0.06875717592592592,119.93983306064872
17007728,182373,Crazy Discard Fish!,https://lh3.googleusercontent.com/YXhlpN4Rcbrxc2ZUfxwV9e4YznKMj4XPGtXNpF_IZMhJE_YWe6AodIq_cYiCgWcyRqDWEpzGZDLFlbkpH1-f63A-bEEtwogCsKed,axie,0.09939913657407408,247.7102803779871
5116568,94101,piranahhhhhhh!!!!!!,https://lh3.googleusercontent.com/BsP1fv4VrBnV11J899qugVSJeh3GE-2zz8o_P6a1TT4E6FLepBF47J49lGFinOkufBKCX9maCPzzzWA4pB5Bd4k,axie,0.068,119.58603236169417
15135609,144076,Axie #144076,https://lh3.googleusercontent.com/jBt0bQ2BMwZpFBiIQRyEoQTwFSxMrbBxH0UPnJLo039o3IOIPuIuq9IxxzZ_Jw8RhFewGcA5FtNbXUUrQYf7kVc,axie,2.9,294912.37499597576
13120089,123460,I'm Blue,https://lh3.googleusercontent.com/_75_d_as0hmIb4ETzvn0xa835djNRSsgHiQtCPRb5JvxyARO4fnUby6qOOqciKL228-yyvBLQTJJlYJPiTaSx8s4,axie,0.15,565.0475102109549
14770689,143160,Dusk Rarity,https://lh3.googleusercontent.com/vdGGN64SSfEXXadSyDdnXY4TyAh5CxfcC-bXkZQEFtIubzqNHQ0IM4eR7HrG_Mdqdun1eYQitPjewlPm2kUrcahE,axie,0.04497289351851852,50.7671822222624
2293809,13073,Tankisha,https://lh3.googleusercontent.com/2-OuCYiVluslcIRgojfcXHaPKuj_dTod3gCfpW3jEWLxRJwdcTnlxZwTnng5o-fAY-NBntIRkBC_Yts-Y5qU1O94KA,axie,0.005,0.6382571214281938
5029450,92868,4x Plant 1x Bird 1x Bug,https://lh3.googleusercontent.com/Yr8s-S2Padt4oy6LIHum4zHq-6lwplVbR0cvQrDobbubs_qMDyqy1z6d1vskwttL0xSamEG6QabB8c1CJ-LMG0PA,axie,0.09047193287037036,205.2112026208343
4712650,83184,Side swipe,https://lh3.googleusercontent.com/RLLJyAeBXCR6CeoVCurOCRydlY_eoeJb8-SFlMP1TuNhzNPwwTigCeogi7kQGvFVGQFJQMFJUxpsKe_zYDWxqVnNrw,axie,0.049,85.28294556014973
1092851,2469,Ugly but mine!🏆,https://lh3.googleusercontent.com/LZp88A_DUrFTaVdF4oCK_ASgedUKSNrd-V4Sa4Vm3HzQFM5RSE3Yz3UHbUjPMGEvoz1G3GgrjGKT7iBOxt2DDK5wZg,axie,5.8,1254537.61311976
1091411,983,ɛntɪr,https://lh3.googleusercontent.com/Q5sGHjSfiarV9c_WHCb-pDfrJLw63PHXCsMgCM7UgCA5ez2EdoRKZuNbIzvcM-vNVasB7jB7UXECpORyRXyRFjZp,axie,4.9,606787.387191678
16363451,150126,Chuck Norris,https://lh3.googleusercontent.com/OvBy0PL2p15qRNh67210oAaBbU7iQL9FJBtZPJnJ8o3hq7650u_Ekt-oXx99k_r32uPukIsDBz4EswPDOoqBIU2FEg,axie,0.15,566.7912106595475
16696452,152445,5/6 61sp max attack !,https://lh3.googleusercontent.com/cVmQSqP7SGe7qknJ9pDGU82r09u5ERPlKKR3o-61g8aADmp70ojrheyViJmMnCX4YCzAuG0Vgj0hTd4wyQmLS6Ti,axie,3.1,385853.1744053853
4088532,63420,breed 423,https://lh3.googleusercontent.com/zM5K9uwnUD_zwpr2injCEEkudnucgD_8X55scWuH9QApjcIrvQyCm6lK_gbNv6VZwj2LuoShr5gGpdInZdfA9D8,axie,0.045,91.31081982275549
16807932,157245,61 DD Pure Power,https://lh3.googleusercontent.com/xfMMWEJ1pXHhLPo3Nz8WzhVbKJa2tyMM7hScEsO2OLJgyxXpYBzInzJilPoRLYGW-2knevOGfa5R5aAzqczOO9b-jQ,axie,0.061,93.68879030647234
1091053,564,Axie #564,https://lh3.googleusercontent.com/UqW4E5CARHrPMHwRAoAt_SqZcNkFAAEuTCyC_Vnx9Z1T0x8oheohcyMkCFuza4p4K58CeBt79qHkf5z7fLg68Z6z,axie,1.747450935990338,76574.1829414512
1091413,985,ORIGIN+MYSTIC+0BREED,https://lh3.googleusercontent.com/cyRG1gDDejAZr2ebDiIozTA-8M6dLuOHzliqDKYAV-KOY5LVhJW1A8aZm8_N1zpRuRXkzYZ9YznAMEscxPFy2Mwf,axie,8.0,1936577.63862538
974054,1792,Dovi,https://lh3.googleusercontent.com/w5720_f5i02sBvqlONHcRqFtdPuq3so-bk5g5W3NPp_DQfqa1VQXFprx4icuEWu1zei1iZpbuF-RUCRzhEh3vlf5,axie,14.5,7406369.714786432
5850015,106276,big damage,https://lh3.googleusercontent.com/Jw2vrgxC2rzzNu2bWIW8p-YEOZytCfw8QxJcOkMzGbrhCk0ocDphu8Jf3q-2H6oVFBJk_FS-tcghJXaoJFcmbEY,axie,0.1,301.6460834676445
4094415,63765,Axie #63765,https://lh3.googleusercontent.com/CDqgUxCpmRR5IDon3T6zJ2bEuevJy5x3ZuqspmhV2FAzzl7eKdemsuHpclZ39TJt0AMxizKQTxYhn4NHcBipUlE,axie,0.015,5.666827253559723
1707735,5679,"(p)zz,hermit",https://lh3.googleusercontent.com/N9Bs0fIU4CQ7v0pbCgEdkVDHH7BO54EzwKV5Vk1-2fH7ATMKnOBt5Jxz9PrjzrQbzPP7BmMIpIB1D3tKYA-Ujw8,axie,0.09,209.79465302369488
17078775,193404,Ready For stun ,https://lh3.googleusercontent.com/5h2EhpMhxKL_Uj1HT2RvgJIbLq7j5nNI0YBEWlh3pKoM6se5Q-YHky6DGAYcvxyUBp6_KTQla7nmGNQhtKDpfb8,axie,0.18300150462962964,840.6523846709975
1091536,1108,Caspian,https://lh3.googleusercontent.com/BPKEKswejK8GCDwxW4mwgWUv8WIukt8sMMCaHnbVCAMb388QBGbO3US39iKz6EkURikFHTYYimgK43KN7KU8qBke,axie,6.0,1272558.2264652788
3385576,46310,Heal + Zero Energy Shield,https://lh3.googleusercontent.com/DwWPhWhQ7AiHyGv6A15vl3LeKsH6YStPDkUbRec_bfdwNc8qDzn_wzpIh-miTIjP7v1hQPnop9I2m-l96xGzozBCKg,axie,160.0,642058136.5446813
1174937,5288,Trumps Venom,https://lh3.googleusercontent.com/eN88yl4q8jnif4NywrXHGD7WocPuAU7Bnk4ozMLFameNTV-aPQ3bjavZ11uQ3tKUzzAM0vDks4pynExYKkgVeji2,axie,0.18512618601747816,928.590242024509
3868457,60276,HIGH CRITICAL!,https://lh3.googleusercontent.com/iU0sw6UIsIzS63Ideq7Xi5rDpZhAWZd8pP_vr3rxGYrlATFh0o63Tz-1TMHL2gBO-VYn1eF2KZM6qWVAeP4M9dNR,axie,0.06,109.70782872036314
2208978,11084,De'shawn,https://lh3.googleusercontent.com/CRZ1oSz-h9hn_7tBnn6Tvk2uqtgqme2jU9FVNrZhTk-WZdr7RRV-7KzrOxMNNKwgN3mg4KAk3FUAJge0kij-7-n0fw,axie,0.04,42.09795464463939
4957818,90078,Jimmy,https://lh3.googleusercontent.com/SRNmlhlbTEeD-LHWUpd39g-uq7nIiN6vkQLZ6zQ5ZvtouPD90jrTCmEk0NPZ98HUQi20iYYx_HzgbKBNxuocpU8,axie,0.049999874932803175,64.71322395895915
2729898,27606,🈹,https://lh3.googleusercontent.com/BhJnYBH4gBFpmMTO_YC563_wYKWYej7Ml0nbPZLVXyasRKY67G1pUFiz-E7w9eiJPtYEvpVBRY1qawZR7RAAoDNo,axie,0.063,139.1629915009307
2607979,20954,Axie #20954,https://lh3.googleusercontent.com/BX0-Ujr0BYudTe5_pAYE0maFw3M4WNbZS3TCc4A322ADYjkIGdPPwGat4hzVOOcqi7sdIhjhAwT9PY_Gw16RK4Y,axie,0.06,149.42968630477674
16230979,149044,🥇Terrific tank + 2xHeal & Energy,https://lh3.googleusercontent.com/Z9oRj1eSXoaDFCiPvMBm31mkIRO6WTA2tdF1AoYkGUFNZ60qjU-w7F54sqqN84cF3SSGyEjS_HBtixYr2SNW3EGk-Q,axie,0.0697117328042328,121.83150914568107
16756459,154398,_'- WILD THING -'_,https://lh3.googleusercontent.com/AP0ZFXSy8g-R_WXlGdiDddz2mOnuoh6kFp1nEEdIWpTzY1fI2d_1F84r8gM0FVYV5O9wflfdnJUjpXbdhPqidA74,axie,0.05603533796296296,78.75510393364364
4242139,67970,Axie #67970,https://lh3.googleusercontent.com/C20dbzf91nqRo-SBQ6q8vCqVqiUjEz-MSKoBnyNNbNE6DXIzIQS_51C1V0JIsUBRXbqZCW-0zdGiFnbx9k1BzCxU,axie,0.05475099675925926,90.17990819198775
899899,2186,Axie #2186,https://lh3.googleusercontent.com/7GH6pEH5c4io49DBcJE4hvs3_2An8bKd9rZ44zfbFTEVpiuRzZ9iDPesyC9NIs_BaJsZJCsyY1HdMjidJoYf5LzNGg,axie,1.1455167824074073,32914.77267739756
3682100,54355,Axie #54355,https://lh3.googleusercontent.com/LgA5CIbvWWvafVHGGGZqV_lV_liJullP2yDSKUGp1oceHb9z9E0rqcJ49ShDbTsaT9xxXpYXcupmrFWRK3TXjmw,axie,0.065,109.9048856476034
5222060,97494,King Kong,https://lh3.googleusercontent.com/nNdIoZrMdeX-w_VuMETDCcxGvN2GATBosU3xE6bVMwrJdQFE4pGGPfG7_8j6Yeav5FwpA2kUhEsyaqazm6P46F42,axie,0.06,90.29596241934323
4016182,62190,7558XP R1Swallow R2SnailShellTheLastOne,https://lh3.googleusercontent.com/ZpqF5h3RYU2ZDhuJiuAclN1aLqnE2McYYiGhcr74t9lUMvoU-9-g4yPQo-l0Ymlv5GDhefqr4e9sGfx4srHxPvfOGA,axie,0.04063541666666667,66.29911573324735
972263,2575,Clovis,https://lh3.googleusercontent.com/pFRlAwHwtZcBHnokpRs9z59jTtYRtv8IiczZCOq0Pujy2HJ9Qs10LvATCSEcxjKQw5kBzVKh202Jv80HArOMZ-f_9A,axie,1.65,68529.15358909719
4315704,70542,Arrow Beast,https://lh3.googleusercontent.com/aTs2nvHiYckPDGfz6A2l8cjGMkcodXk_VA1pJKgfVvGiaj1FCbeQGGnL8Q2CqazpuZR3YrcGVMSh5fQlJ29y_7jYZw,axie,0.08273777777777777,171.96729988862919
16282465,149493,100% Pure R2 Kingfisher,https://lh3.googleusercontent.com/3xeP0V9m4M_nu2Nle7uMPmbmJ7iRO1ogBQ6P0Zl1c-M4ygJQ-Cn-pp4js7cO1zZo8sBlvL9bmszn7oFR7fb-y8s,axie,0.12,362.7509591833029
7245385,108682,"Max Dam Dam, No cost",https://lh3.googleusercontent.com/cGvhO4y84guxiILFvXY9RLokHX7VORCyaaHpPx3Q_qSi1raFC9ER0ovwg05AJ0LqtvmFt8qUTROqW5YDBW0aKG963g,axie,0.08530208333333333,182.84208490276015
2605586,20862,Axie #20862,https://lh3.googleusercontent.com/g9woLVvGep_nWnPDvJt6XJt4HLhb4Gd_J0yKTnfjqzrLXjroCQv4rKZ6lMgqDTpfunixGh-yHaopxW3X2ELKO2kYCA,axie,0.02,12.29348088170229
13190426,127472,Axie #127472,https://lh3.googleusercontent.com/9XgtjIWgC5RpxMqpU6UI7IUtHDJ35_IdMBWBhWpGpTP3yoTgTfZclPC7QAAQH4TH36oSEjM-61gi0nHUoPzUpYZN,axie,0.047,55.43631572169635
2933786,36851,Axie #36851,https://lh3.googleusercontent.com/16vshxFaH0WbQoJad-YHe8BL4kLOdrCogbHRneCWj69zZsMuMQUWhBG0MFe8ZB5bfydDxTpUE1Ruavfd9v3PdRh2,axie,0.06,90.25057505064679
16992627,179126,Axie #179126,https://lh3.googleusercontent.com/-oJn8Z02PBpKeabLJWljtG0m3MEqFpR2DuVhOQ8FkM_NfSCiM1b5XAaD_merg2-WsxVirYicktaCX-Y88vLmYeIMBA,axie,0.06511575231481481,106.51561168380718
8857588,115001,2x Christmas Parts🎄,https://lh3.googleusercontent.com/AOew9jIY2buoHLEaiGHMuhwsDINrkEZe_nryNL6tNOfp3Oue1EZ4zlLfGFQaWPFXXQmlvg2Vg38VW81z9-E2xVLx,axie,0.065,127.3752030855921
2021428,7092,Mustard Marzia,https://lh3.googleusercontent.com/k8G8xOZb5sG6rfNqFat_2dvQDX4PTtjgwvWDfwDGgsS9w5n6fWG8lrT1_sAJGx9xFADtHMXaUTTqauyWj_TQTWms,axie,0.05,64.56065940912882
16654949,151774,Game Winner,https://lh3.googleusercontent.com/23qk24Du3oZEPWqQnr-5DcRd0Qnb2VIcmClJ7y4PXAWJX3zwJs5eW2KB7_I-D8OiCvVyfMvvGjbFwokctEYcIUY,axie,0.04553269675925926,62.48441203372241
916230,2016,Axie #2016 (Origin),https://lh3.googleusercontent.com/0_7LOhNovd4cWaw5hwXbKfdF6n3LeMKGOUw5_K_HYWJAxbz8aRUq9mqghf7CjshIgU5uTOcfAYFqR6OOjcLq_CfM,axie,0.75,14097.11672146713
1090710,173,4/6 Low number + 0 breed,https://lh3.googleusercontent.com/YBN2b9pGkJ7fvt68Vex5xVlokPwbC7zdgevICtkhTYeMdBw41wXOaKDrfORD4U7nCis-v9RHi89lER71wblH8STx,axie,4.902540277777778,728188.144168761
1090590,20,#20 Red Nemo God,https://lh3.googleusercontent.com/K0EPVfO8DXOyzs_dolouy_VfVC9IwQtO1VRmAV4-qQ0HXzMJRJQxJsrDLSoY-ZJsS9VPBEewt4USiTqpbxWp4k0f,axie,26.5,17942617.69363932
4274191,69336,🈹250% crit | heal | heal block | chill,https://lh3.googleusercontent.com/VQ_l7jeuvkqjUCtCNWbC7_9QW-EV5-25xXa-9tBTKJfo381yuiyhpp3K4a3puPHDeYtc9-bM_Rk8fMWO29TmQRM,axie,0.05,75.24711123325862
3818191,59241,Spotty Reindeer,https://lh3.googleusercontent.com/v23vk7F2IXZDQ47nwdjDugUVkiuq0IKw4rkknOcxiT9gDJE0-22j-qBPnSyy3GJa4ezwI-cRwMWvjfSVYl_gtH59,axie,0.07,147.42056596602455
4857031,86569,Axie #86569,https://lh3.googleusercontent.com/rM87P0gVXkmy5IchTL9GXPSiJNrao5MNcqrVAvV9eeLTd1nfBXN0W0h61J6VwQRgSvf1R9G_CP1cQhJfVTIopzH85g,axie,0.0312296626984127,29.722129362009575
1825352,6317,Moon Lander,https://lh3.googleusercontent.com/NPcp9k9muqqG1fIqh07GXXOAwqEhw4j5IuX4sdTaXv7UXi83ISpU8ZnrMkUuhCc0W1PvzKUnANm8FvHQqGKLZeCMjg,axie,0.04999537037037037,71.02111772897806
5145993,94350,midline aqua!,https://lh3.googleusercontent.com/wji8G3F5Os8OcT18LK_g3FcBP1naWB-c-OTqLwLgnSjFlGd8FsQXzAwPHwlSAzTPQ99iftY03XdUwOrzFfrdczmB,axie,0.16,667.7926198877751
16927473,168934,spike 4/4 350 dmg,https://lh3.googleusercontent.com/DUREu8DUa1qwoGc9hWIUIAfSUi1yMtwBg22ADPiXZa3GBuwJmUfzeU-ov1fpidOYgIkHlkv4lAmrWkDObf3_GSWi,axie,0.15,564.5415699607194
3799113,58185,Kagura,https://lh3.googleusercontent.com/lCF58qpH010WCDWgkLExnargyLH63tZ9CJJGveu0lMOBLcO7qfsBTJuryLb6usi5M4NWRbN2xP1iCGjIRcNwTG8,axie,0.08104083333333333,164.6078721707348
1090953,456,Poophead Jay,https://lh3.googleusercontent.com/U9_uCWzLXTppdo9_3g9BfO83hALE5PzwHtkNpzzgqq43GUoy4vQFoCXMAVGOZrfBnb1tanbkg-LByGBy3Kw2i4o,axie,4.85,759016.3767441598
16871913,163255,Triple Heal Tank,https://lh3.googleusercontent.com/xIBfYrz1CJC9tjOftnKIuuaYxLze-Lm8yYdjCXkcVGkhcsF5Xwm4F60jSWW30Vn-T7jPg6KxCVwGARUoqHkHJ2erRQ,axie,0.04800991898148148,57.77745406865952
2848954,34120,Axie #34120,https://lh3.googleusercontent.com/-dDc2kKmV6MpLwRlb2YNYkxzgQq1PYCc0lPJ_6lSXEjZ-e6_vsa4_DiREHss6_j_0-HvGlQLo55fZsK2pGv9s65coQ,axie,0.0690132800925926,206.84601196654722
14465075,142440,Frances Rell,https://lh3.googleusercontent.com/gLUSoPSdZXlfdC4SoxqthcJOjqoHUoBIYjJXHAwgi9XfkBXTOZUduGXQr3MZ-cQfwzolpxft22DXS2tBdE4qDgDj,axie,0.06046103009259259,91.61788620314871
2246195,11949,PERFECT MEO CORP II,https://lh3.googleusercontent.com/btLRiqE4WjYRIoKieGw4uK4uB5hWdEjiBEeKchV6GCiRkbjjw36ASUyrgWZU5twuGTiCSJKtUJKyUubEAX5Q2ko,axie,0.17,798.495744775833
2590596,20111,Egghead Snail,https://lh3.googleusercontent.com/_6dOjUKllLif-PRV2-N614n8ThN6TKdvTaPNPK0pbiP-MBXrqF1KZlX_hqyKf9JjNgcGHk1dhad3RFCdNJDolr3iPg,axie,0.05499003472222223,80.13454908709772
16760797,154667,🔥 2x ZERO COST + HEAL,https://lh3.googleusercontent.com/B-EHy7jhYJaBkKL_au6BYfjxx_0PipRxnBQaMOncj5zgM4tobG6zMQhYppwemJS0jTH9MLmHw3RFbgoPesuD04Jd,axie,0.05892682291666666,156.51050281076436
11315677,118069,DoubleBackdoor+Heal+Fear-118069,https://lh3.googleusercontent.com/FteoHKzc2bW3DOzmKl5ekG06dFXM1piRBkCH7Er7iLq8skEDyKpSsL2ebGSxTLuYeSuTY0C7twdDr-zhX_0eCJCjVA,axie,0.079,157.1548278009447
2535277,18097,Critical and Stun Axie,https://lh3.googleusercontent.com/h5KUERe22C5szltg8d-FslmwtGSvHQgWhoL99gUussLogJxLKtcZSLK8sBBGaTRcAgb-kUxbdikq0pJSvH3VCD9Y,axie,0.06329702546296297,100.6144935514776
3611557,51599,4/300/140,https://lh3.googleusercontent.com/QBqBBLmPkllgvDQthg0pfDAKzsrbnJLD0XGtU1Ail2cnb1uL07CHS-RE_OyFcyTyF56EQG9kP1HHYYfPfg-19-g5,axie,0.055,75.83904130988671
3176317,42804,Assassin,https://lh3.googleusercontent.com/R_t_vsuC6jqsyq7J2kina8YNCCJ88pYMXIaM9dO9jm7JI27MCbJMq5MRqc0cjcdtTlh4Ramc8dTTatf7IW0CEw5X,axie,0.05006421296296296,66.44016581088341
2555317,18668,Crypto.FrantisekJuris.Eu (1),https://lh3.googleusercontent.com/ScKAezrsK4HY49Bel_lSxn4HKSX52lOgGdiHVGSCDSVh0VqYN7nzUyQyCAj0dNQOCrM2237TIzeBeotNtOHNXqcq,axie,0.06,120.23692951775689
5478998,102705,HADASSA1,https://lh3.googleusercontent.com/dg20FIbJ8Sfpk2cS6YmJEnqJi6iti9PGeb9E9i9FARV1ip3fZ2wQBERI6akfRxAzjWI3McyVOV2oBmTmhNCQnLU,axie,0.05011129629629629,88.06774178193548
1092758,2371, Fin Dung,https://lh3.googleusercontent.com/o-wjPg90-VfkQW2F_hK19EFWR6KrcMOVfKBNYorjviTLKAAEYkRERf6Ajhl5jXVJMXWmluBwgnNznhzszBr9LBup,axie,5.0,762477.8610676664
904358,441,Mystica Aquarius,https://lh3.googleusercontent.com/XLpac1j-xotVwU_Z7MwKOBhkIBVg04IAEZi6L-K3ZJk9kYOcZzx_EtAV-Pt-4gpsVUPSl3k6Nh6T7v6sKkUQ0Kfq,axie,5.535795138888889,1081916.4928225668
2037158,7198,Axie #7198,https://lh3.googleusercontent.com/gg2HMiEB55kMGJOZb8QOiV2gaVt7IzL_8FFyf06Og9IF1UFDh0jKjVc1frRfxjGf2XEDlGACMy7gSfFn_vyJY21QtQ,axie,0.10674950396825397,285.72211350954535
2716239,26665,Orange Rum,https://lh3.googleusercontent.com/pvJAMuTuVqc9R3zJRf5xyH3mESd4mAXodamWmCFRg4RokgeUq6QDbzrgxUxOuzJmaWt_Yd9QJQbg5ZmH1vgErAs,axie,0.05,77.70321348403905
5156679,94666,NUT Attack 100% Pure,https://lh3.googleusercontent.com/pYwOJ__s-3yZ9mtKkOwIow-WpXQ-UXgTpfDCRDvvAtWuMbHkxeEetU6D_FC2CEKDR9fi1K76IFUXvhVYMKK_QqaS,axie,0.11,309.4990554491051
5370159,102117,TINY TRI  SNAKE   RARE ,https://lh3.googleusercontent.com/8NMrbnQerPo1ng_95IzavMYjbUVGoSJ8m6MmQf-5jnLOars4NmzmCkn26M7kEsGMtMvCp-f6e9FzrGatJnY1l13V,axie,0.13,424.70192227515616
3341799,45792,Pumpkin-DoubleHeal ,https://lh3.googleusercontent.com/YmifGlFDYI7Th38zI2w5-yGYP00__gjdGMNO8ECzarPnQfOlQ0MqPsAO5fn-byEJODgGm8hTLyyI2FNTRJ9yvLu0Gw,axie,0.058058020833333335,92.95061407070406
2519200,17620,Jiggy,https://lh3.googleusercontent.com/1XMW6jKQQI3rfdFVDB-pvYwLAgc5wa1O_Rx4z2Tjrsdooy8POvxla8N0cbdeI_E9RSD0BIEvl8R14EV1t_zjnis8,axie,0.025,15.704229672809019
1092760,2373,OG Panko,https://lh3.googleusercontent.com/hYHMGoVWcAZiv42lZmNNsXe5up4KApv088RlMxXxDXFZJB-QGLGASxN7GmFs9VQiTgRLuw_LAnd-8NLcw-jdpZs,axie,1.55,62913.10249741482
4884280,87469,Pocky Beast,https://lh3.googleusercontent.com/FoABwO9Ka65MZ2HBRZaxWMgFSQzsYd50lB4cWqoLwhbehMKhTiQyX9nYg9GmKLlRyiL2kGhs0pFq_tFPt6zi8KCifw,axie,0.099,249.05822906947247
3212321,43754,S 43754,https://lh3.googleusercontent.com/aZ20AqXZ2WTcfOYH3s3monuk9N9HKJhx1SLFJDy-mf4_E112nlIyaR3pp14C_r4snC9Fxqa866Fn4cQvT0fskXc,axie,0.049738194444444446,124.01605779987817
16425281,150437,Kingfisher 3/6,https://lh3.googleusercontent.com/uU270mnA5uVdqgVjuaLu8p_iLEa9nQm1sj8VR2bcYd89T82ziUbzspAV7KNe2XSHAAgGo7v_NITbsaIZythuvRGb,axie,3.3,436660.7662845922
4025921,62303,1,https://lh3.googleusercontent.com/EgsgnA2_jnlctgSzFSdyO-hGKjQzhbV-unnt88clMliK9tpWycLdaLNQUn-WWoZMt18_rigOXtpAoX7WRRh23Vg,axie,0.05,63.338888407230094
16631081,151616,NUT RIMP KYOT,https://lh3.googleusercontent.com/Mx0kXwtkSpmW99418mqx34SRKDgR-wAGiBEL4sA0aQz-veLrOKISiY4L54iKsECDjTqh4cHY0LQVpDDM8u9O5-ow,axie,0.3,2261.4287862194333
3567161,50306,🈹high xp,https://lh3.googleusercontent.com/keiyUjAzfH1x9Yd_czJ1syNyhFzjjx1pwoF2D7dFCek4O_IZfGdhP70VXcw9fnID42zFdu6KAmnHuikx3NocYBOt,axie,0.095,230.26531730658598
1093361,3039,Anti Bird Orgy Tank,https://lh3.googleusercontent.com/zRkWGkEGIed5HSuRH_ydrn8DWXN4Oo_u53DZo9JgR1ZxPNsh1wt3156d4lrHpVrPeMGpp23j-QKnyQRX-iykY8wA,axie,1.6566430555555556,82533.81201927003
17017482,183874,Axie #183874,https://lh3.googleusercontent.com/3FfkmG_Msq6agvE6WgmJFcauq72wYkQmIhsMKBh9Wa0BrffjvlOcVaY9eTVzxEmHDezj7vUxU_bNN_OKhm4opgviFg,axie,0.040752060185185186,41.72038419204353
3803322,58390,Pink Carolyn,https://lh3.googleusercontent.com/SsXFntjEGGj9LC84Du5NBtRmYjscIYs55GIbjFk6uLoxN0KEzpSdigkQY7rvD6ZmE6boWs8gu0eJBuQ77sl_t-Rd,axie,0.04528327546296296,51.86890657518022
4538322,78516,Killer-Native,https://lh3.googleusercontent.com/iHdsZqUCMLbaKKufcaERRjtkkBQYzSFrGoPXhkl0Y8YK7verM9X3kLEQFkMtK8JIhnDG8_Y87BHsQk6Rt3W-5mp-,axie,0.06499963311770675,110.15512465148599
16742564,153618,Alfa,https://lh3.googleusercontent.com/84PzUGT2SJHTRrxpVmpClmBTvD1kbv6GCeFGSXKkzNx3CY4ZKoIAYNZqyZL2FkawS0qvWFH_kPL4JE3ySOM4vIYr,axie,0.04,56.122696110719154
17003085,181162,4.5.4 Bird w POST FIGHT,https://lh3.googleusercontent.com/Lhf0eltlRY_QSEtZ0sRgazzPOc6i-dvaj8FEirfdiwuE_7Q5R8zH-TK2TE6G2yCSZQ-HmKUBMgCbu21X3zz4lgD8CxXPc5RW2mw5_w,axie,0.079,219.14430149820754
12981645,120590,ANTI POISON ,https://lh3.googleusercontent.com/yFFaKDTQO-_c_KOQka-bbnW5wl4KOMh-OupTVvGEgOUh0ffO6TYWVqegukWWwn1AQTneCnrNuGK1P6ZHSUG1jtw,axie,0.01999341435185185,10.058514097157301
1957965,6805,Piggyb2,https://lh3.googleusercontent.com/KpWDE9CFscvyH1khCChVwf2sLTOU-UDgCtwSRKyBSqcP4kwtTFgBZlb8nZYtxDLj8FHcklDdS4TESMYpiU1y8M-L,axie,0.31705787037037036,2521.5525093482397
4062525,62584,Vegan Turnip Rooster,https://lh3.googleusercontent.com/_uSxT9JTp7YiAK9rZGKfQZ5ogJap0F_NCIsWVwofrTgEvPZV_4YUxMM1w_ld4KPBgBQbN5u6D4omF_D1A3ozRBE,axie,0.052,67.96296637634664
4802326,85377,big monster,https://lh3.googleusercontent.com/0vhN37RyFZFoqeciOkDI8Y7_lGO0Qa8zOgURGqixzQ5BaknLDP9WjWCgjvnfmDNSK-0Yx83J3RppTQcqw1WntkXK,axie,0.05369513888888889,87.41146515213843
11891447,118349,Axie #118349,https://lh3.googleusercontent.com/pLpCSYbbXj1afi-0i1j5CozT8wAVlyDOM2qSnQ35K3ugROzIMHXRLmlKIwrHSOBPgeLvDtIt_kS4hYiYqp4f99Kk,axie,2.7,219983.24654817587
2379528,14883,DPS Full low,https://lh3.googleusercontent.com/oGItVfoIHPsty-Nw0ej_VdD97mHbRUbOa2ADU1L-R8VjFXfDaS2TZh1BpSv5LvDpXUmKDvUJbwM6MzHtQok4B9vU,axie,0.1,260.62909848559974
16898329,166670,Axie #166670,https://lh3.googleusercontent.com/XA54iw5Ivi7VX5SbB2xe-PPpzY538-kTpm8zxfLR-dei7Hiur-XDbohe8YOdNvvMim2B7WsiSHENn7ymb01oZRk,axie,0.05,62.68436548782801
1093969,3755,Mr. Donald J. Trump 👌,https://lh3.googleusercontent.com/TbiDK1C-mm7Wh4fg-w85i1brZvW1HyORxV9TFZa3IEY57RmXe6Yen_AowmnlYx4Je7Jz9bGHKkpzpbrTm0DCFrKU,axie,7.0,1482656.719648638
4014289,62142,KABUKI,https://lh3.googleusercontent.com/krZq2tDsvZUBOaI83zHqk3yuw3te_pQYJovbvP94GS6YTGi5XR3SjwitnzPUdeGZn93PQb7X3yuh_swkuPOLFThs,axie,0.05,100.19643520265663
978650,3579,Olde Baj (61xp),https://lh3.googleusercontent.com/SzPcdBj9wjeBNRx2gpP7v6o76eGJ0JuF-uM_r-jLKLT4ggGNyiZze9x6nzxHkUHvRgl6WX3iwrG4ft1d3wfs4d0B,axie,0.05,88.20049736879176
10295570,116889,Diamond Hands,https://lh3.googleusercontent.com/oOIGtIn6FntEGbHoxgq_puNrwMe3_v6pWgPXdM-Be99HAPEUizKLo6653BGOrCLb65so-seuSQoikqTQkzyEI9M,axie,0.039,40.660314573062834
14933812,143557,Axie #143557,https://lh3.googleusercontent.com/-SpWEtKvKPLDnMdQD1172RHt43rFcP_ZznPRa2mSUcFlqeDS3NKEs5F8kJx6Nw5HBPTRJPRhVqrJF7LIv4hITtw,axie,0.065,105.87978052805614
3156052,42276,🈹Curly Q:8962,https://lh3.googleusercontent.com/8A39Lew3UfOZluudsf0Zmbi1Lsv1cWDrmI89-sEWTmkOK_53gFIikoFCI1lOW4WPXnhB_46kCoLK9HUyO2HN0cvd,axie,0.095,226.39570031638567
1092533,2126, Dino Bravo🦖,https://lh3.googleusercontent.com/tm9IXtqT7xhzjj3YZEjqEiTCQ_E7A7FmG8atYqHjmoaKiSnkXxLOsSJgAIQsISlFWCQOBQzcgi6jLGMx6coWMggU8Q,axie,1.24,40092.64680115235
13444133,136533,SKILL,https://lh3.googleusercontent.com/0ND3SHWfYB3caYcfCgPBzYFXjAlC9YeFKGCPP_df_LxEDKK2bVctu2TfALGOrEqXDlD680kDalpH527_XLi3JlyTOw,axie,0.05109209656084656,78.47295637421496
4825854,85867,Sumo Tank,https://lh3.googleusercontent.com/jglg6HrtE_tgbisa1jqci3hFqi8-9z-x8_NyIbYAerYq1IjzWKsIrjdnU9glijtvkbTup4P1620RwokiSPBABNcuMBehPd8G0X0R,axie,0.05122461419753086,65.74442895775603
12981774,120616,Bug 3,https://lh3.googleusercontent.com/DLawDILBChhh-xR8f3LXpdWucEIS8l2Cki1mCpVXfnkGS-wh7WKDrEqB-9jkSlYIXF0mdqmd-tq2DF5Ut4HyoLU,axie,0.07641373842592591,156.32895464999112
13215294,129206,EnergySteal Imp R1Mosquito R2Pliers,https://lh3.googleusercontent.com/xus2UVUepsdHdh4IcwU1FkgV_TUoFx1zVWDSfk63E__9XhcyBY5vCjDXQEL8vGRv0tVuCfTa5U5QRLYrs0lxnqjL,axie,0.03,22.55909230397081
2145416,10098,C3,https://lh3.googleusercontent.com/0ZM5kKeNZnHUU0hBXT10Agum_u3kagsSTWQGoxeyw26z6ngwzjTnh1fyJtDFNw01IAP5Rc4ATXsyKavv-W0b3-pk,axie,0.01,6.007771940534556
1020056,2518,Cheapest Mystic plant Virgin,https://lh3.googleusercontent.com/2hDUTwNjnv8gzh_sC631JTuKMOVnNX6s9h4ml2RUkEmaUf6Fe0VVnWd4cAlr_c8QlA3t-8msYpQ2mF96ru0n7qYl,axie,1.6682101562499998,73765.13608766763
15896456,146034,HoldThat ,https://lh3.googleusercontent.com/_79XxR8fl4QopY3JeIfTO1LsavVnaMkRkK4sA7ZSqtgibS-fNMW_GofdZ5SXfQq0fHocXmjWLaNCXaz0Jb1jrC94,axie,0.054,73.13667364079248
13195256,128215,#128215,https://lh3.googleusercontent.com/bszt4bhZEvR3iniP4SdnGSSwABJlNV_K4n-KYmKDxGRVToMj3FfS4CejTYqoxUPG9ffi9y-9FFwSryGhqkUwG9Pm,axie,0.0695,121.50747342252222
2800616,31494,Albino energy stealer,https://lh3.googleusercontent.com/g-37BWd3IkekBwKC2EiuJjCXpMjRp0dNfR_CWyJjJeIy7gwL4wJvXUBuF8eJprqg_v9V-xTheB9A-lC-nDMl_sXd,axie,0.095,228.03076061948238
949616,2549,Gin Kyo,https://lh3.googleusercontent.com/0EwFl_PFgRe7aEei8-dGj1trVEL7UJKvFKdIoWpEps6ZqdIo6yyoPf7HJDGMpMYCUMwZQB2UqvSWqBGYNlU0d3FE,axie,5.5,1068510.2051978474
13214217,129072,Healing Tank,https://lh3.googleusercontent.com/vdAxAj451bmOpHSv0WktaKPH66qFh48mdFDBrT2QnjJWgmMZlpqYuGiTKeB3ldsl7KBoEOaMv5LNe0jWt_f29rE,axie,0.06009615740740741,90.70762045355951
16371298,150157,BACKDOOR ENERGY,https://lh3.googleusercontent.com/KyeDWqFfQPLVH8oWudHXRrVOC2kdiSs54F212xNtbHXMh5tSp6vHqtYaAkwWCrrzK1kFb3lgLtncY3brXLxaMBM,axie,0.04725069444444445,67.3120426151955
5902618,106787,protect eyebrow._,https://lh3.googleusercontent.com/-IO4fs_Di0qrr72pq-juAzYR-au2uCqWT11h36FCYIWaQ2Yq43f8IovxZ1vdfeUmEm03tAwbZowq3mRbAkTT8aWn,axie,0.06,90.8236483198209
13018498,122521,Breed 7/7,https://lh3.googleusercontent.com/X3jo7PvyzXTycg7Kv8l784Hu6WUNmlY-01C5vGVw6O4VMex-UQY8NWbd-_TgS3MGAq5dcifb-26LTqJnJ5y2ovLh,axie,0.149,669.530901646463
3751138,56289,MintTank,https://lh3.googleusercontent.com/LDcY89ec1hD2ijZyOH4kKkrcOKM1FGuDkgrLJ4HIyKM7ZYmXsIaJVIe2gzQuo7whmEP4VvNPiDlY-4klJf0cOkw,axie,0.125,398.65417797096023
4451578,75443,BigBoss,https://lh3.googleusercontent.com/L1aCcjnVxilBiLyGeJAMHjatmh8VNHtpSGzEzMSYA9DB9Y3VBtK8T_5ne5KEFMvf0wFnISSdzoCFWBFmit9OrnbV,axie,0.052,70.21385093954001
3576658,50500,Axie #50500,https://lh3.googleusercontent.com/XwJBE2PmqhUhYB8HhOaOr30TT3TY2wch2tGsXI0gec5PiYIgtJPyZLT6t_izy4BnyJcz99iU1t3Q4VQcm4Ph3seR,axie,0.0165,6.889829500610399
894059,2969,Wise-Old Grandad,https://lh3.googleusercontent.com/C4n102a6TKPldZ1J9VXa3xL4uebs-vMFQXA26PgHpCSoSLA8TttGe4w-zDQvabN8uW0ZRAqCI56JwlEwVyI2m0fh,axie,0.8312754089506174,21456.44973816143
13060859,123277,IKUTA,https://lh3.googleusercontent.com/DK15JHrGr4UwDC9GsTAGRUCJnFCKwx26vomHqVS5QSv8q2OYh1ekJMkwZgUxU1duhG_0OVXbakilDwiy8EI6Ico,axie,0.09,204.0056063951259
4181100,65785,Christmas Healer,https://lh3.googleusercontent.com/dVlCieTdS-CMmRuZdADKA_Ub0kmJUBkIBk70UC7nxl0sNKbs8WnnPx6mHsWMPWLMfGrVOyWeJAQ-VEd0-QtxYno,axie,0.05534564043209877,79.12396831733888
4851661,86454,2785xp,https://lh3.googleusercontent.com/Vo26g_uwf8_a4k9U0LhgHn3oBnKzIX4_RhXE3EfdimF3geTMQRzyg0Vr9C_S-DHEMzzkqN8ZUyPwJj1oFeq_vLo,axie,0.05,100.17920040798718
1092662,2256,Axie #2256,https://lh3.googleusercontent.com/k0rVv7GmKO3i2A_UrOWRah_9Ixz9eU3z7NNmAQ1d57MhBOaAHFeHchOFN87yxZGJAJg8dO6WD5_3nFM7oaiXUCBH,axie,1.3573296296296298,46212.39963933235
2665142,23528,Po #450,https://lh3.googleusercontent.com/k43ChWlYk5O5xqbcORkMfk-7_8lrOYQEhu51nkDUZ-DEGCXyKkPweGooB3JsNxEQTiH8ija-rS1gL6T-NjmFzzxQUw,axie,0.09305583333333332,227.94348986260627
1345022,5372,Axie #5372,https://lh3.googleusercontent.com/8LEXiK76uJqdnK2sq8MDB5-j_m9rwdMpTEcMc_eDP__Z4FAaDTA4s3TGCXmrVPqB-eruVBbpY43Uhtdz418yfQScMg,axie,0.179,814.9733998961902
1092902,2522,Energy DPS Mystic,https://lh3.googleusercontent.com/N6n2iy5GnHCoBQFyB-RSvQXnVI0BHwhutdA36lqDC1lOEuJU-wxFysZOaFsvYO6YEhAXsVL1HMzpBO4vmxHtoGM,axie,4.564542824074074,635367.0020511721
2262423,12364,Eren Yeager,https://lh3.googleusercontent.com/QaGnjClJHhwi20PVBAhgWcoYqTgMdYhikK_ka9-6K0UZgWbVwC4xjf1iLYR-GkWWft_Ln7RVG4aMeTVZjIOKnMZE,axie,0.05,62.93283156451895
4581544,80415,Axie #80415,https://lh3.googleusercontent.com/I17YWpVYqgNKqECWEtye3dXvj1WNaheSa4WCz-6YYuVH4a1gr1EH4-5Nn8sJJ4gR3__ForhaQcaXeqnFEZzxfaIW,axie,3.5,531662.9796154215
2914744,36121,Old,https://lh3.googleusercontent.com/NF9o9zYXqM7uBRBdGnaGQ9zRKMHwmTfECQtPyM4k2gE8whbF8RCvtBAelwUFBnqDTSXSGrWxmzlfzdUDirWxcHks,axie,0.08,256.39615214660097
1091584,1155,Loony,https://lh3.googleusercontent.com/F-uGptHFI2Jt_9uxSKahTHAt_dUqBH3z50xXOleeA9e5b8a2qF6Vq5TrFjGyJhruQ1Ta8eTpm2OaYRq8eUK26qZG,axie,4.6,544897.7969995266
4638305,82333,LeafBug+Pumpkin,https://lh3.googleusercontent.com/4n9ilsOiJ3xcHTS02irbJICS-OXrbVUM34DqlhNycN1qXvqm4Fcoewruw8mPm0lwHeII14P_VPBLsbVTQbRTUPmTPA,axie,0.0504049662037037,63.846637769225076
16849385,160384,Debuff + FREE DMG + Utility,https://lh3.googleusercontent.com/HAYvdgkX00pu5l2LhBZ8V08JXWtih4DBuQkPGxmnPE4zXk0d4KLwOP91-tmrcicIdXkJFD4iPpg5eCux0eEs6uj-,axie,0.04003482638888889,40.25861526516226
2224145,11325,317xp,https://lh3.googleusercontent.com/OXtcvlfZJ2nmgCiuuae9eSCP9HxrZIMDkPSRU_2lLtpD-i43xWU9d_PAbdYNqI9lq0PiqdS_A1WvVsQe8uxaklxr,axie,0.025,16.440715527363
938225,3114,Willy,https://lh3.googleusercontent.com/Kaj3QwE8FWB_a0wGzjvgCSMXYAZYRaWcoFwD9yem-S65FCAz_t36YbwwisEcchwPQCHc0dVbWjILgORwq_2yCRQ8,axie,1.239363888888889,53880.941733455715
2387706,14967,4P/4B,https://lh3.googleusercontent.com/uYQxlt77e8WtiBqGiafqxxGJXIzT6OJtfHX6IIRPoyZ4P8otDN4lktwMm-GwDuuBkJsX-k_-4BCxzuxrw2uf1nof,axie,0.065,107.49117241207998
3958507,61490,LUCKY SUSHI ,https://lh3.googleusercontent.com/f7zyNgtRrgxzntNhZpPTB88njzTFUaoB8yl1Ki0f0BwdNInXql6ydrpvdeLnx7ZxpBaEJDNZ7umlN4tVlYF0fKLc,axie,0.04864015046296296,60.451021582909554
4616947,81765,TINY TURTLE + CUCKOO,https://lh3.googleusercontent.com/LmPpLc4qQ7erdTWusmh0yyHqbK2hIjkOyeX9khuLCscsFeHMOLs-OSthoAJja15mkLs2CwIwNXKGN-2LGsXolTY1Mg,axie,0.08031541666666667,161.71087353228046
988628,2690,Axie #2690,https://lh3.googleusercontent.com/shcImnd5xAuBZHOrVh3GSOyNlaprZZQ2yANkuHB9OQa7CDwZO1gUMklJNUZhuj2oVcuWj4pSX3MicIJuH9Er2pf4Xg,axie,1.1,30336.3030861321
13000869,121602,Great Balanced Cards,https://lh3.googleusercontent.com/RCR9NlrQ0JCF2uNFufQO1HaVIwMH0kppqJuM_5hz8Idj6OxC3XCVTp18o2WnlKQIIzIe8sl71Rb9kmR3W92s2F4,axie,0.063,99.56140356528192
13151349,124770,Excellent Tier and Strong ,https://lh3.googleusercontent.com/-WGK_EYJlj7LVRBRROSytS1W1ot--094CdYoaxYc5MEejJ12sYmqlV66PSBXuco4Ky1BXy4Rh03wMWgWS6X4spw,axie,0.1,250.72827378028012
4348749,71681,Axie #1,https://lh3.googleusercontent.com/3WxvXCBIl-Zl1wNoJMXxiGO6AnVClEdoWo-A83lxFP8bThHNFPuRYQ9dnym2FM8LBnfBjn8PMBnq2ho0pBXxj08rXQ,axie,0.0315,26.1129019483926
909909,4135,Get it Back,https://lh3.googleusercontent.com/iLBgbu-JId2fDxah1ci8y-Ha2zJrBNrWXo6z_zoPRjAh464ZMmGr3daXQ02wKTuQgQUhN-dEP3w4-OdwdHBoUkj5,axie,0.15,639.8675401474778
16886230,165115,Viech,https://lh3.googleusercontent.com/vKbNYtIhcdsaJwcwoKTDeu56AAwiDBoUxhKNpqsZJ10UCvSiwVdvvCkMcz9y1tmeVmIbzRvLTPOHNOUj3eSpRaY,axie,0.09239091435185186,257.1627140054599
5360230,101976,3r45 bird,https://lh3.googleusercontent.com/Bd8Oe-Hrl4pqlbt7Ncw6TfTCf_c-7bJCkFZsbcH8L85OuNaDc0MJHdsAb0fb61QRVFm-aeMUZtXEQ_Oji7DUrSrR,axie,0.05,80.28849641935965
4561991,79597,tanky recessives,https://lh3.googleusercontent.com/zWxz8_isvtuLZdjHIGrBADcLNB1eJ9Vv_5lRNyj4kFBd6RIxJEp5gBSvqakkLsDEiViYkosHYe7HaEGs4g-TdOHH,axie,0.07542265432098764,228.13960788491215
1093151,2814,Takeda,https://lh3.googleusercontent.com/YgRhOMTp36geJ3iQGFtsSMd1du448uQqYzVcFtoNRzgOs-vsO2y5-ssEns7SFXLL2EUG6mm8DqDjX6Uf-v17Hmki,axie,1.8248341049382715,111271.37540957364
4181111,65786, Healer,https://lh3.googleusercontent.com/OujGDCqKYSl1SAq7r9YSAJLOGNU7iS_VCmxhwxRkzhBfQOK2H0ZKNZDxZ1zk4UpOsHa5Hc-ccVJWo9S2rQp_AYTt,axie,0.05,75.23306137966561
4183271,65851,Edward,https://lh3.googleusercontent.com/H3_Y_N-Nh-wxO1_yG16cdE-jEnMgS1ckKjYj-8roloXzEUK9KuegKKOC3I0zuLj6U0qb7_dFEcSU6yVV_NOFuwtT,axie,0.15,701.4572946450688
1568711,5493,#5493,https://lh3.googleusercontent.com/DD7Yy6M2fLPa-z26qxg64fw0iQSwLe3zRb-b67E4u5SijdmO5ZK9vZVeTOwS-GVay7s7t8kLQJK91e0fEcK-F03L,axie,0.012,4.693922465652638
5676672,105839,Freddie,https://lh3.googleusercontent.com/2hLOf0Ztw8f0rc18bLyI210BCR8n1U6LEKoKzuZ8uMEgiNxSrm0yz_3eG1X7zaB2-RFFS-HEV2sYD59jkn-4FB0C,axie,0.07008902777777777,223.0124203747935
1093752,3452,"mr, martin",https://lh3.googleusercontent.com/JvXqaS7Nc999zQCHCmvO2UrnBe9y9fPzem2nPpIIWh1fiX1CLOi4AVKAi_ypH3K29UTWIht9Lw2e9GuGlA896P0,axie,9.751927662037037,3351575.693623187
2841912,33828,2438xp,https://lh3.googleusercontent.com/GSUutZKU_MkJY888DqvQ6RNIFmpVkrVU_d88WExaMuVeDfapaYq3P0kJqHRXAKbz3AMcsN6X5IZzMsaRVHIWfXTS,axie,0.05,68.96287268250735
2085913,8251,Kabuki#25 (20xp),https://lh3.googleusercontent.com/t8OecDj41FYo_U8lsnJd-kCP2V67C6I7hpMlqpK3nnFMUV0PJ2usrZP51xVAgHHK8bT0ncoLRkIEy9ByEcGAkjQ,axie,0.0755,200.2430783758479
980593,4313,Axie #4313,https://lh3.googleusercontent.com/WgEExxcjaxgWHX2eZiID43o-MQO9YFqq38ltYJwmHhtex1HRqdyDlqe_4_v10-b0JUXYonXTffrZzK5xt3w8Fzvs,axie,0.75,14921.036259052513
5169553,95233,Double Discard,https://lh3.googleusercontent.com/2xCmEbf7O_FlraqaiACYkTiUxfxQTN4S7sQt2fKhmy_ky6ajKOybw6ow5lX4BSGlrA75H3BilTU3jy5Sz0b145ac,axie,0.03,24.0799393081269
4094834,63822,1r2 reptile. 4004xp,https://lh3.googleusercontent.com/avSx4TPjMVZH4xgsz8J2ixItEIun7Jk-hAsrs15wibtSc4aG9HURA5BNL3430rR-8bHfvAHvgfYIT7_fLDFl3VBx,axie,0.07030468287037037,222.75793060908114
17069714,191820,Axie #191820 Štírek,https://lh3.googleusercontent.com/Z3cRIfoPn8V3Fdzjcv3n1Kt1E9vJjrFfE51dlvlFLPg73IK5VlviB3A-qZhNL1CH-tS0D-pOmCyW6WxxdrqQcTI,axie,0.1040685324074074,272.75191525993404
1063274,4947,Axie #4947,https://lh3.googleusercontent.com/OHxZo04kMDHYmdJ6pXPYn-BsMh9oTW9GCwQmEGvOu_U_9m3wyFmaWYwl0WzrejLV5K0CcRcA5DeDNsFTcOp0nM73,axie,15.0,5872081.120446583
2167394,10621,Agastya,https://lh3.googleusercontent.com/34nI5TZ6py3k59imBqvKDq-s7dEbMmM-Xy44eDYwz9tdUZQzhve5qqHOH-WZShd2_t0FHpLeCBfjKNuEwpzJ7fIg,axie,0.06,126.31645568261294
13272075,130998,>400 DMG POISON ENERGY,https://lh3.googleusercontent.com/I1MXI7pSBei6JHjMw9heVxlDOnmCsGsPPcnESnAYefFyjvSkvp8D0DqH9o-J7PC5YCSjWbMK3HiF_C669Cu9SaQG,axie,0.055555,108.36042699467924
13120155,123472,Axie #123472,https://lh3.googleusercontent.com/LuI4LNJH31L1wyBM-f5mPmLGDpiJe_t9Qj96p4SX7Z34gjy9PNGdbmTKPLrBAALTXzfthlFfclEBFyotwAPv_UzW,axie,0.06,90.22035352386372
7664715,110077,A Beast,https://lh3.googleusercontent.com/jaNMTKChdkCfxRBH88UtR3BJTKEhs1ER7JEfs7sAafaVJZIlqd2qHWOwuCWmq6p2XxFYqjp1S5nxTWf_h8qUpeFfBQ,axie,0.073,133.89388280524838
13804995,140113,RIMP + Double Nut + 0 cost card,https://lh3.googleusercontent.com/YGbZ7uNDL1KF5L_6MixhmncGMbWUE38gKUlviDo5e25zEnVY3uHoE6nbg5l0HIHE6bD8xqbh8PvW4TXV5gCCspM,axie,0.0449,60.61568763008613
2552356,18575,Negra Frijole,https://lh3.googleusercontent.com/YzzGIX3nCz302D0PJkQtv877arBVVIQXIsB0UBIupQKmAAqM5wFUzU_0GC0hbFef1ZMLapV6pdImU5mn8NkEQxl-,axie,0.07,149.52912539526136
13985116,140912,Luna+Morale+Single Combat (6/6)B.P.,https://lh3.googleusercontent.com/AI3HGd2-nWzJx1CwAI45a7b7zbMdd59JSVZOynr4QOvxZnpw5ZJF8WcR06ZNpj9W7Nar-S_mSZxoMEvO3vYqZCTDSQ,axie,0.25,1570.0027943449895
16888516,165449,Sticky Merry,https://lh3.googleusercontent.com/tANkh5-7CWq6VHMhXnKGacz_dcmb7R1vg2VO5inmIidmDm6FZbWz6P6OcI5ceJ6EjAQA7u4_2w8V1YzjPOPTlUM5,axie,0.09,203.4794064139795
2987116,37871,Bug Axie #37871,https://lh3.googleusercontent.com/rtTNK6ivRO0-bxy_EY8JpjmXhGQYOxPQ8M4Ch4vl-0Zh_7oiJ674RmH8aF6YsDjrm-lmZGyM0makg53-e8ySwzFB,axie,0.06,90.53264942721813
4453157,75461,LAGER BEE,https://lh3.googleusercontent.com/qy2cOBE9LAih-jUo_KH26AqYXQ3uKf51EviR86ONWuXPEn0Hu0pXNIE5lnp2Nobb6l7_YibDZD_UxMTTrVPtVd9-_Q,axie,0.07346611111111111,297.41931265505013
995957,211,Axie #211,https://lh3.googleusercontent.com/PvWr0btL-2giNT_J43z0TaK3Kkiv_4WPUh88PpVRVfcKbs5PcUERTwxbeEwgc4Oq2rUcVnJcvDNiNLBK2_aZ0-jFdg,axie,1.5,83385.8379981975
1091357,924,Origin Battleboy,https://lh3.googleusercontent.com/fMulCGE8pAy8u9v1f6sURI2rchfuGOSJhCRjU5vMkYsk-pgqYBfBICIbnTTkI34qliAv09wOBvw6DRtYQS9tVnU,axie,1.2,36113.3592188985
4166838,65048,Axie #69,https://lh3.googleusercontent.com/Z9Bpf9RGIrPhtZ3hatw4-lC9jIaLXK5baEyuy6q2U6S3ye4GDQ9NIIe0DYBe3HXORS-Y0_OvTGQrcnIyxsZnUWzm,axie,0.065,126.95942728799318
3961759,61519,Speed+ Tiny Dino,https://lh3.googleusercontent.com/F44y32HsY7z59ypwWWRROt2HrrV9cHLG00awCgYlLQM3AgKBnCiZkeVl85AtYCLZp_WxWOpN1VJeQyEFkpMySKw,axie,0.57,8150.157080981711
2083279,8179,Pu3 Sp51,https://lh3.googleusercontent.com/U2HeYv5kQE8ANF0x9Yfpx-iXapnIwFZCIMqZQ5I-x8lK3pDbfPebbZt21BuckLGXoR1yklDolt9Ez0CP4_X5Ox0V,axie,0.018,8.390278903053657
13981399,140898,reptile +4,https://lh3.googleusercontent.com/wOVGsEQH-x7g15afS1b7Jt24K-qyPQ6z9B121Iycd0x6eKcYqdHBcjELVDzmY_AHvkPm1iZHldIgprxv_2bZHnvm,axie,0.0656,107.86836927582824
