id,token_id,nft_name,image_url,slug,last_sale_total_price,rarity
29603160,9735,,https://lh3.googleusercontent.com/PkM_-GWotMGzQaaReFOmWPYGunutWeLkV8TxSUJYUr208fZNaV281S_u1vKyfcLPCbSPe4gTj4w7aazSRYcwpJ64yXRkH9tpQjuVT4U,bored-ape-kennel-club,3.0,451656.462183335
29085960,2719,,https://lh3.googleusercontent.com/N9gs9qLvMA6HPHFzkvU_9qyzbGDHC5_Kfp2COWBDBnTytQ07stEdgC6rpe1D2vElqH2JlOonwQ6hmTQIRI-zEFZwrdGq6WlRNuB-,bored-ape-kennel-club,2.09,131405.74783929242
29086680,9446,,https://lh3.googleusercontent.com/jJgiqM3AJ45DadrN9yq1X8bF21AbeolQH-cww6L39NkMr231BANiqSbVOqSjcUxc0HT8n4ILOPdixxOCOFFpPbFNYXra65BavGdULQ,bored-ape-kennel-club,5.0,628560.877595431
29088602,1852,,https://lh3.googleusercontent.com/JiQyoAjgttsvnEEHa7Zc4CJtoAQj4oETwj0C2q5gQ_QGpZgmhgnSKNtfI5XB4vbwG0v6a2HG91U6sbTQ5bLTxX0zzan4G63GTl9O,bored-ape-kennel-club,3.7,412920.61420488794
29086082,8440,,https://lh3.googleusercontent.com/jNKRqslBHevQwveoi5_VOI37AOZ_ndfJlX_-sElK_XZzhr0u6ET4ZRoC1Ye0FhC07oWPP1rqo0VuelJJB9UnwQlqm2Ik5hskpblL,bored-ape-kennel-club,5.9998,908094.8654190656
29083202,3518,,https://lh3.googleusercontent.com/MUvX-yJsXi-ZDAh29N7eC1MuUz5Wy1WIZgtEjAMz7ANpmcL30B5OGb0VAqV0eu4flyuNVfrhfAmoygwU5paZ4jzkur4z2DjJjD7N,bored-ape-kennel-club,2.999,361609.1886016918
29178724,3884,,https://lh3.googleusercontent.com/rmmTMM6XC-He0f1VdydcZyX6n6z2suOvc-b3sSJ1CoBSXUBui5let0ocU3C7EOHaOsfbirbEZM1vZ8-QcjStm112JAPkKUxUhOY4D2A,bored-ape-kennel-club,3.59,710844.5186326161
29074564,2421,,https://lh3.googleusercontent.com/7kkBzMx1PDMmI6Qo8gbXuAuOmmL025mpuNefFRH7KrtDgdJDENK_MMUw4s_wO3eTkZ4-Rcbrb_wuzIBZ5I7a0_Pg9TY7VP42sl5hvw,bored-ape-kennel-club,2.74,263745.07164472394
29085125,4467,,https://lh3.googleusercontent.com/3mKpVGVXZtAramYX1q64kkGPSZUjvZnm7BokePChsKt0swKHstLZ-Mui0b9qU5XAP1l9-A1bFX0y8DKvrEzLXJfL4kfX8MIHjDCv1g,bored-ape-kennel-club,2.57,166178.65300540588
29078285,7533,,https://lh3.googleusercontent.com/VIf85p_uPuhJ2jMj44kLusWRb1AgmAbN2R2MEBvL1S2h86G3ILVxgnfcbA5aBEPOAR7UVPeewd5bapJsYB__lJGsjLvbCwjYOzWkSQ,bored-ape-kennel-club,2.75,190675.6359103385
29092568,1197,,https://lh3.googleusercontent.com/ha286V10pgDxc-_HXpe5nWuBK7kNKRhMDtABIeLJaGwvfJnLK3pABe1RXOueGjO1vrNF8zEhQyrHHNSu08cSBkFS2z8uba7QMe-hLw,bored-ape-kennel-club,1.85,120179.60754315894
29075768,7757,,https://lh3.googleusercontent.com/6rvAeSMl5DDz7k_sYG3K9YjenRY_V-aihyZ5XdcLotT3mK2ejdpLqWqlUM0P6dsHo3G7jDOGJhp8uCwyOTkfErklIx9Aw7zRQ5tg4A,bored-ape-kennel-club,6.6,1093518.7121295352
29086568,3547,,https://lh3.googleusercontent.com/xopca7pAkf7zMJfLHTRAq0zzH8UvVIrfU8eD5J4ZQXllMHsnrrRZVc_yA_p9JbO2ScoeazRoFyjI6OmmzkRM35wHXWBpSuIrpqKykw,bored-ape-kennel-club,4.49,506632.1543316017
29077088,7060,,https://lh3.googleusercontent.com/qYRZer2_-qpgwe4eKuI_zqspBd5BlG6dSbfgYcu50SKr4LbNvwpzPDZpqRFx8D5H7NVD0hpF5GBFZNienmTnKs6iTDQQttVwwq8e8w,bored-ape-kennel-club,2.69,254179.0353066688
29075889,890,,https://lh3.googleusercontent.com/NS0GPbQdPKDz8K_d2LVm85EM3OEgqs2t1R6yVoSadI8W49AFZcBcPpggw_LbxI_sxVVBfkdN15nTbArnJOnlCCNttXAkl1VXtT3Vgw,bored-ape-kennel-club,6.999,2209526.8280566866
29085849,9672,,https://lh3.googleusercontent.com/52UEzAgaLSiKZpI6XIpZoY9a9vzpAWJveCLBwnkRrKBJo6BO5jS37x1PL41GfC_aZJ0XQ_v5pu6APS-IXsz6LieLXZ8VIkMhzXyV,bored-ape-kennel-club,1.9,90769.82680295387
29090290,8458,,https://lh3.googleusercontent.com/9zXaI_m1mdv3y5_OLkl2GRRp4JpCYh_TcbQhz1htU9cm6hR46lJLuO-oHxU5vqUs0HSjWOT4qnfJzXYeqm2-G2mVmsw19udAaq6ZXTE,bored-ape-kennel-club,2.83,321403.0982995291
29094612,3429,,https://lh3.googleusercontent.com/WLeDIHTZf8e7iOZ9GOQnEVyWrspmVhQ2k8XieCOKhZjS-F4KB0B02bCsV0RB4MTUoU3-CMHLF0FZHOHz05ZDMoRE1yrC1HF63T0Fvg,bored-ape-kennel-club,3.19,358329.35048825573
29094372,6958,,https://lh3.googleusercontent.com/9dgXAW4pEePcxGCiU6lzOxgtYVBjGhD_Uzu1NMIKT_aHJjXEdwM9eutby5-_obbioRdFNK5ubixmzRn-rIC6612EwO8AtUpSorSAOw,bored-ape-kennel-club,3.9433658768588944,470741.60523793485
29091733,3278,,https://lh3.googleusercontent.com/kOdGqqX43jILbY1XWeMC0zOer6Usay8KMyZhC71CVn48RlYiuql7e6tO7rIkYXk1ZjM32glQ9BNYAM1hccx0IE7-UepE_bIDWVGXaKU,bored-ape-kennel-club,3.19,357278.95413284894
29079494,1077,,https://lh3.googleusercontent.com/EiTgdI8sp6rnBWbr0e4Q-wsHoIqG9BgXcmZpdA-jWH00O-oC4znggQo0BUUDFr7bkuqbgmCI2KXKUD4k8U2Ystn7f0Dn0sv-JgeTHQA,bored-ape-kennel-club,1.85,154302.9977477719
29089454,1939,,https://lh3.googleusercontent.com/XMQL-uuDpeP_fdwE6ceF4iwWXA1lWq7eGXFGgVLdUuyZuuwS9pn5mIN9_4H9faH7cVwsI_M4aW4AoZUnqNGUBNu996-r0llceX_ALA,bored-ape-kennel-club,3.37,399008.66792203207
29076255,2215,,https://lh3.googleusercontent.com/xxTIl7B1w0y7hnTz2T0Q_SV6kyzk1HGpkmsHInEeW1InkDGF9zRGO7E6uhEnF7CzsnYTfQmxZHjcXaFvOeZx6Gj-iYodoJqkUNW28cs,bored-ape-kennel-club,4.48,1206976.6633167395
29079499,2950,,https://lh3.googleusercontent.com/-2euwJDkMkAtG4SsudtZVMLG05oqYCVgxwr7S8QMFy05qoNcUaHLiXYPHgT_vICxpCKRkxyyo3-wWrsfuHb2qLiN4u-7V-fH5ZH0,bored-ape-kennel-club,2.79,273454.4063231465
29075781,9291,,https://lh3.googleusercontent.com/UpreRA-0A7nJb2mEs4G9HFuuaV1mWSjBEHrs_w-U6gmEH8S7FPD7R_svffeaLSwBMN06qykSm-FVpbzKm82vogc4XG5u8YiB6WKeGiI,bored-ape-kennel-club,3.0,270937.6315304141
29084302,64,,https://lh3.googleusercontent.com/7JGbcWbVPfWeixUccfctRaoh9yfBSw8J9qzZ_GuB22H9ijBV7HvORNZMoxjYiRLx5bBU6uTZ0B9FiZCJ5ACjWHC1tIt_q6eKY_c3,bored-ape-kennel-club,3.4,348446.8301020099
29300782,2665,,https://lh3.googleusercontent.com/9A2gOrQbl5YpT3y1LEjrTTJkEW4PTdbsbtv0t9FraIkcQy2jUqbkPiz_faPPnfymiodP237E24kuQnP_oKa0bgIIdL3k-3LxiSD5FRE,bored-ape-kennel-club,2.95,392472.31348484685
29085862,9073,,https://lh3.googleusercontent.com/qzdmkGlsA74H9w6RsfrYToMjq9vZX1Qk8eTXD662CwGJoHGtVNOF5X9bTfol1rkqtsTCTrefySxB1OYv_12Aq8ORdoS91vWcPxdRQw,bored-ape-kennel-club,3.6,325392.9208239014
29086463,6128,,https://lh3.googleusercontent.com/buu_Z3lc7b0kiGpXRNurd2vvWBdSqHOMAhguZrtMO9EAvFpKkMOe29bpLA8jqsHebX4SHMRTYcFm1n0MVIpvgqxT8fprAFgNm9h3XA,bored-ape-kennel-club,4.35,759077.25861733
29146224,1305,,https://lh3.googleusercontent.com/k-cmhs7egYbjx_9fe_40T58nBsoE9Ic5ukPpmiDTHXUEuvIyu254__BAMpx-PnnpMizPdKy2uQSPdzSmoCkRS4wOODt4v43KgOez,bored-ape-kennel-club,3.72,485619.79459830676
29084544,7575,,https://lh3.googleusercontent.com/s_7U7H94Dw2zEZEWhAbNCikNEWhEE9b3I5Xlx0zgD51pB8Ujonu_apInYiWokFEgvPlb8kcTTuOVXnBa4QGeVd5qqLlvJLs1EQIj7A,bored-ape-kennel-club,1.69,86082.55770265913
29084545,1693,,https://lh3.googleusercontent.com/dMf3-w6Yh1g32JqkdXgp9BXi5WTdoN8olpkBRh3iYbiu4n0-YcCMukx-hAwmpJ4XnUrxY-VHbQdk3zi7Rzb3YTtGjkxVJNmUhdtj0Ow,bored-ape-kennel-club,2.7462,227485.0071641936
29076865,2066,,https://lh3.googleusercontent.com/Siac8NCG2yQd2lBZ3skyq9jlbcPBEqekUIO5mSgoX0O60AxUp7E5TZrEX4i5tD93DlRCBrlFci5OummM5ynFkJtgU1X5uw5rRqRPFw,bored-ape-kennel-club,3.5,491308.52508897404
29077945,6032,,https://lh3.googleusercontent.com/nT_DCIEQky2kBXH9mZKTwrAdcH1a2jtnaN0n6brDzuJSWHnVzFLNQnUL0QVVoqQsp94cdGmhUhNEnkId_5LmV-_rfWC4dkEcVO05fg,bored-ape-kennel-club,3.7,343066.8689169047
29086346,9016,,https://lh3.googleusercontent.com/QM7ulyScCOFPK0FQNcLEcuq_vnimwNiVEoyTSmYDtLxtnpGiZvU3SMBuoOS2uu6iUbKwjpvvr563lsdTHMd70uLg-izRLWO4uT2h5w,bored-ape-kennel-club,5.4,878394.4474700186
29078187,5768,,https://lh3.googleusercontent.com/y4qC0Zjkre_xWmoeYpvBOlqXIDt717xyi1Qj0P5lEiWt5TqkKl7-1pnvyGuGi4NBPNGehoBprZzYTsdQYf1AkGeZH3xAqY1NgcXW,bored-ape-kennel-club,4.2,531371.1608462185
29129187,4432,,https://lh3.googleusercontent.com/irojb0tVNlicOCMRK7qm0Lpl_JXHEBn1Duh-m7m4vLf5qf41AoptaOLvMrpgBqEdK3dyR4boo0FM2Du9I45Rx20Sw4q7fM4VAhgJIA,bored-ape-kennel-club,2.8,236051.84870712037
29093308,2428,,https://lh3.googleusercontent.com/MKx0_eYAokuYF65JqFvAgGq3ak-Lcrb0ZqgeEh1Zoc_VF6CVv3jmlSYnMf98f3yUMYD6Sd5kFktZRevVts0YWJ4uMio9al_RobrB,bored-ape-kennel-club,2.9,296039.49902538344
29095228,2680,,https://lh3.googleusercontent.com/zeeJgf1hotc53WlgjRNQ85JEQkjlQ0OwYoMafGikjLGjTFtBxZupnzD98oTq8WLYelXpSI71SqFM3Pjz334CfHs9w_JQu98D73nRZOA,bored-ape-kennel-club,4.6942,777238.8353678739
29078068,7605,,https://lh3.googleusercontent.com/QcCoAhuLtLcr8EZyjh8k9n_6Bv4owlfQ_NiWrW05oxPf6RuBrwhEnoQvugvLhZKiTdiciuLBawsFS6Puj1EOwBKX1TmrDkxKE3r0,bored-ape-kennel-club,3.0,226483.02363626397
29129189,1334,,https://lh3.googleusercontent.com/5DMNQ0ObRlXOBuzGS66tG64EUP3yRbyMHNjE67FYy9wNz9nv7GKKy8tfXis599PgYW5vj78NmZi3We-YFDHgqTINDuC8SqzXdVVqvRE,bored-ape-kennel-club,2.5,219591.2347592293
29086110,1904,,https://lh3.googleusercontent.com/DDMP6yx3UcCR-X92Fwxwby9cRQwvUnyfgHCJ3qo_WDogyRyxCl-D07eJlVscCF0uOvuTGpEwvaJ_q0_QeTVMjdykh6cc8FtDKP8T8g,bored-ape-kennel-club,2.8,236593.09320652607
29075910,4299,,https://lh3.googleusercontent.com/0wHGFJCSJ2_0dop6TFw4rdPlm6MOsNXtiIlMSyykYEalIQzl_yMTdd5S_GaYCm-ERsF4L7Ms0OltPjwDTbCP42SFDLq8ofMjhcBbnFk,bored-ape-kennel-club,3.9999,481817.2847937856
29079151,9312,,https://lh3.googleusercontent.com/KzArvYPVN9JG8C1yRwxpJxMyW1iA4x5xyS2BV8krYSwUGr9Dddo4XJSZBdAZOTf2BeKADfzRLO089MbBoAWpkym65fW-rLNbw3cV,bored-ape-kennel-club,4.9,844642.1494782965
29079631,1738,,https://lh3.googleusercontent.com/2IUfwttqAA7p6zwknv8z-oP17bjf48N6IiN9dp4ZeNVJc2_PrxPQ7nxPmqMfT_jgTPPovPdRU2iUw_6tQCfDJ9qNeMamdvHKChfGfQ,bored-ape-kennel-club,2.1,154771.35539516434
29202991,954,,https://lh3.googleusercontent.com/mzUnMIr29M5bFAp_RIJZdSrb8q8Mz48_j3lN6M4gIh9AlKLhB37hUOiqIunVKTizXoq95PxQiylirQmpmrqnJRWk60syf1swf2ijSA,bored-ape-kennel-club,2.59,269566.80077243276
29075912,3094,,https://lh3.googleusercontent.com/lvzIGtWYz2aNuyJ244k2WOwOsFGDXzhIySNuKW2glIyCy_UBuz0t91facaOMwVBucJFoHAUM98ykkEiZ1MPA04_-hldnP6XpmCxV,bored-ape-kennel-club,3.78,360330.87359554257
29074352,2540,,https://lh3.googleusercontent.com/A78aADu1f7ykldp_P3YhBRFsMi4dWy_2ze2MmlkegTpFHsssoz9axc5cdXJijfnU1sXjapaRhp-skH6rEukISI0g8Jm27a5wjXWF,bored-ape-kennel-club,4.0,403012.6653583406
29079153,1724,,https://lh3.googleusercontent.com/AnrWaPvRUOxiTdwJ-Vipc7i09SR9RK6rxOCCeKfW4U6eIedwnCZMTNbMFUOUjLCc_4E01QW-7ZVX98JhfXoxDwIPJPEA5LcwpyC7cyU,bored-ape-kennel-club,3.9,839516.779821225
29087433,6056,,https://lh3.googleusercontent.com/7xwulSwkqErp_kWmhTwSiYsed3In9zA7vjMSHYTcTJEt1GotV-NcpEGtYEvKwX2nvtnzspi83osYhZK6IVwhtlxq1Rmu2L8Oy-1F,bored-ape-kennel-club,2.39,172358.84021081644
29083234,8817,,https://lh3.googleusercontent.com/a55LTf-AnO4CH192T4cGIAbXanPDsPLWaOA-aYHwpPWsq5Pf0gsArgpxt73ke6J30UyTCHb-0vVUkvpxX7_zaq2u-tD2pGEkieXLSko,bored-ape-kennel-club,3.99,559611.3307978084
29074354,7759,,https://lh3.googleusercontent.com/C4298Ww0_ltEBG0PA9cFNO9M18ERj3IPa9djBseqyYqQaOKUsMi0n7o0Lv8TIrxXqtJIDeyGCN1fhFW4_beulme01O0xJpjBHP8Vaw,bored-ape-kennel-club,4.09,503857.88971783256
29077955,6035,,https://lh3.googleusercontent.com/giG5krjYbRGv2BA71tdPZP7R143fkXrWyxf6Ib7Y78fx9lq4eupAIYXH3gGYe8N5IbsmNx5LZtp4iLsBXvXI_hCBAQgroxU7Sgun3w,bored-ape-kennel-club,3.99,558801.9878117791
29088636,6907,,https://lh3.googleusercontent.com/4aDEwAhD-JNqGfoTEYusm9Ce9OkG_AKNv8mHsJDEnDeo5cXgUNvjMefAp2UdACAiQNo4UUbShmJpTQLPWS5eGQrc1jXlo-MK0oBwWA,bored-ape-kennel-club,2.83,401374.7176424374
29132796,1267,,https://lh3.googleusercontent.com/66e1XEnJv1J5gRx4ZQRDtWZbbOmteaLZp3PuNYbEZXGCQJn3TxiLoX0pLWTrPy2822W1fIN5InBUoy6BRo1FiWz_OIkTaCrouw7ok6k,bored-ape-kennel-club,3.1888,509678.4136439958
29091636,2145,,https://lh3.googleusercontent.com/KQwgRELM6XAVxlo-K8icaFpPt9ZQec_-0qvBBdMmi6PCdNVWg_8M5QsGF9309dWtfxOCrGiqRw3cHPSZ5UCYS5nEwPI8vDtmdyNEi5M,bored-ape-kennel-club,3.4,405630.3918297532
29077956,6036,,https://lh3.googleusercontent.com/rMCTr2XlnXLyiC-VFgFd32j6uEun1FptlOPfNx37_BuUAsAU2RFmPMrKvL4InVxpNrNsZdUoJjGnA81S8AbmIiR_qkjV-lNu30eU,bored-ape-kennel-club,3.499918986571611,308723.37124921236
29080837,8882,,https://lh3.googleusercontent.com/8XoobbJbUUoVQUkNJ-dz71QBUtCcF4gwItdG7xA7RM1dy3QPJX0zL1Z-69zVsGt9NDVqGdO-Ayxhw6Q2w2k_IFW21NOGWf1RAwlgNY0,bored-ape-kennel-club,2.95,305332.74843453796
29078797,9960,,https://lh3.googleusercontent.com/sPuZCGqnCK27NOS1k810NZFjF_DVVOBpf1aYS33E-TtNCChnbtReZm_OOYwYLUkbSQTmJ8BDNgOeBuZA0RVS1DK2Oz-GVu992sc4,bored-ape-kennel-club,2.91,254601.90924441753
29089118,9220,,https://lh3.googleusercontent.com/rwJK7JvPm3p9uwGjwfP2rxV4OiRsTNKJOcFSNzxvNp5wXQMlvJhvEwHMbk1YGTfJ0IGAE8hFzGVFTHm3wUR5CGmqAnVJ-T7Uox7zxA,bored-ape-kennel-club,3.0,496549.0589616135
29078678,2223,,https://lh3.googleusercontent.com/LMxOIglkaFYBDinySBfVkdbvuKWuYoRxpwFZdeWn0YzPMO2CoPZtgLR8UzeALkSy5Sp1LpgkS1t99eIBpzVl7MN2K7IQUeppJAjaNg,bored-ape-kennel-club,3.479,425504.9547330129
29092719,6061,,https://lh3.googleusercontent.com/UTLDruYriggXRTCWU5nLRr5pMPcozPQb941pj6SjF83lfInbMujf1VTKK_aNCU2URy2cMRK6ORnJSZYHT96cVyFUMQQLHWYgzBHj,bored-ape-kennel-club,4.85,828205.009851974
29086840,8354,,https://lh3.googleusercontent.com/6WRB9bVFBnkDKMoRoVnjgW_IAmBYOykO_teMvpm7dZ8nWR3uJWk3bk7PM8gP5UcWiBN6iOSE5k8b7YMk5e5P0oVkoTLccCYhxWi1mw,bored-ape-kennel-club,4.0,402835.0763355771
29074361,597,,https://lh3.googleusercontent.com/9VwX2WHNqI8Ms4i-J_cgO7qy2avKZySBKO_059st4qtMNNyen2QVaGTY6RTSyJoW7KaK1wvzLZtUqwEsRb5e1K-hLGrJdbD2r71Np14,bored-ape-kennel-club,3.6,714404.8519367112
29083962,3866,,https://lh3.googleusercontent.com/Ln7CGbBVrIaVEIzW1d2ozEkCw4etLDcHfTNccvno3DxYO3CmYwuUxt4Zf-OVIirDDWrs7rNAZVwC-Mv_OmJilmDv4Fz8rhvVbA1rpQ,bored-ape-kennel-club,2.25,177735.64966653977
29074482,5476,,https://lh3.googleusercontent.com/BHR33ZjbznNiYPRdqsX6cwyqGWmHgCCN-v-9zetTLNlONlqJNskyeSOMelj3SDXKsTObVPD6y88b9RSbB6CI1524UTxOYnDscfXknw,bored-ape-kennel-club,3.0,272172.73966010154
29075803,1900,,https://lh3.googleusercontent.com/SreU1zewSrBewukXlmtqYQmi1XiKROw_4BvToVg7CdG7Y8Q9eu4_qp2WO_hPieuRfs3DaJ8ywYejdIZfe6VyYGE-FznvI6UszkNBkg,bored-ape-kennel-club,4.36,666826.4894185674
29074603,3557,,https://lh3.googleusercontent.com/UmqnrhP9n51wE9i8RHZ_PFXTGXpPAV4Gc8JoaodhqlrdhdRAuQnUWz46Kr5cWE7aXwiwlL5FsxR40A4-zNG1LyjMIjVuTfeeamFXzOs,bored-ape-kennel-club,3.55,316371.86349567666
29087684,6356,,https://lh3.googleusercontent.com/mR-rPDLveZRz1Pa5366AZi-S-Qx-AhNuxphQX4P5IzqgXtTxWhk8h1S6HLcqXYm3JeXl-r5PR6eEPvzXlruBbBkm9_ksbW8UMMHuR8E,bored-ape-kennel-club,4.51,612830.4683157736
29074724,9993,,https://lh3.googleusercontent.com/vqV7yi_drvUbydxRqoJqvKCr0QhU7ZfGM0haT2WIrEpQYPqxUb6clE2LeHE2dge-7xuKv_63Kp009oo85l79YIgalNxl3FSbiZ_iag,bored-ape-kennel-club,3.8,509006.41722410265
29075805,8163,,https://lh3.googleusercontent.com/7Fw-X5w2Oitgcf-LzOgbp5cbmkXYtFoF4yoOGc1X_vS_jmqUoZcX-tixfXi7eiimuEb2ogkliVSK8Ukysbi4c7qy5HlzW90T8kg-PA,bored-ape-kennel-club,2.45,181534.30169143315
29086125,1800,,https://lh3.googleusercontent.com/mgPRn95zOut_VeLrK-CwRyJah18Y3UxKAlgp3E8Evbt85jpKMUJ30zM9ZIUf4THFidXPd27oQkjul3RkZ_zD9OVaxccBx5UGlMlMLg,bored-ape-kennel-club,3.4,291015.4078093804
29090566,1338,,https://lh3.googleusercontent.com/q_gCMAnHIxSRvdMegQKHczGXwzzsybo3ehDrK9_rJgVmj1b5ZDgdNhr-lDgtTMjTBVDo1IliQj4CZwdRPX1qgGN1at6gzPPsfsjd,bored-ape-kennel-club,5.4,1172473.3819456855
29091167,8514,,https://lh3.googleusercontent.com/qahJBrvF6EY63Zu7XDmahBx4VEBg7uDXtBcFYhcVTpzsnVoo6Oz15xLW5zK8AMlsHQsJZMybNEdmMP8uwySjoZnDN5kS-IStEKmhuw,bored-ape-kennel-club,3.29,542196.7842745131
29078807,6272,,https://lh3.googleusercontent.com/gWBYifr_ORxoyTJOzKtc5_OvK-z7AZ8gn0SckKA3daAqt6tgknaTHGXkXujBBDl_LLeC9CwQ-YjNOVBZC-vAPOg4V9re6BtGPlGbKA,bored-ape-kennel-club,2.79,234216.06189631243
29164247,334,,https://lh3.googleusercontent.com/WOdNQLb0B_q6LQo9XMzgUbziKREgW44AEF5hhqKqLMDsagJ4yEBWxgTdI3LrZ0YUJCsiK8hRknIj_P9rifbu8m2X7dbKmU_UOxL-WA,bored-ape-kennel-club,3.18,405852.7256220757
29079408,4157,,https://lh3.googleusercontent.com/-nli3atI9frrhXOYGqL9t-t68xqCRbPK0zL-x0GMqNipqG24ogkwNWyNJsSE0P9LrdPfM81iuG-Hyew5Ufsl3ITYCI4ISU3rOb21Ew,bored-ape-kennel-club,3.47,423897.58842193603
29102210,5015,,https://lh3.googleusercontent.com/QAqsJIZVpYbFu4olZUMbjRFkavj1l4D-q0skTKCHHr5lvBhJ6OQORyG4nhCs_8n_3shnPo19pCQ0xrTgwoocLBV5GoP80TdD9BZ_Mw,bored-ape-kennel-club,2.8692587432010184,371052.6917673084
29074970,7631,,https://lh3.googleusercontent.com/sUDmx79r2EjQsFMIEW26cdrYmSMj1Fh6tDKcXqwOHFlN6y3cTkcduZVj3hxZkEI2RBR7FqqEu29FD8VdU7wduiBNin8puc9AVEbR,bored-ape-kennel-club,2.45,180208.23573664622
29078690,6409,,https://lh3.googleusercontent.com/Em9Ob8n-8c7qBs6RyIcjiwyRZ7JA3AFhXewUORxE6Pu6jyLzC5AuUlNCDWFeEwJ3MPdlJrifEFei2svMmxZgp3ZCvbcBrGaKfT6J,bored-ape-kennel-club,1.95,114707.3988269543
29077970,4861,,https://lh3.googleusercontent.com/WKEBnPTXiwuAiPjtfaQ5o-uiYAdhqbJAeT9P88C-KnShI3RStJhCddC_Wjd2vbG2Yuj-zNtHLhFB2G555qfBmxIBtQfzALUJwBWavA,bored-ape-kennel-club,2.85,203745.37078927684
29074251,7987,,https://lh3.googleusercontent.com/J1My98ajJ_Q6lUjRQxT5uFobVqHc_jUCXlyfjcdmlAlU_TU5C7MiS-MqCiok6clL0UrVjlFd2U_ErKwIX9CKWvP_1s7vZxvXv2Rf0-4,bored-ape-kennel-club,4.44,593868.6107060702
29074612,7992,,https://lh3.googleusercontent.com/xdSuDAdtZmVp_4merdZR5NLw9waPW-4qXP1Q6b908442vRNO7JVl_ygLMol_4A669pUynaj_EYfQJ78R2Ejq--O8KhXKBh0QSeW0mA,bored-ape-kennel-club,2.99,403810.44985814876
29083852,9173,,https://lh3.googleusercontent.com/TJHVXCSj6MLVEdiKGVYlAMWmAZygF2GFhWtdIJjt8ShmY4UWxSZ8elapAuMPZNoU4GAhj8dAF8Ew2uLAFBArnPmEH9d_uxLnZdmvN6k,bored-ape-kennel-club,2.85,285791.4755166755
29530972,2226,,https://lh3.googleusercontent.com/j3C5D9E-1k6fFFDjRsDl1aCKpX-hZirq9ubVINLHNBtAJObXsWcV1yWRU-yHnc-fEbSoXjZ-VDofFWn8vEOBswET_toKAha0XgxN,bored-ape-kennel-club,2.41,262342.343258787
29080973,6928,,https://lh3.googleusercontent.com/TSzkvGf-0SMfinMvoBGe9_GTBBY4Sdy-W-_nsYNqCMICQ8OvUaz4gVB2vY6mysMUEntq81VdUEdkYwvX3FQRsx_wGM-9cS9vPOZWb9o,bored-ape-kennel-club,2.87,453481.44386610895
29075933,3920,,https://lh3.googleusercontent.com/QYUYKsyLqBzUqY_QGwFmvf1j0z054VkLah_zR1ZFm_4pJPCPdUXbn0OcQx2Jzc70wH99bs4Q6moqU131sqz8L8F6lJojdE0ua6Wv9K8,bored-ape-kennel-club,3.19,357805.23882215715
29114573,94,,https://lh3.googleusercontent.com/bnDW-vX6W3j6Bz1AdYjg2Aen0JWf4ls2686Bz10DyvZ98sN9sEyexmbwkJFWq6q74UhJQHDZvhri6fwmQiG96Mge1dvI3N9Tvj8C,bored-ape-kennel-club,3.0,271342.78641644004
29078574,3475,,https://lh3.googleusercontent.com/XJcBFjpq5OCEELm-adc6rSa5BvGOF2ZKNJdMJHjKOdAegscKJwhUm-bQ-knAUOpIvHvvi-slTT50mTLy5RcI7n1mDCJlV4zKFPIbdFw,bored-ape-kennel-club,3.2,360178.3472015526
29078335,9455,,https://lh3.googleusercontent.com/Zi7U43qzEXImWwLisGgSII_zH55gDSKlez2gG8lOk-uy7_v-zspTx7m7jkZIxSX57adbuCFPa2BdtKoj56LGzhGxFDluD1NQJh-UJA,bored-ape-kennel-club,4.1,590906.3773856475
29098615,7803,,https://lh3.googleusercontent.com/vk5DX2_b7KJlSxUbB1pDqGABFeMzLN5qxCH90Z-GmkgEdqT3ZeTP7pXw-33nM5X_Fiot_rcx0UuSLrZGDqz3w3lm9YL3gNiCZxeG8Q,bored-ape-kennel-club,4.2,533104.4602864967
29086495,5625,,https://lh3.googleusercontent.com/6GY6Rm7fQbp8XnD_Ve9GUPTM3-TCbG8_CdVSM1szWF8_H17lyO0G5gCiWNgkSzse8MboAN_erGhfUPrK8FwUYQjByODoMTZ2H7_z1fA,bored-ape-kennel-club,3.436785,296476.8825921244
29078096,6863,,https://lh3.googleusercontent.com/MFiHZ2goUPQnNqaUjDHIO_LLTbiokTP5msgUHsbmxBfVgB4e3bMIca19ckoekGLkOec_uoaGA9mS6aOCWk0zQCcLsdTXWZbQANpcrA,bored-ape-kennel-club,4.0,401636.7212966283
29080376,6515,,https://lh3.googleusercontent.com/3mamAQmnpAlIy0m2H-HtfrPX6EQXSREvmTUSslOt-Vazn3vlPoXygerzHC4MpL6IYPDlbQeTG3YTIK98kh8Vpzhd2kUw5De5NWZUsA,bored-ape-kennel-club,2.21,195841.1299486159
29078457,9804,,https://lh3.googleusercontent.com/u2aTQX_Lh_CLlcjFrPP4Af95WV6s0wLYiGXBSrtyXl04k3B7kRhNhr9LChydoNl_TS8UbTMgyvlUtE5MJ-1aDhsCyYfbGYRqfwNE,bored-ape-kennel-club,3.8,433954.1540896388
29075697,1527,,https://lh3.googleusercontent.com/B7OpsGeBqDxAm3odmwx1GiA1uOC1mLnCTAv8XuEQNw0g4Xm1c1a4w6kZ7TH5xaHee6x3ON9dMSLQAvu4QB7FM9ii11r9LwJ6XfTF5A,bored-ape-kennel-club,3.5,491969.174956299
29074618,2498,,https://lh3.googleusercontent.com/-SMrPmh8BIzWVBOrYh5FDw7kqYaJ5I50cuhnNU7oc8K1ULZm_7rIMiDHJCpsIRAkRlUtNyrcGzH_cSNO3HAOyRCHBXU9ShWVYyGji-8,bored-ape-kennel-club,3.19,357600.410995371
29091178,5168,,https://lh3.googleusercontent.com/kNjzQrogn6ZA9rg3Oib0DwYwq0Mxi40EaHaVgts64IaZsnVgwKKeqbuqtLNYxaQ3hV8-cLS1sn5HzbHegKLnSXvrF446mMhlYGKuuUk,bored-ape-kennel-club,2.98,268253.92839219776
29075578,1947,,https://lh3.googleusercontent.com/_NXtrOT4VPs1Xe4JZQCsbb2TIURNMAygcsJL0v5mcXAWcHbMlWuVhby_RHDQV3C_cB75gmIqLQgVLKDrsnfxmqdsjmLNjCjtYIUEbQ,bored-ape-kennel-club,2.48,185090.89536547198
29074258,5363,,https://lh3.googleusercontent.com/GgizAsNQo4-oThceO6vcoQU-hbmS8g7mOuvBzzFNPryDxJYylQtc1xedY0aaykgvZb48G-i-jhuwA-qNBqC7dsJ-UqCI47494tEa5A,bored-ape-kennel-club,3.5,308373.7083297256
29075938,6810,,https://lh3.googleusercontent.com/u4qC2nrPgzh5RFqLuIFCcFUhFugcQtNcP5jTIF8Q_Ib9lQM92quCr1L6zwqFT90IJ3vP0v9mTTGCukPhf1rXhzTKLfkAsL4ZjvvkoA,bored-ape-kennel-club,2.9,212327.17303889443
29078099,8649,,https://lh3.googleusercontent.com/LveD4SA_RD5rOMiovB3p2aifVCJPO2MIFC7PWl7hkYDkFs8OngAbhAS9otfddTW-JlUoogO2zqIBodn_OHiiGRM33s8wOjGu-szL,bored-ape-kennel-club,2.94,303897.07413048524
29079300,8834,,https://lh3.googleusercontent.com/jmIpx20esP_xPXckxapx7Z1P9TlyZqFO3NTgcpoAnY3-Ta25lRSjrnI9a9OoX-_VpJg_yrfcdKSR84mD4hbBbFaiz-x8Em4k_KGT4A,bored-ape-kennel-club,2.69,254592.17816519403
29078220,8659,,https://lh3.googleusercontent.com/eUMSMHEg4ht-9OAuDd4cAmVs2LrK5sy4ocrhw5LW4IHnUI3IwWbz50M2uXmKgDtwZnTFGb1d4stAGffQ5jtswyqrxw1m6mCtKyjy,bored-ape-kennel-club,2.768,192662.3460746709
29074261,5454,,https://lh3.googleusercontent.com/VRO7TKDTHNLg42N6mY_0g0IQWMWCOROcCXUZyIUtJl85bQqFWLZ7Req-5NK2K82LKdmYQCZBnmEfiK_H34OecAKmXX8lQtG6ce3I,bored-ape-kennel-club,3.48,365758.9458048715
29083623,8806,,https://lh3.googleusercontent.com/yiqTlhQNa_dNNTrCQUkoqCFEugzRYK_vXg3C5RF_U8eVjdhR119xuFod1Z9XyXWzbRf1qdPRcNppqNTDqdnhmT-PiQ5LX0GP9k0rtR8,bored-ape-kennel-club,2.8,354014.6633026011
29080983,590,,https://lh3.googleusercontent.com/gJGaYIvEf3F_slujVjh9fJDPtPijqm0UJ99EDjPYMw5G_u_ehArFbrEMH9xyfUZ1jAUNqmU3k72-ocsO1oWCAS77fVbfPVS4gBafwA,bored-ape-kennel-club,1.8,146250.12860453053
29077864,2937,,https://lh3.googleusercontent.com/51XHl4QwgvdnDjkREgGnbpxVcyRDBQN_2UcLOzJQOdCgcxbKgTPqpG3pJ05fdpJd_AohbO4opXgn1HyyKRIL8vpFtAyoKSUI3O5HrQ,bored-ape-kennel-club,2.9,673258.9394962958
29115544,9051,,https://lh3.googleusercontent.com/5ndvfhjFznSMyKKkcmjorqDA316_p9pBBUV47v9eZFadfF4fLDlJL6nEqeU3i1KJith62zxSaDiFmJoRwpw4iJnj__1ly3f3-jzDVQ,bored-ape-kennel-club,2.3,185649.04076780754
29074744,1095,,https://lh3.googleusercontent.com/LJxDJdF0uQUKGS67OVm_IBvJRwIKyOBVa27XljN3TQr22MlSdS_fvHB0EUYYnEtkk-ScR5PNNyxejkcKgkDcp3d7l_ZIi-896GMG,bored-ape-kennel-club,3.499,430534.4267965579
29090944,6016,,https://lh3.googleusercontent.com/4wIBO7mxwlDF8KI178F4Vkh9n6yS8Vj5qnyGNTGMZEFh8j1lCJiINk_ZQmPvBVae23frdIGutJ5Lfbqss2lNX85pIsXPvWj5mnnfkg,bored-ape-kennel-club,3.78,430903.4711231106
29077984,9942,,https://lh3.googleusercontent.com/WtsLOE_nk4ozRz_IxNhzuBXzTrGZLSSeqx3DujZv1P0dGflvB-hFIh7cQkbzhfVB2wD0O2iGB5dEUllO_CWlrIJbw5SfzvA2pGvTJQ,bored-ape-kennel-club,4.7,887310.9220974726
29101985,2037,,https://lh3.googleusercontent.com/64-R2t0sBu0dxeT0_N10b6kJsWXZjEczU-JEqsrDFtJddk9mi_t6wZfUA3pnP3XSHg-_W6YcoNy97PpcH7_dawD3Q06EPvMYs9F9dw,bored-ape-kennel-club,3.0,315508.1108164213
29074625,3582,,https://lh3.googleusercontent.com/Re8TdXT5OaLpJ1Evx7oZpUDDhopvurMBsIpcOM_bcgcMDbJTtY-Mph52dnAmQrlVSftRhuzicE1YN5x_6GYMucmqDLOTY9FlWSoB,bored-ape-kennel-club,3.5,429462.27058812085
29083625,6692,,https://lh3.googleusercontent.com/Wow8UBMeTXVylrmkz1yKQx_w8-1x1Ugz3V2fzzNognh4eZwZQz8ioKaz1CyHw7_ig5aLlyI7AH-S7wIFPIK7AYwEQL-KeYvQ-F1S-w,bored-ape-kennel-club,3.99,638843.3083521783
29084585,8910,,https://lh3.googleusercontent.com/3EGpMs5H5CU-goebD1CjPfs-bH0TkCQV5xsn_zXdKHV5F_qP6mRPEzAHQOVijka-iCwioJI07-WNNHph-9gOS1QtGFF6cw8blJd2SGg,bored-ape-kennel-club,3.2,257795.24032742693
29169186,6744,,https://lh3.googleusercontent.com/TVyzAAznYkAq2JEXLbF_1MljQN6yPg-gG8tTT1i_mZ53bHDMm77g-UIgiIwCZ1qe3k8sQNwdUwAaZ3sZntX2NSHTPiej3bHLReBj4g,bored-ape-kennel-club,3.05,373061.26225275826
29095147,3946,,https://lh3.googleusercontent.com/a4WbLn1NeYAFhgcgArppKRnXaEtMXFhZY9SQhGwTx_7GSWC1xWnB6qCYH8Q3MNIpuT56UplB4Wih-AOrkjzndbasupczDGGaB7xN6w,bored-ape-kennel-club,1.7992,113480.15446574012
29130667,4012,,https://lh3.googleusercontent.com/n-kvWXdx0q0SUkYsP5mAG7Iz2Fxg6Znlpe-SiYHFtGDULbrzNR97pTOL7ShHRaKbSWounsUQNYbs8ajljgE_R8KedX98aZYxprZofg,bored-ape-kennel-club,2.7,292265.05157404166
29075588,9311,,https://lh3.googleusercontent.com/jJdsFJob1EppPqKz5Oky0TnCyiYcG6GcecMjOasya2Z0sU84MnrRmgL3vJLRkEg6b-JsMaflNeQVCoME6i4sjbrQXzsoArUnSegiSJw,bored-ape-kennel-club,3.2,461814.07987906795
29079308,3341,,https://lh3.googleusercontent.com/I18AJSz2xFJLlLHqTkIYAmLPXhOFChgcukjU-OcY8X7UI-0nFnsO-dmx5GiZKfpFN0rAidzjOUQsHSqU9euFbRCKijWF-f0QyNWY5w,bored-ape-kennel-club,2.7,256095.68912643392
29091428,4197,,https://lh3.googleusercontent.com/66xhW9Vq0aUredZo-uY2mWd6zWsa7nYqkEqTVja6MJZkgnb_90GK6jCQY6jui4ubl3k9rSGG5dCoZRzIwFAXVnCx6QtG4IvgG9OYeA,bored-ape-kennel-club,4.05,495545.9729688432
29080628,9853,,https://lh3.googleusercontent.com/3tI7LkY-FtruuWTmVF74HssHdP41lav63i2j_41GaaSk5AQPkMxA7RLw2eZYJiiJOY1Qr-Zw4rGh-_rNiFSwQsN7S9y010loVRJC,bored-ape-kennel-club,2.7,293116.06731230894
29485749,3953,,https://lh3.googleusercontent.com/5bvWietA-O2m4PeyIE88a1yC5AWO0y53b3fOxp2Tmyj5LmSDnY_xL3TA9awrljjOb05nP3YBjYwRaekXamTBY0H_VtT6ImfqKtZNlA,bored-ape-kennel-club,2.15,231562.2403069744
29074749,1705,,https://lh3.googleusercontent.com/qZexohHtShbPf2hnusKolsHnKqHWLC_5fJMMuZm4CsTbyrV591NdgYqr6NHyBtamcIkgiYSC_dzQcal2EnLnZlQV8YcUA1LeXD5BiA,bored-ape-kennel-club,3.027,276821.9280155377
29088430,6569,,https://lh3.googleusercontent.com/8qQwOXMcA1nly-rcRNbGQyqxRq8bcV0RYNAufKlCnoF7WXV35xmcwiaHlXhmVjE50raQWMuoS_kDZcZjFOzpikLsqdks7qSr7I27FDE,bored-ape-kennel-club,3.0,271667.5346577567
29079310,1917,,https://lh3.googleusercontent.com/enjNqIC4vqUAItdlEOA-k1btkvO73-FavuKm8mgGRegjc6XzDB9R2kvlkph8qhrqZI38CKIu05DotdwJDSgfOdTVb5dRU3-kR2EbPQ,bored-ape-kennel-club,1.9,108668.02324957609
29195951,7039,,https://lh3.googleusercontent.com/DPi0VNpqpW-PUZUWWcukUGuSG2KULxClxKXLXFUsx4n5Kl8tiYEZbwivL3qSuFZn_Wm0IN-2B21CmbxixkgeYpoqTI2f_w_ONmOg,bored-ape-kennel-club,4.1,590564.3700622894
29075231,2362,,https://lh3.googleusercontent.com/Pz8pIW_7T6geNO2EIDvtu-vLqIyUntFjG4McoIyHRoUAHKDWTmJvBKZhmlvUF_fyswJqX9NXTZWsIjaQfbTt_qBan9M59ByJ8GeW,bored-ape-kennel-club,4.5,508927.03275029105
29122513,2715,,https://lh3.googleusercontent.com/hquVDvQmQJRWaGqsEoXxcXnOSSfieLSJjt68WMKj4ldenWfWaKQ2WezyivBy3ejWhBK52oEdPZlxcpF9BqjBQJawUO0l5OEyb2RXuyg,bored-ape-kennel-club,3.9,838434.8118607476
29078833,6535,,https://lh3.googleusercontent.com/5L8Oz_lIFEbWOZydLXgpO34_HfGZ06MY9nRcDiPs5Cgeub3XB-S8OOR8UpKLE3AwxbbTUe8j7Jpjcz0plwoIMKbez7Y1CBk_yCzLPg,bored-ape-kennel-club,3.6,457011.1447415217
29080153,9742,,https://lh3.googleusercontent.com/9pmheQmSU9AYfDjGySlUNwmODmooWXk3sGLz0GMV0Hg1D0PHbTLWjmPkmG2V8a5WKJKWZCxGKBmEYFG1WOm6c8h97DpJylwLEKCXBg,bored-ape-kennel-club,3.5,370405.5105873237
29075953,5521,,https://lh3.googleusercontent.com/xSss-LgQqrUoOYK4UhYPTpvP29Al0VVt6qakNkbSxMSREfGmSbPqd_aYX7p04Sn5LN4fI0Ltfg66Fz2vp0za-vwjhmYh3NM5wLtUx1s,bored-ape-kennel-club,1.999,120305.05116911829
29077753,668,,https://lh3.googleusercontent.com/p5I4mVYjPBdKiywCYPcw-acrdZlPk0g3CBB6oR7i8DCIeNGTQW-4Px1MT1jiJP4KdCPfsNP4HB4RnUCJuiMMYKexpZ0VJMpwn1lOXQ,bored-ape-kennel-club,2.5239999999999996,160395.56217367877
29074393,2530,,https://lh3.googleusercontent.com/eN_xNvxWR6rxuT7eozprgF7GyFfChrAqD5ic1EQfcgtZZ7jgpysYSLet4Fpx4j9oegggeViN3idFw6yFrcTPc7U8gfPXG0bLUGLx9kM,bored-ape-kennel-club,1.995,100244.88053805914
29074634,6864,,https://lh3.googleusercontent.com/c9sia0uiw4V8RiSjIekghJlWG4OfN005H8L-CEdVsm4ACiu5VntWHcP8-PGIse4EX7Cy_-a_bu7sE_ni_5qw82MKyGXd4cj8iMY,bored-ape-kennel-club,3.9,534826.6943269684
29084474,7397,,https://lh3.googleusercontent.com/MNT6QxkKriSmJdeWLw0cSMkQcCTMiuBg-3duXtzTlqm-Zd55RGoN728JSLIJ6AVXNKwcNwoiH97BpAJ6WAHsHf7qrIzOrAzCyj5KaCI,bored-ape-kennel-club,3.18,405688.79763097997
29099715,3082,,https://lh3.googleusercontent.com/ajFQ1Pm-ld0p_Qkfzhgv9lQri70yKLWqUXTv4C8j7k4M-pPQKnSQUQSieuuOy6sm-FEjP0aUFI5mZjGqBYdvTC2wGe9gw65nL8vlcaA,bored-ape-kennel-club,2.4,259805.45800196027
29080275,5228,,https://lh3.googleusercontent.com/XgzoxZLjghGDj-TMwDFRXxLJR5JQN5mWgNhEpT0UMUmPvF28UuC1EdR-izse8DjADWjwgtj9_UxddPd3wcC6cmrLIYL6Md3u_-OR,bored-ape-kennel-club,1.89,143169.60743668987
29075595,6961,,https://lh3.googleusercontent.com/C-XjDPOOqLYZc4K_rqZQxPBL_DzeO9LrPVzxUX8Sgmy1HBNNk-teDebXNGyDAntqGVJoDxpNc7d8IWk-f9iWWfTmTvqklQDRtraVjQ,bored-ape-kennel-club,2.71,294361.0313699144
29074396,9980,,https://lh3.googleusercontent.com/EEwtzGQLlm2sMd5ZmYvS1YJhPgNrUWrH1tq0ArT1-GxRnBJc3Elb4zjTZKzSi9d7sxvqRTyJGOrGi3_Nh_mYj7gP3eE2R_c0NjTwDQ,bored-ape-kennel-club,4.15,431731.81441322976
29084357,9668,,https://lh3.googleusercontent.com/cctW_8sRHOVb5JR9TO4kmWK5MelMCC2BLZvnJORRe40FuKu3CCvxg9MH7cU__r5RMPXYcW4C_6CoCXNbjZ6WGqjPvAjqXBgKkMEg1A,bored-ape-kennel-club,2.999,271352.1195872873
29085557,8462,,https://lh3.googleusercontent.com/ulu8_zuhx8oogNOo7ZZk8ML6aBaJwSvhI-f2Balp5plkmBYkDtXaKfJZD_UDZN7MAXEmvF6q1mITqGxgRFo4D438nwGtobnRnARoUg,bored-ape-kennel-club,3.62,526548.1531872081
29074398,8263,,https://lh3.googleusercontent.com/7TeJDlsArpB4THFmRp2MI8uqztlhxItuvC4Zi8u-kG5-BcABNYcRAlJuTCt5LzwJo0wFaksHg8jfr5seRKDn2Ee4vNFwS7grtwTgHw,bored-ape-kennel-club,1.15,33387.046039872585
29168959,7607,,https://lh3.googleusercontent.com/9Eq6losFd--cI_vaGvaNJmXKyjT8-YwWiKH4pYXqVqfJoJkiQ3o8VEi9Thl445H_l_xtpLaTBG59n3SFPde9eTkLa2oTlsIgsPuPgA,bored-ape-kennel-club,4.1,673966.287889902
29085560,3342,,https://lh3.googleusercontent.com/Hv_dNjlek7haysIY14Vb41vGIOJk1bmZlQpqTpjDoPNTzVkw4CQrBF5-9VVs9QXKMNhfeUzPz4eZVlHwdSGH-Br5X3ckAQQvu-3W,bored-ape-kennel-club,2.58,200319.37779483962
29077760,8494,,https://lh3.googleusercontent.com/q4kVqKlWWekU7BgGYQdIguDAlG_PK5CYjdw2KqTIpHTaE8Zswhn2NUba4RbX3z-094qZ6HDTRAM5z383O-Al3lht54tcuX4TA4_c4A,bored-ape-kennel-club,2.9,211779.46476722718
29193201,5997,,https://lh3.googleusercontent.com/r9DjwVSZVF29rg3w--vr2VthGW26nGfIap04YE-waBuNljXQOzAZ-40roHiwwiUK5-xNZ3vl-C6Scng1pvxWwG9PpnOjY0CIaMv-,bored-ape-kennel-club,1.8,146104.92460289804
29086761,3605,,https://lh3.googleusercontent.com/M8oa7IEJ1FoqHDsPoKTtUtUyMCozU7r7DILv7RWhesmQpmLl4jpwOFMrcGC87Nw-8efcgxcu8bp5peR41B9wPoT9BDgq2UF7Aet8V5M,bored-ape-kennel-club,3.2,410669.2022687793
29083282,7806,,https://lh3.googleusercontent.com/uRLYVv1vvDg5wfC_C7ZZYsUApxeDpfn3dAvY0DxqvZZtPFGyqXlPrMG9zWm7IOqv7A_50Sn7rdefc0tBNuyqVHaS8vltquGHEg23Wg,bored-ape-kennel-club,4.5,713782.3406331196
29085562,1207,,https://lh3.googleusercontent.com/xJHxC5weA2IfVPObn3YVXAm8U19PQetlfxw1ZzTafsy_IdTtDW6DgV8hSQNMi4EN3MBlThOFsmizg0VoMwigCswLbVPUfMgPKgMROA,bored-ape-kennel-club,4.2,442790.9706601111
29096243,6720,,https://lh3.googleusercontent.com/-D2ToQOo8VFr03160ggMpwLvndD0IUzQj5wQ6dddB2dHxHtksLc0RuQl24_0onVDQJQtJrBJPX0JLkpqbdFGXTcpbwRQnr32sVLJxQ,bored-ape-kennel-club,4.0,561488.5290600357
29078843,1832,,https://lh3.googleusercontent.com/aTBy4WQLYVDiDX5SwgANCvQwicN07TDaVOac8tgxgfLYWA6QN15u4AjlmEra_FSSyOz-gxa6t9lIb2CR330hTL-rY6Ran1uqCIQaLA,bored-ape-kennel-club,4.93,733407.7140273083
29075604,3018,,https://lh3.googleusercontent.com/fdTQiPeCFkvL3KSzCmSG0rC0OqiKi_rs_WUplPoIFxC6Kba42snIDyykIH90KS3UDU4XXU1LKaJiock1JJaDX1ygWsg0NEqt97AUkQ,bored-ape-kennel-club,4.2,619716.5004539691
29084844,1728,,https://lh3.googleusercontent.com/21PwV0w5k1Rx9ivbORS98NV9nDC19gSRZqVIi5poumPwBQGheT-j7Mqrd9yl9_Gt3gKZTSIze5Y73VegHPSbSDIdzMLNF2jZdjGZMA,bored-ape-kennel-club,5.49,908398.2218973016
29075124,8323,,https://lh3.googleusercontent.com/2aigHltofhPAgWXbLzP45U6-zrFjYB4dk3aJyNKBHpRYsM8p_zlBIMtJqpysR5YM66k-CREwcaBxJZWNTuEgvLhtPrUSzArbZJ8k,bored-ape-kennel-club,4.15,518897.91208314645
29084845,5858,,https://lh3.googleusercontent.com/_APnLw3PlfDr7NEk90k-bmKMYlYjAqMXva9lFeJGIodExlhzQuiIekZxL6f2hbQto7Z7JbO_3IIT3UkV1rM1tkCNGCnE-OfHfivgMw,bored-ape-kennel-club,2.9205,470414.7253851084
29074765,5786,,https://lh3.googleusercontent.com/VIQH9D4DbcSjfVyQT7zJIcSevjH1sg22miRPqBRerMSFojyhUMFj_wiwxZ5oX3qKC920Es9zFguL-wB60w1uPAi1xmaDk0-B9tdR,bored-ape-kennel-club,3.15,348602.20894396806
29083286,7909,,https://lh3.googleusercontent.com/I3buZHGkzpMVWm61oqZi25-Yv0iamh1Udwg5ISLy49T4snHETb7wTcgyCd1_cw6WaOXZtJcb8Uk8pIhUlrV8GPciTznOzZr0qrsoYQ,bored-ape-kennel-club,2.8,275073.7041123805
29084006,6502,,https://lh3.googleusercontent.com/PXMZ2IKBZ41dmrFTB10mwYPLBg7kiVStPaUcHiNpLqjm5QRmAw59Q6JOUOiIlMjO27AwxRCOy0ArSZZTJRAtRSCt9sngovGDwWlkCGk,bored-ape-kennel-club,0.1,400.8787710017439
29076566,2468,,https://lh3.googleusercontent.com/aYeEFLOjsV37PEmmwCt5g_LSih7CYJzrp-c8_ADsqRyXbrWWysj3AFhRl7VWgLKCOhuGdTwSi_6w5ws_H0VJJTUZWVz2Ln9SbCk3,bored-ape-kennel-club,3.85,447701.8677514781
29075248,6787,,https://lh3.googleusercontent.com/bo9r1BHiSlLnFPYDcmhffXwqS38GRh5fzJjYV8I2VdHwxaFBFzeNOn4c6TbIL_c02ZebjwBhfj9s5_H-SJ0SpX8bqh-DVLoFUvFIeiA,bored-ape-kennel-club,3.48,728009.4556510781
29086168,4851,,https://lh3.googleusercontent.com/9trwOGzuZTUfW8Kvb7zahd1fttbRUukPv3I2iFXZtLUm5t_z0FeZBsh5IIozxpkcv74gpY62Qr28tKOvaZGL-8qf_t6DhZrlBOief9c,bored-ape-kennel-club,3.1,241040.41479169106
29074168,739,,https://lh3.googleusercontent.com/ZaYTgKecl-SVIdvgvIiCf264VGhkwd2kTCKy25rWUKGrytSNZBzbuU4ePWRXPaSGvrfCqbtW4oeYoN9q-zY0bBns4MQlUTHDJ8Q7OR0,bored-ape-kennel-club,4.2,443105.48694449867
29083288,1441,,https://lh3.googleusercontent.com/qgRiqQMk9yl2Goshif4ae9_K19XTl_uUeHmU38WXT6tFpyM3LLi4Z6pWI0u8DKLfTtMIUuFbFg122nlEJoF6GmWdVI5i3xQs_lFn,bored-ape-kennel-club,3.89,530384.8167352567
29090129,2929,,https://lh3.googleusercontent.com/Xxlw_u64juS-SuZQbJqBKEHQxSVGDWFF9-dCR--voYMB4to7y-lqh3UyksqHw3axTQ27D33CyF_Vl58iDU68GEikrGPNKSkzYBAZlA,bored-ape-kennel-club,4.1,758782.1213201337
29159129,8128,,https://lh3.googleusercontent.com/UqvMSSUjqSWQLHUHg3J35fHiFNG7vGg4-vjIgO9gtngwwshei8PUZF0nB3ZdWPNms_564A7r_G8FuZE23N9CwVFd6eyFQCXUQ3tq5t0,bored-ape-kennel-club,4.8,1039467.9858539948
29119410,3742,,https://lh3.googleusercontent.com/810_HfVhdDV7R_b8gE7cjab5pQ-XQxqHoO-5_7IksxrFiw5Bb_icf5TGXxme2IBXU-TITtDJ006AOdD_oyEC8v4uyC943gBvGVEjLw,bored-ape-kennel-club,3.5,369609.25193061767
29084490,3179,,https://lh3.googleusercontent.com/cflw_gRK3PDWOHU-KdJcRiBLjebtBMCS7LLLULIuqTxp5Hj0tAMJXpz1b2DkpeAZcbYjJpGHceTxXB6CvjnOs7QIBSh3-1wCV-7A2Q,bored-ape-kennel-club,4.122,681444.6026334281
29081731,8131,,https://lh3.googleusercontent.com/Fjt5uQyfh9HoHZcBxkjFmIZoMLtJc6fXeCJ9dOSrktvw7gug15DdngORgEoDNjGKBXJOtu8PJXA__zfsDd4aKPxZKzqGcad-KI9_0rk,bored-ape-kennel-club,4.93,855014.9239443248
29074652,318,,https://lh3.googleusercontent.com/NA9o3Mem-t3Wp8vilXE0NRkKQfOmwqt3usGaezRzpxN6MyFBfDkD6RNpQXglPiQbkMCv6Q1iMcTw9N7DwSCTZRMdrLOgyZ9On2GNkzw,bored-ape-kennel-club,2.8,236369.81043811084
29075972,5992,,https://lh3.googleusercontent.com/jrGduj66XvMuZ3V_FGjouHg8ALeZPvcp56vhExrYLNqpe9pcC5nO5kM8hm2XUGz1Of1SCQ_vT2iAUgkodq2bQ4pRiIUdaTDwFqOp4Q,bored-ape-kennel-club,2.5,156669.8433054096
29077893,569,,https://lh3.googleusercontent.com/s1l4XP8qCfP5-A9ZdfzT6kC7_sKMlIuLxEHwdJwX7PeLua4ImnBPqpjAnVpZoulwabsz_QOwHjHdC7Q8E39NMk8sKVW5N1oUN5pN,bored-ape-kennel-club,3.5617815864471183,446426.66493106406
29078493,9357,,https://lh3.googleusercontent.com/9nIVxHGPWn9NdrSBs5dANipYktsfLBXYm73cFqdU7BNG46bbPsce7axlgZe979P4Is-MFs_D6LlXAs962009jwLMBo7bq_CcUTo5NPU,bored-ape-kennel-club,3.39,288579.2984807335
29095534,1306,,https://lh3.googleusercontent.com/dBRUNceisNm0hf922mxR06ypVgJj5z8fEG6g2z8tm6kEYTjrNN9zu99IjRpFYSOIGkEZQaXuNcF3-e4pU272CgNXkxDawRkdCtX2tg,bored-ape-kennel-club,2.7738,309482.52349262283
29085454,8543,,https://lh3.googleusercontent.com/JzMIlMHTLG9I-FH-Um_JdMtRyeyV83IS9UmfWMI9qmcTudl3gFouFBGCUef-LFfeNiRMNlnwwowzgb-xiorVUm8raMSdvXfIjdCFByU,bored-ape-kennel-club,1.45,52864.816418227834
29079814,5994,,https://lh3.googleusercontent.com/riKjaMe24PVsAcpeWKLI1v7-RCX6juFG0eDFBE8eXWn0soAGG1cfho37hHoUAtUWdNq8HMWsK5aXzf6qEhcVVW8jeRqM5oR4kEE1M9U,bored-ape-kennel-club,2.4,231207.79622834994
29125775,8918,,https://lh3.googleusercontent.com/tFACz3Ewv_yO9ax0R8CCeOzMD_bpBBTKscz1BycF6kfZ9uWbMAe9PeYv4LBjeiAWUlkzUsRR24Wpxt2Sh5XtZWNtN4wYlJcwqbP-mw,bored-ape-kennel-club,3.09,288510.6909161182
29086415,8350,,https://lh3.googleusercontent.com/tOIc5Gxe5gIIwTUmc8xlGTx02gjv6nGmI3LPpkERtJHqVy5S8lMGATwhR8kYLo35qTNWdUTW_V4DhTLdJogLizRzIp3hvHKWM0ld,bored-ape-kennel-club,4.0,401497.08305006486
29086055,2602,,https://lh3.googleusercontent.com/WaS16Fs4TjoDOpkJaNRF_O2s2eI-dcgwUBFQPoxlGGKBanEyp4TZjGxMeA70dncy0xeMJA0N8EHyaXtR3C94fL6FZTcxoVuyXSh9XZ8,bored-ape-kennel-club,3.0,226008.15760676068
29080536,7374,,https://lh3.googleusercontent.com/emad7OqMnW7fOdZ_7jbK_qcdL-IB8ubSaUyEGTfE0hhQG8RbEykCq45RGOWFDq_GFehvq26eYHzSgnHtTqQkMEcGr_KruyQRC-7T,bored-ape-kennel-club,2.979,311722.8307998533
29075616,1603,,https://lh3.googleusercontent.com/ug7D_GVuXodsEsVG1va10w3FoakrHkp0Uhy9HTW6eeY0roymAdhGPMrwdaxMoNkdr7w6vD4Hd8FTGLovW3WWfpIKB9TrOccnkB2idF8,bored-ape-kennel-club,3.149,299630.7997164041
29087617,7928,,https://lh3.googleusercontent.com/R_1wGssrxub-nt5jURYZedVZQMxxjxoBaB0gFpPgkGNfjt4kEwVCJFbulDrz3njjfwrPJ0K9TdvUKyrpR8WlAdxAaLZUAgS5zOQdpg,bored-ape-kennel-club,4.0,483611.7898943074
29086657,3838,,https://lh3.googleusercontent.com/E8SKsmQug8dwEiy87Yiy8aJm--tcTkexa_GxCtGHVkCtO_rV_Gi9PoG1Jj-uSBARTT5S-YTPiy9yWbe1F5imeywtjMhndHhn6ggCFZc,bored-ape-kennel-club,3.75,353904.34499431384
29074777,7807,,https://lh3.googleusercontent.com/cKPHAWD5Aho4zFOUh0K37Vyhlqp8FSRHsS0GezATSZr2JH7Rhq0zkGR8r_IBxs1eKYavNU35-8JhUX63zPHRCs7mNbfsNcNMOrpSog,bored-ape-kennel-club,2.9,211847.0206529388
29074778,9838,,https://lh3.googleusercontent.com/YSMN-JLSSK-RqaOAlVSh53kTNhq8eIeyAznHw3cR_1vqJcMXi9omsiUX99_2jMtiS_UAaY12NSpPdee5ncZf4C5617TqakOKsWCgPg,bored-ape-kennel-club,3.45,417444.97784024075
29077778,3780,,https://lh3.googleusercontent.com/3O3LSv3Z98WX70ST7eJR-HPxSfJz-X8qZUZ5-O4RGXOxH9QrQn0hf-Jw_kWOWqp206NwjSiA7ubijKxE-gcr_YsfUZmVaBU3xUfxoQ,bored-ape-kennel-club,2.0,120846.14760061988
29084258,812,,https://lh3.googleusercontent.com/hX_VvAdex65_s0upgpbJKLlNIZdgOqieEcEL_cvfuV1koqFqCgm8Uhkh0-HmHtIdyzzQUH6FckJMP7KR92A2AhY6hrOofSQOq7khjys,bored-ape-kennel-club,2.5,188391.67929348483
29085458,4190,,https://lh3.googleusercontent.com/bHxDXkKfrz6yGaOLJxKyS7EZ2fNOOAHh7VdRGjL4fRiOET5HA7D3NaAU2n2WE1gS8aMNqIR6c6AGJY-PNUlvLA6TBxVy9RT4V9pf_tA,bored-ape-kennel-club,4.73,562892.0256411429
29086539,9305,,https://lh3.googleusercontent.com/75xTLvV6zz-c9Hk096sgiIN7E9pfvNMW9JKv8kzx4zKD3e52LQUbiJxFx_VhW_QYY10VH4zCGSnTT4NobA4utJJW2WadyqfASVKu3S8,bored-ape-kennel-club,2.9,253790.25724794503
29077059,6524,,https://lh3.googleusercontent.com/4w5TMxhGAMG9uMSHIRmAkL4fz3PHBg29mKp_rQdyel_ok12dTvZMSo35NhNjWHOssKOR4y2TWa6vCphqqgCCEdMBMZmUN6K4FMZhTA,bored-ape-kennel-club,3.24,421695.1574083895
29075621,4331,,https://lh3.googleusercontent.com/3hmeNxs6OJwm5Pek_N9AHFkXepXjDMzLDlCGRaBNC1dWwpySVuPP0r_Eld7-d-yuV91Lin5mqpO8rRpeJsoMXtakEWF22I76oTwyIg,bored-ape-kennel-club,2.75,303352.6765940424
29075861,9752,,https://lh3.googleusercontent.com/d1ZSHOxxtVR7Qq54nHXtnWyUQLwfRIcEEDp5kTKpOMvYSuusR-30B_SzqVKuXp6V668Nh7nNsRqgO1DEPqE9cYk-4OLOFyLJOHUb5Q,bored-ape-kennel-club,2.1285,114025.41003798504
29075261,8611,,https://lh3.googleusercontent.com/PIBHymgw0HP4CYTvGOdWwX5KG_2IwiL_b3PTpeXc5SnMZWeRBRcPA4i33MSR6ap6FXN3c3wc36gCrtIuZlo6vDUyGB73drUqMhlLtQ,bored-ape-kennel-club,4.298,462911.05930563423
29078501,8130,,https://lh3.googleusercontent.com/PHaWyUyLEVlnByCEJI06Q7RAfsWwARnHTy8-fmE4XmW77heFIl61PPqpj6zy_j_2hKZk0OjL-Cgd_Am3-WAvgjXnVuWOzzjdWmFC7cs,bored-ape-kennel-club,3.9,610231.3959885049
29098902,6244,,https://lh3.googleusercontent.com/R0YAkA6clRSspjBo2568Sl1sQ-mhMiaFx-N0-wiLJ6mt_H5_DiLwwduNzSFLq7RseYDkNcJIIjNqLCydT7Xe22yhTqIr9TtOn0R0nQ,bored-ape-kennel-club,3.48,545951.0255378411
29075263,742,,https://lh3.googleusercontent.com/3q6lc5Ft07ctSaVU8-hJTzzT8U7NwmNxB6oOhtryeWTyUdfj6kyZJvi1mbnjkqZHhBdROhIaRJSchwNJC6CsJu2Q94Lx6I-zi9q8oQ,bored-ape-kennel-club,1.89,107746.8920289838
29099023,6311,,https://lh3.googleusercontent.com/07G9C2Nsuf6Zsdt9RH4T5wCzp-Jla9Qofn_fFjTswtsXv1LFkRTvds3Be9_Gqu_dI2RQelTJ0bykqMQqJLd5UWemTQWrLseX45Yafw,bored-ape-kennel-club,3.249,423488.8766805711
29119184,3827,,https://lh3.googleusercontent.com/9zKMgbXG0fgYgPDJuxJ5o_PE5xvW0Eg8z6iYCw3sEOq6Z9BwgEJ9KiAXwc570C9MWhqPXQJsD3iJrrHCAKxhTetILWA6f6Tgrihv,bored-ape-kennel-club,5.5,912442.9507045299
29074784,723,,https://lh3.googleusercontent.com/PN5Rb10gdV55hoZ_8qJ30WSVUKfrTQPwz4So0kp39-OUStsIhdDqpHlgFbtsIEVq-miEkSi1lMoq5e0k5z7B8roejCtMGl4RVEo-Ng,bored-ape-kennel-club,1.71,88088.15003035586
