id,token_id,nft_name,image_url,slug,last_sale_total_price,rarity
500040,489489,Gustav Quansah,https://lh3.googleusercontent.com/SHiDp3dmNKxONF2s22HRkDpfL4sm9vZNzjneHRdUDLtUBmnmHUaATzULF-OWr9BQejhL9YFTVCVEyoo24-8LlTjz-w,cryptokitties,0.08,192.01532645237066
130320,191113,Daddy Gato,https://lh3.googleusercontent.com/JWtXJgZkPEJypaZPCUGbpAR9iUJicr4J8Rimm5lvGY0poc32j-2zuaMGBKjsYIyxJA-_Tzxzw2PuAhxpRsikNgc,cryptokitties,0.001,0.030000709318301684
313440,131764,Windi,https://lh3.googleusercontent.com/iQAcJGthaa6gtSiYtN2jSMYh9bXXbG_0pE1ukuI-f72gIbtWjcp7PFlV_k73PPgnw3h-wtayoLrqLuzEn778qNHA,cryptokitties,0.01,2.5004509074332866
1105200,851358,lapis g0!,https://storage.opensea.io/0x06012c8cf97bead5deae237070f9587f8e7a266d/851358-1550785391.png,cryptokitties,0.17,722.5381510673535
1623481,1016958,Gen 1 H1 Gene Swap,https://lh3.googleusercontent.com/N9FroR5egAAUmr7g-vN5vi5XJk331SecXTDqRKY1_e2sFCDUe2PM4MFKpb1FMfL3ynHHtLjEdm_PXNCdZ6TRJcM,cryptokitties,0.85,36125.77189980268
4152361,1610459,Peanut Snagglechimp,https://storage.opensea.io/0x06012c8cf97bead5deae237070f9587f8e7a266d/1610459-1559352167.png,cryptokitties,1.406,59309.348849275506
533761,511605,,https://storage.opensea.io/0x06012c8cf97bead5deae237070f9587f8e7a266d/511605-1555775430.png,cryptokitties,1.5,67502.59462374213
1495801,959096,Geni G,https://lh3.googleusercontent.com/CGDVt46cA3oVidqnmOy5qhqjcGn98We3cVV_WkN7B2zf95XD0sN7qCWCkK1YvxADUmtLfNcFv764W_ozlXyzxrn8Dmoo3ZedBH0PoQ,cryptokitties,0.18903621064814816,1429.5022960259691
15721,1198,1198 Legendary,https://lh3.googleusercontent.com/PZaIljLsnsnO2Z7p4fSZ5abwtCopCFGrXsNTr-0QKDRrS-88c3RKzmaKTZhbibHi-6BG48MgcxUGm_ddKhTE2Blsbw,cryptokitties,0.399,3980.3453271959215
18602,11728,Gen 0,https://lh3.googleusercontent.com/BiHGRPZpINoJioZQSIlmHDMTGta2EDqR8hUluwt0IC_EGA9Y66ojVRqwjn1Vo1QomfrvNpRXnukqRg0JTVMVdC-v,cryptokitties,1.4715830439814814,64971.537219967286
155162,465096,Gen 0,https://lh3.googleusercontent.com/Lp-jGH3cTobklN95VbF57d_VjVLdyVR2ZzerWv1y2ZdZ-SWygN-b6HxgEy5Jtq5W56POQpE6CwAHGs7Utx5d_D5J,cryptokitties,0.24064011605783867,1737.290170107808
17883,9471,"Under 10,000 - Epic cat",https://lh3.googleusercontent.com/AJ_8y77NDWNBrqR_6Xlah_7WrS4jlJuJS1e9qdB5MddBmk61r9gViYr6t9FjZy2ZIPNChJ5s__vjiary-V4VDRco,cryptokitties,0.03,27.000755935954455
197883,267046,Café au lait,https://lh3.googleusercontent.com/o4e7H0slQUyHz1OskXb2SlshXEFXChI9YR6Ve4i7kMYj0iKjsznGLVKh0gzhFvyaualno1eAUArMReqcf426ki4W,cryptokitties,0.06865601851851852,117.85060626685954
523923,509896,Go Forth and Mutate! Wuvme,https://lh3.googleusercontent.com/14aBGZ4gbEaH4ZK8vdSZFVL5yDLiVBx6mHRijJMo9MjUhXxwMtWpk5whp12r3Fgl9qt56Ly75o4m1mve8WC2g51g1ynbDIEfZ_nToQ,cryptokitties,3.0,360008.17278634873
1062363,829501,257 BROWNIES [bts hbf],https://lh3.googleusercontent.com/Ss_8DScs3l6ICBvq6swoVkZoTN2XFRicRI3Zt9GJqrslTJ8jLoNLQ3DW0tlAS3vFqKaE5j0oPCQcE5DDuJeMwnRqUA,cryptokitties,0.333,2772.374769628712
80404,81712,Lonely Kitty :(,https://lh3.googleusercontent.com/Jofu-rIHCzw8ht1G5v1-KqDMRnk2BW96YaqT-ZXwQxmT6Twpea6Dhxj7FJF7dAy0r9k0-hvXNNe9ROPZSlr73TLX,cryptokitties,0.009850902777777778,2.9114157030891072
612364,581223,Missy Funnyclaws at xs2.me,https://storage.opensea.io/0x06012c8cf97bead5deae237070f9587f8e7a266d/581223.png,cryptokitties,0.005,0.6250494956015742
502925,491643,#491643,https://storage.opensea.io/0x06012c8cf97bead5deae237070f9587f8e7a266d/491643.png,cryptokitties,1.5,78752.04941009842
102006,371190,Gen 6 | bc Earnie,https://storage.opensea.io/0x06012c8cf97bead5deae237070f9587f8e7a266d/371190-1555361055.png,cryptokitties,0.004,0.4800300750811238
671286,634840,Fingertrap,https://storage.opensea.io/0x06012c8cf97bead5deae237070f9587f8e7a266d/634840.png,cryptokitties,0.003,0.22500701965771142
494166,483956,Yrodec-001,https://storage.opensea.io/0x06012c8cf97bead5deae237070f9587f8e7a266d/483956-1554370974.png,cryptokitties,0.004,0.5600111161133045
23526,23107,🏆Virgin Sphynx🎖️🎖️🎖️,https://lh3.googleusercontent.com/kNBMb6ZTluSSqRZaQRXKzDV0YA3jJLg9iD809ZhHfIz0WgonM55xdV-B78c1Deei-TFnpvf4an2MscMK1NawV7fV,cryptokitties,0.999,29942.205416934896
25688,26933,Double Mew OldTaku!,https://lh3.googleusercontent.com/qzqKI4F0mCwjcFzzMf_ioYLluNcWS8n028DOtWWEUkI_3xBPABdURkT5Qn7iy5a8OJP1X50h-8a4wOWV5z3h4o3jTQ,cryptokitties,0.35,3675.2924958650865
1774328,1056288,Lily Langtree,https://lh3.googleusercontent.com/_opKjfzlWo24103wWWKVpE7Z5ooLAZPltGp4sMbPLEEhOsMFik2aDKwf82CcoTtp9EbdLyGZ1-SeeqCocL4A9QN3x9_JBK-RfW6D2lM,cryptokitties,0.26,2028.238445981247
1930449,1088162,JC,https://lh3.googleusercontent.com/jjOvMFafkZOXmqKw-3mS3LXHvp0otuC2JPYEL-dEjXmKpzyPw16lvoTvBcCSP4rOYra7-Uyq7kyhD0qtYEpvhoM,cryptokitties,0.4,4801.150795630736
1190049,876070,,https://lh3.googleusercontent.com/kGwa3A2sGaMe7T1EAGFkyToqz_1lPUDT_DINUQyoDDo3SMDht81UV1v2pA-5UjBw3K9PeioDt39t7pi9QYkNT8A,cryptokitties,0.34619936342592594,3595.748485266104
13809,2187,2k Club -  rare OG Himalayan,https://lh3.googleusercontent.com/-wGDik0M8LivatdRdmRukOED8iCOmt0AXYizIoQBTenYhGxgayNqB2TlwyX6Ph6dgLGdQmcpf9QQha7AwOIcD_5u5A,cryptokitties,1.5,67504.8422901299
25450,27039,Low ID #27039,https://lh3.googleusercontent.com/tCXJYKBNfX01-3XdPDGc7hSyzY8cu-pqrA_9LVTd5B13RM-1WuAaobejqyblgmFF9HkFkyh16u8vSRmLQ499ZpgT,cryptokitties,0.004399074074074075,0.5805944591843746
503411,491889,,https://lh3.googleusercontent.com/f9eBAU8KNVo_DiMHpYzYUk1KLCHhATCAkZkS4y24WJJe4uYrkvpDaMw5SGZwdj8yEuSy7PZiFLl7Ur55ca2rriqk,cryptokitties,0.22,1452.113810292202
16931,6884,ESKETIT,https://lh3.googleusercontent.com/wTZ0wB7SXloglWnQsI1Ke4HGeWjXKcJs06MA_wflDKjbr1j50DmRKKmVE1GlRvaEK3rnrfN4owufANceEjmZpY0,cryptokitties,0.049,72.03434445106494
1691,449782,Thundergrey Icy G1,https://storage.opensea.io/0x06012c8cf97bead5deae237070f9587f8e7a266d/449782-1555643416.png,cryptokitties,0.0169703125,8.639934670168053
13622171,1802279,Purrzival the Paladin,https://lh3.googleusercontent.com/M7dP_YAPcQWpdLAf1wtoTp0VsorcFIF_QuXXGRySjfBvp6rpc3j0_dZXV7Hl_XE0dga0YIgnh88tn-r7DtP6aqiC,cryptokitties,0.008,1.601445536222707
3395531,1502590,Miso Horny ⭐⭐⭐⭐⭐⭐,https://lh3.googleusercontent.com/OedrCt71hVE9v9rP5Yp3PerbY6_zmbaAoI7Wb0LvXodMXFyPhzeVUfBQLpiXKsZmgsInvTI3Wg8_gYuxzavexKHJ,cryptokitties,0.0033,0.27232941360401286
479532,475296,Furbulous🎖️,https://lh3.googleusercontent.com/oEfLdflMRWh4yK_cGdfR6zLhYVA3tS_uzCQTgEFTes9101v80MNKs3VBWL8hngYE9DpSZ6qqJI0soWR5LpXD3e9T,cryptokitties,0.281,1974.21311010135
652452,618797,Poster Nutbag,https://lh3.googleusercontent.com/uSHWByxACAkOJwOE7NnG7eJt0PCQZfB6Lha_BwRKIriNVq2T7leg4f18BG5ay4Zo4AdRODk1ZSwqavM204pibHSN,cryptokitties,0.14954499698756976,559.1195599640445
590052,560011,Stitches #422,https://lh3.googleusercontent.com/esWDrSkgkcLWYWk1sg7bgguf18ZyPW2mSSrH6GAXD7o9MF7iUr1t_OAFHN2dkXTXmeoTZm1zZ5iYFxyc3YPW8U_P,cryptokitties,0.12,360.29291517819485
18012,9187,Mr. Paw pre 10k,https://lh3.googleusercontent.com/LbD5lily1UthhexJmMYbC20uuIPsVUIqWLMZXvjaK5k5-6aOVLvD2uJEHVJWu19KZJDQqkJD1nYfB_IY7c18QWwK,cryptokitties,0.19,902.5333588494857
7092,338995,Cerulian Peach!,https://lh3.googleusercontent.com/Q2MLRlP-dFlJLCOgBDzPH2Q1Ts5EWhiUHsaJwadPNe0FniRuQMsXiJcm5HW5PM1KtPna_AY7kfOWGZU_4TDBSVkITF1sJ4O0P335-VE,cryptokitties,0.006,1.260062091600786
150613,63878,G0 | Chocolate GreyMatter,https://lh3.googleusercontent.com/vIBU94oBQZ36J6yr1lm7CGqOd3oVRu2r4o7pYWOvUepUCvBvsZxSLwG7tIEYYTfa4gc6sBOByxPPjrz2BY-gXXuSww,cryptokitties,1.5,67502.09186354942
1121054,853115,1st UNICORN ON ICE,https://storage.opensea.io/0x06012c8cf97bead5deae237070f9587f8e7a266d/853115-1549880756.png,cryptokitties,0.19,125267.27463418101
1812374,1067790,Noodles Lilbun,https://storage.opensea.io/0x06012c8cf97bead5deae237070f9587f8e7a266d/1067790-1549886839.png,cryptokitties,0.159,83933.18459210673
665774,629973,Tablona - Cryptonaut.org,https://lh3.googleusercontent.com/nufncvrTrxwbEWRDLeKXFVPinmfFlKY1ZTpDFm0C-0LvfqQxTo3KYNzGkUBnG2-Ay5L0YN-imcwvoJZoQmLuFdOS,cryptokitties,0.015,6.750286796596021
71294,181328,Gen 0,https://lh3.googleusercontent.com/x1SYmZWxteFw8DDO4UpT-5UnkLJ0sqYgsQ6YFq7GwmBtr-loYH95-hQ6wDPOTMkV4dl7BxbC566lMFuVZuxvA7b9,cryptokitties,0.1900995642513191,1084.2178391703171
21974,19538,Snappy,https://lh3.googleusercontent.com/HtBrzoLuSil7JzxorvNW-rK920WFHxzXc3DiWEF150LpUHCf1EIsAfpqy3cP4ip8CxyUxCy9cEMU5zYGDHL8uOM,cryptokitties,0.005,0.7500263054257194
241334,368868,Ragdoll Sandalwood,https://lh3.googleusercontent.com/NEXqZzSOJ2N-cB_6ysyspCXzbbzUSH4XWq0qOqF52Dm9MkvGQfmFXfigpN1P5SAjzRIGT-7URx0GFoyNQ4o2OIfW,cryptokitties,0.26738372685185186,2144.886744982449
734534,660255,DADDY,https://lh3.googleusercontent.com/fCs1x3PJD27-2IoV8pxOPRyWrlrylO8z6Obnbaa-RbjgMDCcjc6_hOY8xwMj_hEoFwuuZEaN_pHydDYbPWAmc5s,cryptokitties,0.005,0.7500223722383751
18854,2596,Collector's Cat #2596,https://lh3.googleusercontent.com/afbYxjDb0nECtz6qLxudeEbunJ-Z9T3-dN4kwpgWsKRTdljoZ15RGWn5lu5ALXO-YdcxuxAfPNAsZuWzU27q2xr8,cryptokitties,1.2,64803.243975482874
29414,35707,Wendy Lam,https://lh3.googleusercontent.com/vpOjylYTtpvfwq3-VTJ8oC6Ao2XFrb1inykpTAF50QrItEQJDktdJ5VuEUmDkvC5wC4v3gcl29ud1RIMMeDiLJcz,cryptokitties,0.028301359953703704,28.03451131324526
26776,30380,Galadriel,https://lh3.googleusercontent.com/QrUxYlhpyGqzREX061YaYJdDXTH9UFb_kNInE-qtoEqqhxWJcNiYsdK1kS2dI3dBjmRsSDB2jCGNWh3NnnwUlPc,cryptokitties,0.01007875,3.047640473315675
10456,246021,2Cym Ducat#3562 G5,https://lh3.googleusercontent.com/nufncvrTrxwbEWRDLeKXFVPinmfFlKY1ZTpDFm0C-0LvfqQxTo3KYNzGkUBnG2-Ay5L0YN-imcwvoJZoQmLuFdOS,cryptokitties,0.035,30.62657858220973
2353336,1231467,Dreggo#1993,https://lh3.googleusercontent.com/Fnt--YNk_gq5kssJBBLYYX1rOqnToLEhCMthvSANZsKBeFGidpZ0L7-nBE5gpmNf1z5n_Bhs-wWToLm363aU0kfs,cryptokitties,0.7032203665509259,19782.33801896668
1384936,923038,Gen 0,https://lh3.googleusercontent.com/8gF2c_h4Clb532jMrAszJX6u6npWRIIU0i48WI7HHfNoqYvAR5IhH8Z04tfflNwpMJu-PcHfGw3E40c5-qJ2TnM,cryptokitties,0.13354081236163,445.8565985870234
60976,45788,💎 Salmon Khan 💎,https://lh3.googleusercontent.com/PcuwX6oMOviAzfXyTQoJDjzGxb6L3JNn5p-Q1dt8QK-R70POW_g1gTmAN6gZiHRRv4Brj_gj9qYWMXkOR9gvxls1,cryptokitties,0.8,16000.571082306022
550936,526339,Gen 0 Double Diamond,https://lh3.googleusercontent.com/eAIbqjGswKbrq1IkvPr8kibuyMmb97NZKlzyICaHm5AVG6SVxmKeulFgmCtbxamZ5p_fTtfKpS8IN7sZL628dB3W,cryptokitties,0.36,3240.1498092614333
210736,191879,Selina Kyle 💛💜💜💜💜,https://storage.opensea.io/0x06012c8cf97bead5deae237070f9587f8e7a266d/191879.png,cryptokitties,0.003,0.27001178400080766
17296,2710,Orange Muffin,https://lh3.googleusercontent.com/iJFtO_arrvUdbk7Q5AvXxOjiz1rNxRX9meDaLkXmudvkVJLflYoSAylgxgeDiHnKHhoEmWz9YYAoq9QHrVfa5WI,cryptokitties,0.5,7500.565831759055
180857,176757,Wolfgrey #44,https://lh3.googleusercontent.com/NKYkcIRJr63Stha4bf57Srq_pNWBIkGTQ1Fh4rIfrj6pk98tfKSAYBznKd1iIFCmaT2c_n18CiwTMgqQWmL_K7W5,cryptokitties,0.00808504050925926,1.9611299226089272
214817,92034,Gen 0,https://lh3.googleusercontent.com/UGi_O8nm6iyH9qiQd88EeBvL19G6lFJBXMjhhLetvhjA04Lys0cT5e6yBpk6_7rKU75sYzOOPiS1CzoQr16xlInu,cryptokitties,0.6842686262439724,14047.766073811794
208937,396822,Gen 0,https://lh3.googleusercontent.com/ks0X__AqAmRopCdVWj4WuLlGS_oejtB9bM9OteK9YYdSbGoBnUWUniv7zt-1eeEAibUdfZaog3FF1mgj4OmwMeY,cryptokitties,0.5,6250.5772103239115
256337,226790,Collector's Edition! ★,https://lh3.googleusercontent.com/nufncvrTrxwbEWRDLeKXFVPinmfFlKY1ZTpDFm0C-0LvfqQxTo3KYNzGkUBnG2-Ay5L0YN-imcwvoJZoQmLuFdOS,cryptokitties,0.02,10.000564040595949
25097,26314,Kitty McKittyface    ¯\_(ツ)_/¯,https://lh3.googleusercontent.com/fEX6K8I8IAIWQVuz93oicmtZMTOv5fEijlGSR7NuDBZ7OrD3zzoG0mdVHqyyWiKrKXXadsZiDKb2SwQFaVqVvlzI,cryptokitties,0.029348611111111114,21.535219807609447
789978,703018,❤ HiScore 100%Soserious ❤,https://lh3.googleusercontent.com/eUqpm4yo8AOjHTL_6wO7DUqYHQtrhw4nfEvETJDGmM6h_gMmqV8vTt8DY3Ff8AiPvLaLhy54kRnq06knylXM5pcNPteu40vMur9h,cryptokitties,0.005,0.750035883733152
392658,350380,♥Hannah♥,https://lh3.googleusercontent.com/2octUlz_Db0-w5fzCXwEyx1ykpnTFfmb9em0f8mNVeRaqEnVkBpZPwPxMTy43MxvwRVOKE8H28x1ICRao-qTB202K3j98psVcHNc,cryptokitties,0.069,119.03626679317583
18618,11804,Pair 2,https://lh3.googleusercontent.com/HqbUO0jRq0xU9kOJCSY75ldYrRjs-ubV2FwRMK4lUdiVzFGJabWl-_45NH7ERG9JwaSn5dXI7mVIuUe9f_VXC6g,cryptokitties,1.5,78751.99963946687
13578,458907,Gen 0,https://lh3.googleusercontent.com/Dp1OR-slfSma2-LSWCxWBF4OgBAWilhYKBWWR-B8JMY5cCt4c7NQgCPP7uUh7BbVUeADg0cEHqCvbxceIF4UBKw,cryptokitties,0.28526390642536475,2848.322855960261
33978,2486,Katmehameha,https://lh3.googleusercontent.com/r9tvfF22_oWuQZi6IfmovHMjZxq2ULabaWRu-ZM2g7g7zKNVYqrUZj3kJMrpFKyeLvED_7_jMnV3TPj3hH7w20KYcw,cryptokitties,1.6,76805.51763211559
67819,227365,Se18,https://lh3.googleusercontent.com/n3Ze3FQeMqO3C8OdcTeBKVHjgWfxwQNu0JBKOczheKy5xT0SFWdT1cXnsp4cwjYt0w2VCVD80h-xXEEwx33t3TnE,cryptokitties,0.005,0.7500177800564884
557899,532598,Gold Tiger,https://storage.opensea.io/0x06012c8cf97bead5deae237070f9587f8e7a266d/532598-1555846435.png,cryptokitties,0.001895703204218107,0.1078138534130008
55219,39182,SE19 Pure Crazy,https://lh3.googleusercontent.com/prS6TZYsjVMoTyisOLxCPe18tBqUMpvTbstgOJ7cBMUP-8THrtxyS3MOjd_sEWk4GSG0uXJACQ0Nh0IMyuMKC7Yj,cryptokitties,0.01994975,11.940041579711531
114139,57923,Kittiesville #57923 G12,https://lh3.googleusercontent.com/BHzL81TkKvHaZT-pruG-gkAK2TFBb2iKWo3K7TsozBRHFFksPWKO6hArh23RQle1MNmnFvHqXMzYdRcPLNKpxz0r,cryptokitties,0.004399305555555556,0.5806346920830352
1265899,879098,,https://storage.opensea.io/0x06012c8cf97bead5deae237070f9587f8e7a266d/879098-1551180799.png,cryptokitties,0.069,190.4517207009798
516739,503509,Gen 0,https://lh3.googleusercontent.com/HgjzgoBmONTIgmCjxLK_hOCuMLSUqzoT1rAAbWOr8m_AYExetld23rUhTmDyly5EvqUZAxjq4-qv3qGDSclzdrJWOg,cryptokitties,0.129,665.6589478733632
16820,2612,Gen 0,https://lh3.googleusercontent.com/ZHXRzwyGrVg4bs4PmNg-xx_6nvdmQU4-tOb3E_xRuLzGdhRsIX6S0znlshockY0sP5qsJUd_NSUvngw8HRLlTo4X,cryptokitties,1.95,114083.46003503045
10100,52,napoleon bonaparte,https://lh3.googleusercontent.com/CdgzI_JrAONGTbIIEPSDJeMYxA-x-vlAgPb4URXjz2jN2o57WqkmMqKPm5JLXYSqIL2mK6rXU210KuvAi0QyZP4,cryptokitties,25.0,15626492.249671813
1489220,956572,Page #467,https://storage.opensea.io/0x06012c8cf97bead5deae237070f9587f8e7a266d/956572-1550949024.png,cryptokitties,0.013,4.225506458501619
312140,328749,#869 Virgin,https://lh3.googleusercontent.com/on8838x9KxJVAbUELZ1SqD8thQn5uN0g89XpAHBSYSDu9mOr9EPez2gGqHDa68BnELrb2db8-E62f73LhwfVHB9ghA,cryptokitties,0.10701994967793882,286.39327466616123
1281981,882455,,https://lh3.googleusercontent.com/wWyUN_8wHRMxhanvt9jm0ZYFfv72jLArs3AgJVBmSRODdaZ8I9vr9CRxtB9LNWV5uYfw5Yxaqktc7tgDm_sp6V7aNA,cryptokitties,0.085,27274.413471250944
1712061,1037945,"kuril candy poison spock 0,8%",https://lh3.googleusercontent.com/EQSk2Twvo08XmNFzkEiWfHTi8bBghdFtWOhbLmWZtlVabt3fehm8S9Dbbc1V1AcjEHAKVt-wd8QAOvABItgZn9Cki_K7Gm_i_alLog,cryptokitties,0.052,9896.78698392315
5061,391697,🕶 real lady 🕶,https://storage.opensea.io/0x06012c8cf97bead5deae237070f9587f8e7a266d/391697-1555445268.png,cryptokitties,0.002954099794238684,0.26180786690397795
1087701,847441,Lapis,https://lh3.googleusercontent.com/3HmUtmeYM__W_t9XyxkzEFyDNEzZabwD7VUBRkBHML0WqCJXk48RLzxB0R1xpaPpUOy-QDANP3l4eUAV-jm5jcQN,cryptokitties,0.3,2700.1235910058044
25888701,1998559,Fluffy Poopgah,https://lh3.googleusercontent.com/JLLonXv0OBWET1etNP9Qy_k37ihjCtiP77QA5s_BEBW69PEBWbtPM4esLLcvo2GxOlK-7ElKK5SUVtf60S8fl0FfX7KWSzn47sKmAAg,cryptokitties,0.09,364.71535897464736
494661,484431,🔷Morng+Spangl+r3 hint+r2nacho,https://lh3.googleusercontent.com/x7nETY0cgsndFcn9LRhCLj6zgWqHSsg95ceAV6KHiXoqxrZHpaL0Q6kFAerfHytgBFfGQFLUxiOGDy5TYLYZ-HzbSp481AbvhjR9KC0,cryptokitties,0.21147681571815719,1788.950416357221
1599262,1010032,Blanche,https://storage.opensea.io/0x06012c8cf97bead5deae237070f9587f8e7a266d/1010032-1549884029.png,cryptokitties,0.096,32486.45517474441
1539862,981877,Mosi Hornrum,https://lh3.googleusercontent.com/7WGXl8t2KuusBaciJPm9x0lBXhrRgMUhO7JiKMRxk355A9qaT6FVNI5RyErvy_bxf_d9sP4PvLQrsmcHTK2Tg8FRo9-hGGBaMxmi,cryptokitties,0.137,563.1698342634023
793102,705347,"Wild F,F,3,A! R2 shale",https://lh3.googleusercontent.com/0o_cZsfojnCAVairIzfnNmoNWxmjX9Bs7NOJPPdYPt3FGjl6SyZeTMxy3nFVdqKh7O52Rt4wp2px8aCL7Jd_RcgcLA,cryptokitties,0.3,2250.103319221436
394462,225983,Ducat,https://lh3.googleusercontent.com/nufncvrTrxwbEWRDLeKXFVPinmfFlKY1ZTpDFm0C-0LvfqQxTo3KYNzGkUBnG2-Ay5L0YN-imcwvoJZoQmLuFdOS,cryptokitties,0.018,8.100434654386753
1851023,1080953,Fuku Sunnytoes,https://lh3.googleusercontent.com/HrOL_0UYELQxDcoX5UVE-0W_anqtkBejxokSdXyX-Ub5_whgqY7MVFF0BOXDHsuPydjGALN3P7qI_f3SEg49shRWdw,cryptokitties,0.21,157437.21914517035
19583,14472,LIMEGREEN RARE,https://lh3.googleusercontent.com/uZImzjuFIahYRY1AEcApQrqxFYb8AxG3mRqbvdbDriGI1XVXZwP2LqwmQLwRiO7ol_x3fjki4rn3lDdYVI7M_RRC,cryptokitties,0.03576680555555556,38.379658588759604
662183,626896,,https://lh3.googleusercontent.com/6XlVSC4H6Lr6JsaZA7hhqh4p3qA1cWFGKbQWgVvWHfTLDVUBXB97votmIKhTjyJBepwyPmYXAct0QwOOe2w6vjflvzTy7xJYoX_7qWQ,cryptokitties,0.22659212962962963,1540.3793308156626
2082383,1137602,SPECIAL EDITION Lil BUB,https://lh3.googleusercontent.com/X8_i5nPDlhz9tEZ305zNdAV47FD4tSMdvDnSr986bfpTuUcn95poUnttY4C9nG5b3-NWEWACUoHRK3myPr-6AbUo,cryptokitties,0.275,1892.4091991622408
2499863,1284637,Ora Lublater ⭐⭐⭐,https://lh3.googleusercontent.com/HMSlvUOAE8eTkWlHIlV3Lib_m0jmWVQlGQRFY-zDnS-2kF0cY_hFQsmiLAd21O09F9fi67ZfXm3vTboPl0vqhsc,cryptokitties,0.001,0.025001827272051844
29543,37004,"Shipcat, Gen 3! (#135 / 2,000)",https://lh3.googleusercontent.com/on8838x9KxJVAbUELZ1SqD8thQn5uN0g89XpAHBSYSDu9mOr9EPez2gGqHDa68BnELrb2db8-E62f73LhwfVHB9ghA,cryptokitties,0.25,1562.8376512143318
1623384,1016910,Nala Hornbaloo,https://storage.opensea.io/0x06012c8cf97bead5deae237070f9587f8e7a266d/1016910-1549881421.png,cryptokitties,0.079,22748.48611193372
496704,486368,VIRGIN SANTA,https://storage.opensea.io/0x06012c8cf97bead5deae237070f9587f8e7a266d/486368.png,cryptokitties,0.09,243.0851515201421
2250264,1196879,Gen 0,https://lh3.googleusercontent.com/aq2Snf72mqqMQeF6huLr8UIDV4qLHeo5fNHa-q7g8FiqoQmVrri87dsUUxMYibKwqvN6GEYDt8vdemvMZQNU0FuO,cryptokitties,0.1274170065857706,405.90578394424824
19104,10546,Gen 9,https://lh3.googleusercontent.com/6JJKMUKOXozT51X0LyqoRisuoo4L_ApHd4xSSmgXeB7gMShDxVl7IRgN3kHiiEb2eMoC33XnJd0w-9XhauacDFM,cryptokitties,0.07,122.50501325930115
301944,74045,Dali Tiger | Snappy,https://storage.opensea.io/0x06012c8cf97bead5deae237070f9587f8e7a266d/74045-1554181636.png,cryptokitties,0.004994907407407408,0.623758583194488
17665,8629,8629,https://lh3.googleusercontent.com/WiDP34PcVIxeLXdsBi3bnjmdU2M7TqpO4QFnOLmK2QbZkri2Wf5akCaNPSBLD8AGsY1pGyMcK8XWiolquSrNmmw,cryptokitties,0.09,243.00904399014834
681025,643090,Gen 0,https://lh3.googleusercontent.com/LJqnhFnU8M3Q2RAZPxX3-JidqL9RosyOOLVh5WxqAU3fdn1zKihCCpn-FHxc2ewfSAJKa1PcALagiofagjbXnjA,cryptokitties,0.19009742558275505,1084.1519502925873
28585,34441,Codeine,https://lh3.googleusercontent.com/UVW3N-7IAm4xn_BR3FiqUP3nFm5s8WC9B36prYq5DZzcFI-2DXrB-QC0p5QI8lX-fwiUYR7c2zDXOOS8CNHi3UFE,cryptokitties,0.02989207175925926,22.339722000232783
1596986,1009482,Catsup Khanfu,https://lh3.googleusercontent.com/vzrQgnvZDpHeLroXH-OP2lecKmGYhqNn-D7ajYncew7t0N3H6t8QGXHax0R7XKZFJhP8KXl4hEP78lrZajY7fCJ0JZrvzuHcHetoGg,cryptokitties,0.265,257024.33771780584
1134987,857510,Dina Fancyfeast,https://lh3.googleusercontent.com/e8nvPzrDGf1AzQRbU-8iJ8DIkND0QD1mEuon1FRKELNXbM3hBSMl6AOzYPuKL0g_a8wfH0qZYjKa-9CZgbSR_qa_BvhW2Vy9rrUbcA,cryptokitties,0.02,1416.0018463773092
1464388,945435,Tzar Mcboo,https://storage.opensea.io/0x06012c8cf97bead5deae237070f9587f8e7a266d/945435-1550070128.png,cryptokitties,0.102,37038.29170264691
132748,436789,Purr SE7,https://lh3.googleusercontent.com/5_JenktlvQiiYTGHg3Xjtdgv89J_z4LZp2png57snP2UNZBLk6eyx8MbBvnEd29PISFMZeswTey4ItoXNSzK29OZ2YOSe_pMt_Qg4qU,cryptokitties,0.1761500062988158,930.9343863925033
116428,200455,"💎Shipcat💎 Sphynx, Bloodredx2",https://storage.opensea.io/0x06012c8cf97bead5deae237070f9587f8e7a266d/200455-1554656688.png,cryptokitties,0.01587369791666667,7.560559231723191
16228,4290,I'm 4290,https://lh3.googleusercontent.com/lIkq8OqO0SL_reeZU2m-DpyKCZDL-WZrEMbQMKSk7P1R-2WKG3OX3jGLbLEsRUTHO3KHC1CYK-2Y5wSLk7LnF4Ap,cryptokitties,0.3,2700.190321829446
215428,198203,Putin Cat -_-,https://storage.opensea.io/0x06012c8cf97bead5deae237070f9587f8e7a266d/198203-1554652580.png,cryptokitties,0.03751870370370371,42.23060546186603
18149,10682,Peaches 💯,https://lh3.googleusercontent.com/eIeYjWPWk8qjIghQo0p0p0EumDTQDUYGhZQVj7iImWPfy9lL5l0NiNyZ1jgP_PS3dn1GX1Gbud0JbOG72nFJvWbG,cryptokitties,2.0,220008.92190903067
87149,271776,Himalayan Aquamarine Crazy,https://lh3.googleusercontent.com/DtQK6OoFFFjoNvLSErZw1z_gU3XwHq-sI0m6C0JCMA1q--ihASZ7a4j8bbu6V1Xc_Jzee_AopkTtTj421jhO7e9G6jPj8lH3UUjiAA,cryptokitties,0.01,4.000202692296841
995310,803560,Craig Bustos,https://lh3.googleusercontent.com/Zj_dhWxxJWRnAXQui3rXA0-1AHLYUWFtxiGsq3-sUCAqw8pTBbndkaQti1w86xjkS8XdcM1wNVPTfR5demJRmXY,cryptokitties,0.1294911789021164,419.2221362934892
115470,435063,Elk Jaguar,https://lh3.googleusercontent.com/-HGuSZ5oUScI4bFti_uQP6yd7S4RaZE5_fwE_1NbVeqtmfgTRPHDzUGqHqR7k3H1zf5Q40UjSzGo_IoADeOanY8DUw,cryptokitties,0.05,87.50642071289124
203191,350212,Henna Sanadlwood Outider!,https://storage.opensea.io/0x06012c8cf97bead5deae237070f9587f8e7a266d/350212-1552991255.png,cryptokitties,0.002,0.12000402459953825
4831,350508,amur rare,https://storage.opensea.io/0x06012c8cf97bead5deae237070f9587f8e7a266d/350508-1555315010.png,cryptokitties,0.10778125,348.5143889173801
116551,58490,Shipcat,https://lh3.googleusercontent.com/on8838x9KxJVAbUELZ1SqD8thQn5uN0g89XpAHBSYSDu9mOr9EPez2gGqHDa68BnELrb2db8-E62f73LhwfVHB9ghA,cryptokitties,0.1226087962962963,375.90355848432876
28592,34607,Gen 4 swiss,https://lh3.googleusercontent.com/XXt-hvR0rIblBF5KElAvzNJ3N2_QeK0uI9FhpbSNHpxMsM4H-rW41n5uslNHcnIvqjyMSsuJzlaZR6MnN6VXVGzT,cryptokitties,0.09,486.0238045177445
27153,2221,Michael Scott,https://lh3.googleusercontent.com/lHJKzZBsDyRIDhlCFDdvEvlvp4upujQKioO7NLwFOJF1QVyCMrkhiQbl06h2fBP5Qu85bZB4Lwcx68ckxK_ZMvkN,cryptokitties,1.277778008643617,48984.89986150627
53313,36463,G15 Scarlet,https://lh3.googleusercontent.com/kPXznEj-VPy9xuFnjIUB264TTVWwJ2nPi-KroxNEFlwpDfBuFpex4L1HDKHUWy1TlfCa1okBAsPWR7-v6gdb5IwQ,cryptokitties,0.036908391203703705,34.05710786357883
1234,94432,Coyote,https://storage.opensea.io/0x06012c8cf97bead5deae237070f9587f8e7a266d/94432-1554218048.png,cryptokitties,0.021,13.230292337606361
86314,358252,绝版古老基因！,https://storage.opensea.io/0x06012c8cf97bead5deae237070f9587f8e7a266d/358252-1555332219.png,cryptokitties,1.5,67502.07389464026
2164594,1167086,Poster Nutbag,https://lh3.googleusercontent.com/T70Yvzjs6EWvCRvgy_QIoFViFcEKdEUrFNXsMrQebDcFVoyBoh3lMt4VFzsCAjRuNIFkwDHk_nNI2ZDUaZFbo3hxtcVAhn9ywc0Q,cryptokitties,0.085,252.9583123361073
9034,1364,Famous 1st day Gen0 Snappy,https://lh3.googleusercontent.com/f9m4EXD0Qovu_Ka4JwOG_YzcleS9voJ2M3OTkMEONb_qlc8fJWv01_Bp7A1cgZJZyDHpCACyQESBcyWvrRh71mI,cryptokitties,3.0,270019.51874563226
18155,10696,ALLGREY,https://lh3.googleusercontent.com/H3mTcgLMKtB3aQZ7cPCCcJ7nw5nNhAYH9qjws7MyZVg0DVjCh1g0Wx40NX3FUKJDBB4LsOeEIdgg2juOqxJjqnc,cryptokitties,0.038,43.32303328171049
30155,37992,5% Rare Limegreen,https://lh3.googleusercontent.com/OKahX3YcSX-MJ0i-3H2EGJHQtfXmi68pt3WyWmV5L8ElRg0MrCk3PTHyXS9faT01aklPKcE2CMLCwGEm4DgSrRCG,cryptokitties,0.0211196875,13.381713744633943
1509156,965763,Ashes Squeenana,https://lh3.googleusercontent.com/yeqH5r517R1hEsotL3Yfk00ntwFdxmFf5s6gU9fui9d1BSnJVojsWkWbOqRN2JlaCt3oRKcbEMfaHKwJATRgHIEy,cryptokitties,0.234,206156.6738336921
376956,473295,103 SAPPHIRE 472 SPANGLED,https://lh3.googleusercontent.com/GZiBL12nTwWUcOIdEk45WPc9QDQJEPvcBMW2mF8liSFdgZ2NGTUciWswMJGZzsZldzwEljSdVKMlSGMTgfe-jo-X9mGA0loI9YJpNw,cryptokitties,0.5,6250.582556806349
613236,582043,,https://storage.opensea.io/0x06012c8cf97bead5deae237070f9587f8e7a266d/582043-1555988308.png,cryptokitties,0.00192207175925926,0.09236463093557411
210877,326188,,https://lh3.googleusercontent.com/on8838x9KxJVAbUELZ1SqD8thQn5uN0g89XpAHBSYSDu9mOr9EPez2gGqHDa68BnELrb2db8-E62f73LhwfVHB9ghA,cryptokitties,0.058634184651138406,103.1571858702678
160597,466088,Kitty 466088,https://lh3.googleusercontent.com/zMqcPDwp8AaKiIuaJX5Vc4rPQtWG88aCj7A0rMfODuDPmNrN8JbvtpZPenxPFWVZdCMZg-lYW6SK8KoaVs1NOHTPToSxa0K5A34R,cryptokitties,0.27,2187.1797451624266
136957,297158,Persian💎,https://lh3.googleusercontent.com/ptjDPvc5G6W-3j9ZLaOkARqQGm0KATT9XN7JwFj8zYO4-UPCKdIYZgki67y5Vo9lgXebGkkpRqfl9YQCRHxiP8kIXg,cryptokitties,0.027995780423280422,23.514171047045224
1963718,1095454,Hime Bufftime,https://lh3.googleusercontent.com/xm6sl97C1l_9guzzSDaUrVdtZBgkw7y0y0bZu4A6dxi7BgEXW0s6U7oQN474pvKpbyAl4lkyr6COhJNHp7VdKmNkecvZNtRp_zRsiP0,cryptokitties,0.26768882440476194,2149.9723253025077
738998,663356,Puss for Progress,https://lh3.googleusercontent.com/1C89xx7jyG-KZz6XH2ud6R71Dy9m6Rvm6hOACoPEioir7WeXMyGy_o9T-mashlQ54dL-FKWgq7a2LEhLdk7mFgU,cryptokitties,0.026,16.903753676542458
17078,2544,# 2544,https://lh3.googleusercontent.com/EGGlGiC8qqMvp_MQ8MNPcQf31ukgXu7y9kgsTpRn4VCTb_gMsJaYz-ZZ_PNmc91FER_PUGr-EoFwNHN7_yeUs_c,cryptokitties,1.2,50403.2893423844
3289599,1489138,Clover,https://lh3.googleusercontent.com/goWLaGd2PrPQ7_D_jffZgYOTvnPySm6QAw3cYvxjxzPZTTT3dBwwrd77SYKS0-m4UFPuHRmsPRdlghM9VKUDs6Kw,cryptokitties,0.1,300.0471168101304
1147239,865454,Lulu,https://storage.opensea.io/0x06012c8cf97bead5deae237070f9587f8e7a266d/865454-1551137436.png,cryptokitties,0.098,432.278630108203
494201,483989,Gen 0,https://lh3.googleusercontent.com/ewi3q_n77_dViDHNJH-KA9amVtnaskKo1yT2CAndsov9ucTDbJUcCYYQOnZks7n1y5fNfC-bP17Fg7k13FWDqBM,cryptokitties,0.138,571.362732819525
1049081,820897,,https://lh3.googleusercontent.com/YtZoyvAhIxJXCTH6uIjxIHKQ0QGureSGbwEMpJgqYcD3pWANopnKhLO-gSUN3OqEvMTNTFkxnZck1spXv8QWWTa2tw,cryptokitties,0.138,571.342064378765
3157002,1459126,Frank Ministertummy,https://storage.opensea.io/0x06012c8cf97bead5deae237070f9587f8e7a266d/1459126-1552694785.png,cryptokitties,0.417,15650.744353766642
317802,104388,Gen 1  Miu Aquamarine,https://storage.opensea.io/0x06012c8cf97bead5deae237070f9587f8e7a266d/104388-1554309394.png,cryptokitties,0.10147870370370371,308.94572615380724
25482,27096,Flippy,https://lh3.googleusercontent.com/qGI62PNwHbVbRVNjJZRGqR9uLRK_Rm4kn74KEnQlnN3DMbdiHCDVZ3ERzaQMZdzaQeMhb7QqYWLcsBNN4984LT3x,cryptokitties,0.14583564814814817,638.0581300912294
549043,524748,Dracula#1341 G12,https://lh3.googleusercontent.com/ARbG423dxuekvT5NGdnxC-lr959dOvU-f-9wu1sotkz5b3x3mCOOSpMVJzJkpbKDSak66npf4JTeQpqnfwICXUaDOg,cryptokitties,0.088,232.36161062008804
978403,796068,Gen 0,https://lh3.googleusercontent.com/MlNuOgxzmOqbv8oxuTbsLuczFlNXQJU6AGjmbW1oIPeSmDtbaVWgXbC9PUXMOQVXfptAVCB4Ragi0PQjnUFpT8AM,cryptokitties,0.09163659336419754,251.9274850830701
13021723,1760882,Shoopadoop,https://lh3.googleusercontent.com/VnG6stL0kcwZ_6LMyoiCq2y4HumTw6mRMbRLBRTMhbxOI2feu0IvBb8DcG3dAJQfYAQWrV7qvi700NEWIAFLjWgr,cryptokitties,0.0485,58.8259744515268
18404,11226,Genesis Farther Gen 0,https://lh3.googleusercontent.com/Cs2UrVMI5RjrMq1M149svPL31Q0xBE0_BjDZWjyF-wc9ILF2S8HjdRm0-vqY6lhPx1LZ7J79kkqNAEDe2TN6_vmQ,cryptokitties,2.07,107126.97199528308
928724,780035,Gen 0,https://lh3.googleusercontent.com/5y0mAzaHl2CZuPVcoOe3fJpnD085MSWVuGo8fivYWhz1K8g2kutFUh9Ox6I-_ASw5B7GQBBlKjjKcYiMKxMlAYP3,cryptokitties,0.2978784944444444,2218.385287245057
18885,12508,Lime,https://lh3.googleusercontent.com/HhWoQm2nwjBSVQMrWak7ubHVXlrhYbC_h-armRyPa7Si9JLNCED1lTf-AolYoEKZjKH64YWyP6f292_D83EkX4I,cryptokitties,0.005,0.7500247960923219
16005,1458,Top 2000 Gen0 Kitty,https://lh3.googleusercontent.com/_T7KbehUltzvkUi2meudGk7VTsM_CNWtT4-EtGBFBvxw6HmzqXdP_24ftrCY7mu0dgXrHNxVV0KMz83ui2nVrJEa,cryptokitties,2.0,100008.762111432
319005,96997,好消息不断,https://storage.opensea.io/0x06012c8cf97bead5deae237070f9587f8e7a266d/96997-1554294814.png,cryptokitties,1.5,56252.29983901509
563686,537452,Gen 2 | Cerulian,https://storage.opensea.io/0x06012c8cf97bead5deae237070f9587f8e7a266d/537452.png,cryptokitties,0.009193246698441068,2.535590751373176
1475567,952051,11.58,https://lh3.googleusercontent.com/PKCASjRMmNCYenn6rczpjOmXqnmC827ax_aEUCvaKQh_XwB2cPDnbvm470ur2wQYAH72jybEyhmK8XgF-lfLP_KyJugDhTLlPO3wIcU,cryptokitties,0.2704955902777778,2195.2849773380162
2567,27890,Gen #0 Peach Gold,https://lh3.googleusercontent.com/48p2PtYji1ZF8Am0BwaXJDGov0Guje0V_f9UyPMTHXy4tP1F9OZswEX-U9mFVGGvCFTiQu7O7eLYPJk9YqJaw8fB,cryptokitties,0.20824615740740743,1301.032269127253
25727,28354,"🐎 Gold - Salmon ""Ella""",https://lh3.googleusercontent.com/ntJS6TC6ISUneK5WIL_tGn4R1ADYzAGzVUjlLGCvZvYOhFiC9IM3SnpKZdKQ371jG5lbsjWU2BKN0A08hOLM6n_2,cryptokitties,1.115,37297.89532427708
42767,19266,what are you looking??,https://lh3.googleusercontent.com/Q8N5HA3zBIoj7LtZUvwnDmxx_GAVW5vmY4S0ZGWXbwV7MSRmkMzY3ZpAOiOHPDYm_Kvi4GjxFB1yqD8FJdvADhg,cryptokitties,0.005,0.7500220837861449
21527,18723,Gen 0,https://lh3.googleusercontent.com/Jjr3J0tSu507ejY8YJ2MX3aDDvPYRjmQXkDVIrvEZAXRQlqiiBfvw7Gj5PDirzT_P1mkHyDyR3cTAyrzi5-0sWk,cryptokitties,0.64786794005544,16789.684798694143
21047,17834,Mint Crazy Hemi,https://lh3.googleusercontent.com/qMnl7Pyo4IgVjxRmOeVqbUTbJee2fJnZrWQRZJt9zk0NaduuTSsaCX5BZ_n69u8SioH7EHlH0HPRUlqZFeq-rik,cryptokitties,0.1932534722222222,933.706359859746
2672687,1326539,♥Arun Slippypaws♥ Drift,https://lh3.googleusercontent.com/qQT9BBsG7CjgFp2CaoILJVtvUS-qSpIA8m3x15FQp7lOlfo2AL4i8iXarPOZJ6mfF5zHxG3xkZoPVRgnlzS2ealy1hk7TdTOvmzRSQ,cryptokitties,0.01,3.000647512190221
56448,40762,Nutella,https://lh3.googleusercontent.com/SicueZHVZUXZz-I9R9qDN2CZzrz7vq5KPKoZdDUnroax4Ouk9TVHSCvPtPg6eNYQLw9coVfml7VeHdKr90eA8r-n,cryptokitties,0.004,0.48001560499590296
19488,14309,.8 Raga/SGrey H2Peach/Beard,https://lh3.googleusercontent.com/K2f1RGgBuRwa7uQ6dmHO2Osk-ukI7KFdT2H1ObewsL16SCbWKDIL5senhn9Fl77adg54ZAmuwt7XQtU9ddvDnIKR,cryptokitties,1.4818527777777777,87837.50465223356
15168,460465,💯Azaleablush 98 Crazy 94 Amur,https://lh3.googleusercontent.com/A8_hgHCIkfb_N_zK_epfsnsX-Ge5rgKfI8raMhdldxnn3iWQJVyVdcrOGrbJqp9DD3hMRCsQHRDA1DwsnwNhz4PF,cryptokitties,0.8,16000.665002572037
5928,2338,Uncle Rolly,https://lh3.googleusercontent.com/Zdhvbq1FJBEbLTjyrM0wyRA3CDT9ZU09iD1kgNfWa1Tje9EDjog2VeBW9-3MkWyf4i2pVhOxOWUG96GzJ-YcwZRR,cryptokitties,2.75,226891.90608588833
2126449,1153188,Dr. Michio katu,https://lh3.googleusercontent.com/4LV0EvqTMeV4CrTPy6QcJJkC3imukzQgq-S05l3HrbciwORnQU1R7VvdXY_mG9gn0zH35xxDdfCqUdMpBArR3mZicw,cryptokitties,0.22977757936507937,1320.0221438349263
97250,384428,Gen 0,https://lh3.googleusercontent.com/auQmHxLspgfP4YxeUkkRWby9itNs_gLvtnmI6QO_1TlZKaUzYjLg8vsZ3lykvkzEIQBZAiR80u9BWELDPajmfXEv,cryptokitties,0.2705632641907522,2196.1940990490393
20210,15626,Mac,https://lh3.googleusercontent.com/BESOskp6Qmb9OD5ByaBGrlyUO93ruifGK0s3N5iTtuXKoGqlrwGVZKhUVmmv7Bh4SpjCEmxcYcsQzJCUyymVJjqr,cryptokitties,0.03366342592592593,33.99792238775808
1088810,847682,Kalahari Mewtation,https://storage.opensea.io/0x06012c8cf97bead5deae237070f9587f8e7a266d/847682-1553035371.png,cryptokitties,0.19601712135416666,1152.729687351707
19610,9839,9839,https://lh3.googleusercontent.com/_Lrf1d3w26ZNfv2UJr6qJUTX7qzJgpFc2OPiBNs157UB8FHSGsFBH_M-xOB9bz6VNNfph-dqe9FghF7skMEUqsgU,cryptokitties,0.05,75.00428446551498
8330,370597,Chin Chin,https://storage.opensea.io/0x06012c8cf97bead5deae237070f9587f8e7a266d/370597-1555359790.png,cryptokitties,0.01480800925925926,5.482087119382791
105771,426266,Gen 0,https://lh3.googleusercontent.com/at1immbSsvZUpYY2WKZlvdbVuUwh0VCz-8NbLyfDcOJgwl0Rm-HBDOp30n0m5eoLIF9BKXJ9NOkF0CcOrA5ziE4,cryptokitties,0.2981619762891345,2667.1032497033357
2082291,1137518,Lil BUB,https://lh3.googleusercontent.com/X8_i5nPDlhz9tEZ305zNdAV47FD4tSMdvDnSr986bfpTuUcn95poUnttY4C9nG5b3-NWEWACUoHRK3myPr-6AbUo,cryptokitties,0.22589120370370372,2297.493012779802
838611,733674,,https://storage.opensea.io/0x06012c8cf97bead5deae237070f9587f8e7a266d/733674.png,cryptokitties,0.006,0.9000394572434364
234171,403936,Gen 0,https://lh3.googleusercontent.com/V0tVf85F8nes5h7esDH32fW37hsjKUx_5MldtI48ppHEj-iuJrzkeo3g1vtufsNsSNlxL4gXDFjtT9C6-bQtKXNt,cryptokitties,0.20833910451547435,1085.230327480961
21891,18992,SILVERSIDES,https://lh3.googleusercontent.com/5rLj3yCIwUdpzTZ7cUQIidUKgPeaec0ABUwDh6qddkzFEOMdMkGMF5y3ZkwYvLrsVUMjWCE7KNvMctxEWZKaMbs,cryptokitties,0.009,2.0250830311761288
15771,1243,Wolf X 1243,https://lh3.googleusercontent.com/PqogaGqjhXw_gBDLpnyDG5LZJF8K_2QQPl9nQoalnPT0T22pJvsGlTusOB8H61UyB12d2XYrz8m3SBgjJCehb2hu,cryptokitties,2.9,210266.85751323227
207051,290839,Charlie,https://lh3.googleusercontent.com/nufncvrTrxwbEWRDLeKXFVPinmfFlKY1ZTpDFm0C-0LvfqQxTo3KYNzGkUBnG2-Ay5L0YN-imcwvoJZoQmLuFdOS,cryptokitties,0.03,22.501273620371883
86331,221765,🆁🅰🆁🅴,https://lh3.googleusercontent.com/PK8qCB-_zcHwrqKDtJeNMlU7fAPBGj-iYSKt_I9YWEx8q7jnjIQ4eqYQoR-XOciL_ZrESsxjNEtVasATmBqflrFIGw,cryptokitties,0.01,3.5001077460519787
28732,33942,Gen 5 | Brisk | Cheese,https://lh3.googleusercontent.com/SeSzXwJtcFft0zdRbL7ZRJw9aDcvi1meTm4oEtvedWJpQHNlf2rCeHKlWgKRCaC36bGXkhvJPaSpzZKy-DeJrL5V,cryptokitties,0.09,445.52397648821136
23812,15081,Gen14 -cloudwhite PURPS,https://lh3.googleusercontent.com/N25gzppXluIgXsBJ4ufAyAiEJCYaZuF5W4kNzVNEQ5F211pMyyuLWcaJEIICU_sxmhnCZtRX4xdVnRt4faf7l2Lu,cryptokitties,0.028711666666666674,24.731609113442918
1633972,1021331,Queen Rhiata,https://lh3.googleusercontent.com/aQmvf9T9agKFeQj1bpSLZFHauHRK2lPHEqHMyHU4SZr4kdh21rVSVSXXN11wjG4RYdIKua3VYpbNMFGdR_U7dLIL,cryptokitties,0.17179689814814816,1033.033899401774
9413,33503,G1_Breeder_003,https://lh3.googleusercontent.com/TN8DLj36e2PpdHxxMb0NpbCGKQn8dlXZDdw6pPgiPgsciH9fpw40rJlaFIKSjPC2NTEJPF_MmNbEvnU6B9uJZC2O,cryptokitties,0.014890162037037039,6.651658243670095
70373,225572,Marin,https://storage.opensea.io/0x06012c8cf97bead5deae237070f9587f8e7a266d/225572-1554401529.png,cryptokitties,0.04,48.008446537058106
76133,380878,418d/4a4f/6557/aa99-P2garnet,https://storage.opensea.io/0x06012c8cf97bead5deae237070f9587f8e7a266d/380878-1551274013.png,cryptokitties,0.22,1452.0466445940447
13133,458331,1818/Mfa46 -calicool r3,https://storage.opensea.io/0x06012c8cf97bead5deae237070f9587f8e7a266d/458331-1551089355.png,cryptokitties,0.0884611111111111,195.64188536246436
1343333,907354,Gen 0,https://lh3.googleusercontent.com/hsYaqQgNi_HYLPeF0cEX6B2ksudoX1JaNb79pAfFnrIU367yA4Bnld7XLN2g3EGLXxmHFiHqtJNXCZsCPaLFs5M,cryptokitties,0.09894078317901235,244.76216179008813
546054,522201,Gen 0,https://lh3.googleusercontent.com/QZy5Xrh95NtLufOnMeMR_knJOJBiCh-LAc_egHYu-ZAeebtysbYUVt7mKAuz0H-gDUnew71Udqw2InH6ii8JmI6dMw,cryptokitties,0.15,675.0268755030937
9414,454760,Couple 44 1/2,https://lh3.googleusercontent.com/tIqpZyGLzdy1FFRmQH4SbPg8Pa3C5kYxX1Jgx3-1BvxNVjXiJtU4nCqZaEyp1bd3i1SZPgzI794e_79VH_8kYERd1w,cryptokitties,0.11962621527777778,572.4297018101252
25134,26514,Rare Tiger 1% | G10 [R.B.C.],https://lh3.googleusercontent.com/ktuatCIILRaxMwSy7Z4a0qazEbpn8B37Wt3KsfP2lZpl43-RU0-7-5Q8zHpUG0tKawPZmS_kFoYaXzzMSgMT17ZZ,cryptokitties,0.03707114197530864,34.35787123504499
63534,48321,"Cloudwhite Lapis, OG Pouty",https://lh3.googleusercontent.com/eJF9GADBBQtF_7IhN8q8xGThUsAnxixY6aEWZUuPAr1VkXbM4NvPx7MQMWdmANLZPbd4lfhei7u3-69g6xSHXYbVNg,cryptokitties,0.005,0.6250253385184653
1783974,1059781,Gen 0,https://lh3.googleusercontent.com/RK2piQba_9WcehgvWEa0cBhblfVdiJp2MWRMEGodgGYiwxd8VfmL9ZRYT5-Kru23JejZShCcCLsDpu11wPd2CE8-,cryptokitties,0.1171534716624121,343.1432224038272
318174,207311,Gerbil 💛💜,https://lh3.googleusercontent.com/57JiKG3HGhgOP-MTPRflrtxbjuZgzCuOeTllBSzI0_NJyegD3hNCg-CuzEcpRBMrbBDLjuYoNf693GIThy9GVEt_,cryptokitties,0.003,0.2250324478877213
535134,512815,Purple Ruvme,https://lh3.googleusercontent.com/L2HxzSuyJ5ukGl2VsJxBSXVtA7NS-V5hy_Z6lCpWRMHL8myiTdF0-N86xMAVGh0wIc6WUUSDsj_1CBIxSGl_OmZ6OqtW19fetz5r,cryptokitties,0.03,22.500697180569272
1495,449507,Gen 0,https://lh3.googleusercontent.com/IXvXyA2Gf5jt5WBMCEgGKs_O4kUNWo-6eWZN5X_pvbJeY1lzGDrY4QrfxXsnzLQ3cr44byearkxxc9WW6PK_pHSO9w,cryptokitties,0.2692487897648686,2174.911146979384
3775,374955,Gasper,https://storage.opensea.io/0x06012c8cf97bead5deae237070f9587f8e7a266d/374955-1555369601.png,cryptokitties,0.1458701388888889,638.3623220981409
24776,5173,#5173,https://lh3.googleusercontent.com/fCx-H26ES1xlMUl_BmsrgaaX0hrehv6PFLsf4YyGN32URNFOhF11zi9PieGY9zKgOkd3AT0W7gO89Su0brOTR8zA,cryptokitties,0.09600780996182585,276.5326677039415
31856,40105,Eden | RARE | Lemonade,https://lh3.googleusercontent.com/qg5ZQUzvX_QhFtwrKA5aJIkewCOZu8G3rEKk98_8JXVWaWIMBFZ7BGYu4zGB1Hj_OQ5clI5usNCS7JfQ5J9vcBBKrA,cryptokitties,0.007787006172839507,1.5160013137816795
119936,188815,Xmas Beardy,https://storage.opensea.io/0x06012c8cf97bead5deae237070f9587f8e7a266d/188815-1554556467.png,cryptokitties,0.004705596064814815,0.5535863873957009
139496,360964,Count Catular,https://lh3.googleusercontent.com/ARbG423dxuekvT5NGdnxC-lr959dOvU-f-9wu1sotkz5b3x3mCOOSpMVJzJkpbKDSak66npf4JTeQpqnfwICXUaDOg,cryptokitties,0.2,1400.2122200262568
1065777,831634,,https://lh3.googleusercontent.com/Xg-u8Ufhl3rwXPYecKSB68dGw7uTTDittl5xAuQbdkR3OPoGxRtHgQ3cpxLQWGeM6Hme7pC-fCzHffZhHD4w0B_gewyygNcUTS_l_Q,cryptokitties,0.16,768.0291310381023
20577,14119,Neo,https://lh3.googleusercontent.com/IjlPceJ7QgBDPes2Hylr2p-uOQbNFF28wuE28o42VbqHoRBVgZcS52TsRn1w4bQRBAFcvknK8IW5YbbEf5HVLxn5,cryptokitties,0.00894519675925926,2.400571482801034
18417,11264,Scooby,https://lh3.googleusercontent.com/vQ6F4TFIII-FPWIkRwL5S-r0SlPSxSuvJK0b87xeVySXxRSAC8lyvhxlZAagGwg-dmuE4uk0prM-y39R5DOId4pMcA,cryptokitties,5.659548611111111,800834.2172093571
2094177,1141669,Gen 0,https://lh3.googleusercontent.com/z0R2J53nUaFEbv9w1Q4UVUKvQ-5YvUReZvmQdQHeF1f3utLqV3Y28eDaxCRs_mr5uUygKyvTGZX0EGxZU6H0nP0FOP_kpuk1RQVhoA,cryptokitties,0.005023090277777777,0.75730043667248
18538,11564,Gen0 Cymric Mauveover RARE,https://lh3.googleusercontent.com/KcxLQDXVlqeuuGbHdU-l9hDKn_KCiSavmw8Ig7fbsnxtU1ybk0uzsIHq9L8A-glaGsaBEfeVkjosu6XwI66qaOR8,cryptokitties,0.95,36100.89737147885
2338,436850,Chocolate Gold,https://storage.opensea.io/0x06012c8cf97bead5deae237070f9587f8e7a266d/436850-1550118598.png,cryptokitties,0.02,10.000304865615545
