id,token_id,nft_name,image_url,slug,last_sale_total_price,rarity
32449680,453,Pudgy Penguin #453,https://lh3.googleusercontent.com/65DF5YD-9k4DkuBJgq-H0rQHTNN_G7_TVCIF66JB5s4UDj1MHyaohll9a8HfRKKVGziAWkwZtse7pbxIJBBHvGWe4_1N40RDkBpxk5w,pudgypenguins,1.9,163193.35572005005
32454360,4774,Pudgy Penguin #4774,https://lh3.googleusercontent.com/uuU55FFCt8tTJs5xXqlmU7dpmlDMMTtiegLABqlAYK0nn4ND7MnDVBmLShJXKVjxomZa8xixJp-_2SSbTkFMF1J_b7gTBBe-NgtcEA,pudgypenguins,2.1204,180856.30701211258
32452081,2628,Pudgy Penguin #2628,https://lh3.googleusercontent.com/MXZaeIsCBNRlndh9aAnFGaxbfrn3Tb3KHDgrwTO5DlZaUUUyDUI5r-IRjE4sQIbXEqwuogmjCxyQe4h3Lxr4Gn12kfWsd6fyEO-IdBI,pudgypenguins,2.2899,210415.7303932641
32450281,1227,Pudgy Penguin #1227,https://lh3.googleusercontent.com/xiEQ-_7SuLKI8xrMOTWetrXaOUZJ7gkOHc4hH0sWcDPL23z7vp7V1GH_RVs7LaYeiZsppz4ealz-ftkcuhGZgPD-a7PG8h6FwhWq,pudgypenguins,2.949,436637.528109314
32449321,407,Pudgy Penguin #407,https://lh3.googleusercontent.com/COL4YVo8_6xEqbz2D_ELNrOVFOV8WdnKaTDIyWHXT7Gor2NGOJAfAjRA1FtlTh8mL6cNI4wmCPTj9Sw4rCXEtkN6jd_SvP77ISIu,pudgypenguins,1.9897,139065.52587166434
32449442,575,Pudgy Penguin #575,https://lh3.googleusercontent.com/aC8mLqxmNDNntKZhkhoexM8pgylS-xL2Xy5fsQps5qJAdfCe0UbS6pY4-Ttfa4vAIKz5eD99r7YncgUsSMFlsl-_a8gkjYAwCI8z2A,pudgypenguins,2.39,200632.9829519142
32454483,4796,Pudgy Penguin #4796,https://lh3.googleusercontent.com/75Lz-df2fr3P1weVYgF0gmfoiUDQQ8ryDCuWiPAf-G_RVv5m7GdU8pO-uItFCdn1hLMy1dbiQDPNy_L5BJ13_mn9LN-6wtZwApxWTQ,pudgypenguins,1.3,67776.82299771422
32451123,1912,Pudgy Penguin #1912,https://lh3.googleusercontent.com/Scz8pKj_fo3Y01VYsaiGtsEACS7RLclqCKQaYS0fXo-f4j2GRinHgjpiYRvIyTHbjPiVBIE_lHRYplIP1Lbr2KU9HcnHc0pKCXKVEGo,pudgypenguins,1.5,90475.26386200407
32451723,2483,Pudgy Penguin #2483,https://lh3.googleusercontent.com/lhkcIXVe_bpj_jiTs95XTGkwKykq6WBRyi079PKO8w7xji6iOrsx_kSZY4SoWFkniwDNAC4texEuOMznzDgkXIMDWxHQYQtmZHabVg,pudgypenguins,1.09,41731.334251844455
32449324,454,Pudgy Penguin #454,https://lh3.googleusercontent.com/ImKoa-zMnUiuvezeTmgsAT4fmgC5tUozvz5PrNjTXxJPlYD0x1VxYu71Lwb1wqhQ0L99ft6M-zLy3qgGd6CuXlyutApOGEDq2nDfLNU,pudgypenguins,2.02,184347.01259182917
32452205,2842,Pudgy Penguin #2842,https://lh3.googleusercontent.com/d138mzmEys4JpOegZbtgEMqvxFnzKpBrkCJr68h7QNzR5RV4SnUhwbNj1xewycUBweBW_jaYCfv3QmBaGGrQOQ1JepZ2HKbo3ZwE,pudgypenguins,2.5,251098.62877939318
32453645,3959,Pudgy Penguin #3959,https://lh3.googleusercontent.com/gCLSxdSsI8oCOYw1-tu4ZnOvOFu-H7tbmaGCaFRpqkkxbStO_Q0pbegvsWhrhUXdkR0X4KeBzOlsY4cpiJ60165qVCrRk4MB22J9ZA,pudgypenguins,2.75,265734.5543951061
32455686,5866,Pudgy Penguin #5866,https://lh3.googleusercontent.com/sqv4vF8Wh5M9iLLbDGQBOhaoS4YOfJA7hU_fQr8X_WDLhRlUx9effDXrKHBdBEcYPENyFLrnUQlh_RntPOLFPtTFIoP_sPmOwexWXA,pudgypenguins,1.28,82114.86173801657
32453647,4034,Pudgy Penguin #4034,https://lh3.googleusercontent.com/FaC2Xvq8Q-10yxr-ALeAw3raZZFhez9x9qmhdZp4hvisuTmE6xN-_xG1pQH4nOJvGJKGarue2QSdthlfeAhmydkVmELrt6F_Fi3XkA,pudgypenguins,1.14,65120.0966285376
32455327,5476,Pudgy Penguin #5476,https://lh3.googleusercontent.com/uVo3P8ERvdBhZh5c80hY8ePpU3ZV-Dua39vCgXO2KwdyCM9KsLSaBfZq_K-7Oo90k-LFV6dXef0t2rMUB6KSe8GViI2oBUexv58D,pudgypenguins,3.19,460570.82468417555
32450288,1236,Pudgy Penguin #1236,https://lh3.googleusercontent.com/0s625IMRb-lLkViRTRb85GF2dTeDNBONwmptY_35Ed7AlMPVlnFtkZy3x215AgABH32FcV0wvBSOHHkRvJYttLZPXkIg7jmGUPMICw,pudgypenguins,1.98,137774.71241831282
32449929,895,Pudgy Penguin #895,https://lh3.googleusercontent.com/a-jp46IRjaXaTXJebW3ATeUapDxa91eRQEJ8YyPi_v7pOHeaYE7YYwLBIVLu-aJGyZH5xvLbqcwS9K3fORin6uYtugq2hsvXvdi3fw,pudgypenguins,1.7,130332.29720249237
32453050,3487,Pudgy Penguin #3487,https://lh3.googleusercontent.com/ROkRvlrjguLD4PgcOrw8cOSBR1pGLLgIeYrl6m3pwtYijWqM7xMH1OIqVWTxLGkJPocDvn8fGI7FPP4AfJ-Pr7CaVr8-Ecez3ewKDzI,pudgypenguins,5.9,1401065.9845352536
32451490,2260,Pudgy Penguin #2260,https://lh3.googleusercontent.com/juVchyB7RioMZxHwkwWH8ah9L6qEx9J2wHofXTqS83wAbNnfwsVCJRw_to2PrOkS8yks1SoWAzcioFl-_O8f41t62a2XFQnyDf9txA,pudgypenguins,1.29,66802.86559076185
32454970,5227,Pudgy Penguin #5227,https://lh3.googleusercontent.com/adY4TL9rGXmce7xf7oCBKzzlR23t_nXJVPDXYGrtECtB6imR14YxDOzRgZFl4iSdoRgJK1WdCjlXub9TDjF4XA09kTJ4YkimcJQPtA,pudgypenguins,1.1795,48845.108794986954
32454492,4802,Pudgy Penguin #4802,https://lh3.googleusercontent.com/jLzFLP1LiOfLWPUmxYOZT6T_-C0l91jDDrL0ZiSMn_tJDBtI1tog1PHoJQwJGWQ-C3WtZxQmX3KA-Evg6T7f_np3Wyy3Cek6oUYO,pudgypenguins,1.2,50600.05443399083
32454493,4803,Pudgy Penguin #4803,https://lh3.googleusercontent.com/U4HSYioPdNaUV71BNCTrSySpGrh1MNN-vVLK7KSX_8vmSAaloXBSE_dUgYayoKIxUoK-YLldn8YM0WAr-yn4rai_--3UMQzj55YS,pudgypenguins,1.69,100583.82420436128
32450534,1412,Pudgy Penguin #1412,https://lh3.googleusercontent.com/9rskSSL8f7Kv4drvomCYgUdWKgOvSt2uRnR51U_mqYlMyaMJ8tc4mE9VrgWxtJGD5vz7kdj7ur2FBaT90ENmFDdTqlT526wTcGPFaQ,pudgypenguins,2.95,349322.94665068656
32455574,5633,Pudgy Penguin #5633,https://lh3.googleusercontent.com/qSPtxikYOH82H7uIQTVkXSBWW5hkgRp28O7_y-vjw_vVe7E-vDYZSnYBV5w3enKPSqpCHmMKCQpPmoooRD6uLMWoc22Ej6LrdT2rhA,pudgypenguins,2.99,358795.56018021534
32449576,424,Pudgy Penguin #424,https://lh3.googleusercontent.com/kAKga1Vy2HuEbf2LpYrYQkBoXr5bB3TrL-sLquR90X5EYxGxYOC-91nfT1jfDcnKSVAiW3c1l0hlcd6irAYufHeFyzf4ne84s5sk,pudgypenguins,2.4,202277.48576402265
32454257,4541,Pudgy Penguin #4541,https://lh3.googleusercontent.com/kzosXDbUOzTkiN7qMTybtT3N_fuXSRgHphkdTwhwDbMwYSjt5Wtss-TTbtlwniD-akGQ6Iq7G4WBgybwNNGEg0jSL7sl6dyoBUJDGg,pudgypenguins,3.9,610755.8716968921
32454017,4460,Pudgy Penguin #4460,https://lh3.googleusercontent.com/HuAAIlZxBer3LF6NBXO_s5SO1t_IWh2WG5tFVmQ3k8fpaA1-zX32fAvdHMuAlCrfty9-Wa9rsgcX7etT-8nrqy47_Z6QjIfzYZsD,pudgypenguins,2.19,168372.3203620266
32449698,744,Pudgy Penguin #744,https://lh3.googleusercontent.com/HMt4Bv44FjQeEQz4Q0gHUbtEzT3gebyfrWx4vS5HK2xFs3kpyLuprfiILJxnFZucny74HaYXKwAiwXavPJ7cBGq82ro8HD_xCj-r,pudgypenguins,2.1,155110.7231642823
32455219,5388,Pudgy Penguin #5388,https://lh3.googleusercontent.com/pGzHg9t4-NqBoX9tkXNjOU8kKKHG7QsmOELm2nITLMxgJquM0-n_E41F7d1wn-IVh-c7JUgxAyAGK_cCebSM-DntTG4i0jhLXlJ7,pudgypenguins,2.22,198114.63288047357
32449219,244,Pudgy Penguin #244,https://lh3.googleusercontent.com/6_eGup9biCSzpAJzAP_HRDspkIn7ZFnUbkRFv9PUQp1DsrRxeQ55p5Ogj1b1vMps2fkaAXawZxwBHeyuAX8ddVxOhjPG1ZOXiGjc,pudgypenguins,2.0,161136.30134707323
32449459,481,Pudgy Penguin #481,https://lh3.googleusercontent.com/XEBBOnhPATB4AxIC3ufTx0obW7oxZQje6jErj49FhpPb_Zj-29JoJ-qGL2Nv56NCzt-wMdVszECLh1cWr3w5UNFD5m2QxvYTtKgIFw,pudgypenguins,1.487,77645.80279345812
32450660,1519,Pudgy Penguin #1519,https://lh3.googleusercontent.com/kWYUn70bU7rY0Y02U-ogQcoVf2HF0PoT6x3M3ifeOmev5oWfZJSfksXzjLF0ZbeaHmjvIqCFK4_uRdd7mpDrReMVDw0W2WYqtVLotg,pudgypenguins,1.3,76219.90475305269
32455100,5292,Pudgy Penguin #5292,https://lh3.googleusercontent.com/mjlxwcFfTtqFVKnc7390fgwqEQcRS_Vl9OOVo2T1pYkPqa61iffHj1ccqtTqaQfmHfXuDMx2Qes9Dj8LwXlgZZhsB_9p0Crvz5gQbg,pudgypenguins,2.45,270882.20029767475
32450420,1376,Pudgy Penguin #1376,https://lh3.googleusercontent.com/wLNSNkePoywuOHaK5s4HbSDqsGpz8wQOZGFw_tBpCYTF0G-c8dGUiGGWB3IW8m-h0D-UPfll_eQxWw0AhkDSnrhWvXrYW5mPcsQryw,pudgypenguins,1.688,128604.73477689504
32451382,2065,Pudgy Penguin #2065,https://lh3.googleusercontent.com/5Y6PXikvAoBSL3lwxq0flSs8az_FqseK_sAwXg8j4jlsLHEolX7mzm-7lC9MGXnDD0kZ7cufWXBhp1g8Jd4i7QlBUiZPk5UfprvYAQ,pudgypenguins,2.488,372110.25368932274
32450422,1391,Pudgy Penguin #1391,https://lh3.googleusercontent.com/8dccTD8wTyRSfvge2ZqEozM8SXf8KJlhulPnxCo1sEnH-AaDRJy2YGOPhjFtThJhkikjoBDMDAjrNVdbcydZeTOJMfyWRXXNLAUvwQ,pudgypenguins,1.288,58325.68241362037
32449463,564,Pudgy Penguin #564,https://lh3.googleusercontent.com/caCXlBUJy-CZer-dcHy6QW0VzBX4SBddf8cbkgTclqascx8V7ryez3EjajV1SBfdMRL1M3Kv2rsM_es6vQs9gHuA_1SdbkxQsAMSRO4,pudgypenguins,2.69,362637.5036119146
32451503,2092,Pudgy Penguin #2092,https://lh3.googleusercontent.com/3-OwdGBTVQ6itOB3hpbHZn3qzeuIDd7Lg5QH8dIVTWzYt0TaXgak8qzkRMNckXvHLawbB7Imu5fsEJuTOpBYyzpi6Ay8MSaeih0yUQ,pudgypenguins,1.2,57752.314827954986
32450183,1098,Pudgy Penguin #1098,https://lh3.googleusercontent.com/jEUwv7vVq4Z0ZMULnBKCrfO_1mY-PY9RuX0fgU8rQ4IKb37CL6BjhlYVG1VunRNyUgJ8L1OmWF1h3b0FFKopcIIPZODkGwbkincSxg,pudgypenguins,2.4,202685.7703170164
32452344,2894,Pudgy Penguin #2894,https://lh3.googleusercontent.com/yMX08qDhb-BhwKGlkeTNJLcmZyqs6qpa1asdLm_Qru3u4IkzrnaxdvfSiAp0mwpbQIZ_SbDRqUjE9ZvCsGfGzFKuAcNHNGhcfHl3cDU,pudgypenguins,2.6,271126.43902917317
32451745,2410,Pudgy Penguin #2410,https://lh3.googleusercontent.com/7M2mLdDolNXIcDxQpwkNUGUUqhhB8NIIlCMyRx0qJ66X_DkI8_NBJu_w-rDkmY55rtVB2e5Zeif-n0mJrdjn0vOnaoJ56dWoEhY,pudgypenguins,2.89,335647.14614193485
32450305,1189,Pudgy Penguin #1189,https://lh3.googleusercontent.com/BQJ4eZTz4q7iLqZ0MS12V7UBSClqvee5p-ECha1137GyjYy4WJ2VAtJSiV6VAj4JJzanIiD6C8zhw9Bk91-nKZ0-o6UzKyoC9kmdrN4,pudgypenguins,2.5,250757.91766513124
32454385,4808,Pudgy Penguin #4808,https://lh3.googleusercontent.com/ygzkHLliD49QIJEDCGJu9Nil3-jXtoF4OCja1D8UYYlRRhcFShNtkjbkaEHZY4L3h2GoTBnp7goieUcI5nH5PXlRQs27DofrrvbCPHI,pudgypenguins,3.88,528877.8527090015
32454387,4693,Pudgy Penguin #4693,https://lh3.googleusercontent.com/YCyYKDl_-8_arfk9vtyAf3L4pZdwJ9A8UmdbV_1yKW3ITimXxyhJApCvGiW98TiI4MDksKYbSKMBTg56SdTpCwAoyOnnMkrepxYrYw,pudgypenguins,2.389,314706.1674598168
32454027,4434,Pudgy Penguin #4434,https://lh3.googleusercontent.com/UmjwuVyxNx1buNixZeevQCbm2xK5GnT3lGsgbTfqb0UdxPLFGCLHKy-LQZJU7TnDYypp2zZGqllujBoc_tfFwFDMCnLM0qgx4eRN,pudgypenguins,3.0,316149.56591670983
32456308,6439,Pudgy Penguin #6439,https://lh3.googleusercontent.com/wA8tBXv-qit_hGrNz9a-qvYriz6GN7kj_KeKJ5RoAd-Eqosnf7zJdWobp2bKe_l6lmRLxtTKMpLxxc8KE7TdFsbMsZTwQBnRwIdDCS8,pudgypenguins,2.0999,199073.60579298332
32449348,475,Pudgy Penguin #475,https://lh3.googleusercontent.com/kwGHPfcgDBxRWXWCx1Sv9EsWkuFQFq_NO2E9-4XolYTgO0sokfgjz72ubxkXksc6XbiSTGy0Y1hIuTHsS-qhxPKMX2b0ZKbJ0A9Aaw,pudgypenguins,1.519,115621.24095658661
32455228,5389,Pudgy Penguin #5389,https://lh3.googleusercontent.com/HlRpEsKlaKi-RGKFZc-jeEw0d8IVnZYukdAM9TeelEk45psNLFxGgF8MKz76PSNEbyB9w5uc50Ty4aoNaekKvloKp8e-joAyfgOrvw,pudgypenguins,1.95,133639.60889966902
32454389,4711,Pudgy Penguin #4711,https://lh3.googleusercontent.com/hxcLWnrR_KUR9sI3l02x9F4gF7GkBFejouiQIgahC-ejEuc1Z7-Zkjqp35Ec8PTKjk5SwSiWREJ50-0YnMSR6cAr6x20ALqQ-O1U,pudgypenguins,3.9,610093.1965609919
32455589,5789,Pudgy Penguin #5789,https://lh3.googleusercontent.com/qUgqxaQ929JzZ7j9i4ziJWEBiJQ8ndw6Vr75Fy-eg1dhmG_BC0XQvMM6yaS6guqTjNLobTqtZ8jvoSO25AyCgwvzuPFQho9RIJ91nA,pudgypenguins,1.75,138206.13913588945
32456429,6549,Pudgy Penguin #6549,https://lh3.googleusercontent.com/jYrFgSCisjhSkh9Jw2q5Em3NYFsEhxcAyCTiiGw_693b4Lngl5gk7ImMSVOGrRywlX2001R-YOFaYJhQbJOoCDotsV5PK1Wul0zw,pudgypenguins,2.52,286628.9405537756
32454270,4583,Pudgy Penguin #4583,https://lh3.googleusercontent.com/mR3onSakDdFbOqaEqI521gu1gj2nqNCexaanz025dIn1FBGA9BhZ9staR1TYA7VdvtOKnfF-BBDBEVeu9rhUhwGF42w5u_YyFt2_,pudgypenguins,2.45,210892.2143813356
32455110,5301,Pudgy Penguin #5301,https://lh3.googleusercontent.com/9dfDhqP5QPa04V_HrIDPqvgqJ3HrRHyzPTxPMXOjf6fxQfRxN7F0A-b3AjH695H07TxHKZmul2jzPpCNzB43ss5hTY6fwhdRYTVvfg,pudgypenguins,2.3,238741.92645576937
32454151,4491,Pudgy Penguin #4491,https://lh3.googleusercontent.com/YeoU_X8gaVM_Xl1lMzZNjUEBG7lt-dchLDS-NUlh8rWMdLOOdarW5zASkFczX5KeI8DNGkodKWxHekwNhLcMXakcX-s6orKro4Gf4MY,pudgypenguins,1.2,57778.71033217078
32454392,4781,Pudgy Penguin #4781,https://lh3.googleusercontent.com/suGpIPnktCc5s8vLDMVX9i4hFhItJ1hljh2xW4kF-yp0HolK6NDkPIkCEK_85LD6RnQCg3po5BzIOlkw2Vz1N1_bVYPoR5pUY9N6,pudgypenguins,1.4039,98798.41344893679
32449473,482,Pudgy Penguin #482,https://lh3.googleusercontent.com/zILWCD4GMRWtXg6_Ir8L3F12zG1ZAuFxb-LIwn21z9TfrSWhEduwkQDA6FVegZTEwR47dzs3WAo17dmWEHbJCv-qwVQgJ2uf6EZZ,pudgypenguins,2.4,231153.83646999326
32450313,1238,Pudgy Penguin #1238,https://lh3.googleusercontent.com/0hLbf5YUwgVUlij-Dupn38JLWJKCOGhih_2e5H1jtgeL_6cxHErHlgpO9xvYIn3pYN7kiptP7_Z7P_JBicz_IYmM9e7oe6I6GKyOXg,pudgypenguins,2.49,218264.02321694902
32458714,8467,Pudgy Penguin #8467,https://lh3.googleusercontent.com/fuk_P1KERSqmbSDdGqPQ3iAGLTtaYzMN2HyasNuAJ_DNHtjWNZzcUgFaG6ZYOZJYxWaa8HRiY0QW0hGOKdbHxLPRAqBv-srPwDNL,pudgypenguins,2.58,400122.689252548
32450315,1268,Pudgy Penguin #1268,https://lh3.googleusercontent.com/ISN5eRqcFr0yZWnJdxTuhQUjFxgGbhfMk1IHhx2AfOvubs8zMFaDOPcPFlLA3-2olPVt89bKroFkzay0yHY6Cs8JIcQ_qBFEP71ziw,pudgypenguins,2.41,204073.74163061078
32453675,4088,Pudgy Penguin #4088,https://lh3.googleusercontent.com/6BLi6VYqeiP5yRgoqBPEB4wvcaK2wWI3of3zTPXqP5m11zSi6XmfD4dr99WAAmlfhQKxrFoW4lzVubEXXEYCADEN16JyPaFlwgDWeJY,pudgypenguins,3.69,478504.1518374481
32454396,4785,Pudgy Penguin #4785,https://lh3.googleusercontent.com/8mefTJna7WUNqmip-Nzezlml2-SECbWibz___gpxtK2aizW8FubEaBXxL7D6LTYS_OU9glDC7n62D2AuDNvcYjIdw7c84XBaVmJ4TQ,pudgypenguins,2.93,344611.87193273485
32456196,6271,Pudgy Penguin #6271,https://lh3.googleusercontent.com/4BwTPrpP_PXX1MbyJ3rdl02Tk7owBQEHDYy2uD76f8W3X2wzVZqL3bshbJ_6xqLG1rl43rqvY5wa1sQ03ndh57YY12djLptta8-kBqs,pudgypenguins,2.1,154915.51187662047
32453678,4099,Pudgy Penguin #4099,https://lh3.googleusercontent.com/b5lqsWeS-hOgnFDverKuskb10ZZ43ns_mTWsg5CK9AHXvuJiaxv2rkSaTiJR96MxYG-0dvVkNzD83CBlWE9uj65Kv7LCSFcaeGGT,pudgypenguins,2.19,168563.32827267423
32454160,4469,Pudgy Penguin #4469,https://lh3.googleusercontent.com/uxva7p2BLzuy4QMNU54vSkt7pU-WZgqB_NIq_pORONR3KORUj-RVNA30i5P9s7LS7Nr8YvJhdgOWM-h0AxRxDlIcP8umbvQ2BtYucg,pudgypenguins,2.9875,313243.99976649886
32455601,5809,Pudgy Penguin #5809,https://lh3.googleusercontent.com/7LF5r8qGnwNuSOZmy0-ZPJxPUJExf6PpzdLK2TTHpJAd2GPbEjjAsGMMQvdjIcMEi-65z2TgaRCeCm3sS1GMuLj0u2l0uT8w3GVv6PU,pudgypenguins,1.3333,80174.77773716886
32454762,5035,Pudgy Penguin #5035,https://lh3.googleusercontent.com/neAkIcxMxxrKN54RfiZjWVvrQOZiSa2hUgKP5MPHjfxwOJp9oH4AI7yZPT6Pv2dhLaPVE9B1uJfzX7CONO13GgZMBFrB05U3SE5YryA,pudgypenguins,1.74,166859.31272429976
32452842,3307,Pudgy Penguin #3307,https://lh3.googleusercontent.com/nQ9rjTJPz7lu7rppYGBjYtydyuTLBe5XaxdHgSq59tl56HjrhQBjix0Nxc09kwiz9JW4HxyY3zzmT5hyGDbcP7biXmSTuBkXYunfHQ,pudgypenguins,2.79,351135.28031264496
32449243,261,Pudgy Penguin #261,https://lh3.googleusercontent.com/inpi-1zohxXkMjNTx9h7n-Mk44JwPYGD8i9jl5FvFEnjYpHYiarjfISCFz8tVFB-6KodC_r6zHEIL10FM5gzQI5uxmjZQPJgzly7,pudgypenguins,1.45,126418.80642582824
32451523,2218,Pudgy Penguin #2218,https://lh3.googleusercontent.com/DtjvamctidrKsdMuUGggNzRADVQInKKege9L4aI5fOBlijtVb0RmvgBlYYhmrKoUxHCV0cfegBnT2IL2KqXyOMN4zubLy_J4RYPjJQc,pudgypenguins,1.7,115989.04659460092
32454163,4493,Pudgy Penguin #4493,https://lh3.googleusercontent.com/66qNN1CZazI6HwOdmTW8bL-UcE8KrXP762s2HRiJfGAL1cIOEVSIK-7p_d5AN7evDYwV74D_7J8ALxX12vY9dKoeIJsZSmgXwtgifw,pudgypenguins,2.85,285606.0042636267
32450203,1130,Pudgy Penguin #1130,https://lh3.googleusercontent.com/TDEAdwiouCTkmiGZ7PtTGa-kERY0VgxXjzUg0toR4KU63QUWv5_P-4b0PCw6j0oNkoO4TfJ4xj9lPtAFkrxjuTG3coOZGqHAPKpHEg,pudgypenguins,2.5,313452.22058351303
32450323,1221,Pudgy Penguin #1221,https://lh3.googleusercontent.com/-vO6293mbrulSSXoW__dfzmaZ0iOM4bTG1Hg1a_dEZnllKDgM1E8rFRsELthvuZaNO_Hi0GBv_oiGYjLmJo44YdF9keaZjhvKEQHxQ,pudgypenguins,4.0,562183.9250924898
32455243,5436,Pudgy Penguin #5436,https://lh3.googleusercontent.com/eG-kTuV-VkYB-X3CCto0jgzgTWVVmTQZRQf2cDc3fAdURtQyqjLGfR_rEGfRhUZeIYQ0vU113dAzRZXMcI1c4X0ROSWU3h9mzeGI,pudgypenguins,2.45,210862.54027834543
32454404,4782,Pudgy Penguin #4782,https://lh3.googleusercontent.com/x0mjNPigSM-ppTCZWeSOR5-KsdzVHFhzQ0emWQUGtbLGVI1JgBYDnzTWA8tuvAb1TAiDcRdfLDCdW--2P5CBTXY2IIskKDRjE02xE3A,pudgypenguins,2.55,358434.7548791118
32452365,2897,Pudgy Penguin #2897,https://lh3.googleusercontent.com/P6OHbjY8ft8H32mF0OPqxYpYx5N8NOoNu43zolNjCmeGp7OrQXRw12JLcd7Yfdnd1pBlKw8ZE_ECq-3VGFAuFTjMQCu8DbCaA7gbFYI,pudgypenguins,2.1,177073.50090326113
32455245,5351,Pudgy Penguin #5351,https://lh3.googleusercontent.com/KWBvs8rrwJAAbe5OPCoGGZNXo8xUDVeVv7nZjg5KkIMBozNxxLKMnPtTufwBifXFaZ3K2T-KD4NglvkP9ux2QTKQ2eSwEHK7tv5B9A,pudgypenguins,1.5,90771.81332078716
32453805,4227,Pudgy Penguin #4227,https://lh3.googleusercontent.com/VWPIKJq29nrXXfcxJ2Pk8dxRnqdXrlgHc7L0-njTJpy9WOnvhg5lXuyOXj2O8-s9LSfYXAc_ql2s7w7XRxn8o5CoFeRM2lyepaK54w,pudgypenguins,2.59,235692.87518278707
32455605,5735,Pudgy Penguin #5735,https://lh3.googleusercontent.com/N2gFFLADFUnatIggWEciEsyy75SqDo8_oKPJvmQ55LaskGSRY8Nbj2mmRgBSp8J--QJgp3MYR76oIUDvrMS2SWnhyOT9knGVqt0WKnc,pudgypenguins,2.4801,216361.6876398386
32450326,1201,Pudgy Penguin #1201,https://lh3.googleusercontent.com/Il3BjCaFvFf5zJdqoVsfBUvJdwBM8yn3dtjfIi7RLYOO3wiOBuSW3wrru_SQng-Ney_LdinOZ1T6hQ6MlQRWPSMj44hoLm48GJc2Ig,pudgypenguins,2.8,432385.3798733425
32453927,4397,Pudgy Penguin #4397,https://lh3.googleusercontent.com/dWvD3ywOVppikijUPIy5CjP1LHzx7nhydwR6hmlmII_W5TaGMf2_nHFFYv_RspPbluErreYe_fQGJPAB7Iz0c7gY9YFykteGcI9KAlw,pudgypenguins,4.1,590525.3677791914
32458607,8369,Pudgy Penguin #8369,https://lh3.googleusercontent.com/hI39sKCmrbgn9oGnUoCpfs_JDaRWZgdeFqpXJFTBbOyrcL5vzGAcjMF3xULl8gXYO9YHBtWHzuFGpWduxD_Vq44IyAWXDbgkSEdhLw,pudgypenguins,1.48,109930.81696532598
32454528,4843,Pudgy Penguin #4843,https://lh3.googleusercontent.com/1D9VSWmNk2QsGtOnzzIxHrTLY6CocaFzA3QZUGOq7vbeg0U7zxZhiIbSxIXxGAGz-C2ra6dkvwj8-ChpEzWESKZ5K7peHuVtS7lw3kM,pudgypenguins,2.0,160558.86568692367
32456448,6520,Pudgy Penguin #6520,https://lh3.googleusercontent.com/d1rN5lGy3YxdXSyWfMP9j3m4PQ60jKBebAYPwbOw_ExYl8e5yVSBmjHAXgSWBiOAsXiPveNWnx1S0M5Soq2xJc68SygT5xaP0mv2,pudgypenguins,3.0,315962.7911121632
32453209,3713,Pudgy Penguin #3713,https://lh3.googleusercontent.com/YL9xknfbWQ9kMXVYVwcQbOQ14AGNQL04j-WPvEoVKqlkQlzNolElYQT5FM7bnKXgeHTckUG_K9MOfhDjylvjHJxkS_p3rK1Oxt1_,pudgypenguins,2.7,365487.6718007002
32450209,1131,Pudgy Penguin #1131,https://lh3.googleusercontent.com/kOPbaKv1tU98g0J84rWAk8NHNIJ5doUH1O2yngUiaJ4DCByEwYMhEPEZ98dJTlJiRnaU4fVAlt8LUrYOfsxFySpdiOCDOgdcOhDbrBY,pudgypenguins,2.0,140788.41872367423
32451770,2511,Pudgy Penguin #2511,https://lh3.googleusercontent.com/D2pdquyvNL70pt4xEg7NKXyhdeXGFUE3ImhRjRwwagMj68whLWXzm2y-yR1H4FSbnf-XZtEkVw5C5fk4Ae26At-dIwXjS-1TjD8XZIs,pudgypenguins,1.199,50485.397483843444
32451891,2491,Pudgy Penguin #2491,https://lh3.googleusercontent.com/qpTu7--pdhhm716TRczWiUUdRIkK2VoKbl8pGh-fRd-AlSuTTBuACbC7kAOmWnBgnvZjHmxHgeyQ3pGFNlq6BDIipCplAfAa72Ml,pudgypenguins,2.95,349348.8816463462
32450211,1172,Pudgy Penguin #1172,https://lh3.googleusercontent.com/KiVQg1mMarlJ4E7dfnHIkyN1N70xdJy1HDYcBLsJTBFTeiw2Bn0qlrgijzrlBwnSYDmFq4SmEHNSJFF-5Rk55D7n6LKwKgzLOebAtVk,pudgypenguins,2.799,314148.3833234357
32453451,3744,Pudgy Penguin #3744,https://lh3.googleusercontent.com/5kfJJkqnrZ75wcxskFHCqN9SR5Aw4uw8EGAJ8fGWrW64gwqtkj-1I-13X2z8awFbDBn0dFoB_7FUtYLQVg30XDGDGGnaKejMuflqlg,pudgypenguins,1.5849,100881.77776005655
32452011,2664,Pudgy Penguin #2664,https://lh3.googleusercontent.com/BEzfAABwZUgABVyhHtNppLpwdQ7ACl9OzsaezqEKYRA3iD1blXZRYi5uhl6b6NqbgcYiuvUAfJ7UZG_TBxaM3HDbuGNgKlAjsIXm,pudgypenguins,3.08,475446.6924558524
32452851,3394,Pudgy Penguin #3394,https://lh3.googleusercontent.com/4mYncQU3ImsKHTrxyYJidrERnjPWlKEvFoCmONYX5Jlo1hjhbPLziuGaZjifJnbegTqiCn9O6Ld-9143S0m__rDZV-e46xCVB_L2MA,pudgypenguins,2.6,304963.97746326035
32451652,2352,Pudgy Penguin #2352,https://lh3.googleusercontent.com/4CSz4jtJ1pOFcqgKaOADOC5avQxFbpz_0WD5GM8xtmpOfBV4nmzIb3to4bJgxChZI3AJuOt39dCRsqaVQmBFAf_d4Z69WdkPJRunvnw,pudgypenguins,3.0,316093.62482712837
32455853,6017,Pudgy Penguin #6017,https://lh3.googleusercontent.com/M27X9pBCS_MTZQVem5BQFLxwDodnFeMTmAZbw2kVgpb876qiZGdm9uw9M-SUaprs3wHShdSUxIsHad381qbrzAvbQXpqjjqi1YSuQqI,pudgypenguins,1.96,211862.89800962753
32451653,2295,Pudgy Penguin #2295,https://lh3.googleusercontent.com/Ar1VSxG7lM5K8oopYoBBZlsPQ3tnJV0hruBEkdNo3Pwv66XCV0y7gTUMSrVvUFL75FgJdAgYavoxzJelXzksHa4sI4tpjI7Qa6tZIw,pudgypenguins,2.0,140454.82827668538
32455613,5753,Pudgy Penguin #5753,https://lh3.googleusercontent.com/43yfInZ5D-WEz1umPEEX8BwsFyytBW48ooRHqfy0sfy46OCuAgk2ZbmXXoPfqnJTTPK-yJ0OQ05gDRJHkhcSYUC81Cp0nx_AyU8FVg,pudgypenguins,2.9,295211.81341922085
32449734,617,Pudgy Penguin #617,https://lh3.googleusercontent.com/yuV91v6SxBIPOfQEfhMMef9wC-gQBloyznftIHfy1VnrfRS_EPOLIfXkNfeySKYpVzwWLBclckK5usCudtRlJkATMb0IntzVVl0sTg,pudgypenguins,2.48,215992.9591174611
32450335,1252,Pudgy Penguin #1252,https://lh3.googleusercontent.com/6_FGML4ngO1Do7DGIvLf6bUtw68ZG97xP9fIMuTD13EiHHyZS2PLoOkGzlV2jGCLvX4I7_EfReje9zXK1kgKidv35sCgXl8A_Lfj,pudgypenguins,1.689,100523.06905690375
32453936,4316,Pudgy Penguin #4316,https://lh3.googleusercontent.com/ffKFtoN0Zufh3iR1x64NpORa6HsO9AeZPvrVV7bDWA_Qdc72nrT_uYRvlgeTR99wmWyGGV3nVIH96kAly4-PbYcS-Uxzf7BWOYhwCg,pudgypenguins,1.2899,58453.44880742049
32450701,1546,Pudgy Penguin #1546,https://lh3.googleusercontent.com/1CEQ7dQlgMNOkLBgxsY0JsUWTylariY5RHN9EQTwURWcJapM_RLijzw_Q0oAS5gzQUoihkBFf7NR2AKpnIqaR1GaqWtFgl3NPuDLyw,pudgypenguins,2.0,160864.40407849255
32451781,2579,Pudgy Penguin #2579,https://lh3.googleusercontent.com/XTWIZBqehHZIfQDsFLthX4GK5lO-7XB1OM3sNTQjYjGNrBSDlmsBXafyFFHxoFxPX5K7HTQhfJUeCxUy0KVIEXA0BBKCjMiA_vd3qA,pudgypenguins,2.6,339065.59431630606
32453582,4023,Pudgy Penguin #4023,https://lh3.googleusercontent.com/MdUJDQzHWtzJYeASc_x7bZ6PpVmwwaMv19IsGin9o9r2fjoPXKiQNIeFCu8aescS3lYV5b8uXWbvxzXyO8p53mW_D0pkVY2oDvWD,pudgypenguins,3.55,631521.2205846448
32451902,2500,Pudgy Penguin #2500,https://lh3.googleusercontent.com/mj0YKLJVIt7PVOPhJy2h9WY4Ce-6HOu8AFyMkqOyCcMYTrjYxXDqKZlfXoiaulNvFaDhxHRoS1E32CMlMyngRH96KUHsjKXBRj2cSg,pudgypenguins,1.87,140325.78983843286
32450942,1702,Pudgy Penguin #1702,https://lh3.googleusercontent.com/uF4UG1QDMDF5yVJ5JZgdeidd7tvQGx3gJICUE54aU0OAG539KS5_coAfmjn7iN2N_uG775RpZ0e3mtuWBNzZC83md4ICu2xHy1t3,pudgypenguins,2.19,168396.62085453598
32450462,1305,Pudgy Penguin #1305,https://lh3.googleusercontent.com/wFug42u3dmYgTM8DPBoDyiftX8sJ_gC9HHjxQVyp3YIUTCoXrp06QG8I9BvD4IeqKXHP4jiIIHSO9vlODIJ7X_B2djT4lDhl6TwP,pudgypenguins,1.9,162981.13284330277
32452022,2596,Pudgy Penguin #2596,https://lh3.googleusercontent.com/YyzELNJ1T26zL3PlldHDyomVoZgC899H6sUjoy4dofqYi9jNv50gJ9mHibdPf79er4PxlGlz5kOh47Jrx50TiJLCUiDLz725gCOi9Q,pudgypenguins,2.75,341153.21283161215
32449983,936,Pudgy Penguin #936,https://lh3.googleusercontent.com/Bwf_sbiEYL3GjYoNzt5-wBKGKbu0PJ_046gKhofxx_LZRteG1F4s4tja05Ew7UQSC5Oa1onvcgPUopTqI-iqatb3RXOyvo2SU1qz0g,pudgypenguins,2.549,228202.21317839186
32450824,1633,Pudgy Penguin #1633,https://lh3.googleusercontent.com/EvYRWXbLXcmwFDvpawulB3R2E4fy81m2qSdHeMRE85ctROnB4CwwIxQBg2Cxd4OXv60poAtxNXexy07rDs5iZP2200XJV6eGpodPsg,pudgypenguins,2.9,338068.57604162575
32458384,8225,Pudgy Penguin #8225,https://lh3.googleusercontent.com/jQuqEmLD13BL9DN_RxaueN_cSm2-zQoAu5ir1hjkdOTI5-jcwy12wwp3iABfdcHBnhCqB8_gNtvr3dzYswTmxhbRRtUOKZqEQxUeOaI,pudgypenguins,1.79,160557.29254667586
32454426,4806,Pudgy Penguin #4806,https://lh3.googleusercontent.com/fR8DI-D6mpBVD3g5HZ5Br_IYwqujbrOF-9IoqCezIr0mGel3_q6cnQFrqI4l6hsNPVkEPDpiHW8RadU2tQq_pKAPSxRmi2I5XXosHw,pudgypenguins,2.38,199204.39910805132
32451546,2254,Pudgy Penguin #2254,https://lh3.googleusercontent.com/bIMdAMIkK074n3XW6xmXhYvyAIJ_MWg-Ine_725azJi1H220TGgEmlF8x3_GY-pnlVyjcX0rUlU_zXgg50WfJ18744uVVClGuoc0Lg,pudgypenguins,1.3,59323.24913663528
32450227,1137,Pudgy Penguin #1137,https://lh3.googleusercontent.com/yB6McSm1Qfp0GGxw_V8_2pgxmoJhpeY63oFmZx4m8ZlncQtEH6m1Fa79J2eCfKhuyZsLM957y-qN6Wa93cHdGk2g7lioepnAqxUkuA,pudgypenguins,2.67,286489.3955477017
32449267,309,Pudgy Penguin #309,https://lh3.googleusercontent.com/n9JHprkd3cNPBztX7R0j4bgIgwSacXgTF_nsPgVbaWccgog2Zekw66tCmeZtLbItb80yssbo-sFEJvM6DrmobOi8TQyICHW9VMmH,pudgypenguins,3.88,604029.5424819344
32453348,3824,Pudgy Penguin #3824,https://lh3.googleusercontent.com/f0QnWQM7lCQV5EXRXYa28exwncsKfbQUOn1Cv4RvvU1BzIAPORjS9Um53Hzja5yHvw5ivgR8wF_xREYggF62AHpepIEr3hvZpMjViQ,pudgypenguins,4.0,722628.9685354028
32456348,6437,Pudgy Penguin #6437,https://lh3.googleusercontent.com/-Gs2LrBYjpoMr80B07aZA5bJdDR76fJitZbTHcqnGTc7UiC_Iq4SgW0rtH5lPmYCTDSFwpBY8k-7ugT2KyNd-Dvn9Q12SMZrfMu_gbI,pudgypenguins,1.79,160526.84687642485
32452988,3456,Pudgy Penguin #3456,https://lh3.googleusercontent.com/ZVtTI00rg_KlPQmBxpULxta0jQ2yVkRo9jjjWgvxVdBe0D0eOBlSHFyA6J4Jj_k5qlMknvoZ3NboQ0B9KwTb1xEN5ROsjys9uGl0Xw,pudgypenguins,4.0,562091.677034754
32457190,7258,Pudgy Penguin #7258,https://lh3.googleusercontent.com/-Rb7Ube9wM1zKwBW2Gt-Jq8TA4JLly_XpOu0YNa1mtI334NT--FjbZslf1mU3eoXkFM2N9phfXibgMVa9vgQwRAJLwIhz67KpHkI,pudgypenguins,1.86,242558.59257452164
32450831,1659,Pudgy Penguin #1659,https://lh3.googleusercontent.com/Z2RJNDjYzDfa-FXQppeVnNH6xoVDU9r8BxnfsBWzllgttjBeCa5kz-a_7ZWrFqN1-NhRwNoyvJrNmgZarSkj3RLkQcoga2_dPTRPSEg,pudgypenguins,1.52,81116.64000872443
32452031,2661,Pudgy Penguin #2661,https://lh3.googleusercontent.com/BYQ2OTq4VTXSl8UmFeUqPBs38JeD2hkutLHpLXfkjvhHSJdTnQh7kSuLbS1Y-SntrgbBVWml8v8jNPTY-VwnH8WAchYS7594L11ytaQ,pudgypenguins,1.95,171799.35601879426
32455272,5357,Pudgy Penguin #5357,https://lh3.googleusercontent.com/gL_8bIEJfwC6-bGqyZBK-a3XON9DhOFR5ECQ1GOzp30aOD9plUbWoJM_vqK8MPEemioqt-VRB9-pubaIPkR6yi9UaZar92Jt7_-xZg,pudgypenguins,3.0,406489.2074293553
32454672,4873,Pudgy Penguin #4873,https://lh3.googleusercontent.com/iOyaW6X1NMDSFC_jXApEqYyYe_1v9Ubi0PqE9MEPfX1wizV7FDKDIz5FJ9PlmwVS-2JstZezkiCH4lDu6NAgzyNfy1_qAqO1Ahno,pudgypenguins,3.25,423699.4503836792
32452033,2634,Pudgy Penguin #2634,https://lh3.googleusercontent.com/Ler-UuoQwhy_WJRAdJkwUp_TEwJsvuZ_j9KRKrtyoqYOD1-Ad8Gwu333fvTH2KlyejXL-FBPBfxgmG9NCwULHdpINkqCzhxtZSkpug,pudgypenguins,3.3,382541.63398178655
32449033,45,Pudgy Penguin #45,https://lh3.googleusercontent.com/X3sZjo9HEO2i4CJIfEnX-EysISRZEcubcud4KqjBhV1qy7faB5uDQbdq0WpNDU8tk4W4ya_XWN5F1Iplb0GTGs-lR5-QBMOU81F8XyA,pudgypenguins,1.06,50713.28540334621
32451674,2406,Pudgy Penguin #2406,https://lh3.googleusercontent.com/qxvu9ogK3Xh18Z_C9EmApvQAYasayLjgWxDolj2Q9jCfR58Bj2xlXLGeB0tBlYNAWxxvMoTH60EqGuOOveFsDfAVwILJEYHlSJRp,pudgypenguins,1.789,112347.05449434364
32451914,2519,Pudgy Penguin #2519,https://lh3.googleusercontent.com/zkvhz5QKgU0eXK1JhI6BfMEGTeR6fecw-P-5N_iXCbjGSGZfQ-Nn1xIR1TN5i1WHaDn27IXQCPX7vtVilFDu-OgwFCsYzceXj7vG8w,pudgypenguins,2.189,168237.80778274834
32452995,3506,Pudgy Penguin #3506,https://lh3.googleusercontent.com/F1b6nIxWHWdGmcupHZbr3n2sj5cLmHFojK5fBEl93Zykkl7IzOThH2H2fdAHcUlzAAcz9e2mBERvIV3POqYTtNTm3MZar5rCFgi5m9w,pudgypenguins,2.5,344623.75320891786
32452155,2747,Pudgy Penguin #2747,https://lh3.googleusercontent.com/dyWO-uKnOyAjzEeaoYo2Zre4wn-UqPWEuVJpnNRysP_KoPtnfuJl6416VkAjJQ8BSY7BifeUDCAQItPjwS97zex8q6-BZ2r7WBoZ6gM,pudgypenguins,2.34,192783.98818028296
32458397,8246,Pudgy Penguin #8246,https://lh3.googleusercontent.com/Xy8agUl7KIh4yHsQoMLiKjXB3YZ8lyVNTIeomVgUBZ_mzbKulNFtdTKVJmzn0j-VqQIp178pCpqoshwaMouJJQbXM4nD6xjWxBA1jw,pudgypenguins,1.14,71632.7794141142
32453837,4197,Pudgy Penguin #4197,https://lh3.googleusercontent.com/FvOxyVUMoU90giMvNdD_f6G78VV6U-LpU633QJyCQ_OpZ42hxwr5Yc9wfXXaNcbpIFo3hyFOZ_wGOKA5uDM6ZeNZFYn6VE45BmYbGA,pudgypenguins,1.6,90098.75651506151
32452518,3089,Pudgy Penguin #3089,https://lh3.googleusercontent.com/53gNZsESEbM5KuPLdgtsE4haWDzF2r_-Xt1AJ-jkZYn53E1Ltj7noHaup-R1fjp2R-gEKHxTIeMs3Xj2pqfGEJXEUdhsn91cioMq,pudgypenguins,3.7,618275.398468096
32452038,2662,Pudgy Penguin #2662,https://lh3.googleusercontent.com/YZ2abb81D8tUyufTMlWE7UK8kPxyd6lAZXXKAxSnp0AlIsbE2pptA7I9Z4FAFbaOOs094GRCFa6TCtVyUmEUuh_cQBMg2KjBk05-,pudgypenguins,1.2,65058.616463585684
32451678,2405,Pudgy Penguin #2405,https://lh3.googleusercontent.com/oiXv4-PK_mi_154CY5NqL4xlIIcBiwD--ZvGNxvipUT3xgrqODAqOnsrGmin55aaszUMo-mG_H6CRFM7qrYpnee3sEHfBh4lPiGLBg,pudgypenguins,3.0,406172.8535028487
32458759,8558,Pudgy Penguin #8558,https://lh3.googleusercontent.com/_amuca43JbgBCU0sEbz8RDfzFYmMmqrzW7XG2mMBgCxt_9GhnR2DwpHJnakyV9HnwTtLQLpzvDFPzKFJCMKr_GrB5do6lmmCUAL-XbA,pudgypenguins,1.2,101018.79498245472
32455039,5261,Pudgy Penguin #5261,https://lh3.googleusercontent.com/l_hVHVCMG6gLQTdoBt_RrmLe1aJR0aFjdpYWRBMbGYlRqecJ5HJ_5Js_R7_Ex9kpP_qSrvz_5ypfE5VBpAM_rJXUCVohTnmsEpq-pks,pudgypenguins,2.0,180851.18873849107
32450360,1261,Pudgy Penguin #1261,https://lh3.googleusercontent.com/D_vLJrx-qkUg3eBonY8wBXUMA4ZrHzjrs0oYiesvbIY4Mb7QhKpvVvdeZ-xYkek51yqQXMpikHxvCe9X4NvzFrATSgkkCf3Q-HQMKA,pudgypenguins,1.9,126794.30303847253
32451680,2307,Pudgy Penguin #2307,https://lh3.googleusercontent.com/e7sWbAr_RKEB18No35pFo2H-g50bW5qZAU9JlBZrWAgNuPCj_o5TOlIYVrJK9rlzjIhygY5XhBkMslrgNQ_38Bc66rBZksnOOgQiZLY,pudgypenguins,2.64,314481.7317952214
32455401,5621,Pudgy Penguin #5621,https://lh3.googleusercontent.com/ncM8lmxIZ2bAFAYNoTM9Gtx3GI4BddUK0KEHvJH9znKti2LTljYE_PTc43j6n52LzkSoduBG45HWFTrkSx_2yZ7GY_sqfxMgyqNZ8Q,pudgypenguins,2.5522,294160.6624728926
32455282,5414,Pudgy Penguin #5414,https://lh3.googleusercontent.com/FXtRL6anWtTbzDtKPpyvpk4SbpJw6PsSyD-cw2TYjUfrBGxTlsE4EWv1FTiXHUmcwxlyuJhUaQMrg7dJMvtpeOg--fiRy9A3WttE-TM,pudgypenguins,1.99,238201.92179519453
32452642,3115,Pudgy Penguin #3115,https://lh3.googleusercontent.com/xUlsFXc5FYky3v58sZMTZFv8FCymFVKbQ-zAjzZED1vZVTNWZSBdLtIeOAxxA7LeZbkEbyo3WAj824Kft9Dhqdi4Nk0G9p7EXxjlcA,pudgypenguins,2.3,291549.0720544622
32454202,4503,Pudgy Penguin #4503,https://lh3.googleusercontent.com/kV77rFsnHvE8dgV2J0fQPfhaGumsIeNiu7KVB2AHWf3T3pGN3Lt9EKyy_7uNnayt-Ed_9vsN-DDgR4JBjJK7JtIdPwX_LOyLJ2m0mQ,pudgypenguins,1.289,83290.39043810485
32451922,2588,Pudgy Penguin #2588,https://lh3.googleusercontent.com/VEtvN79v3WR2OnH0Sbc0HOiQwsCx3xjShs6AWpi2RWISlChPwd0FYdbYCyE9r42eUFFZe4hsJhaD9WcXTT5cJcNV4QTDoJyGHXwc6Q,pudgypenguins,2.99,314099.8925103762
32453002,3404,Pudgy Penguin #3404,https://lh3.googleusercontent.com/x1E3Rz0bRr7cHbZCCw9rSl0AQ67TTvBiAtkJJbLZlUS7eCrw7cEdD8ciEBwNTkiugwJnwg45nuzC1WFd_DDmTeVTqRuNqfzQ1cSmPw,pudgypenguins,2.6,237557.46939003683
32455162,5383,Pudgy Penguin #5383,https://lh3.googleusercontent.com/na44sv1boeCKV59G0rV5Pkk5SFvxpKCkZoxX48wZSHhsVGgrbxxmYBRO4JbmczG9RGatCefafPFDZOyGPhJPnx4YjUjuTxBGquWl,pudgypenguins,1.76,139787.93821491784
32455163,5398,Pudgy Penguin #5398,https://lh3.googleusercontent.com/eTr1chr3vgMJiYCZq19Mx6LEoBUbJuP2DBCXv6IWLHgLl7M0ZKs25KQj9QsM0LiliMqBmCmL1Y0VmSAfyRBSt630Eajdjf-Pd2aG,pudgypenguins,2.1,176975.25669175683
32450963,1763,Pudgy Penguin #1763,https://lh3.googleusercontent.com/ETlOSVZyY9cr3J4gmJsKsYuRJ3yi0HAyu0UjCcKjzlJklsc91X2mbxxJWqsndXX6id7TZpNSWo3Vf-Ly9NDbCBngp_xZ7ngm3pBRrQ,pudgypenguins,5.0,1002304.1742380117
32451444,2122,Pudgy Penguin #2122,https://lh3.googleusercontent.com/oHwNJwjPXKmQYSDjmXWKYwtjg049Dh3MCJsL3MgdpYLhWGRBM9f4I2WZDkeA5p6VLEZqDDTbRqqhfMplT4-z2Nv3wf7y2xzgeVdu4gc,pudgypenguins,1.97,136221.80644177305
32454444,4812,Pudgy Penguin #4812,https://lh3.googleusercontent.com/uekPZP5Yo1DOyBqgss6CtnbEAKRLYGTK5ldYF43PhikXX0RFSn3BPDWH0O1qtnQl6_JCUJ7J6J8FB7Sd3tzYOg9btCM21umJX8tm,pudgypenguins,3.58,642456.5541704008
32454205,4586,Pudgy Penguin #4586,https://lh3.googleusercontent.com/cYt6E3G-WsTxWJLcpBkjOLj8GCrVZVCfGYbKSP4dExruon6Zbqs8aTtNeBYqu42l6ur-jp_QKsdhsI2R8qEUuU6sqbQvEOFQfQeJ,pudgypenguins,2.7,292596.8140172292
32451565,2107,Pudgy Penguin #2107,https://lh3.googleusercontent.com/qnN5FYcMZ8k9K98gk_rhISZXjCWyTUoNrUnw537l3n4PVSV-qsD359G4r8QoX73QrjK9LLfCrt-iVVyc2vJQXno5C4-k7rDY-FTIXvg,pudgypenguins,2.6,338816.1341214107
32449166,123,Pudgy Penguin #123,https://lh3.googleusercontent.com/UkdS_erCxsVx__8OjL1wAXLVMeAwzE5CspL-oxBoYW_J_HyjXVlerwyyc-5u8W9SuHPno_IebOuikP0B08aojw58jHtB-VJ4l5QMYoM,pudgypenguins,2.72,296962.48318136873
32454446,4789,Pudgy Penguin #4789,https://lh3.googleusercontent.com/p0p69z_HbTGWcsgWdzzAMaXt1EDgII0NO3BKzHUn0WuFDNhJ9uIOocM7Okg9-5kOZjhYPMHXoL_SXVjQ1y2OAYdU9YKs4N7bo5w5R-0,pudgypenguins,3.4,406224.4056029878
32456007,6098,Pudgy Penguin #6098,https://lh3.googleusercontent.com/JMlHs67X1Qnsbjdy4DheqEVQeZUvrJJqMxQtCRu__5-c9zLNk0tqTPsykb31gegD5V_Hf5pihoIiwuaETAi5fN1dI2nBzyI4bWYNLA,pudgypenguins,2.69,254341.2682411327
32453728,4095,Pudgy Penguin #4095,https://lh3.googleusercontent.com/LuxL3NU5cmWsx-Pj3RRCuqxN_g47LtHaIpYmsDCm-kAEBh_eZ6jS69a2H1-U0oXslrRoEik6nAkSvZzLUigM-xFjcMGcX3UyTWEENg,pudgypenguins,3.2,462939.84175911476
32454929,5154,Pudgy Penguin #5154,https://lh3.googleusercontent.com/HenooW8diCykFXsS-iyUOc8cLuAOkDiFCL9RjA1aJKcAcvJ6WUhHIBqj9bZKC0gc0-yw_qbu_BZ3YptBZZWkTyQYDx7pRlabBWpUZg,pudgypenguins,2.66,354663.6690547525
32458410,8156,Pudgy Penguin #8156,https://lh3.googleusercontent.com/nRrTkDXUDiQbH9foIf5FQHHb6QLHF5BD2jVCWtRzQohyaYSeSEdUBDCI_87UDTUuYRG8ng0JVanr3llBnZ4EtJSeYN4nc8lFZ0okYw,pudgypenguins,1.295,100874.56145495734
32456010,6099,Pudgy Penguin #6099,https://lh3.googleusercontent.com/AnD8pKLIj5BfOI_B-BUbIAnetpxxmJVb_cB0I8POG0Asj-pbVzdPo3SYsC_qPwV07oU3HUa1czVemGSZFqIXxwIBA5FadrDyZ6rS1A,pudgypenguins,2.47,305705.9449609669
32454572,4914,Pudgy Penguin #4914,https://lh3.googleusercontent.com/hQKpSpNU5BXYkXHYBjozUuncm3Sp8TchGu_i7PaMh-Daww_gKtYSEIAL5fqcsA9adV4X4KsLjmUn4CWQLgLjvW3aNxqcVOq12g56V-0,pudgypenguins,1.396,78340.8235929773
32454452,4790,Pudgy Penguin #4790,https://lh3.googleusercontent.com/tv8dYEaf7Yz_4_Vw0qpBPeZ4NdO6Sy0Iikj8_DvsSxEjuX1NFHwwF6PtVmv0-cjOk65glDks2JdDqupyRlaZ1vVI-F7PSuBegznZ,pudgypenguins,1.8699,122880.41567979119
32450014,840,Pudgy Penguin #840,https://lh3.googleusercontent.com/4SHV4Kq4rixLPZFnLqSRvdbUBoI9Mwp2J965g2_BxO-cqAIld0icv6YawcOYQNq9ajSiGwuPb5-UhVE_g80YMrW6Wjc1E7ItYNHk,pudgypenguins,2.35,194106.00787199687
32450015,1058,Pudgy Penguin #1058,https://lh3.googleusercontent.com/8a24piRbdlEVisbXb3hvbfrzmkG_Q-mEN5hVD555b0eF8Th2p0ItNbtSnPyubAw3ZAqk-EnJvtNmIO95UzUmXdHM8i8N9OshfGS7ktw,pudgypenguins,2.5,313295.56431490526
32455655,5856,Pudgy Penguin #5856,https://lh3.googleusercontent.com/uq99GZHxyu7V7If8olHdGWN8xAxzLAzWw3x_YLSBAKlGaDf9utqT5IHH6-XP0E9-obIMlR5Ww-WpbRNqrQylTtzFKR02zPfXQvlh,pudgypenguins,1.6,89914.09883655915
32454697,4994,Pudgy Penguin #4994,https://lh3.googleusercontent.com/aV6g0Im4jhC0cjaoWpGXtZ8m7CR_tgBkjIDOEFcHT-fZOqGDch4dX9qXvzRjb_QSeFPsVEJJjz4dMFc8Rk0VoDQldbHajTLUsxsCxvg,pudgypenguins,2.5,344616.88800618995
32454457,4718,Pudgy Penguin #4718,https://lh3.googleusercontent.com/Q-D2oq_-hHCDCTr6-00Zsyx_GsinK6QiAPyNX30V8pw46kU1oZYWJO2a1X8xTIA7w557qnAXRcQSjY86OBHWWVu5CVurSKM4All7,pudgypenguins,2.39,201072.24476106444
32451577,2182,Pudgy Penguin #2182,https://lh3.googleusercontent.com/RO6Sdh3qhyJB1BQ_MQWkDNviEAC90VbGyWA0MUlmzolUfqkOk-HSkvLSSoU4w8O7N04rOJDQ-Ux8amWV0ZikW4cML0TymQCbssHPtA,pudgypenguins,1.15,59668.07787445473
32455418,5622,Pudgy Penguin #5622,https://lh3.googleusercontent.com/X5LE1X0-mFZlptbqI5ZaNBk9GqmQMbPKhwUZLusRmaVlAIE_Gtx9V0Hamb-7wECaBW2L-xyyHrHhPbEosUI2PHJQswgSinnMbVFEcw,pudgypenguins,3.1,433487.59659823513
32457818,7730,Pudgy Penguin #7730,https://lh3.googleusercontent.com/bPhVlPr48PGHJOfW2z4k9dpP-iaRisI8DWHwCk1VQ8FGF2TocjwgehsdUUC_BfW5lDF5zaR-e24vtKXqdQyhj2a85zLsaTiTJ1idoA,pudgypenguins,2.7,365370.8875769088
32456139,6158,Pudgy Penguin #6158,https://lh3.googleusercontent.com/o0TvFnb_d1VY5mtzEjURE16wPv3dCaudgrWJjNGGejXE3-ADthL9kBiXfyRw7qiNLlCauclWdwkhPHn4tFF_IqWGzYqDPCEo9vPY,pudgypenguins,1.19,56814.94306970048
32450979,1690,Pudgy Penguin #1690,https://lh3.googleusercontent.com/vg7SISFoyZJ3-HWYi3xbg9z9dXIbO6EfSOI5mmkqjcpnCcyUW2YyG-bBVPo2uLSadwtbDDmVeeBWz-8o1dcQ89k0XRKPTs5fh5kETw,pudgypenguins,2.68,324492.4104307078
32451820,2479,Pudgy Penguin #2479,https://lh3.googleusercontent.com/BohY8kx_yRzn9V_qgv8UmrSLdAE834y6jxSFeiH8DkpfkmI8diJzpx5KtozRQaKsbymsF6sorAlE1kCaAWCyVIO4vPBNopdH9aaIEw,pudgypenguins,3.0,361597.3100033947
32451460,2197,Pudgy Penguin #2197,https://lh3.googleusercontent.com/a786CZDcpAWluMmw3pyvWBrpbD0jcdgztXVIW0ue-ygSBqbFxAaAaoVUr0XfTTcugCkGHzGxAdnoSDxFwRbCfxn-xz7h19UjkBsr,pudgypenguins,3.85,520563.6812675682
32455660,5904,Pudgy Penguin #5904,https://lh3.googleusercontent.com/pL1KwFUFEplYyChSuPShKxaYPkQSd2Fpnilk1X95MpuNYd4BD-tE7-7eFb5l53At-TtHuE-jwGiBJImusEXa7fx94cnOelteMAe-Lg,pudgypenguins,2.225,174125.35139804953
32453861,4202,Pudgy Penguin #4202,https://lh3.googleusercontent.com/rbypp9d5MJ1KeTOvL3rOjVu9x4jxPmvqnQ40cnP2VesMhQhaNqQ92hksmQhy6j00exmkyC19Wnh8xcjW4geeAp3l7_B7SA_0rumr,pudgypenguins,1.3523,109969.02298592405
32449181,267,Pudgy Penguin #267,https://lh3.googleusercontent.com/sWzgtD4rtCDQQ4G6Jd9BPCDMO1zXWcCyxRfiASixtgbcInOP9FTITrMTYQJoSF3jD5Mb6EYa3W9MG9ilqZQAB2A_InT_Pag1hjPVLAU,pudgypenguins,1.97833,235215.5490240619
32449301,381,Pudgy Penguin #381,https://lh3.googleusercontent.com/ITijkfwfFBZ23pAWM7EBZ37zToIhugRGpKKuQjlZ82zYP6rgn7Wp37NhNEx7T3i07bumm_-9Nu25jFBW4JqDWDicNYq5PPiblcLbwA,pudgypenguins,2.69,326625.5715802795
32457582,7502,Pudgy Penguin #7502,https://lh3.googleusercontent.com/2llaF4hQBxtQNBiFq-unkggj8_QtzWK4UeAkdZMS7ifZfwZRKOW6-80L5tUFVqRTxG5zoeffJyd_b7M--ZyRt7onb-eAcwCdwapIdQ,pudgypenguins,2.35,221637.706843704
32454463,4792,Pudgy Penguin #4792,https://lh3.googleusercontent.com/uZMMt6BqPCnQbpp0a0-qdJERITl94ge-DFB8C3Dl2grA_WT7xN-f2XMU9bC3s4N6xeoNEer3kCurmn1kjngyeKbTlVZTKd4njlEP,pudgypenguins,2.35,221625.2908156479
32454944,5189,Pudgy Penguin #5189,https://lh3.googleusercontent.com/Pwr5vgI_fxKzoDpa-UoMtWDBGbTZF4PBVPOb-wVedfJrT7jXeORZRCUgVvd8AiXDNfGJ8XzM-T9M6HWbOQQ16dxHsD5SkexEnniauw,pudgypenguins,1.17,54897.38402725816
32451704,2321,Pudgy Penguin #2321,https://lh3.googleusercontent.com/iZTTlNsbEqGff_WpHjIRWQnng3HPd_lgOuGFwFaDhqDhU4pFTVlMJhD2DmFy8CXH-K18aKqL6Hs6ALLJmxNRPGI1DcyI7YKoqNoT,pudgypenguins,2.5,250871.93184067763
32453625,4019,Pudgy Penguin #4019,https://lh3.googleusercontent.com/lqYljyHNIs5Pl7D9xioZIscRHYE_cmxf6OOTV_mrZ07O7m7vLORkCd0bIvaMcR0166YWwgfevts9VLRk8lXoJXv-P-GjHg5JaIK6NQ,pudgypenguins,1.94,188853.57934468193
32449185,292,Pudgy Penguin #292,https://lh3.googleusercontent.com/o8rP_ILaEhSs1-AnVQmPK7mtJJcuCZDtJUzqHM_bCKMcOW1qBwsAeVx9_wDMC-xI3VtTRjADxPpAI0rKeKYeivyQ6KHViQc1_CVMSGE,pudgypenguins,2.2,194650.02945964533
32452545,3074,Pudgy Penguin #3074,https://lh3.googleusercontent.com/FaCJlmTmj1Bsq5N-R-A5OGkjObnzShdKNuVSsD6VAp4OSotFLiujlaLtfwhqChqK9y1zJSWb7-tMseRqZ1ODGCTb4z1JnFfHm9rkTXA,pudgypenguins,2.65,282029.51857186464
32455665,5794,Pudgy Penguin #5794,https://lh3.googleusercontent.com/45Sz9eRu2tl3Chkb52DxdvCOGVRfXI_Q-fZNL1D_LN6FcQG7CJO2ACyd6p6AOXHSJ9NOhmxfhsyfe4zSN-GbOs34v-mm67dDXkm0,pudgypenguins,2.495,249793.8977202244
32454345,4690,Pudgy Penguin #4690,https://lh3.googleusercontent.com/lpUO6vPHhCVawNWOLKGZ60JL2xCHiwvTs5YwEGFQArFWl5X1nYxk4xACkbZS65S_1Ba_xrGc1gMy7MMxZIy6O58qzhZCqv-On08j,pudgypenguins,1.49,78081.62482036055
32450265,1295,Pudgy Penguin #1295,https://lh3.googleusercontent.com/UDexPnJtRDhMlt7KqfMZbhVvhpVKfFeh3yRtUls_CyaCKuauRkef1Q6ZUURtGtMbY1kzQHVEDHx6pXQuDLtVskMgsBJRm5BCIfDOy3g,pudgypenguins,2.25,178176.9796598862
32449186,242,Pudgy Penguin #242,https://lh3.googleusercontent.com/KZa1wyXTvNWclYEVxNLAmJXy8_Ox4q3Hfo2qjqBbrmMPIGb9UditOctklZJ8mQ-LagwVKKVT1ea3oz927yMk_98Qm5hKmpzyy9-G2w,pudgypenguins,2.0,200603.87814318892
32449426,562,Pudgy Penguin #562,https://lh3.googleusercontent.com/Ksg7EZNpmqvGUi0xH0o_EsX_quSTPil8G0U_U4OKcqUhsMPPgYYqR_8udH8dCdzhaP_A-VAGBShEcqz1aC4v1d-JSvJW2opqqmul,pudgypenguins,2.3,265320.7500041449
32453506,3911,Pudgy Penguin #3911,https://lh3.googleusercontent.com/9M5ivpaOsVgP8NVkmmu828Tj1Y_GC1UQ4DL52oX0G-Z_DsY23GD7e8XvEXENVqah1B_peQ9zWt7yvT9uhXq8sMpQKN-BxVtqE-ctzw,pudgypenguins,2.79680708344513,352769.4143406152
32453988,4352,Pudgy Penguin #4352,https://lh3.googleusercontent.com/Semi74iPw6reFtb2JlzEtWB1cGOt0JpzY3WjjV7pTH0au4oYPvew56LkM1fUBZFF4KYWf6png597eSbk42P4lwYWmKGTQhuc80DDXIw,pudgypenguins,2.2997,185872.72610756624
32454469,4721,Pudgy Penguin #4721,https://lh3.googleusercontent.com/vLSCuGBX4oT6K6vKrIwiDVr5ZpqlUJGe-U0Wm5V-l2QWLkhAk7Pjmzxyj6a-1XRLxdc6mKRGUqURTN-0ltkS_ihIdxOeTI75H5EWpbY,pudgypenguins,1.8,113787.0703859435
32455429,5659,Pudgy Penguin #5659,https://lh3.googleusercontent.com/NuxfpbI7CJu2OoskzpRvJ8SkbuO5meMiYJVfxmEUfNGnBrRu8zoP9kSpznpGm2JSIun4wyecbx1lLnjKD1Ccyeh3bmXXeo3ISfyUnSU,pudgypenguins,2.7,365347.18618728657
32454590,4987,Pudgy Penguin #4987,https://lh3.googleusercontent.com/YViLaSJK0vJEqhX6_CuYVFgfLZd90rucN9evba9qvMrWUcp8AlBvtwGHltuHfSHiU9uFaEL_l7GXXiF1z4zYaV4Tnvcko4uia6UtWi0,pudgypenguins,1.17,82313.07850405693
32454231,4588,Pudgy Penguin #4588,https://lh3.googleusercontent.com/G-8DfoNOXIqqQVPlH02JRKlOgJXFh3SnfIl640WfqLKMSfXPvjSn7BCiX6fPxQHU1Vatcq52JruxNlbbnJA0ATrYrii-Njzbfmkh,pudgypenguins,1.79,112735.07778847485
32454952,5225,Pudgy Penguin #5225,https://lh3.googleusercontent.com/h1oI7iD3q2vb0eGJTSTBkTARjUzbMeoBkva0GYyIVVWpOuao1xR9LgBCIdzpP5aGnt93Jbv-a-Ev5Q_Y8bcxcQZseUhN0LNkkoXds74,pudgypenguins,3.75,564953.667641216
32451712,2341,Pudgy Penguin #2341,https://lh3.googleusercontent.com/THaQxUPohf9HnGO1NC5sMig1cXtXP1EOEzFUfvUvlNF5JR0oah0wpJRest_HI5KCCruLR8LwdaNw9mrGoeUWXntx_4CZoBHGT0mh8w,pudgypenguins,2.2,170000.01315277425
32452553,3010,Pudgy Penguin #3010,https://lh3.googleusercontent.com/eyiHFT-DOnGl3zERt9wYwb-qBukxYdYPRZxdRxPRycqtCDX72oCwELmu_DlFLFCwvmdHnnCxlvaxWLNHH8RqjlMeN3Fzcfq0v_4p,pudgypenguins,2.45,240961.7026876759
32450633,1478,Pudgy Penguin #1478,https://lh3.googleusercontent.com/bfiP7gX3zns2JhiQrxlrC_3cpD1_noosY1cNddyAzTVSxcyy_ElSYNeL0273waRZGVDsTkJF0ZYgYMG-D6przs4aSz6a8AkUaqggcA,pudgypenguins,1.1969,57536.27866487381
32449673,742,Pudgy Penguin #742,https://lh3.googleusercontent.com/O0GxXpMx-d-EXE21Hu3N1bKdjJzLgbfajrdCqg3I1tCrZbpWrOXRGgAMYzyrdnJ9jp65GKJBkRqVPxTu24fc5m8RPm2wXyKnsjItHMQ,pudgypenguins,4.4,682129.7259159195
32457113,7166,Pudgy Penguin #7166,https://lh3.googleusercontent.com/39wn7WogAAHDHLHSa6rZ7pq7qihnxdsu459-IR0IQ91dU5s-XwQGOhRg-QRp5iet1zlNy3GPvUAp3ntplhDr4V_T6SGEK7lhozdO_T4,pudgypenguins,2.145,230656.18231707046
32456153,6161,Pudgy Penguin #6161,https://lh3.googleusercontent.com/hq2fqAp4oJC_eWryYAyTLFNbklEZ8Hk1n3U4D3xRENHBmbP2Myc6wpyrHj-zaREzF-BkB2CcjBlZA4NyPax4bBUG4Ij8qoqPSFJ1uAQ,pudgypenguins,1.8,146193.23674227434
