id,token_id,nft_name,image_url,slug,last_sale_total_price,rarity
17626680,60243960294529493536319288824647218891114940214302347621959339534059593462218,Sergio Padt 2020-21 • Rare 1/100,https://lh3.googleusercontent.com/COXLA_5IcHAHz5K9QlsibR5mbXzb-FzJx87Ypihmxj5jN_Aaw0lue21nTVUWJy2KQ52M86oUN88Av6oZ-sNc7XegIM7b_qkDdDMv,sorare,0.279,3892.6151863299733
20081640,29698125618651627654153732358535839771066956493423491376739440091085560445743,Masahiko Inoha 2020-21 • Rare 32/100,https://lh3.googleusercontent.com/xo6HbeD8EAfEqJT0QQ0IS50_DKJugW5eFsDIHmEbxg4p5dycA5KuJ_yk_0m5A0dBEKayOOShkwfvQYEgZ_hYaFekcaID_yJFzG5yHms,sorare,0.012,7.200503517629399
16808880,67836008585672005851907528069565562664733410375357301283870398154685043108393,Andriy Pyatov 2020-21 • Rare 4/100,https://lh3.googleusercontent.com/3YwC0lU_FpmZif2SkamzNGNyS6SW1NFEikUsv9oN2Zg2KfsXic6HKyMavfzz6OV-4rsixy58tz8ZEAB5CZdWOGPZ,sorare,0.015,9.001083264128829
17199961,100978360500192394505874319424829517685074245637062654086692127180904919674397,Yuto Nagatomo 2020-21 • Rare 9/100,https://lh3.googleusercontent.com/nQizgZQqM2y2mHSZ2R4nAKAdCJOwWDmDdpCQflgvKHDi6dIAh268l_-dnPbYGGYd1nx_qEXfrj2pIdxiyUMFA6M,sorare,0.027,29.1624252847447
17767801,13370582793541671048152792537355194693309594673610457766580169567501417617053,Ferhat Görgülü 2020-21 • Rare 6/100,https://lh3.googleusercontent.com/j1_iItYW2ZKx5-4CK6HFOxGB9bYeYeYexSBmNEyzNbxW-Xlx_Gab9YaHrA3xviFhWIyQ3gRKXTS2tse1Mh31UV9lUWAnrDlVq5FJxQ,sorare,0.004,0.6401154885051223
16851242,59255999896752646141987080622380754113842558899000889134638101038684182628043,Laurent Depoitre 2020-21 • Rare 8/100,https://lh3.googleusercontent.com/RDSNgGSucm2aaLHkXrH3V3Z5SmZ06AeJdxqInbB5cUg2YV7zhwEEmso-0Obd2y2F27rSL4u26pjt6VRWEBh97K8,sorare,0.021,17.641622013692803
16316762,17791098562332739147696972737121725691319297400336457984391763431765259918111,Park Ho-Young 2020-21 • Rare 10/100,https://lh3.googleusercontent.com/oT-M8AxWEozH4PI0AWWLkrOsQfHDTmA7SllI9e0o1YzK-_2R2Mftdk7pcMv8nns2-UjSNcGKMqUSt0Usu8llV9Q,sorare,0.03,36.020650048384475
16628884,81643743122576008172303267605475620788237234119550874764412987492314321295192,Steve Mandanda 2020-21 • Rare 7/100,https://lh3.googleusercontent.com/PeBUcRmkHw8N8vhfjevdP3q4cvZUlBip1z2XLod8234cKEfP3o4DE3dJtIi208K0S6c8UUpKaM7QMFkPJEICMNxAdQ,sorare,0.115,529.0460089564261
23446684,85411145790032913870876180820223639513773234434762644913519778497792230764507,Kim Sung-Joon 2021-22 • Rare 34/100,https://lh3.googleusercontent.com/PvaSa_HDIr7L8f3mn1Ur8ywA3Nio6BjinEnDqQ_YEYOXoqPD2RhQEEsluR1DRXFIvg3u6hyjnu60H376i_r511I4L8Y0_fK-pizG-g,sorare,0.034,46.244589475287356
16597684,15543972047181028008560013993176567867195903209438902612623166816441382619780,Shintaro Kurumaya 2020-21 • Rare 6/100,https://lh3.googleusercontent.com/tEnBeyeOnSpjPBLK1F7YgcCZVwvMP1hWl1BApSXU27VBJ9XhBByyykcP5E5RFfHQ3iAUirAsdzCklypGp2k9Ctrs,sorare,0.0,0.0
16659245,100059700342939836374913076073526543704020368112939667484611362965132611810205,Kevin Strootman 2020-21 • Rare 10/100,https://lh3.googleusercontent.com/4FICreFGZufz30KFqLHwvj2_F--s6VtMzgrnoIg5paHZhv3L9Ts9Ttx8OMCy3N9Wq7OR5RnTo8QwwG69nxEUTb573Q,sorare,0.107,457.9979828694839
16995846,114324286965866919073041665907847919469216328586035178817258448404496379092240,Bruno Godeau 2020-21 • Rare 5/100,https://lh3.googleusercontent.com/-nvdErMuzvZYDDke8WdKYCfQyW4BOYSIs4Pe_6Lvgw0RGa9LJ4keYa3e_8DimdCfB5-su4K0jYbfQCkvnhjTGMOXAQ,sorare,0.016,10.240929885959407
16520167,89970245133126903455690889243563362761350863523665482296875576454184632338743,Mehmet Çelik 2019-20 • Rare 53/100,https://lh3.googleusercontent.com/1Vaf3WS9nC9efHhXIi5fOPgCZP4ZVfKrv4BbN-A-IQUf4ZkVgow7PLzbv3lCH5cW92Tfe_Kg-RZ5LBLR5oHYTFo49A,sorare,0.0,0.0
16352047,34929659498540982571182129164087284586001974160773821498954808201490460316448,Anatolii Trubin 2019-20 • Rare 22/100,https://lh3.googleusercontent.com/ofNPzbfr0pefqSknbrth6c284MJiaQ9KfbvEYQvgyNU0lI7AGEzP_TfIg0OBX-oVJPfClFxXdyZweU95DnDMYimp,sorare,0.412,8488.058855757321
22705927,62569701559338327363858693127025459716043350073314724605613682113123451951747,Choi Jong-Hoan 2021-22 • Rare 26/100,https://lh3.googleusercontent.com/fs8an0QxWjVA6d3KyejcQ5pKRqXz5YfUmu9fjprBFIEIdFCBywJ2GJjnK4sZFou3RKHZ9JpgJ-O5jksGzjppt7EbDQHHGY27Mdam,sorare,0.004,0.7200994710292447
16518848,111850022253716135541917554102479609544130073951733079735739711929072517113321,Antonio Mirante 2019-20 • Rare 18/100,https://lh3.googleusercontent.com/J7DF6_JlgCbB0x-totA9oNKitLVDUk58evxL0TUwFHQwTlojI_kwBDZC363tGGUy0GbygXm_Z84xveddaPpxz6o,sorare,0.05,100.00961675122016
16656729,50556034160050359978665541690229662102875685127532821534038025434504117274689,Bastian Oczipka 2020-21 • Rare 3/100,https://lh3.googleusercontent.com/Lfuin5_6MnUGxJeo-WeNAnjQk6c1vq9mPl98qOF9BHB5oPfiQRosBJf2zlpvZx3zIdBkRR5-tFmL2m9LS7RL2gEl,sorare,0.011,4.8404425506086035
17995209,69266500571339071035905221489277421849649090189039487026412863298897847443138,Arjan Swinkels 2020-21 • Rare 11/100,https://lh3.googleusercontent.com/l8igbNSHTCO9wb_HNT-uno-TETwtmnjhTXDKpJsTidT4zf9YyAHy_SEO4jp0O8zASuBUyTLlSRGPz6vEU2deygGCQiDjjYh0jy9_,sorare,0.005,1.0001734968829896
20092929,50524460521903850891057374760506388332962016622810962023144795144883462433451,Ryang Yong-Gi 2020-21 • Rare 19/100,https://lh3.googleusercontent.com/OvWv47PdsqFyc7WiAKWqtatWR-VppQUUJFso7wWBxrUPceZXp8UpdFkufIPwHBL8ou_3qps6Jbul6WqvPYSqUMBnipgdu5TqQFkf,sorare,0.009,3.2403180465256187
16676049,13997746560342897686201352202843855326024303601506072235753680138366912113974,Adel Taarabt 2019-20 • Rare 35/100,https://lh3.googleusercontent.com/iLV14W1Ks3WJgOjkGeqCAZSB4lBUc0J45Ad_NR80HtBL5XtFs4gmrjnqQDAP6sOpsj_uh4CkRVda4BPwTvaDaqfn,sorare,0.033,49.008907589362174
22297570,76062682087806313734748678146900587701650243148756417499100875730644824938940,Ryang Yong Gi 2021-22 • Rare 5/100,https://lh3.googleusercontent.com/YGAVFEr2oznjU9fFkEz_-nPd3DBpggm4D2XMD6-vuSW8qY6YMAsiqakigUawjvH6mALC8t_aQrdmv5LZUWxJ8tF1GiKSQDmLU4yyQfQ,sorare,0.004,0.6400639705201983
16207451,71308781851390340840884423975763253351865294881688551868633423522900602427285,Tuur Dierckx 2019-20 • Rare 33/100,https://lh3.googleusercontent.com/D6wG3Xmj3bYqZQjRaWZE_zBVOoA2DaRsTMvaZBx8bKtymvoKBW5kmSjJlO4iCeOEivXug7D6C2UOe5sh74el-KR_q0-qLbVoGBY0Ebs,sorare,0.007,3.18525480028473
16707971,91310725198032713861761261208793758320972526747359553316311077202542831948246,Ralf Fährmann 2020-21 • Rare 9/100,https://lh3.googleusercontent.com/cRnDpQ1qpWwEK_vYdRgnrHYS4TdckoRidf_E0TQ1jbd-nT7tdL7gT4EDgnJJSnVg1grGXg1Q0XyvoWt-2OA5-J1d,sorare,0.069,190.45813710534895
16851252,84538142327114639772302901128969187272704656449863081919070413510271734696156,Clinton N'Jie 2020-21 • Rare 23/100,https://lh3.googleusercontent.com/86pGm6mGjxmLja-hzsqym5SJlzDYqvh1-YAWdVzKoTGGnB6kEYkex7Vs50cXD3SpNCtI99bAIaIzTXcNup_v8299,sorare,0.016,11.521327449703213
16771692,91480142935829802714887126643235013115732719412716181819988506354323814349755,David Accam 2020-21 • Rare 10/100,https://lh3.googleusercontent.com/xjIAxq_grR6eOxWBbvUGCiSok-gpmURA0FLVoW4N6D3-okV1QVGwP8yl4wxy61JoSi26dMRRTCtDVCREoiwisAa-,sorare,0.04,64.00668069385628
16929733,468510407266767206164951242022756700496939237631604157528982818673612729023,Dennis Appiah 2020-21 • Rare 23/100,https://lh3.googleusercontent.com/3Ffg7neNct7kvbo_hjLSnd6N4pI1N_LqC_QoiGIYOeMLuDM85re93ff2knBFeeuclmJtepQhcN1WrlDzBhlugCQ,sorare,0.016,14.0809692601418
16491013,104973763682759956190893619795442839730990538213680791190516652334796035739102,Valère Germain 2019-20 • Rare 6/100,https://lh3.googleusercontent.com/hIIA_FUjIBoRXep2Sf9D-dZt0MMrJUBU8zMpnhNgmheGAyEXTqz5eald7pkWqZ0wD_ee6tWqgr8WvZR4xF5hs5q5,sorare,0.038,57.7652240144758
19987333,96829687886897507872970618945131361769069218426559580894422496743503330544774,Ku Ja-Ryong 2020-21 • Rare 22/100,https://lh3.googleusercontent.com/G_pPaoXNYs1mfZnbu--vi3x3QgH_0mtw1wr-RwLKv6RrVtoXn1YTrlwB1DNTK1pX4nng-95DuYmMNK_sSs00WEASzDFnvhb4LUrjOJ8,sorare,0.004,0.7200598557354522
14668575,5233198677159622168556902707808470441020469258270807722600102853724923968850,Bram Castro 2019-20 • Super Rare 1/10,https://lh3.googleusercontent.com/eH5R0D3ScAlfOQtK_ytObnTX-Np72W5AndSVFhRN2e4U0m_lkC4YSbpekZdHzaTFG12kv4GICCbn03DQ0ie_3yMLZw,sorare,0.062,173.000427919088
16740735,88405001145551282434591369821802350374524649909670035976925847282261684345064,Leonardo Balerdi 2020-21 • Rare 17/100,https://lh3.googleusercontent.com/ljR9T7sNYamjX2YvxYxgloUOwVeOKKmEdVpB7gXlKAPJU3wgS6er-H-iNGE8s0wdntFCJ463Snj3jCd0tE3Q8dnDrg,sorare,0.0,0.0
18953535,40019050785242454314825470993937205256129968678710583890336971533458836944203,Kim Do-Hyeok 2020-21 • Rare 44/100,https://lh3.googleusercontent.com/EJ5qH89XBwqj7BO6tGHcb-dN7g0qFNM4LKT2WIv1i6ls7DMuuiY5CmlDvR0pL4iZbQ9UclKlIUVdTZCcX9RscXypjunaUr910ad1IQ,sorare,0.034,46.24442409648345
16301056,26790253779569085053392150743055852110889961429250690308202207728859711749511,Nicolas Gavory 2019-20 • Rare 19/100,https://lh3.googleusercontent.com/CQIhPuM3ZtIIcK0QHBYi4SadwQN4GUCb9hCPasMtRHYq3MD48tL87YatcPj3tGhOZzRk3k6yb4pPxrUizcRsFRZpVQ,sorare,0.095,361.0331085749256
16234097,58642970792552481924404356304101888136315934069774306615702440981307645386048,Mats Rits 2019-20 • Rare 33/100,https://lh3.googleusercontent.com/zW8tyU5sC4Epwz8iAQI8aR35JVrXcDiC73WksXQooh-7Gv9xWNU8FWv5TpDFyRmqajh5aslfTeXVGaq5Vk_XCzE,sorare,0.055,136.1355835182054
22275137,72580835320026053580369212595003010031644689609087444367173118684592683918855,Jorge Teixeira 2020-21 • Rare 16/100,https://lh3.googleusercontent.com/kOwrLLXzC-TKktoOxXH6EGBqQ-I9scklu-oduGiR1IY1YDMv6U7657t0EXlOtl45-_rzqGpIghSWMGfaVPiXKtDkUbIXG36r2LrE,sorare,0.008,2.560283645349062
16659137,39162778994700693178755128601499083899306201884789821799406932796241307349681,Ortwin De Wolf 2020-21 • Rare 5/100,https://lh3.googleusercontent.com/omZ3Px4vhZOyDbRh95h8_pN_cNoYH-U698Gz3-fr0erF4_W8Bs9GFE7-EPOcSMgiYO2lQhIPyODpLJTgUR226cQd,sorare,0.355,5041.665401996168
16233257,9853126451005434072526653673860801749365199975309823766514949930906102935596,Bram Castro 2019-20 • Rare 34/100,https://lh3.googleusercontent.com/feuEGoUS7mj4sBsOwTcDj_P9qFBr4V61iVs4L9ZtZxv5LRL0UEDr3nlb6sR_x9CK-FG1N6j5A18YtfYKMkkG8a7L,sorare,0.023,21.16259196201801
16927938,77550883405407554572329080999875198871516395207675285070157952677665717370704,Nanu 2020-21 • Rare 6/100,https://lh3.googleusercontent.com/zBUJv2AK7-0TULzjOL43zmo0qUzI0-TOJLiQoeDar8KXK7U7wovyzB_C_lYdmAH2-xJ_ezXOh8LIxrxYUb7MqaZc,sorare,0.031,38.44295620207048
17533698,5199374733282842911541463169629360106408929216174692175670081627372227968052,Jean-Daniel Akpa Akpro 2020-21 • Rare 26/100,https://lh3.googleusercontent.com/iut4mLfPUU2cJI1RRsNaB8z1xQzgdXzWNJMq9FvXny3M0ZgNp8wJYS2MbchSyzvHEuPGQFMripWJk7lANnWgUDDpYIX5YAHMoRmUKwY,sorare,0.042,70.56764303574212
17224818,46821462283754987939508470443792276077095980705613530958793553856993059458335,Théo Defourny 2020-21 • Rare 16/100,https://lh3.googleusercontent.com/ahxpO-m7KHrVwNnZ5pLOUJHsm9lw3E5511a8CDEN3fm03dIwp7odKuXBNe2iSbn0cx4SATaXPPnmJQFyqvtvWYyU2RSYUK7-lVVj,sorare,0.0,0.0
16428139,87199532923845859201972174589229375507646526159767462913285466170189334499517,Ángel Correa 2019-20 • Rare 31/100,https://lh3.googleusercontent.com/WWmgQ7GG4dOB3JaKT_iN_oDU66zFyjFwCs3GL-FputmLZEX68FTUQSgFEfPZW0RKYqrNRmNKwO-GemQg7Ef6AIU,sorare,0.11,544.5485533463873
16786100,93902299959274982030353940726890652569566507790598822709265315208986923989891,Hideto Takahashi 2020-21 • Rare 8/100,https://lh3.googleusercontent.com/iHWUkSKgT-W3HvB_P17XYlPtsjIE6MzzaZTvO55PWCSa-CQwtOvB1fEN_8tbQse94rNYOwOWFySmrdpPESO6rjjg,sorare,0.016,14.08100518408097
17376260,74127207254463473129726245078697446704318096450346714115319243165292658911651,Cristian Ramírez 2020-21 • Rare 33/100,https://lh3.googleusercontent.com/BnVRrK89MuDFNxqLXnQrxGIFDJtnWe0aNjdHKJSlzFK-RRifuGnqYJLYAo0B13MllYAJTMaOpY9qgQOMM7auy-RHwCaOnzqPQakh,sorare,0.025,25.00371508133907
17207421,46057536003769292700214968144760250984524431547307290165251677270654568145760,Alessandro Ciranni 2020-21 • Rare 30/100,https://lh3.googleusercontent.com/PwIj3fZaCMRfg8cuPv9eUIbnmjsAluXXb89-njSF9qNV53Hg4cOIjCZ9yhcI2dS9LzpfEfHEWlCVfWs8BneOuW71KfSDILb7lSPV-g,sorare,0.053,126.41583750596841
16433301,44082166271125347571146823250687681650864481406147017016905123095540253767901,Benjamin Stambouli 2019-20 • Rare 16/100,https://lh3.googleusercontent.com/wjB3dpEzvgGqaUVGXSwH3hsvqhx0AzIJt92gYxMaJlbotFkal4EOHmcAgdnL1zR7pcLh8fEIbSdx1FczxVRzGT_N,sorare,0.079,218.4593564250961
22725622,78243573243898673622726198206454006792545689681240842538528757136047334210175,Shuto Yamamoto 2021-22 • Rare 16/100,https://lh3.googleusercontent.com/pp0-r2lJVee-mJj60KiIMP37nb3sUe1AGX7byFJER9POSFmtXChsSFVK309-yrt_CU0jcplsmLmk9-5KDbnCOwBVkczXTy5f5Ru1TQ,sorare,0.004,0.6400610601813047
16292063,18503527255476690160714130626312039583409169656143587328207672959698111070041,Jaume Doménech 2019-20 • Rare 18/100,https://lh3.googleusercontent.com/ugfr1hHWwfRZkSnfzClC0ApOOboEhN8EdT6SYynIPTVuUfzfuXN5d8-VORECvuBO3fl8k6pwYBdiZa9CClHV11xX,sorare,0.245,2401.2337955823064
19981463,19275914449813327426086575122996612341221983171785092390543717888500432833866,Go Yo-Han 2020-21 • Rare 14/100,https://lh3.googleusercontent.com/pjd2n8Kgp9SUFIvgeexw_kJTiDccFhtjeO3GcDN3wga98ROgqhFrAg-NWlzskjJTf-1Isqwtt-dD1FPP9Tjmm5oLsmfLBjUjpYgs0A,sorare,0.008,2.560235110493644
16304183,107413898655943027812978633604755065349121614822845635601447793610251039991919,Saúl 2019-20 • Rare 22/100,https://lh3.googleusercontent.com/2DUkZPpLdPco3R0ctf7Ao9Amt_KNrCYTpexTzO6dVf6xWb0uCeoRI3Z_RW8P3TPcCyMmuZFjx0gXGOMRhVr4XnTY,sorare,0.16,1024.1013173862978
21349583,8375502438901115747629277016677888774544653105304923661332321719928233448123,Han Seok-Hee 2021-22 • Rare 13/100,https://lh3.googleusercontent.com/zoGAFE3irX3zgqo-kV2nwepcBIcKOJDZsnqqSLg0dIPAO4kRqMeqfus6bjCvmATAGdvbAg_TiFMYxlBEQRxfkfK_hUzQOtSllmId,sorare,0.005,1.0000926810689372
16875743,51035088708512828176610417629270233782271746808368847487956583581793086671275,Marciano Aziz 2020-21 • Rare 7/100,https://lh3.googleusercontent.com/h8Ub7rMJtIZ2qKwVpkpvLMIPunBAp7ERSHIHNTUwyABKpFLk0zxrLlRTXby1gONd9w5aZKFrlTS5h3P2nxuudcLHZg,sorare,0.029,37.84930470344138
16254743,80780203530436236067751685401494909562736586786858914456461026119337292910919,Luciano Vietto 2019-20 • Rare 16/100,https://lh3.googleusercontent.com/TjBfU1YG7u2KbrsmaNcDAZOQCdlajUjcpOgFE-i45IAziJskEGI7Q2sIIzY7IyFZr4RAcOm88ZTV5KcQYgRgy2tS,sorare,0.089,356.47661543243527
17965344,50262997526633407055490897326454916185063191788500111541180226138854186523841,Maarten Stekelenburg 2020-21 • Rare 10/100,https://lh3.googleusercontent.com/YoGhus6TjdOOHNmTXteDXrI8HpTZAmULLCsys0RhMx5hkWHPbn8lPIYxJC5jS6txDExCArvONRHIh5Vy1A6BZEmIO4kQbXGksJZW,sorare,0.387,5991.674471908868
16809864,113366288532383146475785683755712138833320133116050215697639713778544762744118,Wolke Janssens 2020-21 • Rare 8/100,https://lh3.googleusercontent.com/LuNseGIP3WtVOIfglRkTjqAQRsG9w_zaDOIBX5Zd915gqoX6iz3rcz0QSw-AGTRxpI6pBmCkT_5FsoSWi7nHWVK1KQ,sorare,0.034,52.02517613696776
17971225,41777210714566852020351419853153447576785968110778652138111319808000674958429,Sergio Padt 2020-21 • Rare 13/100,https://lh3.googleusercontent.com/irPU6VOoOHxqPDp6RyXfUSXW8zTqSpKnobTAapzt5w6wu3ZCCpVbeiWTU0O2tpINixwaWfQ7CFh9WyY2Gah8KlabQ584Opqq27YMwQ,sorare,0.054,189.5611724327565
16289665,96790227323785417280625564472106697351552143062702144601301571302646456292241,Olivier Deschacht 2019-20 • Rare 15/100,https://lh3.googleusercontent.com/h41dC3YnnuuBA0bBrg-OTHCHCJP2XUd_vzwgPwtBjlcaYiLqxba5lkHPzR-8XGmN33Nz-i5oreRd6LyZKfIy9mgS,sorare,0.015,13.501067419005476
18948745,97853294117549260102770098548522303165334835573985368454725111922479404304834,Ashtone Morgan 2020-21 • Rare 10/100,https://lh3.googleusercontent.com/vkVZP66BPYWnxVkS-ISZV_CuoIRLGRzR7N-1rW4E_IlBhD0-kvQF3A4BreVzfNZqxW6LvCKQKNJn16KdZQj7kZm_oGljIZECUbXL,sorare,0.005,1.0001002119256284
16300225,58695305223542708509442198430926148972943871216929665960671318602985559684879,Guilherme 2019-20 • Rare 49/100,https://lh3.googleusercontent.com/T8OVsI4BmTOol1zke-5PJ80MP6JJwGlUZ_FJRYM9jHaz5sOBr00yBuIY_fFC5cumbeAaE7vdKi3RfjuVX4nMKuzd,sorare,0.0,0.0
21377906,66788335770958159776401826139789811909777114883308014625928561386392991231342,Derrick Tshimanga 2020-21 • Rare 46/100,https://lh3.googleusercontent.com/ay7Y-HchXsJFvsByHqsSqNuIArmUWGAeMDTD90NbRMTWhmj4O-8eNWM-yWVHW4ZJE5ka1H7kDu4r3HB4k56RkiWif9TuxgfSSFabUQ,sorare,0.005,1.0001554400304935
17208386,113167437449841468631795904306214629328718674206707248836475868415967626781072,Luis Robles 2020-21 • Rare 35/100,https://lh3.googleusercontent.com/IJH7qjq3k3P9Vj_9CYLxDq715ZgSgga6BYBaG_qnZrKko37rjhM4lQuoc3m6ccidnDC9hgyuPImnScFKB3mt1h2jnt0swSl2c2pn7w,sorare,0.055,121.0161671640561
16707986,52818808442081871179153603272596988980861944037495155894245879568565113987280,Jason 2020-21 • Rare 5/100,https://lh3.googleusercontent.com/AgFJYtGxaRcTUBVNcg6UUxN7EOWCbVN2HLYCNw64wgFUA067yOT_hVrrbESkWC0CYmInKHnzEDF4iOkussQ3Torn,sorare,0.0,0.0
16626866,73650091358901572794154187855937440982797894740738010536832607404901960003141,Kosei Shibasaki 2020-21 • Rare 5/100,https://lh3.googleusercontent.com/mj3cVBt4dvophaCg3o_pMdXW1J3rd_CRokLG4F05NQXa2S69MAoXtJR1Y2Nzfzq0OPZO-_QDsKOZiFgZRsu61l5i,sorare,0.014,7.840728118824858
16300227,45219513905946263029326862772790111208489892124906319209941258375606248948396,Éder 2019-20 • Rare 27/100,https://lh3.googleusercontent.com/Y5EiIQUAwk1SGTpZhsZXrmGvgRdRsq7YFpQbe1D5ArudXkWBzBL6THwrp28BpUfJiGFCXQ4pZC2zVhSuBoArBKBq,sorare,0.027,29.163092067865893
20830708,20279111487358115572767670393067996610567310469316665270860471687845105169035,Kaoru Takayama 2020-21 • Rare 27/100,https://lh3.googleusercontent.com/XbP6VEH113RA8glld7U18LYwcQNwK84oXofLkvUkGdpzzy-7hVs5nimX_hYPQIDlcBNBiqMPxXir7rG9_dVsZ5GfMK-Qdq_qgRhj,sorare,0.004,0.8800598617775472
16196908,55723644427371526359832414549965348944652085154929056239625229824119816906417,Timothy Derijck 2019-20 • Rare 3/100,https://lh3.googleusercontent.com/KBTpoLLtb2KkjBmnRIhNYuK9nGBy820jo9Bah0EiPW87PuM6zlTXn4uNOy2cCtoOmiEuLFm6fu_w2dFMtOBspwaDaQ,sorare,0.027,32.80782674985013
16328068,48322596054062022236619670760431794274041503691085205793396252308746425846471,Haris Seferović 2019-20 • Rare 20/100,https://lh3.googleusercontent.com/BaZIoJdI69I8wORvTeLNGE1Uf6f8SVfeBYGAKrJBh9rWbnQI3QJa3sEmXQTg9j5KI-sVAlzdVbCB83dVQtB2CVaL0A,sorare,0.149,999.125882665035
21819748,99432562955868413382632549813256937653591141057281697096152585787947134411397,Rim Chang-Woo 2021-22 • Rare 20/100,https://lh3.googleusercontent.com/TBe72I-0-rL2XZBnyQWrUE1pZMPHYOXFWr9-hGgOMyu4P6juUsVBR1c1bLydk3RzSMi_EOtVMNy67wt9EZfZY6XudskZIo2VLJceruY,sorare,0.0,0.0
17828548,61072209567740243626014508014308779389807903769042931364522587660640832344571,Miquel Nelom 2020-21 • Rare 7/100,https://lh3.googleusercontent.com/VOvOwYI9bMCZOCr7H2UK_Hx88G-nH64s7CzKs5gG1Po0l7rkFwOM0LMG0gcNGcBzfD-eYjVx40gb4U9c4bgykQNV9xoCS-BIeia6Bg,sorare,0.005,1.0001614220013855
16328188,110936082594341108869159963830905707462491361147670338095681917657207747305102,Dries Mertens 2019-20 • Rare 26/100,https://lh3.googleusercontent.com/Qqgflj7hKRFCGgnA6RXT0_hwXyX5YNwfcH066uZ4KgnqLkWzBAFKnYA3ZSNACPPXrERzSwDcsCUbtfAhKKTVFRWu,sorare,0.0,0.0
17019028,52767789288102212283275519017497890228443329350209781113235608401544121559838,Quenten Martinus 2020-21 • Super Rare 1/10,https://lh3.googleusercontent.com/JGlUje6qax7GItWcBMGVds7kJXKJDizE97DdtS5DRg6-z7XzNBCxLzRTQL5tMB9u328FsxBcsYUGMiVHZMl_3BJMBg,sorare,0.08,256.0283825603309
16217549,61241426953791505931906353720333955685795396489328835112774312884310315829529,Andraž Šporar 2019-20 • Rare 26/100,https://lh3.googleusercontent.com/mBmuQe-mdHrIrvTlsxpII1JWDitX2Pp2gGuQVky3M2eZg18PE3u4qKLCir2YJemconvoOf-u0Tl5VrJ9fCltKeE,sorare,0.05,100.00997835893048
16318109,86337731366463574823622866822937676915750776031726102656530473547697162422766,Kim Tae-Han 2020-21 • Rare 2/100,https://lh3.googleusercontent.com/xnBCOORSOldVrb8rPhrAtfz3w5T4eqWsunwo0GkRBgi0-laHZAudXG0KXOTze4Pp6s0BbMMePLeydbUUPE5hwXG8rw,sorare,0.003,0.360029625622655
16276949,62030410444898184008685221072772563602861843577951805704850004118087399831492,Łukasz Fabiański 2019-20 • Rare 14/100,https://lh3.googleusercontent.com/Oa3AeoJpoNiFgpUxB4_eqox_tIN6pHJmyUaioVJ-f3LWInlH0URSlqZyI2U7V8Je9tupI4EcCDv9x1BNsNlvB1VF,sorare,0.329,4330.614853351569
17104349,94106230767443249269026862632699876803736615065894700108810657611787163200360,Rick Karsdorp 2020-21 • Rare 15/100,https://lh3.googleusercontent.com/mH5NipOtzttcvrFk0XxDEikJYN1H2twi4U2qKUui1ftrlm4yRWayQdLPq-T7fmE8qhloHwvKFAicUkJbCkv6mc0,sorare,0.15,900.0776120134757
16233749,106848518917264231857107475184435922506827821131574599377720173803080468102253,Jelle Vossen 2019-20 • Rare 35/100,https://lh3.googleusercontent.com/zUPPB2GDY1wsWOlBMzHoGIqKKVxlkRZb7LiILVxSlwLhC-Qv5eJjqDq8B8o32ciWh0lB6s7ToMtDA8iRfs-WTQJ4,sorare,0.05,100.01197438256109
16384590,104572418003731708318010453901577985862942743332467038998843448239256630151738,Chris Seitz 2020-21 • Rare 2/100,https://lh3.googleusercontent.com/SdSbN4uzuNWIh7dt8N35WLnlVG3F4uAM30e3MHvmrTD1USzSGG3ceZJHGtDsBYyKrVYfTfDWzab5KHwOYFVmD0-9,sorare,0.13,760.5711515056389
16283670,37026798827667856119682122060581204899408326109914228613956692330512704637551,Declan Rice 2019-20 • Rare 64/100,https://lh3.googleusercontent.com/qscNNDtvJVbeOeQUg_vuwswIS5jja04SNlnjJ4K-pnBL7euzl0Al_MwPZh-q2xWDtcx3KAnxPj2CGtHKnVwXBf4uNg,sorare,0.913,37517.97788054268
16288591,91249819431107155829275231565712012624247203127550012539630246504512930673121,Ortwin De Wolf 2019-20 • Rare 54/100,https://lh3.googleusercontent.com/a4KwN7y5dSkLtxFKgmsRzFL2aYZ8U7FCHPepPXpZHIzYExtXQeo3sd9_RlhPPpRONv22VinKiXFr08v8vUUH9USv,sorare,0.232,2960.6173843496485
16283671,114806853126155605447547907958714819319611995020109594103838211296732451204402,Miguel Trauco 2019-20 • Rare 21/100,https://lh3.googleusercontent.com/CUvbpZ8_Yhgzn4cJG3XMS57R5ojyN8FMAA-75tYLKP7jQspTqp2hJ8NtbmRZoOCfGjgDaFCT-akvqTQbSE5H0k0,sorare,0.03,36.00337048541646
22577552,113292248532085753137886654617200744397344994593354276498232197876347626254429,Yeom Ki-Hun 2021-22 • Rare 24/100,https://lh3.googleusercontent.com/lnwQ69CTxEeekFqrmeui8NOY-QI-OAA7IwkfmRl-U69pexVhyHovzYlZO6fIwqDWDcLKigKisOTlpBYN4VXj3HF0enT5RmliAjDiuzw,sorare,0.0109,5.3468839273754645
17075792,22588875715297760192380649245470029872798739579224541413513936856459195103026,Eliaquim Mangala 2020-21 • Rare 18/100,https://lh3.googleusercontent.com/VB6qa1CqM79JrSVKzHV_88-ZtBcekPuGyGV9mBO-HMOOYCfx-4BB0qsGeAfxVzcfgl02X7CsiJ8CN7yqn4w84WND,sorare,0.033,54.45380898709689
16430914,37673667493337847056278450112681583742540904654703925966743833883011661857832,Dimitar Velkovski 2019-20 • Rare 9/100,https://lh3.googleusercontent.com/BaUTJMD7Rhyh-WDQuL5NDPuVFmjU30xBlzEV8OXOmpKv9SDcYZ1sywFY-5Ec5DKPFb9_uKFw7WWSHqHlpJxS1mQs,sorare,0.01,6.000446966222801
23451154,112225118222805956444638849639187683712001036350069269624444875417419637085409,Oh Beom-Seok 2021-22 • Rare 38/100,https://lh3.googleusercontent.com/KMEpNEBT_BKKcM-O5NHPSQcrOVZiJz0i94jOygIVKwPIR5CVkQ8wZCG55pUXipQH-S_2La71wUKtPBcLfuVLEFgxUXPOL911whS-GFU,sorare,0.004,0.6400559308976707
17178274,70135720346267437465616034956604517880598837818935857498883328192874697485432,Charles Aránguiz 2020-21 • Rare 17/100,https://lh3.googleusercontent.com/LIyxfrjuUW8c5dH-jdE-CFRG85gEq77Mblw9pDLslCAXEUOQzOflBHeLNVhQChbwd797IOlpCmF82pFDjftu1xcH,sorare,0.055,136.134787863703
16629395,58089217799629663052441240920107840922421294580582142887248478598246076250284,Kawin 2020-21 • Rare 6/100,https://lh3.googleusercontent.com/PTCae5iSVMAwtwldz8w7f8I7XYnb-gNOfuw0ez-IA53RFw_JX0YU__592k-HrRMkZrL_A96S8f3xUI3t4hgJsZFh,sorare,0.024,25.922339996962037
16304795,56665139260026210943873806189443401979621402949841274309299453143350938564752,Wendell 2019-20 • Rare 7/100,https://lh3.googleusercontent.com/PrfxPQfKVEswt4wtpJ-z9N07CoP7x7inJvhTFnUteec9sezzpbPe-Efc55L8mqrEE8n0CewrHNMEbhxKHx-lF9g,sorare,0.0,0.0
17162316,45397903140551035453333247471210844488459300687830227977930281347651738932046,Nikola Maksimović 2020-21 • Rare 26/100,https://lh3.googleusercontent.com/lswpIgePK6C13g8c1ukC53EntY88JYZsccPrgRQ3Fu-Qv4r4V8SXdjIelNwhgTXtPSRd0jUxkHgwI9Fkh-j3-xOK,sorare,0.04,64.00556151253744
17044116,21397287121236329120021437015468697116763952621896979815707279244391712376319,Steeven Willems 2020-21 • Rare 26/100,https://lh3.googleusercontent.com/2OSNP93eVzuB716xInIj2ohlMaX59ajYpkqCUfoXLJke4ZRZeEdL34sX3fZYUepHAHZB7RHQ_6KtoaAPK7mcwei-P4zlgsbE2cg0mA,sorare,0.011,4.235522200401848
16259677,50606751425290654462539213883692820245241465035347166082149812427784542951874,Michiel Jonckheere 2019-20 • Rare 5/100,https://lh3.googleusercontent.com/-ICZ5UnXC2Z5YbmnQV0fclRexvndRZP1q06PeyvhNCrWySsa5kzha7EK62sgXYkjcwW-Mr8fxl2TJ13hBLFXrxUW5Q,sorare,0.027,32.808548533962124
17224597,42447625611520271738510619873578064838976546785272528321829928833132879810495,Sven Bender 2020-21 • Rare 20/100,https://lh3.googleusercontent.com/8Z3a3wkZN7YMns7gF0-koS02qI_Zemdh2kvqhyOIPqgZ4vjC_PXwk2phyQp-Eh3Qgx8ZAzxe-Q_D9-3DcgUcB0cT7HUYULvEZ9v1OA,sorare,0.008,2.5602076769100623
16881397,55934322219721171484298762570032224598328662932551471385964076053385606780572,Naoki Maeda 2020-21 • Rare 15/100,https://lh3.googleusercontent.com/DO4sJ44vj32ZKQHAcqKrcHEP9VIh9jpCPhYHWs8G2yalOnQhVaYwtVW7Ej8Z4mi-dOLL-rnbqrV8641xy8Im29Un,sorare,0.0,0.0
16295557,85342446334869870512236978524460355364765168456483717447803162528185481550668,Lior Refaelov 2019-20 • Rare 14/100,https://lh3.googleusercontent.com/gaXupmx_L7R06sTebbQqiJA3_WsdQBEp9GYxVBn-NifHm9-V8vUChfZELyIru_IBckbiGKajiXSSRImen0TeEVxmsA,sorare,0.045,81.00819264013631
16603477,22072893751276872400063462232925213744556408653253607907450017014584321811607,Damien Marcq 2020-21 • Rare 2/100,https://lh3.googleusercontent.com/a42XcgOYoN3noUPGZmP-g9q8Qlbcdhm2sy63gWtYlLN5lRQWi0ehmd6Th1M5TwO0kjAKhy8fh417-TtJD_QJXwE,sorare,0.117,547.6214579343983
16300837,41582649026555593339434087809587858566217046318557175779269497780794217777695,Luis Díaz 2019-20 • Rare 20/100,https://lh3.googleusercontent.com/kaffchkcTgMk18g8YlN7qp63Wg4y_UBUuKENP9OndEgfKl9CC_sfmP_csX9BjPHArNnw08KAxWcwpxd3_3LHYKkNag,sorare,0.065,190.13899355192035
16738718,31699887202360945597274052249243900401885288928050924893681140350267822848664,Alexander Roldan 2020-21 • Rare 8/100,https://lh3.googleusercontent.com/wyuSOserUzu_zqeYGZRlA8_Z0w0g9R2yeYHTs6VR3ZdwkdDQ_8gphhXecqJiQ4AK799Bp45IJHqt54x6h-OLLzFF,sorare,0.19,1444.1771176861287
17205278,15523014317171727863058571368662568333681515381700404228589538121116045683193,Harun Tekin 2020-21 • Rare 6/100,https://lh3.googleusercontent.com/M3UTcztbTV712QoqUxztqYkNyJadi7SMg3cmDjNQs8xdgaE3sJidetVKsPeK6dFnIBxSKy0ol11xt-0Ncf2yjAwqQP-obnDayNPvgw,sorare,0.129,832.1478878631576
18209199,33812495196985791421731257447487434557525884925766429658651567436884739275405,Niko Hansen 2020-21 • Rare 23/100,https://lh3.googleusercontent.com/Q3W0NBsCr9guWPxJCVgl-J2Z-eQyKpCxSHlPLBUbH37Wtyz4JaYEPMjy4zg8cGM2BbAXGRwC3urSjvu_p1Q5h4riKMrVhK3buEwe,sorare,0.055,121.01604596052175
17672800,43247524052870530994647479407149686733968112336983557713080116818369601231512,Antonio Mirante 2020-21 • Rare 38/100,https://lh3.googleusercontent.com/MZi5ozOBGYyUT24t51IZCgwviDyWIlgzld1OQ89AJB1MhIvLpNq8ZcmfOV1-c1y9yiPOpXs0qnh5uvi-9XhcARA3aSEibY1K_X_Nyso,sorare,0.049,156.07364719119042
16980400,70779236457293522605636817832823158325726524351027715484316292391389583966665,Mehdi Abeid 2020-21 • Rare 23/100,https://lh3.googleusercontent.com/Lk7DGwV1MnQAcG5JnlBJHBM9CkCsItZZSyPvwueJL_XjqfSTrbOszxdRlVq4EjhiDxuVrEw_3uR9TQSvpxvgRrb8,sorare,0.025,34.37736054883228
16854040,50772996573038514387039343599194005065997714370003614938150022159325512821657,Deni Hočko 2020-21 • Rare 7/100,https://lh3.googleusercontent.com/60UAyivaQAwtHwz-jLGpjtJfvFiR1ad7vS0k1eedkRPK9u-NgtQfWkVoE-qJP82GAuNC7geqDOFixTler0eAVkE,sorare,0.035,49.00471483193383
20858440,7525972658822561981173124403897130125116612842692008793648978534389038759404,Tatsuya Yamashita 2020-21 • Rare 42/100,https://lh3.googleusercontent.com/8wHPQnTl5VVvZaZtbDAra0_6LlrhivW1wx9P8yVwN21jS02lyS6SfaaiFAoj4YrUhlG19ZfGyJ06UYkCCRBd89ISq3BpYeuIDWTn,sorare,0.005,1.1250818166580034
16419521,1785503113883594669929333258645023794078071199866032453743106095997239662502,Andriy Yarmolenko 2019-20 • Rare 19/100,https://lh3.googleusercontent.com/r_e2SEtpNiea20JRdqSXUVLyPV3iPLT1Q4fg2dpfRVM5R1-gC4xLn_s7FjXpRrxVhurPjFDs5P2Njv0n6u_WTCH70A,sorare,0.0,0.0
16287041,114165563995206857618084069527600224976879378713686123905251412342807753953611,Ari Skúlason 2019-20 • Rare 36/100,https://lh3.googleusercontent.com/lympJwAvvQW1nLMZIUUagyqldwHsc_5iELhdDW6JuU5zGygX-4p6cZvzeJd37HbuQDonQoAXCF8W0td52qfltjM,sorare,0.011,5.445590113100251
16259681,73103747917203324084771210346998912799994957967085125137050388633775323356997,Miguel Trauco 2019-20 • Rare 20/100,https://lh3.googleusercontent.com/tWqoS45P77PYSRpE4yzXuJ7TUeW9vWwxrbAxdI5slmkPsYGo-wa_EiIEUyEBVX62D62v6guik11EFi4jOs0t_Y9S,sorare,0.037,54.765126882816816
16479162,42984093996483727322525617612015544320400701985567722246081203847043599602294,Šime Vrsaljko 2019-20 • Rare 13/100,https://lh3.googleusercontent.com/srdRHUp6dsQWoNNCBU3QP-S6j3hQub_VAcMJWtqxwZ2IwEnm54NWfU1yn1XMSEuGAEFWH6KkmzIWYGCBCsXR3nI,sorare,0.03,49.50357030422955
19294963,57620200383303629902350548243478517732170695887513388170492929413737437902270,Reza Ghoochannejhad 2020-21 • Rare 23/100,https://lh3.googleusercontent.com/BglS1y9pk5CDUwecVuMShUCFQoEbb96NQPswDTHrqavFZNlFggXkeZgfxtRBkGFbos2Db7ptNqBL3ad8b7HRGbxoQucNoJW-P9yz,sorare,0.006,1.4402577260436122
17303563,114180118611731896525880985811031197992910316395413414520882874669037569623523,Kim Hyun-Sung 2020-21 • Rare 23/100,https://lh3.googleusercontent.com/ITLrDYFLKRBhwdtVvbTmPU3IkUha9IkWCixANRm5-5rR9M82lZaJ1eNVduQsfHHTRBpJoPqJ2thMD-pcurqzTUQ34S3arLX6OVQ6,sorare,0.011,6.050492933223746
22710643,44593746993304896149615198972789529465378834206901202652838071212211982367793,Ryo Nagai 2021-22 • Rare 16/100,https://lh3.googleusercontent.com/Azm44lNC0BcDY11PMt_yxg14X_niBGgY7dTJZp07nryMBjHfVNe03AEcfGRGH1C71gXjcaX7WJBF3Z8jhIYTcMqw3zTMl08lfOvaNfI,sorare,0.007,1.9601882340886156
16458763,104075145185463762393873827396090652831010861891396010621998024257807236258727,Shin Chang-Moo 2020-21 • Rare 2/100,https://lh3.googleusercontent.com/pIBDY7c8zsx-qhfqhcdl7gzjT9WWzzRwSWFxCa9xttkAvn338fQa6IJixY8eoUSSS-c5pjB3kDyb7cwuDoZovIU2aQ,sorare,0.0,0.0
17135923,60067623107679928825683321463963795010322526612945302142565147950646976910363,Cyriel Dessers 2020-21 • Rare 18/100,https://lh3.googleusercontent.com/N6ox8CYcjpgAybX8N04DFw5yNTFXOUu4V73_tprxLDldVEzcVq8nrFhaRefWUTb8kqXn_5SZp3W4nE2M0GuAo0yE,sorare,0.042,79.38621939405016
17303083,24154458547101466016319898617335758104491893009065576573371059435100619263605,Go Myeong-Seok 2020-21 • Rare 21/100,https://lh3.googleusercontent.com/-TFg_ElOLYqlEADk6Mrt2oZqGilsUVBofm-yYlmFCE6T5rcUDnWxb7r2BTfuZZvyhf7fmSExfcYLCrXqp958JiM7yqDVmWkmCakN9Q,sorare,0.02,18.00775568805382
19244564,43315640949095352014587883348375022509296105130924578698939213535516324606726,Pelle Clement 2020-21 • Rare 30/100,https://lh3.googleusercontent.com/688mA5pnGOETXTxyoYNUazygTQnk88f0jvjyllU-8uOrJUtDsgn3mnv2H66Iz3yCYCZSVdkCCuw4dqRQI9IBrPY9DTaQTRkqDhd30gc,sorare,0.02,16.002841637565645
17076404,7978253201040137054822090210602051319638572894696712007660657493776133336004,Abdoulaye Touré 2020-21 • Rare 21/100,https://lh3.googleusercontent.com/I7El54cQTif7E3aFaONwbU6SJZSvPMYTxezA8BuSI49CS5XkwdJpPOIkiLCZxG-b0m0_x7ZDv0-xEnt9gmOJQ04M,sorare,0.016,10.240966880801702
26093685,3509890514984998218961629756399591960727084494495083425400632023297878027565,Nick Hagglund 2021-22 • Rare 9/100,https://lh3.googleusercontent.com/2744V0LWjkYCvNu0erOGcDApJhXSssVuTqPvobhGwehFA-YgFRoPBZA4lRjSUgyFDidSSogbpDZUGFR-UKQxE6x3iSoGy_dWLX8O,sorare,0.009,3.240387254177802
20147805,106482926224221272183377423045717040757521630493623295451228051818169628562497,Yuki Kobayashi 2020-21 • Rare 24/100,https://lh3.googleusercontent.com/j9rnRfwdcdH08EB5CDvYzpHz5c6dP4PSndplHKKqZc3WjbblTEGIu8hMe8M8Az-ceI9A6U_u2xINFRaOIPEx7tfH4OlNQDX_R6xmqA,sorare,0.007,1.960183326693738
17115405,42300028438225448309173474930784721132215615124291348959831872731851241076829,Artem Rebrov 2020-21 • Rare 23/100,https://lh3.googleusercontent.com/57jHx8YgQgHN3YOrnIvdKPfoKRCvjoSFhbPKvh5kgBaPCn3GSKPSuhrr5coBXebvqo_6PDiCtVQb208S4GX0IPyj,sorare,0.016,10.241037966095043
17130525,41980295806006396938295218148947575224594855668125531469422794455745889235553,Renaud Emond 2020-21 • Rare 22/100,https://lh3.googleusercontent.com/BUkWJo3T3GFk3zgtp00Iy-5OQSI9EPte_HuSC6aQJOEyYvyNfPV8GfZx0DcUdd1ZMyvTHrGXS8iYdoR0jujUNKo,sorare,0.015,9.000862164221521
21895486,110220663976627403598101737801086317453652244319532398487026907046170891083222,Tsukasa Umesaki 2020-21 • Rare 32/100,https://lh3.googleusercontent.com/7ROlAI2eWfWhnoJWp7OKsFh6E9mGvj6PVD6U-FR-9PVIJzdMq0SZePZx8lCDa3BuMbsaFXb-NrHyRcEFZaGGV6Hvr9Q2z1Ja3RtcKQ,sorare,0.005,1.5000933827459548
17853046,110946922339502419389179183426123784813633640254367137226504337564589804172637,Din Sula 2020-21 • Rare 26/100,https://lh3.googleusercontent.com/ffLFR_Sg1hInKiswQygDLCqR2O3QODzC9qP5KxMeizjUXAtoL9IuJ3TL6x-WAU_2CLPdNRmVILR7NGDC2XJ9PUB8swNlMhLr_GCxbw,sorare,0.009,3.2404013388833386
22897366,50964147612139297914739270768920612514849541096373646648979472708602769527774,Hirotaka Tameda 2021-22 • Rare 17/100,https://lh3.googleusercontent.com/ZCFAzI2qJcu_Als9ui_rBj0Hbrs8GoO3HmXq0c52zu0ROQoj-LMLyeaYjnCjME4sblEDLlPi4Y4ifsMDyuzLEDo0oEnL9BXIjHQg5gw,sorare,0.0,0.0
16496206,34919763665008018149343286532476031814819367812069466259261764858103417757108,Jay Chapman 2020-21 • Rare 5/100,https://lh3.googleusercontent.com/LhZgu0RAXSdVPBis3u-ehQZ6j_MlhJmZAAYnaSlU77dVVJJSj-fv0_ZO5BlsXTVceiGAcT3Dq4RTeyUkFlf8fmL_,sorare,0.012,6.48074637358
22927727,112116900307756499284995474603826901053485105199940056680833231545994542512264,Nagisa Sakurauchi 2021-22 • Rare 14/100,https://lh3.googleusercontent.com/u3U3k2fTXOZx9S1RP7K7psCZ8Nb1Q_qgHMy8fQygdTRoUgsLfO8c8w7a201PVxG_z7wvMqdizsW2dtFnR-BrBjuiaeRm5k9e86WqP-4,sorare,0.003,0.3600323320586397
16199927,53679545848595952395554886883380973695116144063130537587522417662227565737112,Konstantinos Manolas 2019-20 • Rare 21/100,https://lh3.googleusercontent.com/afgDtk34gA5Osa2NDSNQIULmZ4m-z8lQZJzFjbk-buV3Hsa02lmdzh1qBL42mdemLj5w8HPfZY17L6Td-NpswlZY,sorare,0.045,81.00753532898861
16599167,1374250248212688369903608117638628765637349922612578206007615273360917520999,Hokuto Shimoda 2020-21 • Rare 6/100,https://lh3.googleusercontent.com/C60mqMZxXhx1EPafKXEYuoWcIRhA9jt63M8OevaG5XGPEVoYeLuGSWTU4HMtMf1do2KuU_9_ppy9EH_4HkSJYMBO,sorare,0.0,0.0
16561848,71750703551391795470833397350332483467647310196860050160919320008026720076016,Vladislav Ignatyev 2020-21 • Rare 2/100,https://lh3.googleusercontent.com/K_Cq4L4I8YCS7mrc7UaYMZcj1CAWMW-cEUaGnejN0XNApkE2yCLBYqh6J9maMD5yk4GbD-MLSELclCsYVc3lcQGa,sorare,0.012,5.040567554698291
22985929,17861447422866023265659877743481088989760877858901513740897201171011580971543,Daiki Tomii 2021-22 • Rare 14/100,https://lh3.googleusercontent.com/s1Tox2l7n2xoTyEU34D4l5rKW-ICx_0PfzSYGd4Ga55ggJ9tk-2xiyWxbaRUnumU0tS6cPAX_ErA6YDehQyjf8gifgPCp1xoAdGdYg,sorare,0.053,112.37114705081422
17528809,84564059584224869367809704463501642860470631302068630646135870230801135102405,Frédéric Frans 2020-21 • Rare 37/100,https://lh3.googleusercontent.com/KLDwWSgaiziIg6_Ku_9eNKSbovYGUQKLTiAaSsQqhnZQByI0GKBDSICA3K-DwYxYyGSC5Dx3irz7nHYCo8nyskQDxhdEBg0LKwaONg,sorare,0.033,49.01376738916542
16328330,102650199346780040473912034762838305256131490277785380264042055948122487275481,Viktor Vasin 2019-20 • Rare 12/100,https://lh3.googleusercontent.com/pI8a-3AYXgf-Clhdk9O3BUdjeFMRhSskWIgXc1KPZ3ZNBNqNaqXB8DQdw3pOjYv3LaH66ZXvwbxSOvCYEQebhYYk,sorare,0.014,8.820853714674838
16810130,108273091430472943405480539964873540636855195724413505118337335302422492173558,Patrik Hrošovský 2020-21 • Rare 6/100,https://lh3.googleusercontent.com/jZICiieBEWKtKEvBL2w1NpmG9l4UhTA7Lm74AvhQtos-J1LDUdd0ES69XrDbQ84JQDVPY5tfg9hsdirhfQb3blR7fw,sorare,0.048,103.68799665577487
16299170,90761966879820758271614098854070127247482778925137412188063082284859778862406,Angelo Ogbonna 2019-20 • Rare 14/100,https://lh3.googleusercontent.com/ZPbljPr02eW4JX0m76KKkv3gDIWu6hIS1iueWvQtMYWsTnNCOn_NiEGiEqGKcXZaodPkvci9aM0yRenYC-gMjRc,sorare,0.044,77.45714182721612
16563770,76949619674314589328209730966165803079533558279379384848403050626263678854672,Anton Kochenkov 2020-21 • Rare 7/100,https://lh3.googleusercontent.com/7hKCj9Fkk0_-vCNTLQGaFFVXSNmIx97Aul9A4u5TOnbQCtT4HX1RdllLqtkD2OK6g_S1QHXAnJ-tFk7IwWGox7vu,sorare,0.032,51.204201184515796
16298690,71571099379045517361617152046820032706406923968155200946668903023408250492102,Moses Simon 2019-20 • Rare 36/100,https://lh3.googleusercontent.com/RDFaiqqRVxBV3IbGhWKeW97BzWxH1LAXMYQrmhHvwPRtqJaT0ceQBPYDU1dATNYjwY5LydTHbBApKMxw8I-rNbv8Vg,sorare,0.095,361.03679533804257
21548691,11724087415157378138222467742995243722031019089788149271592523396252213419950,Jérémy Perbet 2020-21 • Rare 38/100,https://lh3.googleusercontent.com/N0-ITfGygcaFfSWFYrxzx7tlIWx06sFRQTFS0MS_0Fl7Ke-OSQhFouOC4cHdsc_xG_7o3qXsCeVMiVFc1SjmobfN48tdMxatd4CNu9o,sorare,0.007,2.450306900218994
16598331,81083700700655320544558544320561278412012882982139673585932440044529424651873,Jonathan Tah 2019-20 • Rare 56/100,https://lh3.googleusercontent.com/lqrB1-9tiaxUFmHj4vq84T--r2OuQI-fo-aE61As6-xGhu2X_oYGLnlDx8_ca8qPHw2JkCJLNWgjern3FruO2BU,sorare,0.105,385.9134789754308
17855691,8735674692957575243409097405326306106477440441333406903937714800013162772235,Igor de Camargo 2020-21 • Rare 36/100,https://lh3.googleusercontent.com/uOGiifgOndpq05jhWUO27dsqsOBHEeo5YfQMBPtUXgwth-axp6nieyswLypWz4QPY6KScXi9cOJzSHg0oBVsGrkM5PuC-kxq2CqlPaY,sorare,0.04,72.00727700808513
16245051,108996436207254661621389319251873439762854701352883464044592130939954439029504,Maximiliano Comba 2019-20 • Rare 5/100,https://lh3.googleusercontent.com/9FYt3_OjQRSm3psRt20DQF_Wtjdhz_PoCk5W2cDWi3FWG4WTSSIHAzi9SkPrQN684NHSci4pEwMhyVcq2Q1n7l8,sorare,0.006,1.620191249506517
21427612,17993038302933403288868467635094351334845689238009627077821370034664408061332,Tom Van Hyfte 2020-21 • Rare 36/100,https://lh3.googleusercontent.com/wgILtnzJVfRWtS-VdvZDxvjDJl9uPtmrv5qpRklKNzJHpgFpZyQVnLRE0BVKuTN8BoC5s2d2N6cJHGu3jUc-5VX3W7uis3GSHi2i,sorare,0.02,16.002483322768995
17131972,100072706471625160806810414448766326371904098563904863454978861653101068668887,Roman Bezus 2020-21 • Rare 15/100,https://lh3.googleusercontent.com/5DY7omqd-C10lkLrL9iPeFNweTVF74DzpRPMTnug622YOdgvt9-vM1lF39m8FkWMlFbLneLj2FbyfATUCYznpi81,sorare,0.0,0.0
26086252,14564947861512145050520544587816081284940069177603366061705116417205715862803,Eric Miller 2021-22 • Rare 13/100,https://lh3.googleusercontent.com/gMByZIKUyt8CQH914hyDohr-ab5UlegJjA4vPOga803WdUouiWiGkTq1EJyy-MnEb2sgi9wRbw_OUEEAnRh3rupOrAbaHk1lDVvI228,sorare,0.004,0.6400672227568104
16407412,46460060254197987087055899754637961331454389995464466632823003500398663200697,Alessandro Schöpf 2019-20 • Rare 23/100,https://lh3.googleusercontent.com/rpNqpkKBDwLft-gDJlaBhwrLeCyOBhSwFpd1cN-Ihd1pMU003SWk-NpmymZ6Fu4Sd6-qpoaBrCfZlmr13TccS0Vg,sorare,0.025,25.002433345956877
16306253,99718427026827334366870174169029999132797134705558274144024971364775528016813,Federico Fazio 2019-20 • Rare 8/100,https://lh3.googleusercontent.com/n0CK-qmQrfmnpQAtkyoim8_V-oK7smGUrYyamTzb2c4ppJFUevdsM5UoP013RfFCmI5sa-jW7vbg1_0BlJ5bhS_m,sorare,0.012,7.200532026374844
17158133,53461332012872796949888458264530980590772835875781091265696855790318934284741,Lee Sang-Jun 2020-21 • Rare 16/100,https://lh3.googleusercontent.com/6CZxyaDg14r5XkpB-Ufg4-EyKfFfRQUahXxF_nZO6FU4vaTOLKTYPxa1z4udVM6ZmJOMAln8p11NH5u6MK0hH2tM,sorare,0.0,0.0
16477493,108828427727867310597612157747321721179546794181428104117263865572972021726948,Mehmet Çelik 2019-20 • Rare 38/100,https://lh3.googleusercontent.com/q1Gfq_ugRFlRAPsO0aHWAM0x1h55467FlfO1cAzEQHTmEDtGwck65Kv7zB6pWkYnYs_GEhIZanjPDig78WjAWmoX,sorare,0.0,0.0
16496453,23740936006565434826809761711999624283606117427160975418708861628140381898235,Hong Joon-Ho 2020-21 • Rare 6/100,https://lh3.googleusercontent.com/XVF2_y9uEzWa9GW1erVp7eEyYmguECjbds8mm4x7cOHGZL4JXBV4NT5L0LQw7gl8CKdzwBKUnLgX92lUnsF6vB0N,sorare,0.021,17.642141459488215
21613013,83599139803636387423049226488731249726782389392986269101638136417508991395086,Lee Ji-Ho 2021-22 • Rare 19/100,https://lh3.googleusercontent.com/Hz9PxeJsPZoxeOwSuH1RO1ByuPDqwwpZgSN-WQl_GScIzP55X1ALLHe7tbWQz5dwohHn_zAoMb-0cJZuQcVP-54mm2MrKlCw8bFvRWU,sorare,0.002,0.18002385970783719
29639934,83347477856810077579588414714640473218348409411158129330974215996043597684546,Kaoru Takayama 2021-22 • Rare 45/100,https://lh3.googleusercontent.com/cwB2nHNbvJ-9XpbUKv27ZOTUFi7xKutX2MpnB4a4Z9jCeSK8EOrTTRxb2O14i-coLMOfcqxovy437o8B7khfrzcmpIziJUQ518WY,sorare,0.005,1.1250953254573202
21034134,61954878852726993229835477196186611283542631792127916269702496033472465770163,Choi Jong-Hoan 2021-22 • Rare 4/100,https://lh3.googleusercontent.com/y_gNP9T5rY6oSge47EaWZYtvBlqAfdd5TLwnY4-kizpiLWroA1HRvtSbLdmY-k1XlkK3Aq9gD9aB7SJSOKwpHPsKZUkB1F5oHfsO,sorare,0.004,0.6400994710292447
25108254,71808513414145018689770762760830632671785483858575045348886191594939175973410,Yang Sang-Min 2021-22 • Rare 38/100,https://lh3.googleusercontent.com/BYnyV9R_Pegglzzuu_rPQTcoLWVA8YBeq-dNvSqCMTzp3NBtEOmA4TMJCCaf7TwnfARG6l2xDZSnak6BZwDMdKURWIaEMwqef1hb,sorare,0.004,0.6400585851872296
17629015,50335628940300321648450698012644401621071527869273678428522236770069700614308,Kader Bamba 2020-21 • Rare 51/100,https://lh3.googleusercontent.com/t0VIOCyDZTW9shGpQL9Ct6nT2IMLVu8fDqS3FkHiy-ERtsyQT9gwJlhvrv9G3V1DQntQ0RqG0rgU7U-MgBUBE0inlBAbir6joiDHkg,sorare,0.018,12.961223708514652
16374775,35726792291493865252698018645176944026596401850698434962413531454937608957199,Everton Luiz 2020-21 • Rare 2/100,https://lh3.googleusercontent.com/9ZZV2UP5GIBrfPiah_ptOBeYDHiuV4WfSqYsXo41HkSPTJbjvWBzHGXbiPzmOZYW67X6rxwIjHTlqLUZdRkIaweF,sorare,0.038,72.20577481985906
16695535,23726590741537976199486488436773318801853708695512093830024376471147171528760,Steeven Willems 2020-21 • Rare 10/100,https://lh3.googleusercontent.com/qpH6VZatTFv-nQ9Uj9mr78NdnD6VegdBrTaZNf5YGYCpgxkf5X0bDw1tPSl1z-mspmdq3-xc3uRK4OVZkSOLwWDm,sorare,0.017,11.561247238976316
16433336,52174368199838461691688727430477070781072325184110502379929514718044100494802,Kirill Nababkin 2019-20 • Rare 12/100,https://lh3.googleusercontent.com/8nZuyhTX7fvhLQX88NrDZ0UHm5CkSGQrYGljz27ZL-r5qDceV7QpX18xsDGKviXB3hyE60pdgwl-J6n5j910GlLjYA,sorare,0.021,24.25692085801839
17951336,19514353428436127621922742170278235002954927898247376813378841272236934620944,Dentinho 2020-21 • Rare 26/100,https://lh3.googleusercontent.com/1V_83j0QI5yNsbb2bv6gdcN66BgHHCyBB7PmB8MNqBsFcKMkdh3H1nIEJ7ROT7g3TABWs0eOhNnCMldI3Dwd67ul5ot5fK_x0qTgBUo,sorare,0.021,17.64205203476514
16572897,63112675348136476329982369834603950278195898073069248094433069214803166529203,Yoshifumi Kashiwa 2020-21 • Rare 2/100,https://lh3.googleusercontent.com/SEkER1-dBDAHgF_UiFwbN82JF-RuWEQP77xzJhqWcPHjAcrsUkRVkj5J17c8qjneW2IO6FDcZdUPCxL3YrBAFVlBkQ,sorare,0.011,5.44544950192759
16790577,51857014233488701673026484936693469454141879117302245510448663569689992767351,Julian Weigl 2020-21 • Rare 3/100,https://lh3.googleusercontent.com/D1Ig6SJ5cyWSuTwuRornMfZ1ajriztNrvpWl8rrdCG2T1caVOsl3cV9dAU9glRy3NrJlWtWDetZzXh2xYcT-zY0,sorare,0.191,1459.3619571338647
16383297,64383493992387172359986436328530829035820357494136994325454020057783429699801,Jessy Moulin 2019-20 • Rare 46/100,https://lh3.googleusercontent.com/4A2csXGTFFSUJpdt0Xoht9aJ5mIRegJcMB6_U4Q4ZY9-uIrVI9Zq1ICE-QjnnKT3IqPwxqKKGI-cIBa1u27b9uM,sorare,0.129,665.7048509202294
16839777,64025712338587558228488824342329890860687213694439153079311791701962330296977,Jaume Doménech 2020-21 • Rare 10/100,https://lh3.googleusercontent.com/nvXp5YS24Zxapljdn4Eves1OMmfhJycAvwmZJ6mtZ4OiqnfVvEjIeIJ6ojrY7uR8yem83GhF8rCqbO57zQ6lcIV6lw,sorare,0.155,961.0876856125888
16572898,110904131599447101981450051907969099939460630493250948272882497804597854590726,Shun Takagi 2020-21 • Rare 2/100,https://lh3.googleusercontent.com/ZbU-L0co2pQocSfOm4R5ek3jQd8Tv2Yr_Xavo90sKqeqrQRvsrywm65Kih9E9qONWHvleIGV6DJkenIWQsXnOfOs,sorare,0.03,49.503512455451045
17192099,44085531240525909070500734598278248346661557276952693868900936261456614415215,Kevin Strootman 2020-21 • Rare 31/100,https://lh3.googleusercontent.com/JdA4MRHxqSFl6AWGv2hWkPxIp67whMG1q-Zci3TbkZBQjvhbLJQgGgs_ZH3sRF4zpom4Fc22C0oK6oY5vs1fHtnZLw,sorare,0.034,46.24383511198563
20155139,42717495597633563793516193293387551559936586456634993629641102410753532193199,Joachim Carcela-Gonzalez 2020-21 • Rare 48/100,https://lh3.googleusercontent.com/6ctZSW625WxioBw4qdDTty5S6rWtTaWMaJI3aBbonewmeQmdkaV7qh-nen93LD54SieA0CoZ4oBZJ2BA8M9MFO5FLjFlWPzKb2B1,sorare,0.018,12.96110614930952
16496100,52583631185062844508069742546642667502432386612293175445678140108416566388598,Lee Sang-Gi 2020-21 • Rare 5/100,https://lh3.googleusercontent.com/Zpz55gm9dyOXqpd5mrHtxJXr0raxw0zxYkdfv8X8GOILNSoVYNMdFzQZ75YYoxXIcJClpIzJKgoyV8QaYPHevp4Htw,sorare,0.01,4.001938922013455
17311380,62606705682603316012577306955336758209724642565450083309545822901205967113580,Kylian Hazard 2020-21 • Rare 30/100,https://lh3.googleusercontent.com/gyyKQyaLsP0VRL_WWheeMqMxpsY-F2JIJXq08g7JNlSBPLCEUkkaS4rbDsCWZAd3DSecjJwBwW4iX4k5Cv8wNOQ1HydxUShMyR4eLlo,sorare,0.045,81.00864700515346
16196820,86874596104875947896450780529885250725154063512925144512933249625059192360255,Danny Vuković 2019-20 • Rare 3/100,https://lh3.googleusercontent.com/7ueyfhAQbYncazbQP1tKbsrlSEpZRdvFldYEzCZwRl1QTHnKzSV0ZHrnGl0d9zIZ7odd4zgoTvmnDwUIjAZgXKksqg,sorare,0.2,1600.155093707992
16303380,57885094377725925016960707130068667886003520877977208362986312422155096292028,Kader Bamba 2019-20 • Rare 9/100,https://lh3.googleusercontent.com/YMC543DJ5G9WdMYnUkvCIlHO8VSqzYKT3r0yjMNJ0_bGZ06rmF40Icz9D0fhQ5pHG0KdhVjKVsTMK_Yc56PswnCY,sorare,0.014,7.840788328251063
16238701,111675049666678473141400026002664577449422276036387739750442795913559880099717,Danny Vuković 2019-20 • Rare 7/100,https://lh3.googleusercontent.com/yeb5bsq6NnlIrNT4VmFfB-tpU8_Igikhq-TV4f7DoM8MvDOCWDkO0A_UKVNHgfDe2I8TtW6nUtYOPcASoCbPpvg,sorare,0.031,38.443726126334504
16587421,60773345766952106096198114814142457983777749356196921665142703471441796382442,Miguel Trauco 2020-21 • Rare 3/100,https://lh3.googleusercontent.com/x_qjlwM43eYxB6CDKFaA1Ma_EULA2qBlWQdH9y1Qx9EENkmlSWF5wF1RZQ6jTa56IB_YpoUhYHY4jzKwPdcHKY-n,sorare,0.03,40.50314980111272
16580702,90165492673336629123563955698577295033782973181249565843569545694897007798094,Shunta Awaka 2020-21 • Rare 3/100,https://lh3.googleusercontent.com/zEHp69SXQ6aOhb9GX1QSzy4yTBZxjzCoLJSiMPmHRjUscUg7BPrFm5MziGM-o7WXUxC9CapumP-chfBl-YIBI3M,sorare,0.011,4.840491561861815
16837623,95210691845623345312290043683096382284185521494543207676361139974529728343333,Hannes Van der Bruggen 2020-21 • Rare 7/100,https://lh3.googleusercontent.com/fraO28lkdLasEDj1-sEpMd70zdyupS_YEaG2U3FUqmLleBxY15Gw-UgRcR-aTxVXnGGtEY3Yr1uXn4GRu3mFG_w,sorare,0.016,10.241267737475368
16695423,112234152335422522093975981335531181465758718986260633039154648106126533522264,Timo Becker 2020-21 • Rare 9/100,https://lh3.googleusercontent.com/_BABm-hCvElvF6W0N_9gK-iw0zeSqh0DmcIx7EE6JPDGe-he3hJGB5JfoSTHHvxir9txSzTZ95Lwa1cHmFr49_mL,sorare,0.046,84.647739149486
16999385,41178507496864905570120087907418343890965656307979414808976188541051260258998,Marko Kvasina 2020-21 • Rare 10/100,https://lh3.googleusercontent.com/Pf42HaOrVKXDL_WM2qhb0MW6UOzx2HpxLGTwnHGQxy6w05SkIWXVOX6A2-YDRmRFqmsBgQcmKueShuXxzouOhpI,sorare,0.064,163.85915875960578
17210465,3470758706530770219246420486767471680039243042278183688085366203746479193446,Timothy Derijck 2020-21 • Super Rare 3/10,https://lh3.googleusercontent.com/2l5fLD6zFK9rxGFBDFF00pi0GeNwPt4qAatPRaClsPGGtIMy9CZRJkCmSTpuWdTTBC4nImMFqP7kfVcIod0fRYj05egssZxlzMKy8as,sorare,0.248,2460.4906387127508
16479185,69101277158006073950323419971942245638606935516314681398234588902291568971961,José Callejón 2019-20 • Rare 34/100,https://lh3.googleusercontent.com/iZ__-g1YzDxtpXcEpUK8f71GlheQBJI7TnKgXsnrdMXXw1ZLLYVZHaJOp36Mupvxe-ugPboc8SAJrZbKrnHdwq_V-w,sorare,0.036,51.844881797000824
16444385,54741652757237125351427243141286408067893896762555518920073484963720257036537,Leonardo Spinazzola 2019-20 • Rare 19/100,https://lh3.googleusercontent.com/G4Fvy5TPJ46WXTUtt5aJfhIcvgjIwNnVMc6s6va5VZU76jTpjes4J2syFYGu6yWu1SY8ttrzN3VMUD74GOrGPiYH,sorare,0.139,772.9113838999192
17376426,27221793925501033845676686475566143314210096900683224627575524070659568084164,Éder 2020-21 • Rare 39/100,https://lh3.googleusercontent.com/3N0JGF-0uCEQUoa83arHCwYnGCFrwRTvpakgurtUkLADAYxpDv1Bef9XlP1-qK0F8V6GZzK6tENi-Aac6_oGrio4TVW2hTNgT4kjSQ,sorare,0.015,12.37589917085798
16217466,83582995471181449844337881320033136845710550622981174159327277202466430443174,Federico Ricca 2019-20 • Rare 15/100,https://lh3.googleusercontent.com/-uKLL72b3eP-MDTXxTWgoTd-i4mLNBXOm8bMaxnguvp_TglUSkL18njMyZMMgOJqk6zYvKckNxZevqEIfLmmHGVUUA,sorare,0.0,0.0
16659546,66585158353725869902383390579573170411795157014169337321845685740480255674489,Éder 2020-21 • Rare 12/100,https://lh3.googleusercontent.com/5ipzGwDi-c7CtuWmmS_YVu5TWQTEXvKDx2DXgFFoLyTDtpV5r2HvdCi6bDCO1oyO1tMUWFBPfM161Adzo4xPBkn4,sorare,0.028,31.363133110900698
16642866,86603271214434758038492453491439248979114326380230519567033612095754447277349,Kosei Shibasaki 2020-21 • Rare 6/100,https://lh3.googleusercontent.com/LluqQsswd989520076c51vz5bvwk7A_83TIVc9LLGLc5X8bByF2NHOy8QSz59vPiHWB-y5aTmhzf6P25P8ywDno,sorare,0.021,17.641638267355933
19257906,89599467060615431745532656932717856493093294515999852611670998511080972730906,Andriy Pyatov 2020-21 • Rare 48/100,https://lh3.googleusercontent.com/jD3s34t177QlN4CJbG4whcj1jNI_8ODgY1kKF_mTEVNSXS8KwRRlB9yP6EoN1t-f-y2kFYx-Rh2QspallmZFlNk5Z4HcweOXbsKXj1o,sorare,0.0,0.0
16239067,92572653720164333005293636696235713448170379368939700292216617226060954419173,Dieumerci Mbokani 2019-20 • Rare 51/100,https://lh3.googleusercontent.com/7rT-bFmiXcVjYZb6Ne6C8f7UFtUJuaZyYfgV01L-VQ-AIWFxls8VBYCkFguVkrvPXqtmr2qC48hYNMt3ThOgahUUIA,sorare,0.0,0.0
16584668,59797395010192874481881569943895725918222461061887162597166229751506360591682,Luiz Araujo 2020-21 • Rare 1/100,https://lh3.googleusercontent.com/C7syS_X1Zg10dfeMOQcBNtFbiD_Lz65b7N46x1bJdmRR6DYVpWmmSFmZdd8ib6g_EcYFbX0v78lYdBzX9wUS2qUz,sorare,0.09,445.52954688137334
16589708,98350727952972655545238210229062139694181233520209772720740616852254881545800,Kazuhiro Sato 2020-21 • Rare 4/100,https://lh3.googleusercontent.com/bBr051K5eHhV78XDXGWLJKO5tko-uyGVMLoeYRDnGAVMArIprJwUt74DXvGCQx0HwFmGr2zETFpJ9J1FLvYNC47M,sorare,0.021,17.641649940243646
16236788,42182618173143485826085950052892372343648235118738894601034446946827562066106,Haris Seferović 2019-20 • Rare 16/100,https://lh3.googleusercontent.com/W_8HfeciJktFWXbUhHJjsn8OXpB7eqvKVWEsCg0uAo63Da66_aj8uiUdrm8JbSMet5bTJ2sErWNgjGcWQhSimqnu,sorare,0.049,120.05874732123551
16236669,96625616795126778748487558582290098939025705852536769638095744129991296160899,Vladislav Ignatyev 2019-20 • Rare 15/100,https://lh3.googleusercontent.com/xRaaDRFujSlxd8S2LfnHX48bGnPNSg5KPsnyEQT4VZDFellFfC6ij_CsqWKlUMvcRZ-5S5Rn9JY-jJjBgmxZxmLN,sorare,0.02,18.001674622741362
17527749,97610670659133903401555018346928376464040763083246112562952172565439838167111,Steve De Ridder 2020-21 • Rare 28/100,https://lh3.googleusercontent.com/YOP3fyeRhiV6mwLLNbMiVDVGXhBhkaTJdQnsPrHgACPf2M2KHcPOL3n_h639glCdq9gEK8FGMZJrJJHXYxY7NjZE66-ZeMnDMQRAFA,sorare,0.009,3.645362687797913
16534871,45401082445397442323596736777233687439743803054658284245775730099861140026348,Steve Mandanda 2019-20 • Rare 22/100,https://lh3.googleusercontent.com/9DNE_mNhlZIsGFQoUp_74FDp0GBPaXVtarSYNo3SmltSJmMetwCdvzCt273kjx5fu0wInvDN2WANpQ7csKy1EtkK,sorare,0.284,4839.660374468612
17238671,61523494196771269014495848530096201424276301362032641017658718443482589433039,Roman Bezus 2020-21 • Rare 23/100,https://lh3.googleusercontent.com/AGT4k3u85yJ7xi7wG8UY3U1IR-gmwuX1Y_RK5B6oV24oWAFyktSVQMrHyt2xtZchI2_W9AXIr4njHEKKjCabAzCplxTepbdsJPlA,sorare,0.05,100.00905768182923
17239031,90365307376435560994661619507712068761033106454278617002747994247838005607724,Evgeni Markov 2020-21 • Rare 17/100,https://lh3.googleusercontent.com/cS6FfxLcP1gWTxD-z05EiEjlnEF96MmYSUT17JHwci1jDNxuu141fedNXJscBXlF144-Pd0ZAaUV4oUWWhSU6l8d2-Cf7whUpVWN,sorare,0.012,5.760862531012536
20583312,54720214225380059366268414089637656376895342867801551916910769993629614710146,Tatsuya Yamashita 2020-21 • Rare 41/100,https://lh3.googleusercontent.com/Emf_rmsfIO5gL5JmqV4PZJ4zfWU7ZkKh3SGQHcSjO7cTpfrHUKz0jjk2UuduUcf-2uH9A0pXT7YNR9lEfEMCKafyCZUzMcO3IrvfxIU,sorare,0.004,0.8000523626611222
16563073,87916187397840472221122742329122851631778427467469528314280427515610432851619,Tatsuki Nara 2020-21 • Rare 2/100,https://lh3.googleusercontent.com/_5hHFvz09rwIm3ZY22tVxHNg3HiHgk2rxlGeBxdGBB1795UqoIabV_UGcF1URcEnxE9byrHXuklqU-1WeTreVhB0,sorare,0.107,515.243732606493
17162713,68594692479155535132556937724477851016561750273173380477564540413052190389639,Nicolas Pallois 2020-21 • Rare 36/100,https://lh3.googleusercontent.com/WWZBq8LGGwNp51-ei-_XgLo546Qv6MBxuFl4bZNG_w24I4ybWWrZineAt4AH3guDy7MNO_LtC8D6cazTdi4GHpc,sorare,0.022,19.36183250745559
16220834,48860177086312321817196338714928995278559191834236165433167640723554270116753,Olivier Deschacht 2019-20 • Rare 22/100,https://lh3.googleusercontent.com/jni7-VN8hcT-kyIPl08Z0ibnrF_GdgyFH4MkXHW98ntRS_5ZRMEDt17fbs9etdmZxVOMCxaBsEaUBd43IQs815vh,sorare,0.02,18.001897633787518
16785914,33965939134089362603599959794815500985282526861290446488548696985874977146025,Yuto Iwasaki 2020-21 • Rare 17/100,https://lh3.googleusercontent.com/mFfNL3vsZMeTNkMrjtTJsdCtMrX9mTn86IGa6HZLodUl2vseUxwhIVdlhKFENWs-bFxg9B_aOBEyPwLvKjCa9dXr,sorare,0.56,15681.188629515927
17168114,78360942121066291095432101162889198382797846005896466370606443634511623517625,Kévin Monnet-Paquet 2020-21 • Rare 26/100,https://lh3.googleusercontent.com/W-nuPO8zp5CSFX_sf3bFwzOj1pamBYrH0NMDo95LpiX6evRnrnlMYTm-bEQKSLYnluH1kz2WWt6XQEwWCaSP10_O,sorare,0.0,0.0
16291035,7673223615054319868345455619948321162457765619478058786148200945887627214869,Damien Marcq 2019-20 • Rare 6/100,https://lh3.googleusercontent.com/45cYoG7kuYH9ZE7SAkvJMiKfPpGIiajFjza-pJJf9bO7rPUzbLRu1ReY7vgTnY1xVNbH1vBo32hLN9wm_oHlxq6L,sorare,0.065,232.39500448847474
20363235,35257962665168554654865537158401816235262818098280558181729579973060934529885,Sergio Padt 2020-21 • Rare 49/100,https://lh3.googleusercontent.com/UokdwpZIDL4v03S0yFsMasIpHErkH4V8X-vQdrl-SWzRsGlS2Jv8mnjKSnUmkGW-6Cr9us3aEEEDeUsUJC-EAsMoUwW9S6cfWCR7-A,sorare,0.055,166.39696385771208
16588515,79893266776754806706553142060353555022913794945326228888582217610548782586862,Evan Bush 2020-21 • Rare 8/100,https://lh3.googleusercontent.com/Ns3tVfypK9SePDK08i-B2c47gccSJsAGV-ued4PyAT4U0_q0kdrNzoQzCK7EM1c_0LQh148vxxm7EJDS7W7KVjM,sorare,0.05,137.51363386690159
16318036,87966258939097089014622246227117080433186231959286541513592202620366095644197,Lee Eu-Ddeum 2020-21 • Rare 4/100,https://lh3.googleusercontent.com/RbYnhKhrHhb7a5149r1rLC9NxD9XiNjvKE9YO_9twEcU_ZSaAI13FoNvilZc_TA7fIgXVZHDCH473rra47xL1I-8hw,sorare,0.014,8.820951759772539
21250036,74535394626749291174351074262980265223604422927405416298075135111986618819554,Lukas Schmitz 2020-21 • Rare 37/100,https://lh3.googleusercontent.com/7ZEaWPm-wY-atmx_eRt33q84kDCNkaRYxha4g8FjcCr6o4AM0QD10l0lcvuAelKFQ_s2x0ODB6-tVrSfC8crK68HmNcIOl2hhZ3A4w,sorare,0.01,4.5006939875319585
16288997,74839497634079080475103870466910561009522951532795969548117042576481601874817,Thomas Didillon 2019-20 • Rare 27/100,https://lh3.googleusercontent.com/JCF1kPMiNNMkacQzVrGTDY9UxJn62xNPJ37Fd9jmo8aXmAJjCMvS-sH_I2IKq3l-UhOq6wM0Whh6IZqY_AdIsuoP8g,sorare,0.166,1102.3468440554357
16277358,46284372882963316217980340494354787090641225730060680896045542110882376693576,Olivier Deschacht 2019-20 • Rare 18/100,https://lh3.googleusercontent.com/yvKLAOJ31CapodvY6OhcckxdJIrLJdIZrXfSSnodLqqDhncQd0ieUx7qzKKNioGoUeeNcp4gg-4FmKXthTKtNWIU,sorare,0.017,11.561371040411482
16496358,10838952929475464607917723714801958571130506521430125346735133897755529424655,Kim Dong-Jin 2020-21 • Rare 7/100,https://lh3.googleusercontent.com/8Qmj4VP7l4cIrU9M_LyYg699sqYYYrP0NDSKkzFe5pignzJxf5Po7RXG2AkdAuukctWEx3hV_7Rnr66R-R2GUaKT,sorare,0.004,0.8000526677736088
