id,token_id,nft_name,image_url,slug,last_sale_total_price,rarity,predicted_price
38109600,7147,0N1 #7147,https://lh3.googleusercontent.com/a8FAvknnqT9gwRzorO9c6XE8ALFeegsTMWLdLyZlN5PVyzOK3t6IUZDI7xRjKF0_dEFNf4YcvFrY--UKpeepbWvIsWjBSPdHNcwNH0M,0n1-force,0.6534,21410.63127768488,1.6401721924221
38106360,4113,0N1 #4113,https://lh3.googleusercontent.com/KzDoGXkZjwE5ul6S_0CMFRTv143oqfheo4Rtoxp6Qg36FA3IiIoxPtsZToDVsaAvtOwRLh8F9TggdCGRClTVbgb-Eq2vsgM_3RATWQ,0n1-force,2.03,124244.69958326686,1.9822737031543636
38107440,5104,0N1 #5104,https://lh3.googleusercontent.com/DHZcFtdG8OL4S9e5IWMHPFRGC6fDb6AaTyAynmG8B1F0J5SxkH8eK-GZ_-vopF1RQleKOFklmiFTvcue8xpCLWnRjlSuSCgRT6G3,0n1-force,2.05,147574.49909939387,2.0598857221190423
38106601,4434,0N1 #4434,https://lh3.googleusercontent.com/hOhU-PkaoEb6Q9B4uZjNgCJcjPBYqIfPUN4q0Bv89ph35JMnEzrPvNKdR8FRwuS-x2FZ72uo-UwHwaZqp3UbGY78CqL6k-4XPcKIUA,0n1-force,0.65,16983.821197293524,1.6254453762883023
38105881,3732,0N1 #3732,https://lh3.googleusercontent.com/c5boZ9cnnF1ml9xNXX2w90LqVL_1-7We34BlcBp5en8eX1J3Ox6lSAIOPy7ei1-D3KQQVbQ5BibSGtR_poNCchj-nT5Ji-5-gTrmB2w,0n1-force,1.76,77771.90310509433,1.827671107486437
38104441,2406,0N1 #2406,https://lh3.googleusercontent.com/BtwaRe42wh9JDOqHILH9T_eELFhxRSfcOXRcjVP-6HcTLSQ7Lpe-fQ8l6l7ankTtfYYm4yFbs7jmd9WVAUlaqNZTLsRBh29e5cgifg,0n1-force,0.99,24646.857688596698,1.6509382543166335
37258082,421,0N1 #0421,https://lh3.googleusercontent.com/PiPIcbCENtzntv8Huh7U72fGZZpT38kwKStYEoBEeeOKkPenPLqeVKvCHO_1YzxEM7NEiridaNIQhsrGkNUkqRr6SNF-YBXDQiKUUQ,0n1-force,2.0,140554.90746071254,2.036533413454365
38106123,3938,0N1 #3938,https://lh3.googleusercontent.com/17HDEDD9dbWcrR5073lvw5f7ms23ZdCWkHFvLXKVTnpVuiAsbEPeqktA65VkktNHEcDhmxJlkY-7Co0CB4ljskY_vgRa69XaYPYUiA,0n1-force,1.15,46430.48721305824,1.7234065782130024
38108043,5568,0N1 #5568,https://lh3.googleusercontent.com/jFOGbPdokl-FyE_zsMoOF79if1PYpyKkjx3IBts-EjxhCpQKd-S0YZo06O5OoRJnXDqfdR0osAZCQWvdQTe0HIup3aqtVDj3A7KRdA,0n1-force,1.35,64029.0746427154,1.7819523835637057
37261685,477,0N1 #0477,https://lh3.googleusercontent.com/OrAOkg6Xkk4W6bOIHuJCH0P6Xap_RxWOTpBqAA8sPeLo5dyKXZ23mLYHimYv8PYgKWMu-YIqKrMcC9eKlMdlLZJ06vHoJfHlKgFJ6Q,0n1-force,0.936,39516.91506009861,1.7004069680929814
38105765,3512,0N1 #3512,https://lh3.googleusercontent.com/s_whdrOVY99zB6lEl-jkQ2Ozc0lzZ23O8dkBABQFhVCQRPtjKz8Dl3feQAxScro7uIEJIIhEcVDu4GqM-RFN6FlZ8oUEYpvr7_jqzg,0n1-force,4.2,443303.5376304644,3.0436973374316247
38106965,4600,0N1 #4600,https://lh3.googleusercontent.com/MCzmkgdkjeQ9lYeIEzPvwgmBomFy33dXXcyL26LKPJy64RORYXTs1UWxWkjCsTGsqGrChZtETBijYudywoowhS2xQo7nS2xmzqC0Qhs,0n1-force,1.297,59081.30572157164,1.7654924763503923
37515006,963,0N1 #0963,https://lh3.googleusercontent.com/rcBQSSCPqMGSioRK7D7dxo5xyHa5Uc5lwUMthB3HQIE9RsJjyOH5-KsX57VzHV6OEIZor9nEeq7pAHDUlupp3zqR0vENZMvvKjKQ,0n1-force,1.12,37813.72083821442,1.6947408953023415
38105767,3607,0N1 #3607,https://lh3.googleusercontent.com/OTAZO_NY4-TzMTcD-24xrR1JohR2IZrWR--9swH2x0mLq2hMPmFSIPRS9clqsXi6xFZ8XEK4FFCapGgUEAi6XnDRaLb7sDb9jV3m,0n1-force,0.9,36550.40081396703,1.6905381666156862
37258087,422,0N1 #0422,https://lh3.googleusercontent.com/140KMBF9YVCpCHpLrYiNryF0UEw9SEaCYGwVfN-ZtiJsI77VDPGG2gpLgWVmAt7P1DipsE8CllC2BGHW8VX4uQ8Zhp_i3wD_Z-R_,0n1-force,2.49,187204.520667684,2.1917242312070693
38107928,5548,0N1 #5548,https://lh3.googleusercontent.com/yd8Smbv1iszSicE3Dlg5AuaI3j8UNhtt6SpYSnvfZLG7xu_ppKP4vto439IIjU3uXfxquX7uusljpdV7orzcyHmhp0sSCXx3GgZx0Xk,0n1-force,4.79,691145.6214288487,3.8682018298388083
38106008,3756,0N1 #3756,https://lh3.googleusercontent.com/SpcvS3j0xIt2yPCSDXGvHH4UMJ4sF8JneX4vwWltKgxWRkV6ZpsYmjREupfdueTQE5iJYULMNrCvk4JzJsPiUVd1gErK-NAkN-yjyA,0n1-force,3.85,372640.1767880042,2.808619187787782
38106129,3884,0N1 #3884,https://lh3.googleusercontent.com/z8p0A4psjyh_LjPE38uxnbmucdLAouWMPHIEIOwbf2AdcMPHpQbva4IxteF792_mHTJMP_6jl9RCQcPE6ODVf9cLOB2ntCU1ZHIgRA,0n1-force,1.6,64535.2018924505,1.7836361338967435
38106130,3823,0N1 #3823,https://lh3.googleusercontent.com/DwI3o75yZvTFZru9zIQHvAwR30upuaKoraudIDwcud-XjKuVQ_Th4T8wf3IZFrBizEDrJidRCIc2Img9LL3458uslMcf4d3TPy94ag,0n1-force,1.5722,62184.88783003437,1.7758172660381022
38104930,2745,0N1 #2745,https://lh3.googleusercontent.com/kn1VFQD3-AnSS6RDjCUGmcfIjAVyzeG66OuVFoSC5dqp798rrzkuyexB7qCy_14D5TMfXS9xqnuFBkraSBtruQNf08ZIbe8b3KNIkoc,0n1-force,3.0,226008.57700354976,2.3208149743214204
38109131,6644,0N1 #6644,https://lh3.googleusercontent.com/fvJwfDuU-XZXim2S7ZQF9GljAg7txh7FENffqFVJQJDUGIpvgS-TsqI3t4vbNI9LtXe8haZa1CNSGM3p9AxMrRuLw3P2VPSqBn_A,0n1-force,1.13,57599.31533424927,1.7605622897036177
38105651,3515,0N1 #3515,https://lh3.googleusercontent.com/qZQvHiIRZ1rRTBc-bFtwBCvjPBYadzyq8D_hCkmgMlDO7wSOuSKGpxePXYR_mkrTdNtPyjUNWPyAqRdGz2aiYsgXcl9pl55nTLs4gQ,0n1-force,2.9,253557.3223647081,2.4124623005637793
38106011,3632,0N1 #3632,https://lh3.googleusercontent.com/zd56VWcYBxIwPZ3RUpZOy0NorlepQtdXTwOt0LS6iv9_901-pQX8g3FFKCmDf60vg4FCfNSlxME5auNKfCYfZ9R6tTDYl7PJr6aa,0n1-force,1.95,95566.1009241362,1.886867656416832
38106612,4364,0N1 #4364,https://lh3.googleusercontent.com/LR_NPhyJePzNF0VF0VNlyovJGcgqKFcBrJ_MENVzlxrEj5shpoGCuU-tuGDt4MdT7k2B1fJGfVH_y3dpDV2tTcMcFBaFJsJfjxyjlA,0n1-force,1.03,31951.61430394327,1.6752392307811221
38106132,3811,0N1 #3811,https://lh3.googleusercontent.com/TgBdgHfIlfQ9E1Qs0mfwAWA1S_liiKDbzGp2iJ8VjoQkH7EDwT9aR1ydBlxFOIWkVoV1MOTKZI0Ntiw96Iahob9zG7fHOdR6KkF0,0n1-force,4.5,511588.8466671209,3.270864343144571
37548852,1274,0N1 #1274,https://lh3.googleusercontent.com/l88F1HThLHA8dF411NSgH31Cm0wzpHg3tWrXc21Ure09aoUqCuG7xla0B9l4MrXMjQjnhyFh2AKhRfDm4cG6sKEXVz06g8vX32LAa6w,0n1-force,2.82,200107.2920160104,2.234648309225441
38106252,4214,0N1 #4214,https://lh3.googleusercontent.com/kFa-515LDoeZD5YfyhYPlec2pLnul3U9e97q-LZvZ0_YyYK3B-RUsbFbKaEH8kNpj0oor26INEUqyt0g5fdYi4UNUJZOSLXGMIOG,0n1-force,2.35,139087.3664930783,2.0316512961720137
38105773,3563,0N1 #3563,https://lh3.googleusercontent.com/KLIkTBCa0EqNvDYy9ek33k7K9lWNJFG5PkZD3EUge-SVNdLyzyfrl_5QRrue6aIuU2eMRGBIpYaizTUeifOLVVknyOFhaqBhUPzXvw,0n1-force,2.5,156921.15945982124,2.0909795675954443
38107334,4998,0N1 #4998,https://lh3.googleusercontent.com/SbnB8gwJ7CQax6sfOowJp2_lKN_6Xkni7KsPOSjmOPGwOfrhKmbBjK_9WSVqiF1i9xpdpoYYoeFc6qa_0mj_HmCFIpg_AfbY4eTqYg,0n1-force,0.765,17647.92892298573,1.6276546855181302
38104454,2334,0N1 #2334,https://lh3.googleusercontent.com/mbFwvgj3D8QK0va5lzY9g0xWSEz2dNfbRms-EtipJlgd2gXje-ITYVT4S8RwLMmuPA3D2ki5sdJBgyQnVUA1FZ5AUXVu9vKU2B5TtA,0n1-force,3.39,290767.5131303283,2.5362506781443193
38106135,3923,0N1 #3923,https://lh3.googleusercontent.com/-tolo_6WTdrVlY2U4x7NgQKOEn_7h48Hn2an9FU_OKi_C6ez5DT-m4qE5iGmA06bWr-lFzESEZujPfE8OS0Htjur_4Wzr1tqKjLe,0n1-force,3.45,478801.3389167168,3.1617890520530274
38106015,3932,0N1 #3932,https://lh3.googleusercontent.com/H-u3IkZU6TyQhqgAgkehrNy3VHIYytGwSKGOa92cfacx1btzkojotnyczz-FQGwO9S3bX4u3c7v71P-cB37Scq8-FOnXHb2x41CJ,0n1-force,1.77,110082.2249686874,1.9351589284382886
38108176,5786,0N1 #5786,https://lh3.googleusercontent.com/ztkKTAC01nV1yKxT9YWLi4s8AwaUvf6jkOqBDOKWSyfxy5Xe65-k5U9TnHJiTGoPJQF37KPLemQpfQtf56lnvE6V9mLGuXP10R8Vgw,0n1-force,1.74,91426.48550879932,1.8730962603146275
38106377,4089,0N1 #4089,https://lh3.googleusercontent.com/z47KVdjpXNyEaY00BkdGh52bLauDqaS3mfdCzYMBt047vB9XOEr-jCaEOtp4RrRPkKh_5HPvhJUuu7XzSOsQKTeMzhZkDklg8UPYPQ,0n1-force,1.92,92662.113541184,1.8772068651321459
38106018,3907,0N1 #3907,https://lh3.googleusercontent.com/Qbd-lILjGhVpJlzkd5cM-PvI05dbIAmjnvqfvlEibmKeCnvre92KGR1Iw-OssqAE0pdB2rLWeSaVjItCOuyuf0VVvD9XK1f368CYLA,0n1-force,2.55,196054.16618952816,2.2211646409112875
38107338,5024,0N1 #5024,https://lh3.googleusercontent.com/_e7NDi-jcFa01gOb00Ew7IEhUqxfpaSJmU8hsEnXqD8mRioqyjjUArJCEZQGjjcxDSGp5dEK3ieWJNe4WMhXn4y9Yts7uXJSmMW7rA,0n1-force,0.9917,39456.91886943653,1.7002073767726935
38104338,2325,0N1 #2325,https://lh3.googleusercontent.com/ubSXtTxuvPqKRk7AiS286ulQrvlrBAkLse9ncFctcq7pusNFepxSkxWv2FcIvSa7sTbcaCMqMAtbQIFBBOXEYOlE-UM8dcOHzajJYg,0n1-force,1.199,50524.53937330074,1.7370263975210714
38107218,4932,0N1 #4932,https://lh3.googleusercontent.com/FZF4aNRE8eHBUZLQ5PnZb0ITNbFXW_P1owwsOhkzBAp-S0yu8XMUTgBs8LNIiXYcQqmB-zRLQkan1ldLI7emUvf5U7ZBFPhZ_Kgq7w,0n1-force,2.3,185832.18630506683,2.1871588408999774
38106019,3685,0N1 #3685,https://lh3.googleusercontent.com/QAfUypyJJuAPIu3wUC-XnNyeHdDYIx0M0uFLdPnp-F_a22lW-8e6xORS5aNfdUWJBMkHh81UlR8R3TxO1u2EzXqZEOztz9ZZ_JGAU4o,0n1-force,2.38,142380.06591136585,2.0426052286959715
38106020,3736,0N1 #3736,https://lh3.googleusercontent.com/c0uBz87IixWvGvSvimNVBQjkw9zoULwB4UigvRHxVPr37ZzUWszPSS_L_cfzDOH8sVFrLdeGuVIYYH9u70HUVhilDCyB715IQcYzDg,0n1-force,1.45,52977.933842099,1.7451881863915064
38109020,6478,0N1 #6478,https://lh3.googleusercontent.com/c9cusYgIU9coTcmSAJ2KIqm5XDUOqi3fsrac8ixof817L-VXcX_l90wXG0jeiT3ZtsSVpjIxntrdT7Qsykivve3fDK9na4xNjnd2,0n1-force,1.69,100544.790723952,1.9034304291442807
38105661,3338,0N1 #3338,https://lh3.googleusercontent.com/-H3CPsvQmBis6Iq0890jhIzEZs89J2hxK8XhJa4XgYWLXhYoPx8ng-6VNYlEjycpXUOv8qUUfuxXANxiNIp7SU_gjPGUOimocvWg,0n1-force,2.75,416799.7113831186,2.9555261783128497
38106021,3866,0N1 #3866,https://lh3.googleusercontent.com/JfmsmAhmTA1mM8nMjBexorO70wvz_cjOR4-bJJNaTIecEPVfITvRaZfe8WIkFfFTcAxIwpvQBo2bxhyXAN2iAAws0sfOhlet-KoImXU,0n1-force,4.25,725369.3146473132,3.9820549268307777
37530861,1200,0N1 #1200,https://lh3.googleusercontent.com/RAHi6_VgHDnywmVG4LRcPLR26Ldoh3QSM8n2mGXs7rsfVXDXoFqF1QFrVduFRYjzIHLeF1sEBCKyeRE9YdSPU59RZSea_1JsvzpDaQ,0n1-force,1.97,97461.3484269825,1.8931726392364223
38106622,4288,0N1 #4288,https://lh3.googleusercontent.com/9cubK-XeskNB1te39UmadQc8WwJVL_CoezLnW67YWtt-Wg9-KZi7UYRwhkW48EtGHwIFifnVmKO3lAUkpRwWQ7i5oL9lNqOYLQsHyrs,0n1-force,2.6969,219388.093432503,2.2987903917219756
37552702,1279,0N1 #1279,https://lh3.googleusercontent.com/UND8B8W65a2JIQKyc8gnHCMrN5w1e0ShsyTy22wRWj5tnjhbllHBJNd83Br1KF3tI_2Mol1MMkvXSJgYR9SM1Gse4VSPyuCId46Ryg,0n1-force,2.1,111279.57951138855,1.939142207566398
38106142,3919,0N1 #3919,https://lh3.googleusercontent.com/OkWHH_A7uBV54LtCmS-lCzdq4tYrCNyP-PhL6smyty0QTf6qypNk0IujLsY4uQOgi85UGOJE36whqqcp6brSG3FHUdklgb4FCB08Qg,0n1-force,1.15,33486.85026028049,1.6803465512309244
38106623,4482,0N1 #4482,https://lh3.googleusercontent.com/tId-a4XvBIUi-7lahFfhS-rN4LhkI2hBHwDKzDHc9q7xgcuAalar_hfvSQdZW5nw377ogc5BBvjAcWMulB3FvQ2TbFbzX0-IASjO,0n1-force,1.1,48620.02872423706,1.7306905986852783
38106383,4196,0N1 #4196,https://lh3.googleusercontent.com/puPNeMqPwKvs-BtA9-mBSTt2duB_egfZcSzGR_JGupGs2FV23K-wvp_nSBj1OA1PpbCmnhE_SlfsfZtBX6mW28efRyGGy48-26Si,0n1-force,4.77,687277.8288339583,3.855334715742154
37516703,1047,0N1 #1047,https://lh3.googleusercontent.com/Ki4tYlmNlC2aI58vlRIFfqu2wWjCBI7QkuyBfKPIm8aRiUzWEjyRMADOMEzNsqkl1K9rek4qdtpFQIrmR9taVK3x0337p_fHdPrc,0n1-force,2.359,167805.4168258158,2.127188588102546
38105183,2983,0N1 #2983,https://lh3.googleusercontent.com/y565_wFBUNb7sRcTOqMrDyxc6M1A6ZBBZe5pdzxyZ2oFMds2PrBbETpA0O8TFu4zoE7wDykIjQjchh5IVC9BFQgkflNcaEhv3ZU0XA,0n1-force,1.48,87996.81578916832,1.8616866641396332
38106745,4327,0N1 #4327,https://lh3.googleusercontent.com/c1w82Ix5WRrMwBeQ1rHbQsDkSnwMFv-bWS6ZWke0ZckygGjSprVJLmak1VFbWMeOrXYnA8Ty91TH_POqoUBB6QvW0W97NpZOijrRZw,0n1-force,1.08,46809.02837844277,1.7246658836813766
38104466,2170,0N1 #2170,https://lh3.googleusercontent.com/-43vWYSWy1mWLN8qAlDxHmHGzTpIIQGcVsw2x5MV8oBNyeqg6pvxGx9RNfeyPb3b9Xg_t8LMc2u5fsdn6LBlWHRmS4fKd_QN_QLDeA,0n1-force,1.169,54923.98987304013,1.751662195629148
38109386,6903,0N1 #6903,https://lh3.googleusercontent.com/womLbF-B2fqdICqnqXeG-qDulPpP1hAYdZNzCd_57aOEJDVW9e10FXiY6joIiwlQlg1Q04rBkv2DkL1tqWMNFADUwaQfB-gPdRRFHOM,0n1-force,3.85,447098.9323791461,3.056323603208555
38105547,3139,0N1 #3139,https://lh3.googleusercontent.com/ZOQInIiJkxoTAd0mYKtvaDwUEfr8Fz5aXXThS9acsSdVVjGZrURV7RdgkAhHPJfK8_cVMkV2xamAQ6ECWFjLYa5-WtIUHREu-svtdQ,0n1-force,1.9,108939.68210366656,1.9313579931389235
37749507,1479,0N1 #1479,https://lh3.googleusercontent.com/8yVUYWCMuW_s3yE3x7IshxR7IdA6-XFF7bneIUSxtsTTbXiV77jouCNDo-A-apQo7_QqY_nlP89PytiriTO3NfC__dgZMBKGROFVBFI,0n1-force,1.05,27702.435373543576,1.6611033460941351
37241907,234,0N1 #0234,https://lh3.googleusercontent.com/qYnrhtNJk5t45_UnD09QXovARCoXtmFPPFAlWn8iZ-EDiC6uvqdv9k_mudSUCjfvRqLbB4IJpblPD9ZOCOp-kkGsVgbzB0dr-44z,0n1-force,2.0,140431.77970995387,2.0361238002761484
37272868,608,0N1 #0608,https://lh3.googleusercontent.com/JkIbd9w4UFb63vq3WJqj6N0mgMLBkGV-WAdT1jX_HgxgAF6vilapDE2jVjlbNfuaYmBkxuAWG9EB9HMOsPTMsRTPlFxcfiXgYSCMEg,0n1-force,1.2,36230.47975201465,1.6894738745925042
37248868,334,0N1 #0334,https://lh3.googleusercontent.com/XQ7iQLEIQwTa2ACWpWlilSUtt6F-qKmxQPouwiEjoXNt9BxcFCCI7u0grk0OtkdbFdJyb2bQoupgaazFXxI5i1wRIv30D2buRMcpQw,0n1-force,4.0,405979.8688047832,2.9195314486194324
38106630,4429,0N1 #4429,https://lh3.googleusercontent.com/EcGf-DkFz75ANTxUGzJkXHrc9foq77ZvIgeQ5yXyft9WfpN4iO76dqrpzrN-iHoyz83Rof2R9naZzG3aPFeAQ1iOgpl1f5FzC1pvyA,0n1-force,3.8,435503.5320007742,3.0177487996211028
38105791,3619,0N1 #3619,https://lh3.googleusercontent.com/nC3VsjTbcVU0Wdx27-naOiMqkkgYDAOWkp-1NAVH2sxAZz6mDUuW4MK0lzfMlQF3_g3QY04IPluTheR1BQpcRXQvB1Nuj0yNFM5-,0n1-force,1.0,30143.975019552607,1.6692256971318318
38106031,3743,0N1 #3743,https://lh3.googleusercontent.com/OvBHU_JG8ozcMfkLd9FnkOFmcHE8iF2LU8Idtw6yfDMKhaEaMr_xuY-cwBMWsEfYSk8HSj2ZjGQlI54UwUMgC0DZ2WyZ2aspRB3kpQ,0n1-force,0.769,14869.943613705196,1.618413069517168
38106032,3848,0N1 #3848,https://lh3.googleusercontent.com/sip7PmSFG9TAIzJHqfFAiL3mzeBSbUjIM-lfmG1tBpMq1HUJET1krX6tfU3vGtt2Wut1mrgFWtmBCxrX1hnIwUZc3f5Wnx0QheiAOw,0n1-force,7.5,1412913.6174542846,6.269331396207399
38106393,4131,0N1 #4131,https://lh3.googleusercontent.com/jsCbYeWyQ43zVLQVxvAD74THi2SzrY1XMCFE7LxF6QZxe-vLshG5ZsG_PvMPrnkdYXEwney6wFpeJy9cbfD3E58Kt0e8m853XKBCfg,0n1-force,2.1,133041.41666355132,2.011538034053993
38104473,2407,0N1 #2407,https://lh3.googleusercontent.com/184v78IQCwfFEWUdRLkKrDgd-noA0BJyEbmmsAox7mlMAW4N_bPCfZmv2Uth8BhUGoTPSsjF-d4iaLeWQeFmZTKbLLGcE-f6-hD0,0n1-force,4.0,404451.5454362315,2.9144471245050223
38106874,4526,0N1 #4526,https://lh3.googleusercontent.com/a7B6PhZtqmPi05xTmMlpSvHJT8F6b_UICcq4LlRC3l0722QnM5TzoOd-1N1tgsAx0YHDcc52eUDFBg-xEEUI8sjYpskAZIFPUaag,0n1-force,0.75,16943.448353937507,1.6253110666092998
38106034,3751,0N1 #3751,https://lh3.googleusercontent.com/K9F0SAgWH6CdMDJvz34rgNX7zc-qYxNoqHszAa1VqOckW6AoSjCF_DAGVyC5l4j8naGuFVVsomNNgSbU9hSIrOXwQD8_01si0mDlTAM,0n1-force,2.25,178115.69218596804,2.1614881236056287
37257755,401,0N1 #0401,https://lh3.googleusercontent.com/WS9JPLa6kY2DpL83UA5J7TXOnLkqCGlixYiMVZr-JJVq_s-1aR4A5PXNu7qjAGyKXFLh0MXFBTvgRnC3jufNDMMOlU7fKf1Ppheg,0n1-force,1.16,40511.516079317415,1.7037157403399326
38106276,4251,0N1 #4251,https://lh3.googleusercontent.com/TaLGHjv4yGLZRAkSyHw3JEBSA-uTbC94fWXBkRfHsfdNitIAPu57m48QD0RMJZ5ToZVYzSKcibkF009IxBmWCT1ZBl1pcOz-exn2,0n1-force,3.0,361172.545554782,2.770469438059434
38105436,3356,0N1 #3356,https://lh3.googleusercontent.com/1ngXAVOpg8sidrn3z9iR3w7P9bvgGKLiAYgt-2pf92KUp6g9SiLqddkS2xvMk0Iy4IlWu-8SWcfN-l9ENNYKpt4f2cRwDwbkn_2pAg,0n1-force,0.74,19243.553973640664,1.6329629043738618
37517078,1060,0N1 #1060,https://lh3.googleusercontent.com/s7gimkWLBu7AiohkdfL_NkofsNEGrgV76vfp8uhx34-HWh1jt4snaerFJxxJYx0MGfeiGhuW0FoDbYYs7WGTYahcUjsqSrD9kZJv,0n1-force,2.2,145813.84179430117,2.0540284849808192
38107598,5354,0N1 #5354,https://lh3.googleusercontent.com/vDimMCuqmXlV_EZaH4-UnY9_GCV_6yq_D-AjGptNrqaT7prcyLrqALHSboVufwjdnN-F_WIbEWGgaRJOBf251n4mn1m4qCjL9m7DJA,0n1-force,0.98,38609.33456015936,1.69738768989796
38107119,4804,0N1 #4804,https://lh3.googleusercontent.com/cdKtoOn4XN85Aygxu60c5FTC6K3yyM4Nl2Vhfbx0NkgBwUO5cd8mWXU9JDXpzxn446bqHnU8Wn4wW_AmzeS8c1hNA_llzROG7Jce,0n1-force,0.7997,35291.03670706866,1.686348598210674
38106039,3893,0N1 #3893,https://lh3.googleusercontent.com/IWvs0s9Ct-uki6w5iX50UOt8XaT1DYpHkp_-b7vaOJ2cnHVrJX-FBKsiYoG4eE3fTJGFZe2ERWISLUYjthAfIq4qjBPWIzzVPmLBhw,0n1-force,3.7623,355942.6913978746,2.7530711085226622
38104839,2684,0N1 #2684,https://lh3.googleusercontent.com/FWroLrfDUhCitfOpBLHNihVvLkDGthoghnMPsNCqE2tKMnle7gRv0m1f2juyBegLzgLrkiKpQ-fHBWUwtlRqav5MaYKcKv_6X0Y,0n1-force,2.85,286290.3739741632,2.5213564306024323
37768360,1601,0N1 #1601,https://lh3.googleusercontent.com/KTDyGWm3TYAQplUMAgfVLOjRqWKZg0WMvKzLjpkejBHGWUdV9LubUvEzYDMvCocAd42ZodiDH9nLogbM6YYKJ6nlpOsTmnh8VzXoXQ,0n1-force,2.25,253832.07815075264,2.413376339763405
38105800,3628,0N1 #3628,https://lh3.googleusercontent.com/wrBn2OP9NppiTaAnT-iJPIiFB61a5YkNQ-6MSOfEqZijaUTgS9NC_AP9vzTSfcq3wfeYQvMKgVVtkY5d8FndhsCyRs3_mYCT16gz4g,0n1-force,2.60799,171172.20359727007,2.138388989485143
38104360,2256,0N1 #2256,https://lh3.googleusercontent.com/E8639HH8AjYPQYS9sfQGLTkUPsE_SeBvZdZEQTFwUogLgYFMRlavgoXmEEe1uUsyMP8YMpfDYBq-X-U5lSh0566zGNrYlH9pxmxINJo,0n1-force,1.0,25139.23183978113,1.6525762517599045
38109401,7012,0N1 #7012,https://lh3.googleusercontent.com/bysXyuWfPV4WDK6nfZ_2zvXG3BU-BJ6S_k7PnBAJrS8Bygcqi_G2Av1VzuhIDL6VHjo6YOrJ_3ScHjaVdjVkEe5NlHDaKH4VPMX1Wc0,0n1-force,3.45,537392.0674534324,3.3567047748050594
38105922,3777,0N1 #3777,https://lh3.googleusercontent.com/X3ZiqUoFqxcUx6n83avAAcy4oMzQnF4I8RAKZ-yb3kI8k768NN7dpzYoCUpCceWTZTKOI7w2qTAYVGMO3yB4qhSQ_beE4UKEBzmMCw,0n1-force,2.5,157153.85618106485,2.0917536875071776
37241802,221,0N1 #0221,https://lh3.googleusercontent.com/7cVcNvtwqe_mN16JWeqkDjW-TwKAcLlRiHtIRSqRGTqRGNGjNkek05XkJ8avlHBoyW8nTWItcumvlGc_1MIuyB5IpeIE_iAa6pxmwg,0n1-force,1.38,48050.91979042543,1.7287973250918458
37351003,816,0N1 #0816,https://lh3.googleusercontent.com/K9GKLjz4kfq-Om51C7-8aXgeJu_XA4ywJkXHbQl7IHzCBZzcwoLSypwBKxpmxFBw0JXHfCnSDgPYvo6hYaJD3FmDAo3X8wuKxROZEQ,0n1-force,2.34,219932.3235222532,2.300600900038502
38106044,3881,0N1 #3881,https://lh3.googleusercontent.com/Zaa-VD_ZxGfNtzb7HM_C_xTv3hyjPuuQLCt1n8WvfLOrQN7VJQqZcJTjGR3SSIKg6SCOuiAPYNzyAA-WiCgaWCt-57WZ_7Cx0iRfuTs,0n1-force,4.1,506748.9962318015,3.254763451942632
37631924,1411,0N1 #1411,https://lh3.googleusercontent.com/BYLbC8-wHbdYT-GYhGZ_rMcZr9MjcyK-79jGma2nboVnN5XleBukX6ATKeqwK7X0tTs9Jzvk9y7JiqOvxGpNsePoc_jnvkxRk7sV,0n1-force,1.95,114750.76781400948,1.9506899249904914
38104487,2427,0N1 #2427,https://lh3.googleusercontent.com/4LS_3_Wp1iBd0KVOfKMc7_R1MPBb8Opndzz6mEaEVl1AHUGRL10Uxnjja758aKzJJ-eM6Ywvb09M4J9541qYgQ4i06o4xEOhknyudw,0n1-force,1.2,43421.10152769992,1.713395154894829
38108927,6591,0N1 #6591,https://lh3.googleusercontent.com/E3e6J8eK2jeauHI5YQW9jRXLLIJ2mjlTmBXBaO_u6_uUhHycACLwoT1j5gGZbg2ATn6Y8yAxbSbTsq3Tf3j11C8K-MW2wzQM80NY4w,0n1-force,2.19,144624.48240511943,2.050071803595487
38109648,7276,0N1 #7276,https://lh3.googleusercontent.com/Rj5pZkmiw3FF20TCFA3ZBzLOzA1k5-gwgwpE7UtuLD1HGoezqya5leQrQdMOT2lHW4LV3nzLQo--QYCsp6FT9mxt16HeRl4G8dXLSw,0n1-force,1.15,39893.98861001536,1.7016613911962313
38104728,2647,0N1 #2647,https://lh3.googleusercontent.com/2qID1WRfhHIRhHl3A8a1UHt8v-HzemEniEkwxVjtlF9NROR7IBuv3Ob_TcD8AW8K6RJJa0lkN5Wrae87WUYfaNzxdgZSjfoZeQeBQ5I,0n1-force,1.6089,91013.08335334263,1.8717209816326499
38105929,3667,0N1 #3667,https://lh3.googleusercontent.com/kyvxqUZKF7RqDf_KXdsLBPp5IUziL1fIF-k-X6zIW_-d-BfXy468IW-ARTeJbddb1_ELN23-JVs-T8cl4Jf6dbo_np2EB2o6y-Au,0n1-force,2.0,101500.4731766408,1.9066097297032514
38107129,4848,0N1 #4848,https://lh3.googleusercontent.com/u38CgvzxO96dYqK9fbiZlPJKq27HuWl9LLiU5aqJo3uR_AA9mdEyRVokGET6sY-MXYKz5jpqLWO9fAPM3wRe7tsXMIjp9tTPZKxfTA,0n1-force,1.47,54298.22222766202,1.7495804336179916
38104729,2497,0N1 #2497,https://lh3.googleusercontent.com/oRDgkI_7Tpp7PJKIhTpEmlD-MODJ4UUm10EsKci-96grBuj3jIdX7H2DLo6Y9JWdgS0HNeADGrpcn-nAVbU1oenu4-OaFDiQ8QOpJ3s,0n1-force,1.4799,77086.09429842372,1.8253896045497027
37943449,1844,0N1 #1844,https://lh3.googleusercontent.com/5pMQ5vsme28zUA-_3p_DtbBhz7E-hChdJbOFpD66Wn7ALrtcw8jjy3wxFutZGB1QS7yO_XCd0B5hkRIX7AVfqzaj70zSaSiXfayNMw,0n1-force,6.0,1264838.9042139002,5.776726329273249
38104370,2274,0N1 #2274,https://lh3.googleusercontent.com/xlLtTaIwzQFVdMqvx5on1p2rq4CaoiT55IKqsvNQjMtOGDzeiBKGt5krsdfYbONaQozHfHg4wK6Dwb3a3ihtzgeyli98PUYguVQPrDE,0n1-force,1.77,94383.8595098066,1.8829346546348686
38106050,3770,0N1 #3770,https://lh3.googleusercontent.com/gQjzMmoEy9H_uYsuoAR9J8FWbO-bcMUlz-6XuLWPeXAXpoeBrxUxE2ORuTZFhwah9bsD7W2JDVRxuAxrwdbZ7L3SnvqRtgVSUe3GaA,0n1-force,0.79,15712.992086350556,1.6212176668735174
38104491,2473,0N1 #2473,https://lh3.googleusercontent.com/Lo5JTuWeCXiGFgfjdKG2h-l6rr6Ri-TrLNEMcnwFCdLhiSTd02jdhHAY43bHJDZeTD5ehh6yPxcvy3UB0Zse3DRT-_uHz9NMNkjI8A,0n1-force,3.2,257101.3051924608,2.424252185952546
38107732,5441,0N1 #5441,https://lh3.googleusercontent.com/wLdKsHCr8bmEYIE1O00O_qAW63kh6BMac1L9I14iekb7KQvNhOGDHQ2x2z5H3Szd9yYZcr62hQAArkTOob6UmoOXu7dswsfZ1kTkhA,0n1-force,1.7,101560.75623281708,1.9068102753485736
37261973,480,0N1 #0480,https://lh3.googleusercontent.com/FJjz1T1AdqvkCgCpDW3_kQcgFeFhfi07BuNqpa3BBJWilUo5oE8qGHVJOQMtu5Z2QIXGEV7GdI9ZbGFOo3ef-_AGdUfHVLdeyIXT_GQ,0n1-force,1.3,50996.6058488466,1.738596836745263
37279013,684,0N1 #0684,https://lh3.googleusercontent.com/avgsUdnZmtQShXZEjsvfpzOKg0nWgoR5VrWdhX0rps7o7lnoDgHEKOZmfXHIZniKgkjqOysn8PkxwAxubw4G4nC9zLckArF7GlVy,0n1-force,4.38,482608.4400321077,3.1744542617889238
38104374,2302,0N1 #2302,https://lh3.googleusercontent.com/tUUYEv0-z_8e_mZqmq7yCLjpVjWI4nGQAmRFQpbnadkeUGSiW_R7hEDRk3kYo7Ew3ad6hHAjZY1Vxv7sauGlXUTEXOlh0u_UwPSjz7I,0n1-force,6.49,1058497.7171065437,5.0902842483672295
38106055,3935,0N1 #3935,https://lh3.googleusercontent.com/l1gNi_Xk_bVseiz6vlsYfJSBMwX-opBSm5g-CwnOtjS87RY1ZLDSPq_S_mG0WMdOtHSSDqW0Pn1EZRy9CxdLs00CG3dCJ2AWih-pCg,0n1-force,1.85,103062.06487485045,1.9118047286749635
37223335,28,0N1 #0028,https://lh3.googleusercontent.com/J0-HJX84ba5j82clAwggJpk4zBgRKONbXl_Bz5Q636p5SFhY8VxLKSSDHnoqiQG_Yu4xo1S9zd9WyKIvwPEVY78lROxuFlPfewGIJA,0n1-force,2.9,211523.5482063612,2.272627147892214
37955936,1947,0N1 #1947,https://lh3.googleusercontent.com/ckTvZdF6h_2N-rIPA6WOd3TA_6Kfp4OWVb91OVP0_1xsXcWsY2vrdG0cIcykV8OOxxYRI0ChdC70u4dorVKyq1Rr9sshc9o8uvVT6jM,0n1-force,0.765,26398.998990369622,1.656767160983748
38104616,2365,0N1 #2365,https://lh3.googleusercontent.com/xbKVU8z1e7IM02FusEOr9Ozc2z7DGXccVQxVq-jjIB1QSY36TTAi4L5xzpS5GVLcVKwnTreq3jyM_0-whbyIaqKnBSmy0WoyHyS0,0n1-force,1.18,42022.38249952527,1.7087419898444434
38109417,6911,0N1 #6911,https://lh3.googleusercontent.com/6QyJAuLBfICFACIAIc6uU2QLsgIl17QigCfR41MHkDe8klaML3wJF1FUM6cpIOPgPfdZa8hmfZGdEGZ4SR8xcL-VDdf8YYsEBSmNgMo,0n1-force,1.74,197143.32354678924,2.224787976868754
38106658,4501,0N1 #4501,https://lh3.googleusercontent.com/vVV_o0rQE1nH2JYanV9-_2v_uguNI-CQJjcXmP-fsv4w_9JdtjxWCZonMZNN0R-q6gQyCVOddelgaqxifhUn4CvH-0gY5gIngfpR-E4,0n1-force,3.99,479590.8955623452,3.164415696371674
38105340,3244,0N1 #3244,https://lh3.googleusercontent.com/O7QZzJGGCkNgeGz_aEiVILR6fPuZQKtR-xTX4gzuVUKtWbGmoaeMO8JnxJivXRgq5Mpqz0dxlzCiiFKYauDprF4A9R9AXPlcERLw,0n1-force,1.38,76392.6122048614,1.8230825746345927
38106060,3765,0N1 #3765,https://lh3.googleusercontent.com/7xzaDQVJjoHFN1UiGEDaJ6jodgATBV-ecOXyqRh5_tJQvamGD7Kn-O7OfLneF7v6YJmrObs4IOE9dQAHOBLVgXOQafUmpdTVarTXTQ,0n1-force,4.0,403340.3735373565,2.910750552040742
37899421,1773,0N1 #1773,https://lh3.googleusercontent.com/gf5Gd07ManFcSTwOyTrNSfNB_6IbH4-OI7yRwvkEZQ6Cn6eE3nagtJCX8ysR0AgRr9TpSowLXkRN95ReBpuqgAqrSot5ZCCxi20R,0n1-force,0.7598,23163.11826220331,1.646002249083486
38106421,4197,0N1 #4197,https://lh3.googleusercontent.com/DXrtzp-v_TX92W3cvpSzaODBXu0U5HTVW5o9_4iDcPB8tqB8Py1eF3jg9SZPr8g_0Y6_o2UwjvyqaJOSXPmTPJOr48IihogOnh0fCg,0n1-force,2.385,143139.16327576357,2.0451305431120232
38106062,3843,0N1 #3843,https://lh3.googleusercontent.com/zFd2a7BT648g6S03-g3z6a_p9VvSWb8e_jPpkXcvncTos4QxZtCH1r9n6Tj2gNLE0XHT66NEU_Gd4oia-WhMN-63S2T6_SCD-nLRFSs,0n1-force,1.7,87102.68192259279,1.858712119306462
38106662,4483,0N1 #4483,https://lh3.googleusercontent.com/X-rb0iPpOSo-YZhJ5w1y9TSmpGTV-4DAEVQxRdo3paocG2pbUCdA1IkG-Mlmqy16P9a-P5pNLyfJ83GxbqniVN2lDWTO30Omrhbg,0n1-force,4.9,603320.5265760593,3.57603116962471
38107382,5161,0N1 #5161,https://lh3.googleusercontent.com/8wzrarhnB3IRLwKRrZpFrkAEGTHiQexT-bZ232X8ckz-dtTodqeoxA84t01oiJsErF0WqpAK9bZFzG9PK6oGQ46W0Q4WqpPjKNlorQ,0n1-force,2.5,220579.4284319053,2.30275364543545
37241823,225,0N1 #0225,https://lh3.googleusercontent.com/ds-TY4y0ZRz6jvJkoDnONCc-IQVYXJPJfP88eSdveFABGyDW8F8I04CXl55--62AyZLoRMVlzRfwFOuOOHW4WR51vvRBHyYY-1pi,0n1-force,1.5,56660.87864646506,1.7574403612035845
38104503,2376,0N1 #2376,https://lh3.googleusercontent.com/FrYUl2SfJQzvhzhdGG6yNViAFyKLqd9ftL_X9JNcWKRpzxtTneX-EW8CtzJQC0COrblLgZeUjtiljjEsNIG4vOvfGpUfYR72Ztx5GQ,0n1-force,3.6,326497.5756929445,2.65511506406851
38106185,3985,0N1 #3985,https://lh3.googleusercontent.com/c-JSKQJk-ZODRuEpXHrtkFgIR3F7JeLXypjQnIxaHr9xNdHn48GeajubebFKRiHaEPt6g42cKMpMnbajclpe32p8sAdXhrE6B1ra8Q,0n1-force,1.089,41644.46405945142,1.7074847560170443
38104745,2545,0N1 #2545,https://lh3.googleusercontent.com/2wfpe2Ux7xcoHpqENY5GgUsgKuGbI-OQW2h_r8iU3J3IFE0TM4Np04X_ydMR93DjGON_lm0uc-Nldg30uGvaEILRxarJvp5sQCd9,0n1-force,2.29,131734.02917278916,2.0071887046627532
38106905,4581,0N1 #4581,https://lh3.googleusercontent.com/4SBPMqxZl-Jo7n6siKOrwUkP2WmXqCzUGA1Z7mXZiNVw7Seb3Z05Ha5dOyVjQ7w3R1KOgHP9C-434AZnUYyfMBgDK00-5dHk_Z26,0n1-force,1.57,86622.36404731903,1.8571142298767198
38108587,6398,0N1 #6398,https://lh3.googleusercontent.com/wwyl4xTBy6TBpNWPyZgVxCAxe5NcopIFPzGlWUi6lAcV1X_bpcj3YgOG0yunGn5JskAHW4xtAfgkxkCY_qBM56BBdvhLooELtJx8,0n1-force,3.95,471099.9846293336,3.1361687009397263
38108229,5833,0N1 #5833,https://lh3.googleusercontent.com/LkVi47v5qAmjd-AiXrZbK954YvpWALOvnjEWF9CrZTMnnXkvgEtNYEyS6UTN7SAC7cveaUXGkO4aWKXFCzp4WQHPVjtB-hDwYEyZ,0n1-force,1.49,89148.62752125862,1.8655184344869498
38104749,2648,0N1 #2648,https://lh3.googleusercontent.com/TJmx8OQRITaDW5FdJNIcZA1EB3WJfGnz3CD-WUvuCq7RYt2HQzN6UUnT30cdb16CydWJdGd9iQaqM_Q2yxy-aeg2eeEP2L17R9om,0n1-force,4.6,531992.866200042,3.338743072657444
38105830,3690,0N1 #3690,https://lh3.googleusercontent.com/wbRIGsngCHgbmhhy5Dwr1wZ9bv4irXfcP7RZt75WYvPZgyZ6V1CLiNBpc5C98KBInb95VZloJEd3txLvMN9B6J00Ed-es2LNA6NnCA,0n1-force,0.83999,31819.472189453776,1.674799629219664
37516750,1051,0N1 #1051,https://lh3.googleusercontent.com/NSZkFkDJ3ZptxPLFoWvFoCd5PNHmO_pnrfZANnK69lTq3kPK2z-NM4DNxrggAoUxJSO0FVMZmsTSxVLHeWk4rTFfm_NxPOvA0YmUWKs,0n1-force,3.33,334895.53281143314,2.6830528269581633
37240991,109,0N1 #0109,https://lh3.googleusercontent.com/MbGYK8xPlmf-D13OzCQTgCYc0XloQvPXRrD4vwD_mJIrdidjPylqPLv6Mf4MMbdqZ1dY1duiBmtwXYa44k7vRlLu5_rU0jg0KRS8,0n1-force,1.69,86037.2117564652,1.8551675843145246
38104511,2136,0N1 #2136,https://lh3.googleusercontent.com/bRZRsaICzEDlCwUF765wDAiOazveN_6xWxgvgTfbkSVtEjxTUvCwkcWJxAepV8Phcsaos2grcdiX1itXncQiv0ks2TKpLtz2SGRDGQ,0n1-force,8.404601669361535,1795540.294833832,7.542228273038482
38104752,2528,0N1 #2528,https://lh3.googleusercontent.com/PUoet_CK4T9hYSOsm55RuwOckqerlX4nbyahi0HkL8--UuPO4wdyP0e33zk58mdZl9cA_C9BCow-DJuKbwvCEC8m9CqhRClTQiTY,0n1-force,1.0,40159.86705852,1.7025458978621961
38104632,2524,0N1 #2524,https://lh3.googleusercontent.com/NGUGHCrozQNl9qluyaAOalg61p0k7LOhV-5YBqNNK6yzKWUCXwwv5ZDFIgzMpYEmH2sqKsbq4kn7Z5OmhU1jDlZbVXBR1Dr3pQw,0n1-force,4.59,636646.1880147113,3.6868967544660705
38105712,3556,0N1 #3556,https://lh3.googleusercontent.com/HrxzS5MVIPHZBHNsrHtfM7Q97dkpoPpBykD8FY6kwylXbkLm94xsEjTwgYUx2Y2nhhIXrcv96igclvGLzpZoNTgQWQhhK7OIfHWriOk,0n1-force,2.1840975,143734.985125914,2.047112683451527
37278913,680,0N1 #0680,https://lh3.googleusercontent.com/r0_kqV192VQmYG9A0ZlDprv3zHHioXR6rIgdEvGuxkA5nDZxIWpDDeU10daQ0_0FN2O0rAdaqXkakY6CN3fhIm3_0EGqmzvaoqO2,0n1-force,2.49,156426.8650721612,2.089335182037708
38104274,2323,0N1 #2323,https://lh3.googleusercontent.com/Pbj9-r_DHpy6ECpPmUob36yk8Bm8OUvtEx88x0oKn2hOusFIS3o5JAEYFlN36zridfRK5seaiOYQKLtbFKAr__BtesgSBgw5zeHZ,0n1-force,1.39,58319.78765564744,1.7629591089061671
38105834,3525,0N1 #3525,https://lh3.googleusercontent.com/gxX4vcGVeOQ3RfPMqVeRCcHmWGgMxeNPv6eaSmmdLgp6pu5tfJDEysLOaqNcQ9O2EU38YmP3zmYKkBqKWMO2UG5uENsZo28FnuOOSg,0n1-force,2.99,224754.13157218523,2.316641769037684
37519275,1121,0N1 #1121,https://lh3.googleusercontent.com/kGlpDleMX3Eq89I3PUVjWxGoe8taC8o0boD8xXQslMw8XYlHZKcdpOTGMj1-arS6OvgOvei8MGsREV_plyCqfAxgK0d4p6GFAo4vNw,0n1-force,1.5,67965.67092083153,1.795048389158706
38108836,6527,0N1 #6527,https://lh3.googleusercontent.com/vXPC2SLw91Jo6Oxq0_T6UgtLmGFaiYDp_hc1B995Wr6ucjqorG3czkOa4LRy06AJwsBITo9-64aC_zy6-QugV2lb_tyzCr65uOgKxQ,0n1-force,7.0,1483381.441045773,6.5037590455835375
37568836,1341,0N1 #1341,https://lh3.googleusercontent.com/HlWXfo227TxUPomlBaQAgYDQUGEHWph4FUbo2sXYM61gazDsV75viD-hQ7XlTr_5mZTA2uP4aaU-hJ0-6TgIEFh6CTb7jUqjt66v_Q,0n1-force,2.39,143895.01144139157,2.0476450483106037
37241596,193,0N1 #0193,https://lh3.googleusercontent.com/VCNzi_8UtIce3DlB-ECJHhq5MCVPFOeQb8ALhq7HehUSFdMIe_uVvPl-lkPFxL0zKnoWrVfrQ49DJpwdthbwZY_xrE2AdeOF9OadUw,0n1-force,4.2,532462.1336015011,3.3403042001088985
38104277,2181,0N1 #2181,https://lh3.googleusercontent.com/jzSkEIuaFREcbEratIU68tWTfzeoPhikl31eCPEo62GHiFz6cvRxbrzK8nBipKS5uKAzLJVxa6eG4vsx6MnQ7bGQ7Bo29_m6rTcsaw,0n1-force,2.2,242630.2677265953,2.376110904949983
38106797,4566,0N1 #4566,https://lh3.googleusercontent.com/SpJI44bDJ9n-drsC-VA3mygymCyQKHFE7X2PHOgvfE-w7nv6piqLjARLvTD1HbmymDSUyVKhrGGpuuJ8acaeV7CYWTzk6cAEPe71GHU,0n1-force,13.6,4703025.93422751,17.214657323625286
37747637,1458,0N1 #1458,https://lh3.googleusercontent.com/udz_wKLgF9vOYiZBoKNp3fYy4WFx9WuRWX9G8nX_qZ0yt0pg5BE_-gysSWVgthfjJlkDTw3fY6WhsIBZrM0iAnC6VmL0al2FD9N1JYQ,0n1-force,1.42,50740.62452758338,1.7377452551812316
37955118,1942,0N1 #1942,https://lh3.googleusercontent.com/6GzJARc6PiU62BQ4MP0vYUeVZN9yJZx2yQ1AXtCfMJ0QkkldJJOoLDdh1MROWF6xjuUmMBKb9cMwOycSsHG333Vcn0lc5L2o3UHt,0n1-force,1.13,51232.488818409496,1.7393815564551134
38104638,2613,0N1 #2613,https://lh3.googleusercontent.com/R7nqRDSUvSyAP7BaWjzmpIENsYm6Q8BlyK4zbMJVvBmilWLSbyDYOUkO3divGZXngxE8-bkpRHlWauFpy1VUcQ82Pvj3bj8AuUwOWA,0n1-force,1.04,38092.42707224303,1.6956680765884924
38104518,2503,0N1 #2503,https://lh3.googleusercontent.com/V95Fquuunh43TZaAvhDVEYsWukU0Zt7hQtrHgjnYC38A0r0slb3wnOiCSNJ9I713k_2cO3fd9LuFthDsJkRCmOIUCgL_BZ871LM4Xg,0n1-force,2.8,197286.2138223024,2.225263334694496
38104998,2860,0N1 #2860,https://lh3.googleusercontent.com/-6slMQnMXTOl7gpq9TSJ_J4eted71DMYwlbvrVwSuNqmcYgZME5Xt-NSAm8QROtQc9FNCueqFhVlLPd09YhYgVhzTu5Vhh8j-Rx0,0n1-force,2.7,256337.6956801866,2.4217118608242796
37281199,693,0N1 #0693,https://lh3.googleusercontent.com/dqWNTRDshKdYEs75youuekPbVJdA-N8gQBu4xiwMr6HmSde3Ycv3bdWIbbwu88AOUMgv5XWcpC2mleAOktahKiQCp4QxOxRrKJGoxQ,0n1-force,4.5,509842.39549169794,3.265054366009786
38105960,3668,0N1 #3668,https://lh3.googleusercontent.com/HC30cRIHuN8-iQGHdKgp8LKUn6RScxyszOfKQIpbNwil1nFKX_QwU5qwxBwXcoGhdcdg-D43AwwpBeWtSrMUKKjEInQgNdsHVrdu,0n1-force,1.0,25109.651340638266,1.6524778453308706
38107761,5472,0N1 #5472,https://lh3.googleusercontent.com/ER2rgAN-MUWVuOA_fSl1ISikQ6PKSaMj2kXdEjKFeuN1GyPZI0wpQKCZ2EIYzsoN5mFUTP-4P-328kLCcCxB3X8FG02CjVdweVMHdv8,0n1-force,1.46,85791.4615423665,1.8543500389145302
38106801,4545,0N1 #4545,https://lh3.googleusercontent.com/_Chz2FGZfrRlne-vKbdnRIBpwT9RQoIxIs0EWJbrqZQGkU2BLxoWF7Tji8jcGs22MO47GBigpt9cqBP0KNKCkba-bWXdBHcSztW0NqY,0n1-force,1.55,84410.1335591652,1.849754729231112
37223482,72,0N1 #0072,https://lh3.googleusercontent.com/ypmvKaNwtYhcf57qu8cEPMmCCvWYARoVWJRKR88rJsOK_z8PjCUArp_DO6tVX38K91_Mv4idMxxS6Zjtqxf14Gsb1oM6f5z5tdX6gw,0n1-force,1.2,57779.13429859927,1.7611604994251242
38105722,3469,0N1 #3469,https://lh3.googleusercontent.com/bWhaePF2cYoy7qKYUqV-80gYjEKstaYrfYZX_-yaZDM6xS26Ph1pzduESBo6tLoRkjr9COlDxboCoYRuSFdYZtaN1-Yu8kyJpvC7,0n1-force,5.6,944048.2613180088,4.70954144228282
38105842,3578,0N1 #3578,https://lh3.googleusercontent.com/feAMUIDXHyc_mtwWtxmeB5p909T6qfevsWhPlTYLplqRAONLn8UnTOs822_DvQCPrI3-Hf_rhxc2Nk-pJJ8XJT1IAnqaapTrFIXcs0g,0n1-force,0.85,18137.685943870245,1.6292839764671028
38104402,2332,0N1 #2332,https://lh3.googleusercontent.com/GJOAWoXeOsSMyjhvmboK4kgqiEP8cD70YBqpnY1w8bZSX4JyGueVJp91yLiD8ihpf38uz-gWPyIhdFgPWq8OSEmj0H3oQ4JOiH55,0n1-force,1.29,41986.278529534575,1.7086218815682586
38106923,4549,0N1 #4549,https://lh3.googleusercontent.com/hwG6qlVaxYN_xQPJDpwTBRd7uSFR8gbl2GDLo002y8tVvVXsT31zl40BtsrUvAriTvJSNye1qbguksdonErhfNtGFGlKEnmXQnmOiA,0n1-force,4.6,744554.9814972298,4.045880522004728
38104525,2474,0N1 #2474,https://lh3.googleusercontent.com/qF-55soHvsoDtJTqJ9qUp9q7raIsWYbJWZuloLTLMud2qGoFU0rmy0jtDRsxyc0TjD2LKzP8vU7Gc7wCMWVxvbaeZNUc9u8dBxBi0Q,0n1-force,2.69,218221.16038495916,2.2949083167922755
38104766,2756,0N1 #2756,https://lh3.googleusercontent.com/KESiIQD8CGpzlJnWzoHk56-zbNHXLvY0tymau8iQvrJtdXlR4Mpm_3lHN9AHg-wZb2KWp-BAbyrsmkY6Gu9vFVh5iiEfqubsKeCW,0n1-force,3.95,392215.34457149456,2.873740548654977
38106688,4383,0N1 #4383,https://lh3.googleusercontent.com/ezfGC75tfJYb_dBesfQeG4YTAQ8UR1kXoL0rTWKvgzw--KG-4MBgBmgKOFulessejxyRD3JDr_V7fM5SrrRh9Ux6Zo-ZyZIetYEbcg,0n1-force,0.77,26739.38771889717,1.6578995434731723
38106928,4732,0N1 #4732,https://lh3.googleusercontent.com/JTxr_HAANqeJvJBbyRt4Go-zXOElqk3hBEjyD1X3DaT1oVzmCTMnDeCSoIWgUay44gBtmjKdcSpOr6VYqx2UrrSZ6YaKn3w2KJffZQ,0n1-force,4.189,528806.4557123038,3.3281427350492003
38104409,2401,0N1 #2401,https://lh3.googleusercontent.com/jQjn30PHa_kTDL9k6ohbpDVA6cZnGaSyBzHhjLeQxRKViqercq5NComK9DihnE82Beq895taOoFnKcOqi6ZR63QRMl-8Y2Tlb5ixcy4,0n1-force,2.59,235691.02497791496,2.353025895606512
38104770,2666,0N1 #2666,https://lh3.googleusercontent.com/_bkj6u4sybPPBZZnuozL0WmwZjuBfaiV_Yg3-a8q2zsQ72tmxeSzBmmsk1ep1F40XTwOPaaC2_dJKXuEhIaF4rWLyvU8oeOxbgB3qA,0n1-force,4.9,723291.4075717187,3.97514228434337
38106090,3772,0N1 #3772,https://lh3.googleusercontent.com/JRooEdTBn1mhgREUki4RUC0yH28zNFAW252LdfOvmdGG3k7GT2E2bS_EBVN1FzqWNixO_mef4FhpYgvklDbYnhUxtMTnnwSvlRbuEqU,0n1-force,2.75,266567.0218702685,2.45574210003451
38108731,5929,0N1 #5929,https://lh3.googleusercontent.com/Bk7hcSlUUM0_0rlrH4SkIK632DU2CQMUxRQdcRWMx9a-jEbUlBeqXxojhqzjm9Qjl3VY5NCosIqoMZWht5Cw25KKH4pfOZRj6d6vrw,0n1-force,1.2,57786.91871046882,1.7611863960866547
37565731,1327,0N1 #1327,https://lh3.googleusercontent.com/RWkCxJkTNFHkyzUQ6DumBgF2APDONV_jlCDSQrQsEGmwG4OZEeMgBBGo79f8v7JZwyT-KE9zAO7kWQ1FuwRoQ1IJ4uhgWMOyLgLr4w,0n1-force,2.2,121527.43015935308,1.9732340727059685
37223492,75,0N1 #0075,https://lh3.googleusercontent.com/J-II9OfaCVFBd4Fo7fhfKq5j4vAXn0Nn-VNV2lgvUfE039sPgPIr9nwAs5PZlRS9nkPc4Srv4MKzKUeWop80d0tr1fEoq1ou5OspGA,0n1-force,6.0,1085339.2291152128,5.17957879792465
38106933,4683,0N1 #4683,https://lh3.googleusercontent.com/fLtazeFqtSRaYEWjV3rCkmCJ6OtkAcKaRPx25QFGzXAKel6ecgTpl-VnRubMyw_S-xjNOxHoXKMhm8jZjbVHufWYEzK_emlfdEgA,0n1-force,1.9,90764.37352296754,1.8708935903788833
38106814,4697,0N1 #4697,https://lh3.googleusercontent.com/F-0SHQDnAu8ZcQqtVIXBy2DFLYdzqQIOBQpCFP2PtiYqNSocC-hjR9QMKEtkUQqlDmbPrsmsahKOBeaRmJZs12pTvptuHfZLfhQa,0n1-force,0.62,11578.200233027816,1.6074623174752833
38104294,2147,0N1 #2147,https://lh3.googleusercontent.com/KuNRX3tTkvGvXhs1x9HYJXCeeI0cJsSll11dEFGxrYy4xmbY04OlyRjeAFbw2Cu54Rql3bjwQYsLXgdl9isT-39dzsMa4v-X_Jab5w,0n1-force,2.0,100993.37854407946,1.9049227611456334
38104414,2264,0N1 #2264,https://lh3.googleusercontent.com/LV5Hdxt7RMtsAf348Jdi7-DwB6P7VCbsdLNX817iHBSkzHIx7RQT_bUmuQ8yzucbJJI3Zu-z8Rc_7dEy2MvDG92qA_V-15JSBljuGg,0n1-force,0.6869,11860.303027815376,1.6084007982129298
38107895,5513,0N1 #5513,https://lh3.googleusercontent.com/NOP9scNIb5fIyCZqMhpe1NxS2g9cN7pWAlYcKZjfCFC5fDCdHowMIcga6FJi3seBdNhguUOX4-Yoaz8e3xWUVX5VcuzD8SiRHYIr,0n1-force,6.6,1312574.3342736398,5.935529370016166
38104415,2115,0N1 #2115,https://lh3.googleusercontent.com/V0TpuqZ6m4DTUWfdN_4EVqhWkH2ty4l_IzhdecetcCc5Rx37z8kg4-A6zKABDQGLifgLD08F5ZHwRaN2oy9donsR1ldtYS7iJgvC,0n1-force,1.0,25119.36800782637,1.6525101700903506
38106455,4067,0N1 #4067,https://lh3.googleusercontent.com/3EKnRLd6KMHn2HTV6WAigcEVe5Bx13rHCBgiesnyqHQP_OGY9oFGpenTllVrdDhjFTk6Gg5yNjMMiX2HDmQX-Mt3HX8ozamp0uo,0n1-force,4.5,508431.8082530845,3.2603617185895235
38108856,6404,0N1 #6404,https://lh3.googleusercontent.com/jrPyi6QnVzyu2ove-DtbYU4MT_brWwXdOD4Uuo_IDsQFWsdJPO3JdoW1ltuLH1iQv96Yj9AZ0mXvlSagUzTBcoIYGoHl0KxIs0rvxaY,0n1-force,0.79,28173.75329682608,1.6626712950846487
38106456,4146,0N1 #4146,https://lh3.googleusercontent.com/hZq2LIrMPC1Lnmg78NCXOrafn10CaEaQt91eNVTraeExdH4sVfTE_F5pNGeZ_IV8Z_VKH4bDhTfXT8xFisevsK8N6hWNgW9HZXo0EQ,0n1-force,2.05,147610.2999899892,2.0600048221309355
37565737,1328,0N1 #1328,https://lh3.googleusercontent.com/qLcBqTUprUxNb8Vz16FKz_AcQkWuriSvV36PCDYZz4B63YIGOsqs48exJd73v4Vnb3rMKjAO23y9VsjaB1ZQg0PktrRgzIgCu6xcpQ,0n1-force,6.0,907261.4036627916,4.58716138102194
38105377,3323,0N1 #3323,https://lh3.googleusercontent.com/NI3LZJ_CgRdCsggDjt-lCBGTBWIbFzBC3CznCCAJ5S7RWDJ7pADQupPagTmQ-TzkyhktlUHJoAp2Z4SX8FZOtpdJWADW_ShWzs6WxQ,0n1-force,0.622,13591.790747841573,1.6141609959236254
38104898,2734,0N1 #2734,https://lh3.googleusercontent.com/qnVBxkolXtfqgV63PCE_igW72L2Vjn-gX0Uhw0Who54_H9ElHaMkhpeSlpoKyl_Z4VVzaE-RYzb1qDNJdY5zqS_9efJbcPgtEpL_5A,0n1-force,7.4,2471980.787548962,9.792565328562342
38105978,3807,0N1 #3807,https://lh3.googleusercontent.com/0CO5pVFpE59ZzxMbxSw02fOhXYrkkUPoaFJmt_d-1YfD7dd7sVsZzT43dz61u3kCBnb4ntdoN6-bKuoanSBBYs_hALz1-0EiGEJCHw,0n1-force,2.48,154962.98106798044,2.084465230497146
38104419,2359,0N1 #2359,https://lh3.googleusercontent.com/piDU6LB1eGLVwt-pRRIReRqVDFxhtla4lhmCbBYp4WF_fgEjgyrhPjsRpIw5krp14OBUONmKn3C4gJYpDenqb4939uR51Tz1JdWa9A,0n1-force,6.0,1265366.7065941065,5.778482186982778
38105860,3713,0N1 #3713,https://lh3.googleusercontent.com/ucRRFOdyG_RPDE2CE_Dt01y0gwlKabpjZaMwQz1LEV9L9hQSNC6wV7fpoVYszRFy4DGuKPh25XZ4Sbv_ljYhsZlS1ylAKM_cq5nwZA,0n1-force,1.99,99645.33258027362,1.900438171861622
37545342,1262,0N1 #1262,https://lh3.googleusercontent.com/tCXcDGjiuMwOXTXARa7E2NJ6NzeJwnpNYdO-WuDmv2gpbhbBkb9uKrOc7QdUhLiEhRlYK7rfLedJhRT8nz5uZgY1Ly-JQKNYyevg,0n1-force,1.19,35557.95173664162,1.6872365533053097
38106343,4137,0N1 #4137,https://lh3.googleusercontent.com/o5K_6bf4gx2E5Wh05LuZxQFfCIlWuNP6mpwnevQLlufTNUMPBxXMUmonLN6JoAnyCpAhxuAh1PJ6NYqR57G1BrKAnTLi8zgYdfsXBQ,0n1-force,0.719,23337.656102411,1.6465828899138921
38106223,4016,0N1 #4016,https://lh3.googleusercontent.com/mocptn6kqN9ky3HNmxJNWglG7BF1oCplZj0Vj90kUVyZEPFDucGxtsJqRXXDu7ui1C_m6hmQUjct_i1ctEezpadTCqaaH6rLYhj2WA,0n1-force,1.12,44071.59538525576,1.7155591744173342
38106823,4673,0N1 #4673,https://lh3.googleusercontent.com/DObTZwpsSKv-IjGWBRSGT6nIHU-uMgo-vo4PesIr05c0YNZ59hNfHTfWHADyoS6dxSVDhgulFelPB9mi7X9z9T8hPXhORKSc19OWEg,0n1-force,3.24,264631.5336973458,2.449303247241157
37416103,894,0N1 #0894,https://lh3.googleusercontent.com/dl98WePhO9wit54P7gAHyroRADqHfdIzxD0vbwhbdlx9rJEsVRcvRQ1DTae4SyDvwdkaiZyEBYRwbEPoUqLwqQG5lHxHEpNBaz5Lcf4,0n1-force,2.08,108937.92850488928,1.9313521593836243
38106584,4499,0N1 #4499,https://lh3.googleusercontent.com/YnWRtG6AvXlxYIk_yf17QJt_qqZyFePWLvx43wJRxhlOyoNbLwQ-A3YbUYkHUYzLu_hrYSv8nf4-j-aGwDEvWGMvbNdejtFDsBrkyyI,0n1-force,2.4,173585.67581714812,2.146417967684052
38106224,3892,0N1 #3892,https://lh3.googleusercontent.com/PiW9Ea-5l-NGwzMzhG8LX_K2RfTh9z5SlBJJm6ovvu_jNJwBZ0RIoWANB-wj0bEcJ_OOoou5Cg0KcM2g-erhISkP27pjRQFqfrlyQK8,0n1-force,1.25,47163.1488436684,1.725843947995383
37281824,701,0N1 #0701,https://lh3.googleusercontent.com/QudeQgGXJsS9QARdCOIcgmntQKvlYmGuuQhTpew8MsxNEiTkM94kEJIfVZ3ve24pJN8vAQgxwVODMLs64B3AAmbTVjJx2pFQ7t7APg,0n1-force,1.24,61753.0991598449,1.7743808203268427
38104425,2471,0N1 #2471,https://lh3.googleusercontent.com/cVWZGDrjAf9FWzVAGBtp3rHEh6wbm46q9bBK4BVYKERR4VbghpTngPGTRqT48nambkRewovULiRwOxYzzQTxC1qng33qVatdH-iN,0n1-force,1.19,35643.922313765426,1.6875225544797958
37540906,1242,0N1 #1242,https://lh3.googleusercontent.com/GcptVQSpUFmmNt5h3qNB8j1TcE1WEnsDpESiox1mxwqaWMxcXtZjbfEUB2-gTFKww2-uNs-vixZqgAIK8eZYyioU_tYG_1z3M0H5aZs,0n1-force,2.88,208265.3421753517,2.261787965665434
38106106,3976,0N1 #3976,https://lh3.googleusercontent.com/_EXY64B6MWZUKLiS9lCPLNMZIz1yVp0CguODP_0uXVMtflrQ1ldm0FNiVGYiamf2Psj5iF7_HLSSTq4ei8PykbHLQ6sydAQo2atry5Q,0n1-force,7.7,1492763.378819496,6.534970249602512
37777426,1615,0N1 #1615,https://lh3.googleusercontent.com/x3FMZrVmBjFbNvCYPkVkAyqeR4X4n4-MtVgdZDOCGHnh7kPZds3qJE8di3xAAw2Y0cPVruR1JwsFzaw06UeDxRsJ-wOXa8PyolPIoKA,0n1-force,1.3,59423.64177090369,1.7666313370566185
37418627,911,0N1 #0911,https://lh3.googleusercontent.com/FnFDocYFBqwsCm6F4cUOhTrqDX6rFDaslg4TKEZaR8PrrP8OwPyvlBxcs14hvsV7LGVzT62x4ICmuuH53Gbjs-ByYYDE_SVh6P10,0n1-force,0.77,14926.631773056326,1.6186016558998153
38107187,4798,0N1 #4798,https://lh3.googleusercontent.com/2cdg4rXPKaLnFURMzzzn3nzUMoCCn3nLKzVgQ3dwecfOqEkFd_qeJCCCWu97jU3OT55Zj-WR6OM5CqpHhXvdP_BFbP2O1N1RPGVbiA,0n1-force,5.98,1256313.2915757203,5.748363890526077
37540548,1234,0N1 #1234,https://lh3.googleusercontent.com/enEoMO_AX5InOX8CYJJ0uPz03_alJ4VAtu584OFEtRhAlBifQf9-knkZ1AIVkE49iZvJhBfd4abdYe1-UXEVYMAU5jr-JC5b_D_OWg,0n1-force,4.2,531842.4321038021,3.338242618552717
37241748,211,0N1 #0211,https://lh3.googleusercontent.com/Up-l-GNg5Oc-5sOuayqson90fvFD8f_zkeV6yGsBOjA1X820tZlkZV75QzroGj-XFsgTcFOwShAYU4zfiBXB-Fy7AifEA4Fd91jy,0n1-force,0.7499,22625.83100232109,1.644214837709692
38106348,4036,0N1 #4036,https://lh3.googleusercontent.com/e2j1ICWMQ4zGu_Mwr1_j2qb3aDsXBjJcbGvS9gFBJ2if1_0DdH2rC_1BNPbZ-xELVNH7Nuphq-kvUcBO_qxdkILxr2lrSNmYMu9HRg,0n1-force,4.7777,601568.5784722369,3.570202905675634
38108390,6072,0N1 #6072,https://lh3.googleusercontent.com/V7PevddDIhWP1aTEqN8ikEDneExE-4FupXzrq1lv6p9Kn1PzKPpJFJeHyR2UpLQRAinQMfVtzs2WSzlXPY--NovLje0NLTVjzsUSyA,0n1-force,1.6725,112242.24216405633,1.9423447293884903
38105751,3518,0N1 #3518,https://lh3.googleusercontent.com/5hLHPwuJgFdalYM0xtq43sqJL9MOCN447EXoja-e84dfj-5h4EY8mXB_JWIORnjyP2QtvXxrn6MCBhjv-DiVuIuW-c5t9oLYOWec9oQ,0n1-force,1.8,98026.38968430112,1.895052380755355
38107072,4796,0N1 #4796,https://lh3.googleusercontent.com/cBH5dmbn7NbjJpIq0AAILHWHqBnsLJh9_w6_KJgxqsi_jY1W98BX3zQoCNkAfQ0bAfQUQQB4KLhCZ3mjzF_-IDtqQ_3GUu8YG5QAAA,0n1-force,1.088,59324.74291949953,1.766302326962663
38106232,4017,0N1 #4017,https://lh3.googleusercontent.com/K5HjZazd-JhUj6Cf7t-dR9F6qBU5vceeZSUmrhiHoV6HNLkUazfWQX50x5hAwu6EyTFriUpMw3fOeWDR6xbG71NQoAfVFeV60UPmxQ,0n1-force,1.6,77174.42762330172,1.825683465955623
38106832,4532,0N1 #4532,https://lh3.googleusercontent.com/oAqIGO18doOcUT2M3TpKBd3jxg9Nb3Y87K7zdqzeiq4SdeUarooZbrdBZxiLWLCfqbSD0zPQbz2SlalAR3lU0YH42BAXK4gglKSDmw,0n1-force,1.4,49202.0458363548,1.7326268143442352
38104313,2120,0N1 #2120,https://lh3.googleusercontent.com/rAIbZM8hmzD3mid3MkJlSnl_KgYPdKkOo-RGtJ0gf-NdxmGgO_8-EUCEtjHxTDrJoZ4XwpAp5odqKDSl-OI7u2qJwnFvicWTKe29kQ,0n1-force,4.5,612623.3558792513,3.60697920086713
38106233,4003,0N1 #4003,https://lh3.googleusercontent.com/jTeN30bugT4xP-ltJ82XIm0-_gip3QyHSo1oEg3lbWXLZFYYYghSUJX3Pl0pzoKLeQ2XFjpQwyFICeZZDi9S4iVULPaLnP0Wl89C,0n1-force,0.792,18887.98137130149,1.6317800091870862
38105993,3669,0N1 #3669,https://lh3.googleusercontent.com/9nT6i3Ncnoeaub3VXulI3_X-vxEzy9Fghyfq7_ahFvKZiRUzPv2a5XQPOCbE43Da9BZrXtj7LO_sKn1f1MbnYNjKbrUVfJjGw7PZvA,0n1-force,0.99,24659.36207875396,1.650979853086711
