id,token_id,nft_name,image_url,slug,last_sale_total_price,rarity,predicted_price
23139240,6538,,https://lh3.googleusercontent.com/xeCKG8mPjo0NsPjhIh4hnhMrUU7I6spQiwhVKnCh1kKoKlzlyvBg7USemwQCNGKLtpmBMQvK1MrWJCr8FCOlLQJ4_AzXhrj6PHFEuXE,boredapeyachtclub,36.0,45562625.9172757,29.55565338366906
23139961,6990,,https://lh3.googleusercontent.com/-rytXWCYtiXhrxQgHHrXWUJv8RuuSrndRSQi__6nZJY6Cz_zI0fERTkOvtgZvmruDviStYwbxYDrTit5zcESXgKDs__1ZAkbpoGzbQ,boredapeyachtclub,15.2,11569700.29825751,18.360759929949776
23140441,7323,,https://lh3.googleusercontent.com/1pLQWxvEGL-g8XaoEKqm488XvPbJIk8AVLqsIEhc4rDFUVR8dMSq-8KVjmKoaC2YRABMA-JmDCbYyKOq-RzQvtdANp6YCj6Vfu3B,boredapeyachtclub,41.999,79565420.57146655,40.75379700768811
23132402,2176,,https://lh3.googleusercontent.com/cAMxa0x47ALq4y6uEo0iXKSGM7RYMc-RqqQp-LxT4H2IwE0kkXiJYdyelIC0oOO9Dk3imAe6JSiwtKCVQxhccWMlVOTkRWtke4XVxQ,boredapeyachtclub,41.33,68500929.75337408,37.1099271855831
23032442,300,,https://lh3.googleusercontent.com/V7D9jEqA8bau3lE4b606SWLIpLI7ddRKe_SZEFXrkiIbEynvSQT_0_QrIvtxQQt3EYUGrPcUpMh2QS0l_ag9Kl3XvmGtjzqrKchNByU,boredapeyachtclub,39.696969,55287463.148238674,32.758334961464286
23137802,5502,,https://lh3.googleusercontent.com/xk-ccsxy_z0mh4o3-QcGRcw3Ndmq6fAPUxzMtV5GQ0kcFxWZQp3IFh3TBd0dS92eB_oa9JX5N4mI5CpSM9BQBbCUHkh0Wpm5RiuKnoI,boredapeyachtclub,8.45,2153364.3473522146,15.259677108298373
23136962,4968,,https://lh3.googleusercontent.com/Y2GkrttkeQzQS4YNvouTAnd2NZh8uRkMT3M_03m49H6EuWkWv46g5cKolkomO_Z_Ba1a27nwaokNh5IirIemGUtckvhWuz3RuLIKhg,boredapeyachtclub,15.5,10838116.636527596,18.119827412480138
23121963,844,,https://lh3.googleusercontent.com/jAZySQyzs1nN5AiREYqaRihl2bdIKvA1DWHiQW1AHiQ8EbyJw117WAE29x4nuAwnynPs2i7rHP-J4iPs84QNrFzfeLJQMaveoH4QvC0,boredapeyachtclub,50.0,137769226.25494212,59.92206191463522
23126163,1194,,https://lh3.googleusercontent.com/MgfrC1q1R1s0pVMSf492TyZPpBIN-VUpqixrnvD7Z4bIMchZVZRalCcqR4pv3ujWn1QWU3Klqfh8FDQc4n9HbLxv_lAj4XVbbHXP,boredapeyachtclub,45.0,71242279.16928636,38.01273605159561
23142963,9284,,https://lh3.googleusercontent.com/FTfk79oW9slsjNjAMaDnLnwzLcmqTihM3-NnBKXIyrWflLYvdIk6k8jrj2A96KXLz8UjNo-rJZ5Z0o-EgETf8OzsMU2_DIvFn18S,boredapeyachtclub,38.4999,66820129.12983516,36.556388955059745
23140564,7412,,https://lh3.googleusercontent.com/C4fy8BtUDjDb9eJaJkDJbfjg2DEm8C4fWeRt3v0Qr-jQ-RIraOxxnsqocuxQk7mxUviR0HURvnMQRU5EghodPEyn4eWmz_sJyU_e,boredapeyachtclub,14.5,8438201.820503343,17.329463235989177
23134324,3125,,https://lh3.googleusercontent.com/iAOK7tyz7BnxDtieLfCJR5bCw9ZRPRp8vM2-9Ku8aui-V0sAzvop7hzDzXFcesBiYDRvIVJ-yRIT5MESkBkufLOAJWRB2PFG2eo_Mg,boredapeyachtclub,7.88,2494321.6758541525,15.37196461798858
23138164,5768,,https://lh3.googleusercontent.com/PNYYWdoQy6osvuEkW8X5S1vYKb7y7r2NjTfREJJjYjRa2k8wePjpQ-Eq70_hNa_vKNCpXUNcDMACICjuj8S6GVLIL1Cq0qzvDoD_,boredapeyachtclub,3.0,316158.2539882772,14.65462984939971
23136004,4289,,https://lh3.googleusercontent.com/1c7RPSFW5ISNUiUWoYA4IzzC1F-BQXnKmvegdhn3a5Di-Tj4PXUvntuON_Jl82gCAUp_O1fqfj0DS4l9oxxW4t13YbRirgfjgcxniA,boredapeyachtclub,13.9,6786604.557594363,16.78554255102242
23137804,5504,,https://lh3.googleusercontent.com/DlND7SwPeKzH2Q9nb9l7iRuL40YZ8SthgAAKM6dL575MEDHteqJ6brkL9f9BmkGV316ZpMtSiGsqhQkNCBwFDr2HMNY698pknlHX_io,boredapeyachtclub,55.0,91106277.17224364,44.55454841868372
23132165,2078,,https://lh3.googleusercontent.com/mZ1fqluHQ8FyZu1qA7arA7pytz3ihX5Iumw3OMOTrLkFj78uxorjxAz07fv3lU9xnJVxen6jeH83KXUkQKtkrSR8_tW1yVYVd17t,boredapeyachtclub,39.0,61062337.38773927,34.66017484851619
23138165,5769,,https://lh3.googleusercontent.com/pQHj6GGHZsviyUizIbwA6E4fOcVcJwNywmCsLiyEFvyjxdntDVi3x-LA3JTMK4xPPz9533QiZBRHEgXzVUFUf9KhcaALxxCikyK7ow,boredapeyachtclub,33.8,45876795.24062643,29.6591187970541
23134205,3055,,https://lh3.googleusercontent.com/4S8vr55ygWXVuWyOYuGA2cr5_1j1XqAvXNeh-HDFwJm9uSOcyY9FAjsw5T_8HqbVR8pCmySo6vBghwEEU8DgLhM57WJbbKWE7Ym72w,boredapeyachtclub,39.9,55956523.58004643,32.97867669762826
23135165,3688,,https://lh3.googleusercontent.com/3af3AaWd4KHZ-fxhyJDj1fnDz1DgGOWc3bi9dcFiHDWJjyr3f-KKjE0APfh9zaEMjvNsmIHcGv4PIMes3amZrcw4IqsCFlcIuNpx,boredapeyachtclub,55.722980881779165,109408442.86361632,50.582002400832366
23134806,3397,,https://lh3.googleusercontent.com/0NcgDkSjtNh4Q2S-qUCGaqNHaRRf3YUxkDQ1ER6JGB5EV05vVtwQVrlt3F0oZ9fEf7WGDVyy_bCemFmdcTUWjWXCd6suKhQaarjlrW8,boredapeyachtclub,16.0,8985020.332738515,17.50954702905844
23140208,7165,,https://lh3.googleusercontent.com/0zrVsRmjnhvW2RR-Utyfz0FOkYQI3G12GN9qEN-4RRnWn0qXxElqJNRtyKE9n9fVi615NjenE77lQp0HBO8qRE_VsZsmyCFE2st3pw,boredapeyachtclub,2.7,328868.8555394041,14.658815833027372
23137808,5507,,https://lh3.googleusercontent.com/DUNPKMZbcP37cRRwtkaVVffUvfoDwatM6j1UaY4PIz9VqLTWdaIn3u3j8XF3EuL83mJ1cRBLqnsyNOwEog8dxW3o9wfoc2y2UEFA,boredapeyachtclub,7.27,1592822.3983616726,15.075073774486516
23139729,6830,,https://lh3.googleusercontent.com/5jrzEwiSpwpx7qVEeiSWsKF7ZxPsKjBfaUhmMSpUtT7O4U1ZsRpWAX3rJTEpGix4xL9hOsctbTKkAjAFSlMFbvBNQsng0eNDvBYd,boredapeyachtclub,6.3,1592074.625989204,15.074827510539386
23134089,2975,,https://lh3.googleusercontent.com/QBsSrwoMpeZzuqlGHoFsXN2qPT8aGCgdYi38q2_Nshln160dn_N4VEnSnlIdQkH1XixbKGngY4KJC2Zufzlxqe7HfXiQ_EV6_rIv,boredapeyachtclub,69.0,167278003.52571917,69.64019036283977
23135049,3599,,https://lh3.googleusercontent.com/RRBd0j9kLQC6hPY-7RZuOijbkaHEy4EFPN6wVyCrll5qUR8PyEe_Tcsqf3a1ghnLcQrTdQ9Iaxc1hMlVYMP8PJTLGGMNyKZQ_qIIJQ,boredapeyachtclub,53.0,98681642.19942002,47.04934410949136
23131929,2012,,https://lh3.googleusercontent.com/3haSimvktUHtS9tmdXzJBh-kWRyt5DmjOQIKN5hcN7F8k668WPInDBH3o_-Ef25thO4HXHba88JNm3oQJlh_WD_4ZVTGX4JhJ4SQouc,boredapeyachtclub,60.0,108553594.48332612,50.30047510177931
23133371,2725,,https://lh3.googleusercontent.com/FkU7hLkX9BeH5mktJoFNOqbgoeZwzh_f2HIWnH6AxCKFRvMFddFKNtdVgTDwQ5S0bSJ2avqzn89w0phbzobUqSzGAZq1Enn9OFY,boredapeyachtclub,54.0,160963103.608809,67.56050376766309
23142011,8498,,https://lh3.googleusercontent.com/VQ5wUAgkUAUhtMg4KqWSPKnF1Ucelr4nwT3-u2-CAVFshvuAzu1Cwpl00yuY-t9Wzi8eYQNRtuiYtYKqgrSAliflhYlcxL5SrhwQHw,boredapeyachtclub,36.55,53559878.50766057,32.189389346123264
23137331,5175,,https://lh3.googleusercontent.com/x0cQoWtt7une_g4KuAzTENkwjIE9nQX-GfGZPtKvCy8f2E7-BeZ8fFalDe2emP2g7lUPZI6ElI0Tr1IpyClmvD8QxRYzLohPQH4T,boredapeyachtclub,38.489,52058747.99438036,31.695021890240128
23135892,4200,,https://lh3.googleusercontent.com/bEIWGDfI9OUQCHhD4Fmp9J0XvbH6iyvR2YSqa8WoCRLEDaIwJFJF1cBLvOKLjFGng2KFoxY9QoDXLUSRHoPlF1TGcQyUYIidcWABHUQ,boredapeyachtclub,15.2,10428040.321762726,17.98477694041609
23136493,4669,,https://lh3.googleusercontent.com/Rw97PWrGzBTn4lzg_BIVzm9ZIFJEa0yQTD9s4FzZ1iS7w84wHNblFjs9OIXcpXaB6x64eyfKDIdXJnncvC6nfojVNvo-BMS0wVWl4w,boredapeyachtclub,44.88,110975138.14298628,51.097962307418896
23132773,2391,,https://lh3.googleusercontent.com/WedoWT-Pjwp_jsLqkGqH80oql1dqQzQcmHg3fmni3dfKgOMdMUxljWLXf__76yjmqea-M9InkeKcB-6ngmYmScwNz-gajgv9F4vy2w,boredapeyachtclub,60.0,126621964.69899815,56.250933197496636
23133254,2618,,https://lh3.googleusercontent.com/ckb4_Rq2vzJC7XMLH8AodRtRPuSQsDfdxBbXtG6zhYQXcL-vTfjR9PC2GeoEXFs9mRnIxR2V0E28T5MyInNAeg4nx0RXZFFWjsog4A,boredapeyachtclub,32.8,48545873.17462672,30.538126488998365
23140095,7104,,https://lh3.googleusercontent.com/8G2r77Vej8p3CglkaCFZCKIscdkLwy1l9lK1l-ThxgPEDp4dKvSfElgMxIAUNiM0-tlyxOjL4iTifX4JzbUeN2-X2zKAYWLC7i4AMw,boredapeyachtclub,75.0,226053845.65738717,88.99684408812313
23131575,1867,,https://lh3.googleusercontent.com/5IDngeZfGp_4mkQh-h32hasCq-XzZAZUQ7KeeTwmg8EK36obzXoSDo8j_WdelHqQ-NDxEtuuVVuN_U2ul_9vrPSwrBjSPcMltmXTRA,boredapeyachtclub,53.89,116531913.42113182,52.92797564261406
23133976,2949,,https://lh3.googleusercontent.com/-YSVriiao7d0onLBqS5mkUOAiTR3lqe1gIVHLo89oJWZuNg6BwWGIVo5HiQpOzmTQ-GV9It_RyvDmTJT78TXUHi3Czw3Og3a-0Lq,boredapeyachtclub,33.0,38238490.65996143,27.143595217060735
23142857,9193,,https://lh3.googleusercontent.com/DinPITdCz_XOTKxTwiW8m-uYT6sqvs_xSRBLOy9xNJG6uq3KtD4L4eJu6rdr6-wIIPblOIe_yApQ13G61pyBureWabS-kYyxxOcL,boredapeyachtclub,37.9,86362216.26796332,42.9921863861654
23119457,756,,https://lh3.googleusercontent.com/xGkeiHDxEUaPIt6gVh-pEAr8biv-JtxN3LaWx4KAA97zOxORyvhrgAG2_4P9HTrV14LDwDjL4lW6Y0mtH69LwZrVrdJVIv1W6OvlJg,boredapeyachtclub,9.99,4005793.217557503,15.869737685753924
23128817,1415,,https://lh3.googleusercontent.com/vgONQkTAS2pQEEEVFCrFbNl6w4L4IFRCLYUK0DFa1nPCdFmQjs681i5J5PlHBM7QcD-PU2oyhQqtw7LdNJ3hVumNIwCMQAH55aHPcA,boredapeyachtclub,49.9,87368221.90949132,43.32349432055648
23140457,7329,,https://lh3.googleusercontent.com/NmAHD3rd3fUrJEDR0BSlEGyW38cUJAaKbcY0wEZ1kSsDrnDUqvzSkgNbA-QXR7pRlPs7pG9ZymAK7i3Ryeu92eOf0PyiyCpn_5kcGR4,boredapeyachtclub,38.69,67485930.62159677,36.77565742418582
23141778,8321,,https://lh3.googleusercontent.com/4r0vUpKj8q62U_RCZmMqh3EWT79ifX4Ujz7bBFE8OC25qYq_16ftV1NkGKTqxoiOZjPPj5zMVfRLVDlHgl7sb6JJFxfTkah0_wKQDg,boredapeyachtclub,39.0,60960694.88712297,34.62670091404165
23142738,9101,,https://lh3.googleusercontent.com/LUIK5BihnIEUHbbQIUjom88xZYpkPMNhewFFyAR3b80ZszdI2pX1ICUKemNNaD19m0Svsd07KgTa8880DvS56hCO3NgpN9Jhs3E3w8c,boredapeyachtclub,14.0,7869545.301239147,17.142187529970986
23126299,1207,,https://lh3.googleusercontent.com/LW9dABK6ft4_QdpXCMEOTO2YbeNHDRKChd4Xd56xcnBnhkNrdGqnxAr8hWdR5svVIlCfdDEj_VXIw4yRnI67Fr_Ei-qQLeK8a3ZoAw,boredapeyachtclub,50.0,100762011.09918275,47.7344721987384
23136139,4408,,https://lh3.googleusercontent.com/abEm59QqRTifYedT954SNERlZNN9avIy8lc_PjkOggoWzw83iLFSIiWYb55tI38Qwl-Q-D0moMP0h5dw2GWfbjJl0cSb0N74aAhq,boredapeyachtclub,24.0,20222663.197248384,21.21044103121377
23137819,5520,,https://lh3.googleusercontent.com/OIKHGxAWEthsXum_i9yzloiKt9DxHStvwmNjk5M9PEFH8qIfNSDp0cQLEu8cTfkWzxBsD3IfAd-h3Si9ON49HOLIjK16NqW52gM0,boredapeyachtclub,11.99,4327314.449323719,15.975624303842412
23138300,5871,,https://lh3.googleusercontent.com/HqJt7jmqOwDpYbTYodimO6dJsxF0RGPOE0COJZ4DvezvoQ5CGiarHmTwZKFR5GtgPhGmejjVYcIfeUJbEYp1ixlfMvKLKW3VSXN5w0M,boredapeyachtclub,14.0,6883448.855935405,16.81743629308155
23126300,1208,,https://lh3.googleusercontent.com/YIDK__UkWJi7hZvkCDVqLo4gx_7lz5mChEupKiJ1zIbQcX77VBjIPgnKX-ipqqMoYZKfh4emCHUhc6TrDGdWV6eycKZroUYVdVOm,boredapeyachtclub,9.0,2845852.1711389264,15.487734189709245
23131220,1703,,https://lh3.googleusercontent.com/4WyUdKOvjFEy2KiJCFyrttyYWteugvmMUfQ0L1GVkNnibc7J1z_d3GMrUei2YSkVrpPMnAiVwoHFN9bgSiiHzztIzQDjA114-UuQ,boredapeyachtclub,47.42,78955683.62094261,40.55299227930391
22853062,171,,https://lh3.googleusercontent.com/hIcx3KmJHgSdWe8-B5moSTtrAWFNHQRHEKvgyzC3XCgUESI9C0q6i19ZESesxs9Vgefh1cK68apzZlBimSSoHodVr5IvkjvcPeItLg,boredapeyachtclub,32.6,42623103.570195705,28.587580207232126
23132062,2045,,https://lh3.googleusercontent.com/60C1FoRAwIn3UvCVscl3wPgGR0aXgW30feuK-hG6zV80U62_F7ejvwOmK742QrLuDR9ZBq1IV35sBd-iGfovZgEYhOqSmgrsF-RcfA,boredapeyachtclub,45.0,61083131.08401994,34.66702283850623
23108063,436,,https://lh3.googleusercontent.com/B8GrW5D9D_uj2p79El1LxBb-L3vq8GNlOKOtFPHLKSdYOHgV2NxiPe9iD0h9UcFMnsLt69onDje79Xznp__XXHN1JcUw8zh1gdVW8Q,boredapeyachtclub,75.0,197791450.1837055,79.6891866766725
23139023,6367,,https://lh3.googleusercontent.com/GjtfeyqZjAHLe-6mTQFHKHd6aWoTuxzmaUL8ueBmUvBVm-F4CoGFRcM-EM-AKcEjQ2XsPJ6dpDvyoLZYEh-5vOSRwCE3NWAaFmDRbg,boredapeyachtclub,3.19,357847.8256087576,14.668359480019127
23126303,1211,,https://lh3.googleusercontent.com/WOijZ6WYrD68KJ4xwmbgfRsItpJTZ5F16195iOJqqDs_Zxo8ZO5jwjtuJ7epmMH7Y2aW1qr6VmPZKFpRPN_fMlCeM_--3EBwhJYOiJM,boredapeyachtclub,0.9,28451.446020924624,14.559879338743391
23135423,3883,,https://lh3.googleusercontent.com/lPccHH_U5wgyGucX_hOmPAKCZ0Vkl3YR6dChetN5CE6H1SGcb1GaVusLpF_7asln0VpQMvFCB0gxvY-W9i-7p61CY5_1cwv59QIswBs,boredapeyachtclub,48.8,107594421.36839467,49.98459052786309
23134703,3381,,https://lh3.googleusercontent.com/h_d4VxZiFmknmFIKc1BFbzwQMxCgfoeXWJq7Aj5x6Zzd8bbe8_8XeVVZnv5p9x249uwSHb0ayZwY_WN04GCbQ3zSS4ktMQmGGsBmLg,boredapeyachtclub,38.6,44788924.9110885,29.30085035711064
23134704,3412,,https://lh3.googleusercontent.com/M9F1h3-CMkwZy3rJKHk-qQpP5zfZTHbW9DgpAwfe6-tCYEpxnt1hNS-KhEayvrZYs7LRP-mDT5AAK3y6ou91bdlD3nSpQy1va3TFj5M,boredapeyachtclub,6.75,1827178.395469916,15.152254257486751
23136025,4314,,https://lh3.googleusercontent.com/Yle0HqJ0N_59H66GOYSmAjDU9VrV3E-psdGDwDfKXCAy16-xGl9gROrgnkZKB3_v_0dc6whHYH2R3Ho6SZ8BwbFK2s8hM2t7Dnbgfw,boredapeyachtclub,13.9,8717048.766876942,17.421295927577244
23143706,9966,,https://lh3.googleusercontent.com/jCjMXpsdkLw-B__ZwUU8PAG44N7-HAA8p5Lq7U5PvtaKHQNMOB4A9KWsezjAhe-gr1QsUCHaKvJhiT7aGviMPU6KlJvJwJwyY0vYpA,boredapeyachtclub,49.0,132393556.59849808,58.15169211120137
23137706,5467,,https://lh3.googleusercontent.com/rk2XKjxzjn-2VQAbmLn0y16HyOzmG5HNJTIyLHC8-knigg3lc4-hgsNyBwMksk0ZgfIr9qCaR2H9lWiaeJsjGsphFoT3YY5daIE5QQ,boredapeyachtclub,5.2,812901.4503262242,14.818222333882776
23141787,8354,,https://lh3.googleusercontent.com/0zCArK0p84Wu6rqBYDsOxZLgD9IrX_YFQKbvuy5X01WYtEgTTJvH3F_9Medh9jAKCCCSuABu8LKF4ZolpYbn5032ZQKy_krmNehY,boredapeyachtclub,48.0,115480821.63107832,52.58181948260574
23116948,664,,https://lh3.googleusercontent.com/-gSH753lNqUe2Q76i_H5nI0wB_YzducK61BqRkGLTF-2DairSM3GM01TG9JVVu903GVjVHeoFKMM8QP4SczAcUZFSWDdtiO9Lt7Y2Q,boredapeyachtclub,37.0,54900656.2635349,32.630947813033586
23137468,5263,,https://lh3.googleusercontent.com/bCRH-0aOXJ0S-necAES0qAGIop_9wPgCFTwhSTP9ALjNTi0-Ii9Cm9NNTYy7_yzm6ZoOcyPVukgnWptQzI3r39bE1wpnycwava9UFA,boredapeyachtclub,3.0,316014.94944198546,14.654582654899738
23141788,8301,,https://lh3.googleusercontent.com/taVVJQF0SubMZs8TqofResVQKjPjd6W6BEAcSMltM6N9-8NTEtjUuQHeZ33n720hZPYiYOg_v5cL5daBwulfwF6vdrWgFVSGVXiW,boredapeyachtclub,46.8,98715661.62394904,47.060547729833644
23143709,9883,,https://lh3.googleusercontent.com/F7iH3iYZMWCeLl8951lw5EnJsGXl9HYjfCqJpF2GuW3k9qvdFG3MXb54urlNZdPrZX8qBjjvJTsIgBgyB_pIuZQj6w1Rq-GCeepX,boredapeyachtclub,60.0,126407866.0530244,56.180424069888005
23138309,5877,,https://lh3.googleusercontent.com/UIKt9mua9CdJ4N_9Alu6u1o-BlfBlR4FtTnGeRMDnoJKFlnbh5QLKb-07r4P8m6dvkpFp9TnmHtqdDMhJgQRpqOOQj-fJVwcEMw2ZA,boredapeyachtclub,60.0,108608525.86440232,50.31856565877655
23139390,6627,,https://lh3.googleusercontent.com/6mkP7JtSOja5Q2iycAh9PVDwY_jWetiFnNGqUGy3eovHlZ3UDeLGAT-zjbOELakEGHaw8TG5qargQ3KGiyMmfzi51mSNmVrqlxSwHg,boredapeyachtclub,3.05,373683.86855732807,14.673574765561911
23137831,5521,,https://lh3.googleusercontent.com/sns0Z0W9gaq5U8wbUQd9700Xn-Fc2KeT3GmDSdvreccoQjcbOuleUYM2-k7uekYltZBpPd7ARlTLEF_Oe87y2O2grpWcqhJRr2kmKUE,boredapeyachtclub,9.99,3506711.5413039424,15.705375069456009
23142871,9196,,https://lh3.googleusercontent.com/h-JTwFSHULlb3J3mhlSoswJIhXKw9jImcrfhJPKa5CQOSC3olqgWgORwbpKdtThNCrX5P4_MGE8FtmYQ-Yum_KIMsahhH-EdwV43fg,boredapeyachtclub,34.0,57912612.052153625,33.62287550171816
23130271,1554,,https://lh3.googleusercontent.com/_tr9h2up-TJjHAvdNJQJBTrT0s4c5MRknSSLdRH7B3AAyaVnKzYpLbiY10FSFPvjI5HEnK8zT0QHxgmGostp-1NbFlfv3pN6kdUf7Yk,boredapeyachtclub,34.97,61283931.26203521,34.73315238038688
23135432,3921,,https://lh3.googleusercontent.com/kf1IvDixnekSCeDRNL0eiwVMWkb6vYZHTtap0QE4fegr3fYduEG2XhuBXy7akJ4sBtN6tBjYkVauxGD2bfE4So6QMTrlcjN8Ry1PBA,boredapeyachtclub,33.04,54647015.06396096,32.54741613245604
23132192,2085,,https://lh3.googleusercontent.com/nw5KjHReAum71m3GWkTrScTTT5Itb2jEFplQ9ZVJFhxUDX5Yywtd3RaVa9RMG_DsSw9d6G-6utm_JgosswBoA445ALau-WmEVhE,boredapeyachtclub,58.0,101242175.77210195,47.89260487651424
23119832,764,,https://lh3.googleusercontent.com/avSM72_sOOCp49MftQxbcTgRXXpuAJMHK9FVPi2XSawz03bCirYQ9t7qKyPeOCzszzHIMB51bD8U-I37ClOpHT5q1s6LYOJewvgfLW0,boredapeyachtclub,12.5,4713627.868601445,16.10284893925704
23138073,5698,,https://lh3.googleusercontent.com/rXo_POs4Ye0X2g-Cg1g_FSNsxXi6_4c8YtVoToyuJVwVGsnlyfm_EyLSgcUNbI1GTNGLiZMI2VWZnMfclTqTwuyApI84qiYrExrmNg,boredapeyachtclub,13.87,5794761.319315251,16.45889872225134
23130875,1643,,https://lh3.googleusercontent.com/9E1SiuwwxcoUIHgeYBuDC7oPM3Cfhz-Ji_ncxF1Uhy80XQxSDfiQQZ16ezmksFe1v7iKwKoFdPnvxLsFW4r0nmHYdb9NCVScDRlbjQ,boredapeyachtclub,49.9,99964141.06887864,47.471709585149966
23132555,2243,,https://lh3.googleusercontent.com/mggTqP5iPtOs2iRl4Ca6upQmejD0j7h1TkxPhKG2ZWlJXv4-Rec7GDXFp6e_dhmsoekiR6p8MZ9pK1YALEgHXGQJmGPZbLDkO4jRlg,boredapeyachtclub,30.0,31659261.621804383,24.976857087037097
23134236,3082,,https://lh3.googleusercontent.com/gj_nXPt-feFh_JAO2Nk8sZJrAAmg2aYY_yoNOoVvSKK6rXe5vk5kBxVYlku0pWuV7SaPR0gjlqEk5QsoHkU5Cu3Qn3ZhtE3_jEZUBQ,boredapeyachtclub,40.0,80196931.4784819,40.96177255525154
23135556,3991,,https://lh3.googleusercontent.com/hepY2OioFC-CTac5xoMZksc2miUroRtPdObDu_lrQLVXY6uK_rOtN9MrvI--ii4sXyBqd9DorLREsWJlbD8gd2tOLGtepRme2Q-vcw,boredapeyachtclub,58.6969,138522731.81435496,60.17021397277088
23138076,5701,,https://lh3.googleusercontent.com/JVXUEztiQcTBwJ1hAO8gRX0U0l-zRfaa-57HCmiMAEOpPTbDCJ3iPXVVvLtASpY50f5YEl58Y2jHB5c86JYXJxUU0Biq6QCK1UpqX34,boredapeyachtclub,39.69,55363288.79772542,32.78330662988074
23138196,5791,,https://lh3.googleusercontent.com/8WT7xaGpP879A4fXwQWH99q9rV0XxhSvTe2Rh3oNLXLp5PAyAtV9VPbBXcEpCmer_PRNIDTbo8sgrKjC5qiHHzwpPGBXPsOnW5YzGw,boredapeyachtclub,44.99,61035623.10011138,34.651377029610046
23124880,1128,,https://lh3.googleusercontent.com/SqKqZAu5Bh1zmuLnYor8xd6JyGXGCwkp_RXB9DwsohMptVYF_-f93dQx0Vy60jPhHX3BhxXj-fK0O6D5B8T89QpAOAJLcRctKxhd,boredapeyachtclub,49.47,85927240.12441283,42.84893565109972
23141320,7959,,https://lh3.googleusercontent.com/19iAAFHzHW0dVGd9JZQYUyn8VrwwUzTiylQtQ8OlBvv7rkNEptrq6w_e7bzaDr-sNEXcNw2y4mz11FEyJE3nm1UlRZN-SXq5_8Hmnw,boredapeyachtclub,41.3,77013137.5861755,39.91325340740181
23134721,3384,,https://lh3.googleusercontent.com/Z1ILQj3S4qj54vj0xRLK9PpKEHTA0jvDVXhe9Zq1jsNRjEoluPfCchb58YPror-lZxOh_miPCbmk9VWGvJZy4YckR4reFpMEdXEE,boredapeyachtclub,40.0,88281995.20534992,43.62442736770402
23138802,6228,,https://lh3.googleusercontent.com/vTPG1SWZUAm7vyBjZVgTGxNvTcPEy4u9ql-CYgvWMwDb2xX4UjaqlNydLohVCQwqit103oxCNOy7QEOJDzX89Yt9zSrcaYQ8ZdiV,boredapeyachtclub,39.9,79696137.29040931,40.796845957272055
23134962,3536,,https://lh3.googleusercontent.com/CeOjBUhE1-zQBKXffFMk8p14PGZ1Y2yGup7ygfXSNktaC46dTmWPY4ZThD9LfrgLz11KSic3Wk-dFuvh2fzmy3SiyNj1A9aCLn5QOA,boredapeyachtclub,65.0,148501793.10692284,63.45661918515219
23134963,3537,,https://lh3.googleusercontent.com/k5llzvbA4cTGlR5f-aJIdrqHFOQcMawFjrHbfGah7IIMwGDtHQotuQn37IvAbypRrnP1AS3RdseeFt1Th25V9RCHJWN0w83Lh24O,boredapeyachtclub,49.99,100208282.23615655,47.55211261918049
23134364,3141,,https://lh3.googleusercontent.com/rycPSNs_B7BBEllnDI93Ss6EdcWCXeaIb6TNd4D_BsI1N-6rvBRWLb6bepENj-D5FxIzIk5Igalmm1gCPFzw06a-7n0LeR10wMBeMQ,boredapeyachtclub,36.99,61737811.38428083,34.88262876456895
23127284,1266,,https://lh3.googleusercontent.com/jxmQj500dZB1Fau_N4j1jIzdglp4dSI7VEQvJ6QLb67AvlP1cLMUJtb0at8M29ipNsx2CZRucXSCCsD-oz6GiCXgZFUIj0wRe6UI-TU,boredapeyachtclub,36.9693,41149740.72768861,28.102357481027358
23134725,3365,,https://lh3.googleusercontent.com/ZSXimPjqfH-DPenNRUWg96iMdSppXxlmZNYzb8c4VdoBX8qmZ65KZp4PV1TExApKOrQxvIykLSblDr4J5vylkkQbPHx6FAwnabWkZSw,boredapeyachtclub,32.0,51404559.77201323,31.479578020237344
23140365,7284,,https://lh3.googleusercontent.com/bgiC-YqbwFPZ7RR1n_2rHmdFedStMAzjMYDp9p2qMWjFJ2lW87hSLuU7b9-aIJdhRwOZDUnhQPYnohk4J0zx18wlwFPNBGJMLfXkUQ,boredapeyachtclub,58.0,135155897.44362336,59.06141408660949
23137485,5266,,https://lh3.googleusercontent.com/OpoEcWdIxrxDVdjymt6SdduNKuOErgest_1x7o3u3LWExB4nziSxquabl7NDrH-E4jBZEmf1oOXB7RS1gMEH6LAL0d4Op0dCQsJtQgw,boredapeyachtclub,19.0,12678539.398428278,18.72593401713646
23138325,5899,,https://lh3.googleusercontent.com/Ck8vjlB4_pFxELNGR6T08hPSi6AWY2KaaR7hHn9AeM1Ff5_wtgNE2XlNhdx3k3xcG_eZt8yul0Rz5wV3sgjEHXvAs5-YpVJHD_9uvg,boredapeyachtclub,7.0,1721832.9317920506,15.117560825832062
23142045,8512,,https://lh3.googleusercontent.com/8LUXNsjhDCyLimLO75HKYOgiGX6rBsJ4aNV3DoqHbxGewzygfe7U2ZNM_7wc84VeLDIcFkSyDJV3WHghg2B5ZmXgdmnkOtT176WmPA,boredapeyachtclub,49.69,123727440.30710772,55.297679201957166
23139046,6351,,https://lh3.googleusercontent.com/gKOOvNaARWuREAdEnNf2uyrLZayuLMzP82ClP3bvrB63uArn-BuSu4xx2qRW86VRBw2hpiHkvnWDLeSK0O4GZl7XjU3RlJayqro9cE4,boredapeyachtclub,35.53,50621369.27962141,31.2216498202772
23137846,5535,,https://lh3.googleusercontent.com/upk9zh25WnygK_cdjJyPzHlgUBaJM6LJsE_3UnVx4Sk9Kuv7qqr9kKtxK_ATIx7a2zr1XpL_Q6oQTX0rKBQ5jA884uuICtx3YSq3,boredapeyachtclub,45.48,62209349.32700225,35.03792040046153
23141806,8325,,https://lh3.googleusercontent.com/GnE6X5hX42w0g09abOb4FdMCwgQnlavULlXLmajJpByeTRGtefGdLwQRs00Jbcnw5vELBR4hERHkrIBjlGe414vg6v_GF9tJbcsA,boredapeyachtclub,40.47596,73865723.71803787,38.87671529640008
23134488,3193,,https://lh3.googleusercontent.com/hHwne-X6xd5zcwKoCl-K7xGycyjlk3gx0MT2AAsPBBuesKkY_6hkzTFtLGiKyqombAnpj5XQkxUJ2sPKED5XsroSl8cseX2Es1vQ,boredapeyachtclub,49.5,86021519.32870498,42.87998463048976
23141209,7854,,https://lh3.googleusercontent.com/h8y6aGc4drN8CiJiwydqkQO4y0TVaHWWlAf0IWfYjkDVvvZSF_2H8WO4LDWeChhIk4iGSxInVITRTSuHD-ix3NCKfJHCRKTuCGdu,boredapeyachtclub,61.6,171219121.48909694,70.93811911963584
23139771,6843,,https://lh3.googleusercontent.com/xUYJDT6i5W2aSqYRSfGBoK_k-c8CuixyYrrL4RHdQ-M1dbSEDu0V4_6Tn4AniQU8BHOMtH4HSfY8KWh3qdCYNEOLibQeCUXO7VKm5Ck,boredapeyachtclub,38.0,94085375.41955294,45.53565513013814
23115292,611,,https://lh3.googleusercontent.com/6yU3irQ9oNpudxsvuW0MWhO725S_hBhXg0BKekn1_c4GJ-_OEuAOvuJ5GnHSV0Sr2FlmSYfyoQlj0fzkaSgh5NxUji3M0x-rfRFy,boredapeyachtclub,16.99,11589814.615333274,18.367384179921117
23137852,5538,,https://lh3.googleusercontent.com/b-uP5MmaTHkXEOMqboNmqoU302PKbMRNWg5B5EvDADlhehtlQ7szIMazq2x1eKukVjwDsic_3lVr87ifx-SgMhjAA9k6RtO1Pd0lgQ,boredapeyachtclub,52.69,83846533.522077,42.16369634623189
23136173,4463,,https://lh3.googleusercontent.com/i5LuMlrS888JATbV1yd5-ZG2wzyIHoi5hCidZbW_EPBJbMtn7rIiLMwdaQNxnthEAEj0oVco-iuQ8Ai-hI7hEJc_IIl-KZvk_SnWO5E,boredapeyachtclub,49.0,132265077.87699433,58.10938020152861
23134493,3196,,https://lh3.googleusercontent.com/pcNLHUsPhzG4QfRXPzlLnd28AcF2CgJYPV6Sp-YRV7wFRi7dXhY6axEPVywK0PM4FeNEUQ1pW8ZnsvmG29ij2ZfPBJcuLLuKwCpYYw,boredapeyachtclub,15.8,8787097.36579878,17.44436503937719
23131734,1960,,https://lh3.googleusercontent.com/xy20r1rznxUbY_91jdhzNgoa30xOI4Kav1jXtTUFJ746kkCdVhz_h7t50Gp3W4QjPh3WOkto4kUovVDtVbnphdmpGrh1nqlQ2QQ16pY,boredapeyachtclub,42.0,88510267.97912323,43.69960446218004
23138214,5801,,https://lh3.googleusercontent.com/me9_RHTLP30ze3hyJrOFFKM81XrYx3qWYTr12duALIJi0ENI9KZQ7PkK9rAPCBAe3y8tHM1snE0yx9mkYhzdUhpGNfBWBxaWDZyAeg,boredapeyachtclub,43.0,74297594.0068994,39.01894318004322
23134855,3463,,https://lh3.googleusercontent.com/yJZItdwn4Kf_9Po-biwYgr19Tv3on8P_BQhbPipgF9KfoNf5x_saE4BLRDb_9vfCstF-LxV9510Vb7LC6NrpQKb8NGzm01M5pBBaazs,boredapeyachtclub,33.0,43661886.09251116,28.92968255491594
23134615,3274,,https://lh3.googleusercontent.com/oWzwmkteTRDz7b9Rpb45StWdIRYtEIzU25I1Wv0aRg67hF2Q1rs0YVf6L_sllXdrfYzG7_PFxDeGuH6Zxk2nZRe_95jK5e6-gztj,boredapeyachtclub,45.0,91381947.26295038,44.64533487609039
23137975,5622,,https://lh3.googleusercontent.com/lcgpDCQ3TjoePDjXeO7ATbFc6LzdIZNYEHQoeLJu18apEzKAxeBTiK-Vw8Z120UbkdGnTjxhY1JVjxc3OWpP0CC74S0syazuS88NgQ,boredapeyachtclub,41.89,52934629.71796955,31.983476102258734
23137735,5487,,https://lh3.googleusercontent.com/rMRVKVMtEQGUu7tSJodRY2bS7EM1YQ2M1ru6Zn5XzskNCW4vK2olBLzoU91Mk6qUOwETNO_OFKBB5jG1-Zd5Fg2MV6BnB6YjUXRuI4E,boredapeyachtclub,42.0,53213845.85019035,32.07543037785726
22896656,215,,https://lh3.googleusercontent.com/nYiusUG33mF7NhyQg8GYoI-rI6zihKmJzxUmy9WsdYeoGQJT0PX7imEuDDnbbX_WyBTQPyh_dgc3U2bVmytQI1X3ajKt2o-9zd3IAw,boredapeyachtclub,28.85,49984233.65978,31.0118218854994
23131376,1767,,https://lh3.googleusercontent.com/AsgwyCgZsl9f6C01coWpqoN3AsZA5J7TRTCu1A5gQQo9q2uyqJ-5nopFAlUcw6e49GXRSu6h5T8YLf4Oo625WMsC1B_RleSo9ICz,boredapeyachtclub,48.0,80953343.42716675,41.21088177484485
23138696,6141,,https://lh3.googleusercontent.com/tLHXjHDVfOVSrnIuxuhJZ-J29Awi20RSJT7V-eX72brrlBQE6MYjWV6zqCFd4yKurZrXvVkZEWzsv6txtztaF5Rgd_lRWjs2YzSLDBc,boredapeyachtclub,50.0,75445436.52614257,39.39696226697309
23139177,6501,,https://lh3.googleusercontent.com/74LKUwTC20AWnwTJPxn_UY1v__iewP-ZjHToogRYBeBZbs_U-DMKlk6uRth0gPOZjIyNP-sQ_kLvzZjuvdik2QEdcI31RLAU7Ghi9g,boredapeyachtclub,7.2,2338146.239600525,15.320531346591387
22896657,216,,https://lh3.googleusercontent.com/faO0xXmG8YRbK5nfornpYFJZDqgZA1-ardtYc4bI_qzL6T6msTCHnoM_qyow0TIQv-3qht60aoLms25oLYMhqnuYFGUCn34eOCK6,boredapeyachtclub,35.0,36825274.28589283,26.67818053307431
22896658,217,,https://lh3.googleusercontent.com/uhf7zNJsj9zl3_Lahll-lP3r7oXS30i1kO2jHVRV5mNbQvaw9sAVVcmFbGcTfz0crepILb5LE3ToL11bCNdEHE59y11NlwKWqDBFOxw,boredapeyachtclub,55.0,91345825.4550962,44.63343887764603
23139659,6785,,https://lh3.googleusercontent.com/9GhjqQBN-Q8Oa25dkupu2EgLjMb3cHZiBPbs528kVz43CcAuzCUA7SGbZlQpspRczgw0x5usLaMoSjxrLKeuDYXdcxcyNAsIIBCYhQ,boredapeyachtclub,34.98,49048700.299928,30.70372259439032
23131379,1770,,https://lh3.googleusercontent.com/l65NsU5eGXgq4b17uinb40Ag9Ff3Sc2HfoK3g3LNk-Knb8B_uKexAVTlbETDe2EKFDmnOwzN5mlH_HHwQPoj6egL-979Hg7GSCdIIQ,boredapeyachtclub,52.42,96527076.92812812,46.33978092209385
23131499,1834,,https://lh3.googleusercontent.com/0JC3stIOVPC6hVGl-OhgVvgHLe9KNuU3FNvA85iBqLu8a479Ovimnj8KvQMvQk4qP9UehwFEd9lr4gYtTURoj_jtUlWZLS9wb22RG4E,boredapeyachtclub,5.8,1518795.2639379334,15.050694411208227
23137739,5475,,https://lh3.googleusercontent.com/AYzi5Vxz7GTA51h27D-rK7q_HFwQjvTUiRAeVqKZWFiLjR9nUO474KgYXY6ZnssB4MK9E8KZKTT0RtGHHHg4-JhVh6kmu0Pwevnvgg,boredapeyachtclub,52.5,83475135.25428608,42.04138371908664
23130540,1583,,https://lh3.googleusercontent.com/0jrWCopDUcZNZNWZgG1ZMOcybF31m0VZDuV3r3RXC0cvUcGcSLBjRmIn9O5X1Gm-jNQMOuCCODvRYTQWz9QPZPoWEg6S_yhX_e87oWY,boredapeyachtclub,38.6,74629289.80034186,39.128180587504204
23142660,9021,,https://lh3.googleusercontent.com/zUkd7MuI3dsjWr2A62Sc8EiydNFDDUfj154sgKmALNE_zBXrPb3FvG3MtP6AMxIpHSa_n06SKV_yceqAFIe1zutUsWuW4CSBPMhlEkw,boredapeyachtclub,19.69,17500052.436018735,20.31380336814475
23135461,3929,,https://lh3.googleusercontent.com/0Bkpqx9sQEPJLO6Xi7tNXI5D-FioRStoST5J2a3PmOkKONYYptQWKff7d0EEyJBcf_rIgCGc4JF369_67Bjg-Nwdkbd56WttaKF9Gg,boredapeyachtclub,41.5,60448813.78787492,34.45812306254162
23137141,5078,,https://lh3.googleusercontent.com/Nkd3ZTfdeHJxeaTjqDwz5IVUbYsO-9o8D7fsNd-3cPrX_kNeBn6E4dEDlYZmilWwCkyPqk0NeBuIoQ77oc8CfrgufH0D6UXPOc1Rtg,boredapeyachtclub,3.49,610439.9506079297,14.75154566876636
23134502,3200,,https://lh3.googleusercontent.com/ELVyIS7VLWlwBImG4qmHedp6kwg7bfmRI0Nwh8WTC9Ia_nDL7vBLiEs3Kfq6b78DzISV27974BK4wOFUn5v_elXYDn99u05GKXGIKOo,boredapeyachtclub,47.2,111591414.09112324,51.30092052451401
23139062,6394,,https://lh3.googleusercontent.com/b9trhBnwReZ-em-P4AdkL5CnkGtvKRG--LbJxYxn3xY0F3ri4AOtFBgvXzgu51Gohif_2q7ohYA8TW3BkDDoaZ4PJ_BW6uwANFEPJCo,boredapeyachtclub,13.31,7096974.738608567,16.887756792497466
23137743,5476,,https://lh3.googleusercontent.com/uOsNKKZ771fAmt4AumSF_Z3vLe-sUwBba21wR4JoAXO48s6Jf8bdT2zVNT-fIlgKLSDkuX80YwgtgBi54HuuI96vo-yerBfSxOEbMQ,boredapeyachtclub,0.55,10639.960591986308,14.554013480539123
23137503,5325,,https://lh3.googleusercontent.com/JntZqnpPo5-n02JkHphCsGfrlUfozlp-vmBvmpwhoMAinNWvE30HNEGxQh5kcVD-b-xOOx33RvQjjSgvVCjQP2s6Chh1Wn_FzPikDw,boredapeyachtclub,98.0,338189231.7176412,125.9264015320958
23139063,6415,,https://lh3.googleusercontent.com/mi-lKwhKXQJKObHgTpLVnAx6ohoyRwr-fPWxSiz4WAXwOuqlmTt3FprvqqVNEBVaE1WPnUwM2Q_XEopbj4tixWkQBn6Q22graGM1,boredapeyachtclub,14.2,9106599.616703166,17.549586746304847
23137504,5322,,https://lh3.googleusercontent.com/GoZObHb787YAaJ29u5qaIny8nMTMpk05Mqn9kC5i2cjIKdZWQrJONjGW37XyqBa3qum-DL-XYrEYyh1BZB_ydG_5atbvvFvDJINosQ,boredapeyachtclub,8.29,2416876.4923787983,15.346459588288361
23139424,6639,,https://lh3.googleusercontent.com/u1GDfPuDxJLACXtYwaO07IBMGRjg1b0ErHsY0RJVdR3ZOdpnzn9q1DNzM6ALnZokRXzbAETNo7ja1_2fCczSw4gsvhEEkgQcABJUkA,boredapeyachtclub,46.99,99606747.88151272,47.35400925248405
23137745,5465,,https://lh3.googleusercontent.com/Czn9y9yAUpvuI6SGoVSnNe29_kZ84Ey_9saCrdpA7a5j2_8IWlUFSBM3_GMkjBPmbG8AS1jWtrzgQG4nCsyAlR_VtEI0fXMeKD8ILA,boredapeyachtclub,49.5,122922562.7777512,55.03260880803386
23134506,3216,,https://lh3.googleusercontent.com/Sq6jGih19thTsRnOPXXUikEu02dt-n4gu-7V9fXWGAT4x2EWNRyOayDKe5aAFDlahGfmNtMTdMKAHiiEv3zaYkqPjlrL-4SocL8,boredapeyachtclub,56.0,110212179.8688043,50.84669718582188
23140386,7278,,https://lh3.googleusercontent.com/XR5c78orDUb43ssiAVbglcnTPCTBpEz5rumIq1HxDb_9OjPmGLwIyrHspdQX7VzgqbByH3qUhsvopXq4haLPO-ahwc2nnl4lcp7z7A,boredapeyachtclub,49.0,84541856.81184563,42.39268723192648
22838466,141,,https://lh3.googleusercontent.com/ksAa6wyhqufJLyFkJMOdP6o9nKaLSCvepzhwQe_VqnXXFD62sCVUzYBXz19mB6i8XXrbdFDfRPtTCCG9ybQZdv5HJghIYffUxOdE7Lc,boredapeyachtclub,32.95,38112698.385159865,27.10216803513802
23137506,5348,,https://lh3.googleusercontent.com/g9F7kEBjGxNkmKG1YPuIb1EjcbHNK4LG26RFoqDBulUGEMNa5JHSsExSssMklSVn2Q_L6jxXJzgj9cvwoTfkrGfWPa8Bb-kOpztS,boredapeyachtclub,17.88,9650916.905278588,17.7288468111464
23137867,5565,,https://lh3.googleusercontent.com/Kntp9qUZEevaQXe0oqcFhhPNw1njU3exBaOVZ92g7t8pjL4_znITCIB-g2N0XLX9Av-i9JK5kYiZGcaPsUdG4icLqPLYv1T4g1waNg,boredapeyachtclub,15.35,7083122.823769531,16.883194940055255
23142787,9130,,https://lh3.googleusercontent.com/70DpafXEU-9njF4WLpPD5LzhEGgC1QBSOlRt3_FS_96M0-M8t1PTS8F1j7FQDAFgX71_0XjZZu_G5K4OyOeWwfRGjxhhXLw7kj_B_g,boredapeyachtclub,40.0,72173448.82421894,38.31939824334514
23134748,3347,,https://lh3.googleusercontent.com/DYUnXrf7mtDGUhqKZwtJmX26kj6BC9fENH24y_IIlEZEExX4BN8sTvJjD-9N-Hr3kI2ihxAkoUo6DdX7OajOa-IIs-et30JuG6mK-Q,boredapeyachtclub,35.74,44858794.03776444,29.32386036329863
23134749,3368,,https://lh3.googleusercontent.com/u-2FnHbaJ3U_KCDlmg2McX9Yfo7brsAzOffqihNXCGkHljA89SPPzwdjQiVSWcsvxCoj_ydBcDNCuZvHEekaYekaMEH4XX32k9US,boredapeyachtclub,29.5,39257473.84185927,27.47917704606624
23138949,6329,,https://lh3.googleusercontent.com/Oc7EENyYKK4mqgkjxiEpDi6I_TZNEFAhqcuc9KsXNvQfmsz9P5oZ7LZG2_jUjpblMHxioXUPQ4ZIuEnZL26cmpgtAEeDEoSci6ZBpg,boredapeyachtclub,8.25,2393605.73877057,15.338795828771113
23140030,7042,,https://lh3.googleusercontent.com/2gNpIqDZWFOc-2iKl-Vk3HvpZM1Obh2_QfGrVLnl8eHA86yqh1QTmXBN9TuZUET1-A3EAdbQpoN-TBWaVz4p_IaMpLTGpvuRoQFe,boredapeyachtclub,42.99,74148386.44040334,38.96980463786145
23137511,5292,,https://lh3.googleusercontent.com/JxU9f_-0OjxfHbOHddtLyCCecJT5EUBwS_-Q4wuao9wpod7HLOp4zRotSrhgqYusW80moMDIJKTSg0QykZCvbDdxjWPAbwWClYfR,boredapeyachtclub,54.9,105987703.846212,49.45545009221327
23092751,387,,https://lh3.googleusercontent.com/Zv0o9R94_t2BSEqYiN-r7qqpBXmA14dwocf_Z81P2IvCkO9tu1-ELXxNtjEeRx66i0rX2-ODKbalrZt3jYHMHfwbS-RhbOGTesMP,boredapeyachtclub,51.6969,94091038.0266492,45.537519997076146
23138831,6273,,https://lh3.googleusercontent.com/ikorhaN3X14k-moaC0eA9QxgvZ0P-HHQisFZY67pbdsBoMMO0ZeWZkB-86M4tZTrDnYqXmS5Ogq9NwtPlJUcfj3IXaLa_RjQWRospQ,boredapeyachtclub,48.0,80816922.11128673,41.16595412980454
23133311,2668,,https://lh3.googleusercontent.com/t2DOg9f6iGyWV3CTkAC4_ab9iiTQAu-3Oa1r0h6QjVFm_DWM6mUy2Y8b-9SSdPdggHmBT5BIiVFwIu9-EZMasXOUv8zqBddk2L_o,boredapeyachtclub,15.0,11271331.357329544,18.26249805802314
23132352,2158,,https://lh3.googleusercontent.com/1HfXmPsHf5ohp_lUJY-1Owf5i_EjaBCN0pKUmD3SeWZi7lB91Gr1jbHaZkXslJUgwMAZUeD17y7-zoCSFTHwLf_mgToz0iCsvlrPsQ,boredapeyachtclub,43.0,64926666.787948325,35.93281482044058
23119152,740,,https://lh3.googleusercontent.com/ywfNuqFy0mlvSVGpO82C-Vt2FLtmhR3EuROvRTDs3962Xb4FILoyu_djBQq4yjy5qZlIUJE-OXIjchpg625I4hawNG2TbjwDBfkb,boredapeyachtclub,32.5,31787266.295865677,25.01901287862017
23138833,6274,,https://lh3.googleusercontent.com/Oa1qzPZ9HRN5vqfDYdI9jp2-trjAvSUGulw5-8ZIFOVsOtLf0yYuDlCS9x9RcihpgshmO8sAZRhzSIZvEYreaWDJwoBwVujrrS2fxw,boredapeyachtclub,44.49,79359912.86754389,40.68611713584896
23132714,2343,,https://lh3.googleusercontent.com/wTzlfGHext19LtAuv-__-egsoUQY6C0-23Oy_I6AFhNRzFRCeXGe3N5pJagd53vb6VJu4FV4GP1HWnD4LcHh2wleESNKEBrqj2dxFl0,boredapeyachtclub,22.98,18559696.866565287,20.662776170066774
23138955,6335,,https://lh3.googleusercontent.com/rXSrTZ3sMgjcsldBoacVQVP3aTEfO4RZMEIbNlP0hCKgKlJxbZtrlA5GP3UxT6Q01XkWRqSDDAdfN9B7o1jQBj4z6jqPtlwKy_h4Pik,boredapeyachtclub,65.0,169850286.54943645,70.48732057769881
23137395,5229,,https://lh3.googleusercontent.com/9tDMKPbuKkmOlmAjb7mdHxbpS1yLbvNSYrflAuywcNSaUcgHZYLjOhIEwX_08ceyKlvTWXZWqJwDBz6qVLfvLOwEGRVX6B8c_XxBVA,boredapeyachtclub,49.25,85193689.8747427,42.607355477035156
23126355,1218,,https://lh3.googleusercontent.com/iDWr5VKVjinMroCvsPY4VgdXT54-UpBgDVpT9pfb8Hk2QzdBPRVNSAa9EvUi5I3DsxFHzolR6WtdPmzUV4RUEM4uAF6XglunzcA7GAs,boredapeyachtclub,39.0,53465486.74755357,32.158303298715936
23137875,5573,,https://lh3.googleusercontent.com/L4TjnPCQXFyvZn9zDTHldc3F5Ne2i3l8Kekjl5s6W7WtjIZSVHBxaifqHwv_gEgaDROZzIz3LoB2g5IpKW1plsinbVl9tMRJKrEnoA,boredapeyachtclub,50.0,75449972.8823389,39.39845622559422
23137515,5314,,https://lh3.googleusercontent.com/HIypYvHhnymsbxvwBcEOdLaclwBt8rXnE4OiO2uU5txBwbVWxAKD-uotuJF0BYI0VmJ9lb48qRbvRhxHgMrt5KgIOElO9nLat4qcCg,boredapeyachtclub,44.0,87380512.94993538,43.32754213008452
23131756,1953,,https://lh3.googleusercontent.com/NVsuyIG6kRVLAin_-q8tjktwkhD5CscIK__fuQLBdVO4SkzsIlhmGMUuxVNlzYNaMIqlZ0vqvZXbisOp3LS-xBST47Yvy7lWQHnebg,boredapeyachtclub,52.99,112588558.28814404,51.62931011853581
23134396,3153,,https://lh3.googleusercontent.com/AVjT0TqgIUVRKoEksmL0GWIZ5WLeDUK0RvZHDePLTGyBNvHIIy5BtKzQdDvQocKhy0DkyXiZFFZlBCLQNEzDricAl46KYO2qD3x055I,boredapeyachtclub,50.0,87935102.22251081,43.51018506840178
23119396,749,,https://lh3.googleusercontent.com/5CJCpTTh1AKxtkUmIpWlt9wqzCIPJZenn1mH16VCyZqRaRMGCufFN8R57NmzzYL2bQBBA6s6uSPijOvTZbqRhOFiZNem-Q6TUk-l,boredapeyachtclub,32.0,35999534.20168365,26.406239471960845
23142196,8658,,https://lh3.googleusercontent.com/Gkf0cJhMaesa4rYOAFOfjQh-qvWgkY1JTHRfHgyYXGXzW4MHu1njZklux1mgY2olS66m47Oi49aUCePuU2rR9L3-xWcIRM_apJubxw,boredapeyachtclub,55.0,151785767.1239889,64.53813066309537
23135957,4251,,https://lh3.googleusercontent.com/gHbJZmeKCZ9vfdYhJPG9-bhdUwfx2SOWvU0Kow2oY3jjI5T649fQd38VoyTHW79FobiwqZvSzQiWS8XtiECmfBE1f0_wTDrcUGmHJw,boredapeyachtclub,12.8,6572366.75470643,16.71498759485391
23139078,6400,,https://lh3.googleusercontent.com/9KRma-j2C5D_OgIiDKaQm93DEYrTNsE5bTmMIiIXWisJ643nfZpRNzgSlG0hcg385kHRPb-1dVn6jsLOecgjNxdA7tGD77iPfXqp,boredapeyachtclub,42.0,70674289.66803099,37.825680014682234
23134760,3417,,https://lh3.googleusercontent.com/o2TZ54c2WMzyg98_hRYx_FzHmyiuXIgTLJ5Zx64Pi10yPCuTEGFfOB0RdDq4t7G_-RKhKIetBUjweYrJRbBvwB-PROC0qgO6cixBmg,boredapeyachtclub,41.79,52716312.49481035,31.911577670221106
23135601,4038,,https://lh3.googleusercontent.com/5rtIY9YjsJjHo2A59uysjFS1HqeBCsEzWCD8K7hjqeAuSiY5C5-PKmwrtciT1TqehtSAxlY4NY5_jBUnCk1Hg4Ujj7ektnm86f9WQBU,boredapeyachtclub,2.8,314185.21266332606,14.653980067510966
23137161,5105,,https://lh3.googleusercontent.com/KDyz1pjtcABviQ5Oq1_3u1OxelR5O7YWlfqKeN-u3jziZEKUKLyGsNUPUOe87Dzn4V5SAHiD2Fo73Jskw7q0tBmZIXxE2LFqBI1wkg,boredapeyachtclub,57.99,168511597.41473266,70.04644995659888
23131881,1988,,https://lh3.googleusercontent.com/IeQuUiW6TKRoBaOmvZ6wjD4zQOpEhKcKcnpu86cbt8tXlFtVDko8EjJqm-Zc9QX9A4BFqryzNMUKQbMk-qhvu5Jl4haad2vYCpXgKw,boredapeyachtclub,16.75,8450868.284476068,17.333634683783913
23137642,5413,,https://lh3.googleusercontent.com/O_dbUWp82kb1p3achg6hTGSP6ZUhw0sEoZzL2opOuJIzII4cSQTF5ZjXkE7GMdjsR-g06XiNOONkyacc-UjYZko9H7ggQehFEO_FEw,boredapeyachtclub,44.0,77768888.94774044,40.16214507577557
23134522,3225,,https://lh3.googleusercontent.com/BInYtWYhisT0ozQdXQZeqPYH-5hfsqUPBRATO6acuTYzc-gSmm_ZzwhBA8SX0_EBtZm1w5bO47yt04mROF3d_j3Yegs-_xAit8NYkA,boredapeyachtclub,8.1,1976149.064236033,15.20131478211641
23137403,5234,,https://lh3.googleusercontent.com/FK18pBgT22mAmeG6Iw3ZQQhA_O5IGGERP1r4XWz8pzniIbQOkjTT3D_tMHxAoVnJ79wBggzR6UnH6GXiRIfMIy5Z2qTO15pXWGdPDg,boredapeyachtclub,42.0,88384492.68662816,43.65818287304195
23140884,7558,,https://lh3.googleusercontent.com/fPpWMwnNYHcIJxuZBZ6_aq2PETjqQldO14GfjkiF_HoScuOzoOKKCw1VNnP28x3p2y5-Xzqfdj2_Rp-4tXqDfQRWHWwtvcMhB3J7tbg,boredapeyachtclub,5.3,986081.9955385848,14.87525589944398
23127205,1260,,https://lh3.googleusercontent.com/ar-ArnzTw_d5KkHY1rjlKuJ0o7ocyM73UuqjPX1ACqclImGgZkWgFT3QnOSb-rthfQs_ZmWi1WDW2EbsVI2tVQagxjWEAokXeWiz,boredapeyachtclub,14.99,12386770.020940185,18.629845580070313
23143166,9509,,https://lh3.googleusercontent.com/lNARcqU9daWourXHjwpr3gR9_KwUXV-J5CZR9gGW0Ilcxyjm3Iv1QMPFuJf1H-sCqcyxg6Yl6uqVcwpngjGrYdGgqexUWCsLnZ1jug,boredapeyachtclub,44.69,110083547.49005371,50.80433467219329
23141366,7961,,https://lh3.googleusercontent.com/iJMdNyHOX5iWexk4clRYOYEeHl-nSDEhfTZwyeqfx9a0EaYVk5dvbckVOH162WjhtOS0HJA30fkmBVtuywmhrxv7WjfZRVmv4dxumw,boredapeyachtclub,44.0,106740967.65213072,49.70352253364754
23138726,6192,,https://lh3.googleusercontent.com/bafsgZAjtkav3e6VQqTwVD1Yarbc44R4Z0TwDgpqvWC5cI3gDhYYclDgI3Y_c810CgSNfbFDC_T1TKwjGfkTkO6b9FiOMZz0Wg37JQ,boredapeyachtclub,48.0,92412851.5982496,44.9848426996887
23132847,2408,,https://lh3.googleusercontent.com/c3L3HlEn0MMorSE0BiQXs1PgNt230kePy-6iewk_Vg4g94VTQ01RnEASCKwooKN04ohgESX3cwDy1DrBm-N_QGIMfED4TpXx12w3Ow,boredapeyachtclub,47.99,149994008.20861787,63.94805052768308
23120847,819,,https://lh3.googleusercontent.com/2GRTdxZouZhjQpoftSts22QdIWbql-E12pzdldvyynl5QUuDbCUN3QX5XXMlPDF4afFY4AdzAaCYMVty6lfFV879RYhHh5D366qfpwc,boredapeyachtclub,41.9,96732761.03531732,46.40751888883768
23113887,549,,https://lh3.googleusercontent.com/EPNZsWQ_WwOyuqWeeQ_Bg1qGh3Tx72cS_eNAu2tL4FcSwgcRTFYCIsUj8bNqAWgJBfPP_v9bRyOOpxDJDyt7tweJ88W15iLV3rPX,boredapeyachtclub,2.25,177532.9492310845,14.608976364491134
23134527,3230,,https://lh3.googleusercontent.com/b8tsHYydcVwI6uniqMg6UjLpBT7GQTnw-DrEUPU9j56dVxqPAHgrd-f0XY7TYNLaS3750-qQQ_BwnD0emTRP51YOoaYQmg32iFfkUg,boredapeyachtclub,44.0,58286408.52410578,33.745977929669806
23134768,3330,,https://lh3.googleusercontent.com/mc24bbyY7OVGrYVw5sZkaVNZwheEibbvinL2BIMevIws7Zv0kAfmrbyLqKhahvDvMAWzE8n8lmRpIUErlg8lx3wkyGUZZstFvHO0,boredapeyachtclub,4.97,745038.8915945325,14.795873150908275
23136448,4627,,https://lh3.googleusercontent.com/dgb4ewAddUDhVZh3FtxpIvlWyjw9bEn0KZTAWP_s4Sd5n5f2Dw2E8HUL8yf2h8UGo-2A5hvORKmiILDTUhvl-IVYcER3w4CHNAY-,boredapeyachtclub,52.42,124051136.27965976,55.40428202763718
23137889,5579,,https://lh3.googleusercontent.com/0B5a9We9q2uKwf09fDWatJXKUBnzl5RRNUbQG0Hmj9lFzxhiX-hyyGhysoV6HmIKn9C3VU7Wo2vVKQzChWrXZDzleEcBR2gkpqVb,boredapeyachtclub,44.0,67952259.17450713,36.9292334512324
23139091,6427,,https://lh3.googleusercontent.com/9GV9hUZkaa6rEoHv1DxA717rlijmifdIyZzalIE940vb573ITu4svwq7WR7415MVDORg6Tad03JCsIlJZc4D-JJOZ2hOTSewmPTVsqE,boredapeyachtclub,8.4,2829627.9333225936,15.482391059913438
23140411,7315,,https://lh3.googleusercontent.com/sQLJ1mg4JOSgaN0mYGg0TNdTAHLHp6co27-4nFEnre4LvTpjlZ28gVDdsjOHOhrw_Vlnc3FgtokUAdCit2MzyX-3SsT4kFJYwkXtPiI,boredapeyachtclub,42.69,64015917.88009078,35.63287779528344
23137891,5557,,https://lh3.googleusercontent.com/UkRTvD-lqn5dViyP6dl61KZHYPjkOFv5J6iRNDnK7svFXtsYFVUmLKGV5UK_L7bgoC3j1mkA_Yu4jFvGgDewqzK2KfIOdfr-UbB_VQ,boredapeyachtclub,52.0,81336826.31565309,41.33717423128253
23124452,1098,,https://lh3.googleusercontent.com/WicuNhunUsR643wVv6jnWjkvnozqhQu1jyOlHjuNf6sXZ_GxqjA4ewLCAhhrjj0KYmF5nXAWlUxeyz1MUkoqJYOFqX6N7YZFBkNc,boredapeyachtclub,39.9,55837398.52272153,32.939445231076455
23135252,3759,,https://lh3.googleusercontent.com/AvlkFvyLklbduLS42wyt5TMU1a2yLMtIEfxMUdCHjoV-G07uQsUIp2wGA0HXnqN3MTCtEYMspUhBzoRjPyy-rUUgIabFQRlQBw-o9Q,boredapeyachtclub,22.5,17801261.076425646,20.41300043857309
23138853,6248,,https://lh3.googleusercontent.com/qDXb0ir1ODlH_NLMBctuSSBI4QdZO360EQfrtjQvf8mcZxNxY46Up8Zu28RyLQUxf4YO1N5-NjOrR-dACr5VIihJcJGcnfYe57hkyw,boredapeyachtclub,5.8,1180166.6926924705,14.9391738313686
23138373,5920,,https://lh3.googleusercontent.com/2hU_a5l789prM2wtoVoE-mAS6WvMAXWfB9e-v1QBIam7uar1S4Unu2_0pFVAolFMwHzkQuWwM5EIQou6DU95hHKkc2JNN1eV2jLG,boredapeyachtclub,42.77,82455696.24667113,41.705651772954006
23134535,3233,,https://lh3.googleusercontent.com/83pRY15EkRq_sDaBN3Ssg67WrGwpQFDWifTX5ibomHdszNRMoGsmUxMlB5LwLfJSULvolRArSnE_S8c9-CSa0B3YbaizFegT3cDPAg,boredapeyachtclub,38.0,50679360.65237017,31.240748124625387
23138376,5941,,https://lh3.googleusercontent.com/JSxcYw1MKtNZFL59ThdWWprpp0f-FTxStUHvzV8bF5rlDHmeSw1DYEshL50Yvl7U1ca6uwLAmzvJlnG9RtfLaK9jApE7amjJsrkDGA,boredapeyachtclub,43.69,67093012.50490055,36.646257663137035
23126496,1251,,https://lh3.googleusercontent.com/fcotPabR_swsaVhNL48ts5oS1HOl9Z9hBsw57W8aLmAPC4Jf2x6T3VurOXLhczBt1mJz85ohbKRJbz2Jamzasr-0JzXC9bhneg7c,boredapeyachtclub,48.0,69534528.75508927,37.450322443930574
23137537,5371,,https://lh3.googleusercontent.com/zLISWosN3Yt5h5-ekHaiO_IYB6tk9JWnWo4jNemZ8yNvZMhNcOiNGQwrQFk8V4q-puAEWQONxHaL5OJ4wwHtawTjhxcm_1rwB45KTVc,boredapeyachtclub,51.6,93467821.40856586,45.332276008482026
23124218,1080,,https://lh3.googleusercontent.com/-YTjXGpGcqMpNF8yzVbyP26f4HSm1YPjfZiTkQBigc29FvMkxoSYA2xdL-KPUJ2AH5Fig_tq5nK_hVNtnaZev356DLHJYiAHHtBAOg,boredapeyachtclub,44.985,101420325.75264248,47.95127502668859
23134178,3041,,https://lh3.googleusercontent.com/zyYO-9AFyHlYDT-4KxeUjuvYaKuISUrbmCfPrnHzWX4SRdAd0cMFcnQ-jznzJdNcaPyWJodHaYUHRtaNc8AztEZIx4bx_Vdv3spn,boredapeyachtclub,24.02,20248981.387621857,21.219108403373138
23142338,8785,,https://lh3.googleusercontent.com/jH3aEOv6akkXnDjQ0FrYbRARZWHIJjS7zwCk6GIJb1EdYBOFJcp9eyVHQB9LtskkZRLf3Fv7UXoYACMinzB9etr80Icd52cXag2rVto,boredapeyachtclub,51.0,130249125.3510444,57.445466362846275
23134658,3291,,https://lh3.googleusercontent.com/PwCtCweBsJQW7xWZF_mizRByAogI6Xk-H2pbjhqPZ7iIdKg4-cVNE3g9Do_pYr3LbzcSSc48JwBxvcEmw3iA6t5bYSjDJ_gNbE_zFA,boredapeyachtclub,39.0,45846794.89713943,29.649238781056766
23139100,6456,,https://lh3.googleusercontent.com/VjYrhHKMV4Z9nGGaHNf0Vr_uO4SMshGsztA3npPCFsSRXGbuebFzwfzcCyV-B-Glss79ZOVUaRSphDoXRHNeyYzVCM2hUgCmy-KuHA,boredapeyachtclub,39.0,61092377.17038298,34.670067853014785
23137541,5333,,https://lh3.googleusercontent.com/3ujbpUJagonzY7ll5-MHfo5TSLhiaJIQAqugRIYPAYkDJgsyXeUNV55ZruPN8JW7gDHkSCE99F9zMFD9xpyejoUKhOp7ZafxpL4CPZY,boredapeyachtclub,8.94,2804605.093999965,15.474150285839858
23139822,6924,,https://lh3.googleusercontent.com/ib8Ckkvgj2982X8JKiKcqYGSQ35inQf-SmATmptft0tp5YbyGtKSztDol3eoq5lpZREVlQqeE1-86ywuKsV8KFOZCSt-Sz4l3xljaw,boredapeyachtclub,0.01,3.5135670047943512,14.550510578420448
23125782,1156,,https://lh3.googleusercontent.com/zN7cNMNozXHMKmn5ynjoPJEbPhnlqLwOT2YMmmPcmyWsJOe7nkrCUjqlRX_lS7_4Wj9De-CBIsNCTJQA6vbV63OlRGcwnzf__ZIxMg,boredapeyachtclub,16.789,12708145.11029244,18.7356840690636
23138023,5667,,https://lh3.googleusercontent.com/jUkbbsyWmwrbZdY2QpnzRQZJc-dCTRZvLksPoIr8TEv3bpVitwSWff4l2SVMj1XyK0CfrMqx7V_JjfjAV1ByShJUpp6Wrse-CWaE,boredapeyachtclub,38.8,45370228.84341067,29.492291236883986
