id,token_id,nft_name,image_url,slug,last_sale_total_price,rarity
23139240,6538,,https://lh3.googleusercontent.com/xeCKG8mPjo0NsPjhIh4hnhMrUU7I6spQiwhVKnCh1kKoKlzlyvBg7USemwQCNGKLtpmBMQvK1MrWJCr8FCOlLQJ4_AzXhrj6PHFEuXE,boredapeyachtclub,36.0,156.3471583917397
23139961,6990,,https://lh3.googleusercontent.com/-rytXWCYtiXhrxQgHHrXWUJv8RuuSrndRSQi__6nZJY6Cz_zI0fERTkOvtgZvmruDviStYwbxYDrTit5zcESXgKDs__1ZAkbpoGzbQ,boredapeyachtclub,15.2,76.61140173784167
23140441,7323,,https://lh3.googleusercontent.com/1pLQWxvEGL-g8XaoEKqm488XvPbJIk8AVLqsIEhc4rDFUVR8dMSq-8KVjmKoaC2YRABMA-JmDCbYyKOq-RzQvtdANp6YCj6Vfu3B,boredapeyachtclub,41.999,107.26164191451569
23132402,2176,,https://lh3.googleusercontent.com/cAMxa0x47ALq4y6uEo0iXKSGM7RYMc-RqqQp-LxT4H2IwE0kkXiJYdyelIC0oOO9Dk3imAe6JSiwtKCVQxhccWMlVOTkRWtke4XVxQ,boredapeyachtclub,41.33,101.96518235057906
23032442,300,,https://lh3.googleusercontent.com/V7D9jEqA8bau3lE4b606SWLIpLI7ddRKe_SZEFXrkiIbEynvSQT_0_QrIvtxQQt3EYUGrPcUpMh2QS0l_ag9Kl3XvmGtjzqrKchNByU,boredapeyachtclub,39.696968999999996,84.23138663696373
23137802,5502,,https://lh3.googleusercontent.com/xk-ccsxy_z0mh4o3-QcGRcw3Ndmq6fAPUxzMtV5GQ0kcFxWZQp3IFh3TBd0dS92eB_oa9JX5N4mI5CpSM9BQBbCUHkh0Wpm5RiuKnoI,boredapeyachtclub,8.45,158.1085725599968
23136962,4968,,https://lh3.googleusercontent.com/Y2GkrttkeQzQS4YNvouTAnd2NZh8uRkMT3M_03m49H6EuWkWv46g5cKolkomO_Z_Ba1a27nwaokNh5IirIemGUtckvhWuz3RuLIKhg,boredapeyachtclub,15.5,111.82783154045734
23121963,844,,https://lh3.googleusercontent.com/jAZySQyzs1nN5AiREYqaRihl2bdIKvA1DWHiQW1AHiQ8EbyJw117WAE29x4nuAwnynPs2i7rHP-J4iPs84QNrFzfeLJQMaveoH4QvC0,boredapeyachtclub,50.0,107.69050197684714
23126163,1194,,https://lh3.googleusercontent.com/MgfrC1q1R1s0pVMSf492TyZPpBIN-VUpqixrnvD7Z4bIMchZVZRalCcqR4pv3ujWn1QWU3Klqfh8FDQc4n9HbLxv_lAj4XVbbHXP,boredapeyachtclub,45.0,181.37242927721363
23142963,9284,,https://lh3.googleusercontent.com/FTfk79oW9slsjNjAMaDnLnwzLcmqTihM3-NnBKXIyrWflLYvdIk6k8jrj2A96KXLz8UjNo-rJZ5Z0o-EgETf8OzsMU2_DIvFn18S,boredapeyachtclub,38.4999,80.43599172980275
23140564,7412,,https://lh3.googleusercontent.com/C4fy8BtUDjDb9eJaJkDJbfjg2DEm8C4fWeRt3v0Qr-jQ-RIraOxxnsqocuxQk7mxUviR0HURvnMQRU5EghodPEyn4eWmz_sJyU_e,boredapeyachtclub,14.5,134.13469918355642
23134324,3125,,https://lh3.googleusercontent.com/iAOK7tyz7BnxDtieLfCJR5bCw9ZRPRp8vM2-9Ku8aui-V0sAzvop7hzDzXFcesBiYDRvIVJ-yRIT5MESkBkufLOAJWRB2PFG2eo_Mg,boredapeyachtclub,7.88,169.83296165439697
23138164,5768,,https://lh3.googleusercontent.com/PNYYWdoQy6osvuEkW8X5S1vYKb7y7r2NjTfREJJjYjRa2k8wePjpQ-Eq70_hNa_vKNCpXUNcDMACICjuj8S6GVLIL1Cq0qzvDoD_,boredapeyachtclub,3.0,128.69488758636356
23136004,4289,,https://lh3.googleusercontent.com/1c7RPSFW5ISNUiUWoYA4IzzC1F-BQXnKmvegdhn3a5Di-Tj4PXUvntuON_Jl82gCAUp_O1fqfj0DS4l9oxxW4t13YbRirgfjgcxniA,boredapeyachtclub,13.9,125.53469072182166
23137804,5504,,https://lh3.googleusercontent.com/DlND7SwPeKzH2Q9nb9l7iRuL40YZ8SthgAAKM6dL575MEDHteqJ6brkL9f9BmkGV316ZpMtSiGsqhQkNCBwFDr2HMNY698pknlHX_io,boredapeyachtclub,55.0,117.77757760120186
23132165,2078,,https://lh3.googleusercontent.com/mZ1fqluHQ8FyZu1qA7arA7pytz3ihX5Iumw3OMOTrLkFj78uxorjxAz07fv3lU9xnJVxen6jeH83KXUkQKtkrSR8_tW1yVYVd17t,boredapeyachtclub,39.0,146.17842717900805
23138165,5769,,https://lh3.googleusercontent.com/pQHj6GGHZsviyUizIbwA6E4fOcVcJwNywmCsLiyEFvyjxdntDVi3x-LA3JTMK4xPPz9533QiZBRHEgXzVUFUf9KhcaALxxCikyK7ow,boredapeyachtclub,33.8,156.85308692485845
23134205,3055,,https://lh3.googleusercontent.com/4S8vr55ygWXVuWyOYuGA2cr5_1j1XqAvXNeh-HDFwJm9uSOcyY9FAjsw5T_8HqbVR8pCmySo6vBghwEEU8DgLhM57WJbbKWE7Ym72w,boredapeyachtclub,39.9,148.34930688025804
23135165,3688,,https://lh3.googleusercontent.com/3af3AaWd4KHZ-fxhyJDj1fnDz1DgGOWc3bi9dcFiHDWJjyr3f-KKjE0APfh9zaEMjvNsmIHcGv4PIMes3amZrcw4IqsCFlcIuNpx,boredapeyachtclub,55.722980881779165,235.63929093955198
23134806,3397,,https://lh3.googleusercontent.com/0NcgDkSjtNh4Q2S-qUCGaqNHaRRf3YUxkDQ1ER6JGB5EV05vVtwQVrlt3F0oZ9fEf7WGDVyy_bCemFmdcTUWjWXCd6suKhQaarjlrW8,boredapeyachtclub,16.0,97.7356747598219
23140208,7165,,https://lh3.googleusercontent.com/0zrVsRmjnhvW2RR-Utyfz0FOkYQI3G12GN9qEN-4RRnWn0qXxElqJNRtyKE9n9fVi615NjenE77lQp0HBO8qRE_VsZsmyCFE2st3pw,boredapeyachtclub,2.7,112.32586274403818
23137808,5507,,https://lh3.googleusercontent.com/DUNPKMZbcP37cRRwtkaVVffUvfoDwatM6j1UaY4PIz9VqLTWdaIn3u3j8XF3EuL83mJ1cRBLqnsyNOwEog8dxW3o9wfoc2y2UEFA,boredapeyachtclub,7.27,136.89690370202393
23139729,6830,,https://lh3.googleusercontent.com/5jrzEwiSpwpx7qVEeiSWsKF7ZxPsKjBfaUhmMSpUtT7O4U1ZsRpWAX3rJTEpGix4xL9hOsctbTKkAjAFSlMFbvBNQsng0eNDvBYd,boredapeyachtclub,6.3,112.73937992451681
23134089,2975,,https://lh3.googleusercontent.com/QBsSrwoMpeZzuqlGHoFsXN2qPT8aGCgdYi38q2_Nshln160dn_N4VEnSnlIdQkH1XixbKGngY4KJC2Zufzlxqe7HfXiQ_EV6_rIv,boredapeyachtclub,69.0,135.0564011172362
23135049,3599,,https://lh3.googleusercontent.com/RRBd0j9kLQC6hPY-7RZuOijbkaHEy4EFPN6wVyCrll5qUR8PyEe_Tcsqf3a1ghnLcQrTdQ9Iaxc1hMlVYMP8PJTLGGMNyKZQ_qIIJQ,boredapeyachtclub,53.0,130.5241008971219
23131929,2012,,https://lh3.googleusercontent.com/3haSimvktUHtS9tmdXzJBh-kWRyt5DmjOQIKN5hcN7F8k668WPInDBH3o_-Ef25thO4HXHba88JNm3oQJlh_WD_4ZVTGX4JhJ4SQouc,boredapeyachtclub,60.0,153.77624536836845
23133371,2725,,https://lh3.googleusercontent.com/FkU7hLkX9BeH5mktJoFNOqbgoeZwzh_f2HIWnH6AxCKFRvMFddFKNtdVgTDwQ5S0bSJ2avqzn89w0phbzobUqSzGAZq1Enn9OFY,boredapeyachtclub,54.0,199.966944036008
23142011,8498,,https://lh3.googleusercontent.com/VQ5wUAgkUAUhtMg4KqWSPKnF1Ucelr4nwT3-u2-CAVFshvuAzu1Cwpl00yuY-t9Wzi8eYQNRtuiYtYKqgrSAliflhYlcxL5SrhwQHw,boredapeyachtclub,36.55,92.65534547661792
23137331,5175,,https://lh3.googleusercontent.com/x0cQoWtt7une_g4KuAzTENkwjIE9nQX-GfGZPtKvCy8f2E7-BeZ8fFalDe2emP2g7lUPZI6ElI0Tr1IpyClmvD8QxRYzLohPQH4T,boredapeyachtclub,38.489,141.51364770910513
23135892,4200,,https://lh3.googleusercontent.com/bEIWGDfI9OUQCHhD4Fmp9J0XvbH6iyvR2YSqa8WoCRLEDaIwJFJF1cBLvOKLjFGng2KFoxY9QoDXLUSRHoPlF1TGcQyUYIidcWABHUQ,boredapeyachtclub,15.2,135.21607411151868
23136493,4669,,https://lh3.googleusercontent.com/Rw97PWrGzBTn4lzg_BIVzm9ZIFJEa0yQTD9s4FzZ1iS7w84wHNblFjs9OIXcpXaB6x64eyfKDIdXJnncvC6nfojVNvo-BMS0wVWl4w,boredapeyachtclub,44.88,95.99084535700885
23132773,2391,,https://lh3.googleusercontent.com/WedoWT-Pjwp_jsLqkGqH80oql1dqQzQcmHg3fmni3dfKgOMdMUxljWLXf__76yjmqea-M9InkeKcB-6ngmYmScwNz-gajgv9F4vy2w,boredapeyachtclub,60.0,172.76797194393154
23133254,2618,,https://lh3.googleusercontent.com/ckb4_Rq2vzJC7XMLH8AodRtRPuSQsDfdxBbXtG6zhYQXcL-vTfjR9PC2GeoEXFs9mRnIxR2V0E28T5MyInNAeg4nx0RXZFFWjsog4A,boredapeyachtclub,32.8,123.69234702812035
23140095,7104,,https://lh3.googleusercontent.com/8G2r77Vej8p3CglkaCFZCKIscdkLwy1l9lK1l-ThxgPEDp4dKvSfElgMxIAUNiM0-tlyxOjL4iTifX4JzbUeN2-X2zKAYWLC7i4AMw,boredapeyachtclub,75.0,187.35033909104902
23131575,1867,,https://lh3.googleusercontent.com/5IDngeZfGp_4mkQh-h32hasCq-XzZAZUQ7KeeTwmg8EK36obzXoSDo8j_WdelHqQ-NDxEtuuVVuN_U2ul_9vrPSwrBjSPcMltmXTRA,boredapeyachtclub,53.89,126.24405795170449
23133976,2949,,https://lh3.googleusercontent.com/-YSVriiao7d0onLBqS5mkUOAiTR3lqe1gIVHLo89oJWZuNg6BwWGIVo5HiQpOzmTQ-GV9It_RyvDmTJT78TXUHi3Czw3Og3a-0Lq,boredapeyachtclub,33.0,113.39821851371264
23142857,9193,,https://lh3.googleusercontent.com/DinPITdCz_XOTKxTwiW8m-uYT6sqvs_xSRBLOy9xNJG6uq3KtD4L4eJu6rdr6-wIIPblOIe_yApQ13G61pyBureWabS-kYyxxOcL,boredapeyachtclub,37.9,123.65290408959109
23119457,756,,https://lh3.googleusercontent.com/xGkeiHDxEUaPIt6gVh-pEAr8biv-JtxN3LaWx4KAA97zOxORyvhrgAG2_4P9HTrV14LDwDjL4lW6Y0mtH69LwZrVrdJVIv1W6OvlJg,boredapeyachtclub,9.99,138.16837415496758
23128817,1415,,https://lh3.googleusercontent.com/vgONQkTAS2pQEEEVFCrFbNl6w4L4IFRCLYUK0DFa1nPCdFmQjs681i5J5PlHBM7QcD-PU2oyhQqtw7LdNJ3hVumNIwCMQAH55aHPcA,boredapeyachtclub,49.9,87.49840743262902
23140457,7329,,https://lh3.googleusercontent.com/NmAHD3rd3fUrJEDR0BSlEGyW38cUJAaKbcY0wEZ1kSsDrnDUqvzSkgNbA-QXR7pRlPs7pG9ZymAK7i3Ryeu92eOf0PyiyCpn_5kcGR4,boredapeyachtclub,38.69,83.3086915136975
23141778,8321,,https://lh3.googleusercontent.com/4r0vUpKj8q62U_RCZmMqh3EWT79ifX4Ujz7bBFE8OC25qYq_16ftV1NkGKTqxoiOZjPPj5zMVfRLVDlHgl7sb6JJFxfTkah0_wKQDg,boredapeyachtclub,39.0,79.35232552463079
23142738,9101,,https://lh3.googleusercontent.com/LUIK5BihnIEUHbbQIUjom88xZYpkPMNhewFFyAR3b80ZszdI2pX1ICUKemNNaD19m0Svsd07KgTa8880DvS56hCO3NgpN9Jhs3E3w8c,boredapeyachtclub,14.0,150.7413328527893
23126299,1207,,https://lh3.googleusercontent.com/LW9dABK6ft4_QdpXCMEOTO2YbeNHDRKChd4Xd56xcnBnhkNrdGqnxAr8hWdR5svVIlCfdDEj_VXIw4yRnI67Fr_Ei-qQLeK8a3ZoAw,boredapeyachtclub,50.0,304.80443967310816
23136139,4408,,https://lh3.googleusercontent.com/abEm59QqRTifYedT954SNERlZNN9avIy8lc_PjkOggoWzw83iLFSIiWYb55tI38Qwl-Q-D0moMP0h5dw2GWfbjJl0cSb0N74aAhq,boredapeyachtclub,24.0,108.79027300066588
23137819,5520,,https://lh3.googleusercontent.com/OIKHGxAWEthsXum_i9yzloiKt9DxHStvwmNjk5M9PEFH8qIfNSDp0cQLEu8cTfkWzxBsD3IfAd-h3Si9ON49HOLIjK16NqW52gM0,boredapeyachtclub,11.99,100.94212040558473
23138300,5871,,https://lh3.googleusercontent.com/HqJt7jmqOwDpYbTYodimO6dJsxF0RGPOE0COJZ4DvezvoQ5CGiarHmTwZKFR5GtgPhGmejjVYcIfeUJbEYp1ixlfMvKLKW3VSXN5w0M,boredapeyachtclub,14.0,119.6370200786002
23126300,1208,,https://lh3.googleusercontent.com/YIDK__UkWJi7hZvkCDVqLo4gx_7lz5mChEupKiJ1zIbQcX77VBjIPgnKX-ipqqMoYZKfh4emCHUhc6TrDGdWV6eycKZroUYVdVOm,boredapeyachtclub,9.0,133.97742146822327
23131220,1703,,https://lh3.googleusercontent.com/4WyUdKOvjFEy2KiJCFyrttyYWteugvmMUfQ0L1GVkNnibc7J1z_d3GMrUei2YSkVrpPMnAiVwoHFN9bgSiiHzztIzQDjA114-UuQ,boredapeyachtclub,47.42,112.38249691798046
22853062,171,,https://lh3.googleusercontent.com/hIcx3KmJHgSdWe8-B5moSTtrAWFNHQRHEKvgyzC3XCgUESI9C0q6i19ZESesxs9Vgefh1cK68apzZlBimSSoHodVr5IvkjvcPeItLg,boredapeyachtclub,32.6,106.0479978505993
23132062,2045,,https://lh3.googleusercontent.com/60C1FoRAwIn3UvCVscl3wPgGR0aXgW30feuK-hG6zV80U62_F7ejvwOmK742QrLuDR9ZBq1IV35sBd-iGfovZgEYhOqSmgrsF-RcfA,boredapeyachtclub,45.0,164.50917729379805
23108063,436,,https://lh3.googleusercontent.com/B8GrW5D9D_uj2p79El1LxBb-L3vq8GNlOKOtFPHLKSdYOHgV2NxiPe9iD0h9UcFMnsLt69onDje79Xznp__XXHN1JcUw8zh1gdVW8Q,boredapeyachtclub,75.0,162.92447710320417
23139023,6367,,https://lh3.googleusercontent.com/GjtfeyqZjAHLe-6mTQFHKHd6aWoTuxzmaUL8ueBmUvBVm-F4CoGFRcM-EM-AKcEjQ2XsPJ6dpDvyoLZYEh-5vOSRwCE3NWAaFmDRbg,boredapeyachtclub,3.19,165.5177925489746
23126303,1211,,https://lh3.googleusercontent.com/WOijZ6WYrD68KJ4xwmbgfRsItpJTZ5F16195iOJqqDs_Zxo8ZO5jwjtuJ7epmMH7Y2aW1qr6VmPZKFpRPN_fMlCeM_--3EBwhJYOiJM,boredapeyachtclub,0.9,125.24200114151103
23135423,3883,,https://lh3.googleusercontent.com/lPccHH_U5wgyGucX_hOmPAKCZ0Vkl3YR6dChetN5CE6H1SGcb1GaVusLpF_7asln0VpQMvFCB0gxvY-W9i-7p61CY5_1cwv59QIswBs,boredapeyachtclub,48.8,180.40402798084898
23134703,3381,,https://lh3.googleusercontent.com/h_d4VxZiFmknmFIKc1BFbzwQMxCgfoeXWJq7Aj5x6Zzd8bbe8_8XeVVZnv5p9x249uwSHb0ayZwY_WN04GCbQ3zSS4ktMQmGGsBmLg,boredapeyachtclub,38.6,60.48814135177662
23134704,3412,,https://lh3.googleusercontent.com/M9F1h3-CMkwZy3rJKHk-qQpP5zfZTHbW9DgpAwfe6-tCYEpxnt1hNS-KhEayvrZYs7LRP-mDT5AAK3y6ou91bdlD3nSpQy1va3TFj5M,boredapeyachtclub,6.75,102.68083335892052
23136025,4314,,https://lh3.googleusercontent.com/Yle0HqJ0N_59H66GOYSmAjDU9VrV3E-psdGDwDfKXCAy16-xGl9gROrgnkZKB3_v_0dc6whHYH2R3Ho6SZ8BwbFK2s8hM2t7Dnbgfw,boredapeyachtclub,13.9,116.96478897024613
23143706,9966,,https://lh3.googleusercontent.com/jCjMXpsdkLw-B__ZwUU8PAG44N7-HAA8p5Lq7U5PvtaKHQNMOB4A9KWsezjAhe-gr1QsUCHaKvJhiT7aGviMPU6KlJvJwJwyY0vYpA,boredapeyachtclub,49.0,141.00649666725755
23137706,5467,,https://lh3.googleusercontent.com/rk2XKjxzjn-2VQAbmLn0y16HyOzmG5HNJTIyLHC8-knigg3lc4-hgsNyBwMksk0ZgfIr9qCaR2H9lWiaeJsjGsphFoT3YY5daIE5QQ,boredapeyachtclub,5.2,62.92345881006686
23141787,8354,,https://lh3.googleusercontent.com/0zCArK0p84Wu6rqBYDsOxZLgD9IrX_YFQKbvuy5X01WYtEgTTJvH3F_9Medh9jAKCCCSuABu8LKF4ZolpYbn5032ZQKy_krmNehY,boredapeyachtclub,48.0,121.88438848886568
23116948,664,,https://lh3.googleusercontent.com/-gSH753lNqUe2Q76i_H5nI0wB_YzducK61BqRkGLTF-2DairSM3GM01TG9JVVu903GVjVHeoFKMM8QP4SczAcUZFSWDdtiO9Lt7Y2Q,boredapeyachtclub,37.0,102.74380097509402
23137468,5263,,https://lh3.googleusercontent.com/bCRH-0aOXJ0S-necAES0qAGIop_9wPgCFTwhSTP9ALjNTi0-Ii9Cm9NNTYy7_yzm6ZoOcyPVukgnWptQzI3r39bE1wpnycwava9UFA,boredapeyachtclub,3.0,112.77216022060513
23141788,8301,,https://lh3.googleusercontent.com/taVVJQF0SubMZs8TqofResVQKjPjd6W6BEAcSMltM6N9-8NTEtjUuQHeZ33n720hZPYiYOg_v5cL5daBwulfwF6vdrWgFVSGVXiW,boredapeyachtclub,46.8,70.70532176795633
23143709,9883,,https://lh3.googleusercontent.com/F7iH3iYZMWCeLl8951lw5EnJsGXl9HYjfCqJpF2GuW3k9qvdFG3MXb54urlNZdPrZX8qBjjvJTsIgBgyB_pIuZQj6w1Rq-GCeepX,boredapeyachtclub,60.0,113.29612584011215
23138309,5877,,https://lh3.googleusercontent.com/UIKt9mua9CdJ4N_9Alu6u1o-BlfBlR4FtTnGeRMDnoJKFlnbh5QLKb-07r4P8m6dvkpFp9TnmHtqdDMhJgQRpqOOQj-fJVwcEMw2ZA,boredapeyachtclub,60.0,169.03496233397962
23139390,6627,,https://lh3.googleusercontent.com/6mkP7JtSOja5Q2iycAh9PVDwY_jWetiFnNGqUGy3eovHlZ3UDeLGAT-zjbOELakEGHaw8TG5qargQ3KGiyMmfzi51mSNmVrqlxSwHg,boredapeyachtclub,3.05,170.26267748756558
23137831,5521,,https://lh3.googleusercontent.com/sns0Z0W9gaq5U8wbUQd9700Xn-Fc2KeT3GmDSdvreccoQjcbOuleUYM2-k7uekYltZBpPd7ARlTLEF_Oe87y2O2grpWcqhJRr2kmKUE,boredapeyachtclub,9.99,137.35498565574025
23142871,9196,,https://lh3.googleusercontent.com/h-JTwFSHULlb3J3mhlSoswJIhXKw9jImcrfhJPKa5CQOSC3olqgWgORwbpKdtThNCrX5P4_MGE8FtmYQ-Yum_KIMsahhH-EdwV43fg,boredapeyachtclub,34.0,97.4152700290874
23130271,1554,,https://lh3.googleusercontent.com/_tr9h2up-TJjHAvdNJQJBTrT0s4c5MRknSSLdRH7B3AAyaVnKzYpLbiY10FSFPvjI5HEnK8zT0QHxgmGostp-1NbFlfv3pN6kdUf7Yk,boredapeyachtclub,34.97,113.5711503975628
23135432,3921,,https://lh3.googleusercontent.com/kf1IvDixnekSCeDRNL0eiwVMWkb6vYZHTtap0QE4fegr3fYduEG2XhuBXy7akJ4sBtN6tBjYkVauxGD2bfE4So6QMTrlcjN8Ry1PBA,boredapeyachtclub,33.04,59.483867196856124
23132192,2085,,https://lh3.googleusercontent.com/nw5KjHReAum71m3GWkTrScTTT5Itb2jEFplQ9ZVJFhxUDX5Yywtd3RaVa9RMG_DsSw9d6G-6utm_JgosswBoA445ALau-WmEVhE,boredapeyachtclub,58.0,95.771632610574
23119832,764,,https://lh3.googleusercontent.com/avSM72_sOOCp49MftQxbcTgRXXpuAJMHK9FVPi2XSawz03bCirYQ9t7qKyPeOCzszzHIMB51bD8U-I37ClOpHT5q1s6LYOJewvgfLW0,boredapeyachtclub,12.5,167.21835904925092
23138073,5698,,https://lh3.googleusercontent.com/rXo_POs4Ye0X2g-Cg1g_FSNsxXi6_4c8YtVoToyuJVwVGsnlyfm_EyLSgcUNbI1GTNGLiZMI2VWZnMfclTqTwuyApI84qiYrExrmNg,boredapeyachtclub,13.87,121.9185843791647
23130875,1643,,https://lh3.googleusercontent.com/9E1SiuwwxcoUIHgeYBuDC7oPM3Cfhz-Ji_ncxF1Uhy80XQxSDfiQQZ16ezmksFe1v7iKwKoFdPnvxLsFW4r0nmHYdb9NCVScDRlbjQ,boredapeyachtclub,49.9,146.08016388635173
23132555,2243,,https://lh3.googleusercontent.com/mggTqP5iPtOs2iRl4Ca6upQmejD0j7h1TkxPhKG2ZWlJXv4-Rec7GDXFp6e_dhmsoekiR6p8MZ9pK1YALEgHXGQJmGPZbLDkO4jRlg,boredapeyachtclub,30.0,176.9573575604245
23134236,3082,,https://lh3.googleusercontent.com/gj_nXPt-feFh_JAO2Nk8sZJrAAmg2aYY_yoNOoVvSKK6rXe5vk5kBxVYlku0pWuV7SaPR0gjlqEk5QsoHkU5Cu3Qn3ZhtE3_jEZUBQ,boredapeyachtclub,40.0,123.08217405118947
23135556,3991,,https://lh3.googleusercontent.com/hepY2OioFC-CTac5xoMZksc2miUroRtPdObDu_lrQLVXY6uK_rOtN9MrvI--ii4sXyBqd9DorLREsWJlbD8gd2tOLGtepRme2Q-vcw,boredapeyachtclub,58.6969,205.98602733566022
23138076,5701,,https://lh3.googleusercontent.com/JVXUEztiQcTBwJ1hAO8gRX0U0l-zRfaa-57HCmiMAEOpPTbDCJ3iPXVVvLtASpY50f5YEl58Y2jHB5c86JYXJxUU0Biq6QCK1UpqX34,boredapeyachtclub,39.69,144.68727353887525
23138196,5791,,https://lh3.googleusercontent.com/8WT7xaGpP879A4fXwQWH99q9rV0XxhSvTe2Rh3oNLXLp5PAyAtV9VPbBXcEpCmer_PRNIDTbo8sgrKjC5qiHHzwpPGBXPsOnW5YzGw,boredapeyachtclub,44.99,154.44893269427416
23124880,1128,,https://lh3.googleusercontent.com/SqKqZAu5Bh1zmuLnYor8xd6JyGXGCwkp_RXB9DwsohMptVYF_-f93dQx0Vy60jPhHX3BhxXj-fK0O6D5B8T89QpAOAJLcRctKxhd,boredapeyachtclub,49.47,111.31073037543237
23141320,7959,,https://lh3.googleusercontent.com/19iAAFHzHW0dVGd9JZQYUyn8VrwwUzTiylQtQ8OlBvv7rkNEptrq6w_e7bzaDr-sNEXcNw2y4mz11FEyJE3nm1UlRZN-SXq5_8Hmnw,boredapeyachtclub,41.3,150.72351140916916
23134721,3384,,https://lh3.googleusercontent.com/Z1ILQj3S4qj54vj0xRLK9PpKEHTA0jvDVXhe9Zq1jsNRjEoluPfCchb58YPror-lZxOh_miPCbmk9VWGvJZy4YckR4reFpMEdXEE,boredapeyachtclub,40.0,176.2470033437051
23138802,6228,,https://lh3.googleusercontent.com/vTPG1SWZUAm7vyBjZVgTGxNvTcPEy4u9ql-CYgvWMwDb2xX4UjaqlNydLohVCQwqit103oxCNOy7QEOJDzX89Yt9zSrcaYQ8ZdiV,boredapeyachtclub,39.9,60.07329753538808
23134962,3536,,https://lh3.googleusercontent.com/CeOjBUhE1-zQBKXffFMk8p14PGZ1Y2yGup7ygfXSNktaC46dTmWPY4ZThD9LfrgLz11KSic3Wk-dFuvh2fzmy3SiyNj1A9aCLn5QOA,boredapeyachtclub,65.0,148.3533980882437
23134963,3537,,https://lh3.googleusercontent.com/k5llzvbA4cTGlR5f-aJIdrqHFOQcMawFjrHbfGah7IIMwGDtHQotuQn37IvAbypRrnP1AS3RdseeFt1Th25V9RCHJWN0w83Lh24O,boredapeyachtclub,49.99,99.35103090094354
23134364,3141,,https://lh3.googleusercontent.com/rycPSNs_B7BBEllnDI93Ss6EdcWCXeaIb6TNd4D_BsI1N-6rvBRWLb6bepENj-D5FxIzIk5Igalmm1gCPFzw06a-7n0LeR10wMBeMQ,boredapeyachtclub,36.99,121.40007903529107
23127284,1266,,https://lh3.googleusercontent.com/jxmQj500dZB1Fau_N4j1jIzdglp4dSI7VEQvJ6QLb67AvlP1cLMUJtb0at8M29ipNsx2CZRucXSCCsD-oz6GiCXgZFUIj0wRe6UI-TU,boredapeyachtclub,36.9693,108.19001980101388
23134725,3365,,https://lh3.googleusercontent.com/ZSXimPjqfH-DPenNRUWg96iMdSppXxlmZNYzb8c4VdoBX8qmZ65KZp4PV1TExApKOrQxvIykLSblDr4J5vylkkQbPHx6FAwnabWkZSw,boredapeyachtclub,32.0,199.76540235667352
23140365,7284,,https://lh3.googleusercontent.com/bgiC-YqbwFPZ7RR1n_2rHmdFedStMAzjMYDp9p2qMWjFJ2lW87hSLuU7b9-aIJdhRwOZDUnhQPYnohk4J0zx18wlwFPNBGJMLfXkUQ,boredapeyachtclub,58.0,177.1395492340548
23137485,5266,,https://lh3.googleusercontent.com/OpoEcWdIxrxDVdjymt6SdduNKuOErgest_1x7o3u3LWExB4nziSxquabl7NDrH-E4jBZEmf1oOXB7RS1gMEH6LAL0d4Op0dCQsJtQgw,boredapeyachtclub,19.0,120.60775187888751
23138325,5899,,https://lh3.googleusercontent.com/Ck8vjlB4_pFxELNGR6T08hPSi6AWY2KaaR7hHn9AeM1Ff5_wtgNE2XlNhdx3k3xcG_eZt8yul0Rz5wV3sgjEHXvAs5-YpVJHD_9uvg,boredapeyachtclub,7.0,139.44758759287012
23142045,8512,,https://lh3.googleusercontent.com/8LUXNsjhDCyLimLO75HKYOgiGX6rBsJ4aNV3DoqHbxGewzygfe7U2ZNM_7wc84VeLDIcFkSyDJV3WHghg2B5ZmXgdmnkOtT176WmPA,boredapeyachtclub,49.69,110.41907486215077
23139046,6351,,https://lh3.googleusercontent.com/gKOOvNaARWuREAdEnNf2uyrLZayuLMzP82ClP3bvrB63uArn-BuSu4xx2qRW86VRBw2hpiHkvnWDLeSK0O4GZl7XjU3RlJayqro9cE4,boredapeyachtclub,35.53,99.91697404595094
23137846,5535,,https://lh3.googleusercontent.com/upk9zh25WnygK_cdjJyPzHlgUBaJM6LJsE_3UnVx4Sk9Kuv7qqr9kKtxK_ATIx7a2zr1XpL_Q6oQTX0rKBQ5jA884uuICtx3YSq3,boredapeyachtclub,45.48,75.63093590301729
23141806,8325,,https://lh3.googleusercontent.com/GnE6X5hX42w0g09abOb4FdMCwgQnlavULlXLmajJpByeTRGtefGdLwQRs00Jbcnw5vELBR4hERHkrIBjlGe414vg6v_GF9tJbcsA,boredapeyachtclub,40.47596,86.71990606215168
23134488,3193,,https://lh3.googleusercontent.com/hHwne-X6xd5zcwKoCl-K7xGycyjlk3gx0MT2AAsPBBuesKkY_6hkzTFtLGiKyqombAnpj5XQkxUJ2sPKED5XsroSl8cseX2Es1vQ,boredapeyachtclub,49.5,107.24184418119575
23141209,7854,,https://lh3.googleusercontent.com/h8y6aGc4drN8CiJiwydqkQO4y0TVaHWWlAf0IWfYjkDVvvZSF_2H8WO4LDWeChhIk4iGSxInVITRTSuHD-ix3NCKfJHCRKTuCGdu,boredapeyachtclub,61.6,122.25962670163011
23139771,6843,,https://lh3.googleusercontent.com/xUYJDT6i5W2aSqYRSfGBoK_k-c8CuixyYrrL4RHdQ-M1dbSEDu0V4_6Tn4AniQU8BHOMtH4HSfY8KWh3qdCYNEOLibQeCUXO7VKm5Ck,boredapeyachtclub,38.0,156.07716035521526
23115292,611,,https://lh3.googleusercontent.com/6yU3irQ9oNpudxsvuW0MWhO725S_hBhXg0BKekn1_c4GJ-_OEuAOvuJ5GnHSV0Sr2FlmSYfyoQlj0fzkaSgh5NxUji3M0x-rfRFy,boredapeyachtclub,16.99,150.38661503019233
23137852,5538,,https://lh3.googleusercontent.com/b-uP5MmaTHkXEOMqboNmqoU302PKbMRNWg5B5EvDADlhehtlQ7szIMazq2x1eKukVjwDsic_3lVr87ifx-SgMhjAA9k6RtO1Pd0lgQ,boredapeyachtclub,52.69,201.51402903989413
23136173,4463,,https://lh3.googleusercontent.com/i5LuMlrS888JATbV1yd5-ZG2wzyIHoi5hCidZbW_EPBJbMtn7rIiLMwdaQNxnthEAEj0oVco-iuQ8Ai-hI7hEJc_IIl-KZvk_SnWO5E,boredapeyachtclub,49.0,87.49599208425889
23134493,3196,,https://lh3.googleusercontent.com/pcNLHUsPhzG4QfRXPzlLnd28AcF2CgJYPV6Sp-YRV7wFRi7dXhY6axEPVywK0PM4FeNEUQ1pW8ZnsvmG29ij2ZfPBJcuLLuKwCpYYw,boredapeyachtclub,15.8,199.0761328263885
23131734,1960,,https://lh3.googleusercontent.com/xy20r1rznxUbY_91jdhzNgoa30xOI4Kav1jXtTUFJ746kkCdVhz_h7t50Gp3W4QjPh3WOkto4kUovVDtVbnphdmpGrh1nqlQ2QQ16pY,boredapeyachtclub,42.0,175.88887705398756
23138214,5801,,https://lh3.googleusercontent.com/me9_RHTLP30ze3hyJrOFFKM81XrYx3qWYTr12duALIJi0ENI9KZQ7PkK9rAPCBAe3y8tHM1snE0yx9mkYhzdUhpGNfBWBxaWDZyAeg,boredapeyachtclub,43.0,182.58193991314153
23134855,3463,,https://lh3.googleusercontent.com/yJZItdwn4Kf_9Po-biwYgr19Tv3on8P_BQhbPipgF9KfoNf5x_saE4BLRDb_9vfCstF-LxV9510Vb7LC6NrpQKb8NGzm01M5pBBaazs,boredapeyachtclub,33.0,93.5593136006961
23134615,3274,,https://lh3.googleusercontent.com/oWzwmkteTRDz7b9Rpb45StWdIRYtEIzU25I1Wv0aRg67hF2Q1rs0YVf6L_sllXdrfYzG7_PFxDeGuH6Zxk2nZRe_95jK5e6-gztj,boredapeyachtclub,45.0,126.88753725944724
23137975,5622,,https://lh3.googleusercontent.com/lcgpDCQ3TjoePDjXeO7ATbFc6LzdIZNYEHQoeLJu18apEzKAxeBTiK-Vw8Z120UbkdGnTjxhY1JVjxc3OWpP0CC74S0syazuS88NgQ,boredapeyachtclub,41.89,166.09947124732375
23137735,5487,,https://lh3.googleusercontent.com/rMRVKVMtEQGUu7tSJodRY2bS7EM1YQ2M1ru6Zn5XzskNCW4vK2olBLzoU91Mk6qUOwETNO_OFKBB5jG1-Zd5Fg2MV6BnB6YjUXRuI4E,boredapeyachtclub,42.0,166.5792801532627
22896656,215,,https://lh3.googleusercontent.com/nYiusUG33mF7NhyQg8GYoI-rI6zihKmJzxUmy9WsdYeoGQJT0PX7imEuDDnbbX_WyBTQPyh_dgc3U2bVmytQI1X3ajKt2o-9zd3IAw,boredapeyachtclub,28.85,53.92580373592721
23131376,1767,,https://lh3.googleusercontent.com/AsgwyCgZsl9f6C01coWpqoN3AsZA5J7TRTCu1A5gQQo9q2uyqJ-5nopFAlUcw6e49GXRSu6h5T8YLf4Oo625WMsC1B_RleSo9ICz,boredapeyachtclub,48.0,135.99975137445307
23138696,6141,,https://lh3.googleusercontent.com/tLHXjHDVfOVSrnIuxuhJZ-J29Awi20RSJT7V-eX72brrlBQE6MYjWV6zqCFd4yKurZrXvVkZEWzsv6txtztaF5Rgd_lRWjs2YzSLDBc,boredapeyachtclub,50.0,178.17461045702763
23139177,6501,,https://lh3.googleusercontent.com/74LKUwTC20AWnwTJPxn_UY1v__iewP-ZjHToogRYBeBZbs_U-DMKlk6uRth0gPOZjIyNP-sQ_kLvzZjuvdik2QEdcI31RLAU7Ghi9g,boredapeyachtclub,7.2,103.12962192371559
22896657,216,,https://lh3.googleusercontent.com/faO0xXmG8YRbK5nfornpYFJZDqgZA1-ardtYc4bI_qzL6T6msTCHnoM_qyow0TIQv-3qht60aoLms25oLYMhqnuYFGUCn34eOCK6,boredapeyachtclub,35.0,61.4483966472068
22896658,217,,https://lh3.googleusercontent.com/uhf7zNJsj9zl3_Lahll-lP3r7oXS30i1kO2jHVRV5mNbQvaw9sAVVcmFbGcTfz0crepILb5LE3ToL11bCNdEHE59y11NlwKWqDBFOxw,boredapeyachtclub,55.0,196.96709259378136
23139659,6785,,https://lh3.googleusercontent.com/9GhjqQBN-Q8Oa25dkupu2EgLjMb3cHZiBPbs528kVz43CcAuzCUA7SGbZlQpspRczgw0x5usLaMoSjxrLKeuDYXdcxcyNAsIIBCYhQ,boredapeyachtclub,34.98,85.55431979918112
23131379,1770,,https://lh3.googleusercontent.com/l65NsU5eGXgq4b17uinb40Ag9Ff3Sc2HfoK3g3LNk-Knb8B_uKexAVTlbETDe2EKFDmnOwzN5mlH_HHwQPoj6egL-979Hg7GSCdIIQ,boredapeyachtclub,52.42,128.13731027869764
23131499,1834,,https://lh3.googleusercontent.com/0JC3stIOVPC6hVGl-OhgVvgHLe9KNuU3FNvA85iBqLu8a479Ovimnj8KvQMvQk4qP9UehwFEd9lr4gYtTURoj_jtUlWZLS9wb22RG4E,boredapeyachtclub,5.8,148.49179363654667
23137739,5475,,https://lh3.googleusercontent.com/AYzi5Vxz7GTA51h27D-rK7q_HFwQjvTUiRAeVqKZWFiLjR9nUO474KgYXY6ZnssB4MK9E8KZKTT0RtGHHHg4-JhVh6kmu0Pwevnvgg,boredapeyachtclub,52.5,285.76335756411066
23130540,1583,,https://lh3.googleusercontent.com/0jrWCopDUcZNZNWZgG1ZMOcybF31m0VZDuV3r3RXC0cvUcGcSLBjRmIn9O5X1Gm-jNQMOuCCODvRYTQWz9QPZPoWEg6S_yhX_e87oWY,boredapeyachtclub,38.6,88.11632549992203
23142660,9021,,https://lh3.googleusercontent.com/zUkd7MuI3dsjWr2A62Sc8EiydNFDDUfj154sgKmALNE_zBXrPb3FvG3MtP6AMxIpHSa_n06SKV_yceqAFIe1zutUsWuW4CSBPMhlEkw,boredapeyachtclub,19.69,138.58260637322502
23135461,3929,,https://lh3.googleusercontent.com/0Bkpqx9sQEPJLO6Xi7tNXI5D-FioRStoST5J2a3PmOkKONYYptQWKff7d0EEyJBcf_rIgCGc4JF369_67Bjg-Nwdkbd56WttaKF9Gg,boredapeyachtclub,41.5,98.7451228770095
23137141,5078,,https://lh3.googleusercontent.com/Nkd3ZTfdeHJxeaTjqDwz5IVUbYsO-9o8D7fsNd-3cPrX_kNeBn6E4dEDlYZmilWwCkyPqk0NeBuIoQ77oc8CfrgufH0D6UXPOc1Rtg,boredapeyachtclub,3.49,117.81106952566745
23134502,3200,,https://lh3.googleusercontent.com/ELVyIS7VLWlwBImG4qmHedp6kwg7bfmRI0Nwh8WTC9Ia_nDL7vBLiEs3Kfq6b78DzISV27974BK4wOFUn5v_elXYDn99u05GKXGIKOo,boredapeyachtclub,47.2,89.51005957484219
23139062,6394,,https://lh3.googleusercontent.com/b9trhBnwReZ-em-P4AdkL5CnkGtvKRG--LbJxYxn3xY0F3ri4AOtFBgvXzgu51Gohif_2q7ohYA8TW3BkDDoaZ4PJ_BW6uwANFEPJCo,boredapeyachtclub,13.31,60.572221947568785
23137743,5476,,https://lh3.googleusercontent.com/uOsNKKZ771fAmt4AumSF_Z3vLe-sUwBba21wR4JoAXO48s6Jf8bdT2zVNT-fIlgKLSDkuX80YwgtgBi54HuuI96vo-yerBfSxOEbMQ,boredapeyachtclub,0.55,173.42344458282813
23137503,5325,,https://lh3.googleusercontent.com/JntZqnpPo5-n02JkHphCsGfrlUfozlp-vmBvmpwhoMAinNWvE30HNEGxQh5kcVD-b-xOOx33RvQjjSgvVCjQP2s6Chh1Wn_FzPikDw,boredapeyachtclub,98.0,213.37273194931282
23139063,6415,,https://lh3.googleusercontent.com/mi-lKwhKXQJKObHgTpLVnAx6ohoyRwr-fPWxSiz4WAXwOuqlmTt3FprvqqVNEBVaE1WPnUwM2Q_XEopbj4tixWkQBn6Q22graGM1,boredapeyachtclub,14.2,162.6642367742811
23137504,5322,,https://lh3.googleusercontent.com/GoZObHb787YAaJ29u5qaIny8nMTMpk05Mqn9kC5i2cjIKdZWQrJONjGW37XyqBa3qum-DL-XYrEYyh1BZB_ydG_5atbvvFvDJINosQ,boredapeyachtclub,8.29,167.81583722156864
23139424,6639,,https://lh3.googleusercontent.com/u1GDfPuDxJLACXtYwaO07IBMGRjg1b0ErHsY0RJVdR3ZOdpnzn9q1DNzM6ALnZokRXzbAETNo7ja1_2fCczSw4gsvhEEkgQcABJUkA,boredapeyachtclub,46.99,110.5238854289964
23137745,5465,,https://lh3.googleusercontent.com/Czn9y9yAUpvuI6SGoVSnNe29_kZ84Ey_9saCrdpA7a5j2_8IWlUFSBM3_GMkjBPmbG8AS1jWtrzgQG4nCsyAlR_VtEI0fXMeKD8ILA,boredapeyachtclub,49.5,167.35548525708694
23134506,3216,,https://lh3.googleusercontent.com/Sq6jGih19thTsRnOPXXUikEu02dt-n4gu-7V9fXWGAT4x2EWNRyOayDKe5aAFDlahGfmNtMTdMKAHiiEv3zaYkqPjlrL-4SocL8,boredapeyachtclub,56.0,144.19000918505088
23140386,7278,,https://lh3.googleusercontent.com/XR5c78orDUb43ssiAVbglcnTPCTBpEz5rumIq1HxDb_9OjPmGLwIyrHspdQX7VzgqbByH3qUhsvopXq4haLPO-ahwc2nnl4lcp7z7A,boredapeyachtclub,49.0,211.10237894445407
22838466,141,,https://lh3.googleusercontent.com/ksAa6wyhqufJLyFkJMOdP6o9nKaLSCvepzhwQe_VqnXXFD62sCVUzYBXz19mB6i8XXrbdFDfRPtTCCG9ybQZdv5HJghIYffUxOdE7Lc,boredapeyachtclub,32.95,104.18220936200524
23137506,5348,,https://lh3.googleusercontent.com/g9F7kEBjGxNkmKG1YPuIb1EjcbHNK4LG26RFoqDBulUGEMNa5JHSsExSssMklSVn2Q_L6jxXJzgj9cvwoTfkrGfWPa8Bb-kOpztS,boredapeyachtclub,17.88,187.94481629515124
23137867,5565,,https://lh3.googleusercontent.com/Kntp9qUZEevaQXe0oqcFhhPNw1njU3exBaOVZ92g7t8pjL4_znITCIB-g2N0XLX9Av-i9JK5kYiZGcaPsUdG4icLqPLYv1T4g1waNg,boredapeyachtclub,15.35,61.317674540978125
23142787,9130,,https://lh3.googleusercontent.com/70DpafXEU-9njF4WLpPD5LzhEGgC1QBSOlRt3_FS_96M0-M8t1PTS8F1j7FQDAFgX71_0XjZZu_G5K4OyOeWwfRGjxhhXLw7kj_B_g,boredapeyachtclub,40.0,108.40551513683641
23134748,3347,,https://lh3.googleusercontent.com/DYUnXrf7mtDGUhqKZwtJmX26kj6BC9fENH24y_IIlEZEExX4BN8sTvJjD-9N-Hr3kI2ihxAkoUo6DdX7OajOa-IIs-et30JuG6mK-Q,boredapeyachtclub,35.74,118.70538431703153
23134749,3368,,https://lh3.googleusercontent.com/u-2FnHbaJ3U_KCDlmg2McX9Yfo7brsAzOffqihNXCGkHljA89SPPzwdjQiVSWcsvxCoj_ydBcDNCuZvHEekaYekaMEH4XX32k9US,boredapeyachtclub,29.5,110.5703439922733
23138949,6329,,https://lh3.googleusercontent.com/Oc7EENyYKK4mqgkjxiEpDi6I_TZNEFAhqcuc9KsXNvQfmsz9P5oZ7LZG2_jUjpblMHxioXUPQ4ZIuEnZL26cmpgtAEeDEoSci6ZBpg,boredapeyachtclub,8.25,167.76108386513354
23140030,7042,,https://lh3.googleusercontent.com/2gNpIqDZWFOc-2iKl-Vk3HvpZM1Obh2_QfGrVLnl8eHA86yqh1QTmXBN9TuZUET1-A3EAdbQpoN-TBWaVz4p_IaMpLTGpvuRoQFe,boredapeyachtclub,42.99,120.54412996251367
23137511,5292,,https://lh3.googleusercontent.com/JxU9f_-0OjxfHbOHddtLyCCecJT5EUBwS_-Q4wuao9wpod7HLOp4zRotSrhgqYusW80moMDIJKTSg0QykZCvbDdxjWPAbwWClYfR,boredapeyachtclub,54.9,165.01400002389212
23092751,387,,https://lh3.googleusercontent.com/Zv0o9R94_t2BSEqYiN-r7qqpBXmA14dwocf_Z81P2IvCkO9tu1-ELXxNtjEeRx66i0rX2-ODKbalrZt3jYHMHfwbS-RhbOGTesMP,boredapeyachtclub,51.6969,206.20851826898445
23138831,6273,,https://lh3.googleusercontent.com/ikorhaN3X14k-moaC0eA9QxgvZ0P-HHQisFZY67pbdsBoMMO0ZeWZkB-86M4tZTrDnYqXmS5Ogq9NwtPlJUcfj3IXaLa_RjQWRospQ,boredapeyachtclub,48.0,76.7891108015301
23133311,2668,,https://lh3.googleusercontent.com/t2DOg9f6iGyWV3CTkAC4_ab9iiTQAu-3Oa1r0h6QjVFm_DWM6mUy2Y8b-9SSdPdggHmBT5BIiVFwIu9-EZMasXOUv8zqBddk2L_o,boredapeyachtclub,15.0,94.8060325757548
23132352,2158,,https://lh3.googleusercontent.com/1HfXmPsHf5ohp_lUJY-1Owf5i_EjaBCN0pKUmD3SeWZi7lB91Gr1jbHaZkXslJUgwMAZUeD17y7-zoCSFTHwLf_mgToz0iCsvlrPsQ,boredapeyachtclub,43.0,114.47635908508477
23119152,740,,https://lh3.googleusercontent.com/ywfNuqFy0mlvSVGpO82C-Vt2FLtmhR3EuROvRTDs3962Xb4FILoyu_djBQq4yjy5qZlIUJE-OXIjchpg625I4hawNG2TbjwDBfkb,boredapeyachtclub,32.5,94.45329786099205
23138833,6274,,https://lh3.googleusercontent.com/Oa1qzPZ9HRN5vqfDYdI9jp2-trjAvSUGulw5-8ZIFOVsOtLf0yYuDlCS9x9RcihpgshmO8sAZRhzSIZvEYreaWDJwoBwVujrrS2fxw,boredapeyachtclub,44.49,93.72163637322936
23132714,2343,,https://lh3.googleusercontent.com/wTzlfGHext19LtAuv-__-egsoUQY6C0-23Oy_I6AFhNRzFRCeXGe3N5pJagd53vb6VJu4FV4GP1HWnD4LcHh2wleESNKEBrqj2dxFl0,boredapeyachtclub,22.98,145.58932042410052
23138955,6335,,https://lh3.googleusercontent.com/rXSrTZ3sMgjcsldBoacVQVP3aTEfO4RZMEIbNlP0hCKgKlJxbZtrlA5GP3UxT6Q01XkWRqSDDAdfN9B7o1jQBj4z6jqPtlwKy_h4Pik,boredapeyachtclub,65.0,201.25125430448412
23137395,5229,,https://lh3.googleusercontent.com/9tDMKPbuKkmOlmAjb7mdHxbpS1yLbvNSYrflAuywcNSaUcgHZYLjOhIEwX_08ceyKlvTWXZWqJwDBz6qVLfvLOwEGRVX6B8c_XxBVA,boredapeyachtclub,49.25,123.27135447662005
23126355,1218,,https://lh3.googleusercontent.com/iDWr5VKVjinMroCvsPY4VgdXT54-UpBgDVpT9pfb8Hk2QzdBPRVNSAa9EvUi5I3DsxFHzolR6WtdPmzUV4RUEM4uAF6XglunzcA7GAs,boredapeyachtclub,39.0,151.53632317788671
23137875,5573,,https://lh3.googleusercontent.com/L4TjnPCQXFyvZn9zDTHldc3F5Ne2i3l8Kekjl5s6W7WtjIZSVHBxaifqHwv_gEgaDROZzIz3LoB2g5IpKW1plsinbVl9tMRJKrEnoA,boredapeyachtclub,50.0,179.98915293555385
23137515,5314,,https://lh3.googleusercontent.com/HIypYvHhnymsbxvwBcEOdLaclwBt8rXnE4OiO2uU5txBwbVWxAKD-uotuJF0BYI0VmJ9lb48qRbvRhxHgMrt5KgIOElO9nLat4qcCg,boredapeyachtclub,44.0,134.56247414017687
23131756,1953,,https://lh3.googleusercontent.com/NVsuyIG6kRVLAin_-q8tjktwkhD5CscIK__fuQLBdVO4SkzsIlhmGMUuxVNlzYNaMIqlZ0vqvZXbisOp3LS-xBST47Yvy7lWQHnebg,boredapeyachtclub,52.99,96.49575079754254
23134396,3153,,https://lh3.googleusercontent.com/AVjT0TqgIUVRKoEksmL0GWIZ5WLeDUK0RvZHDePLTGyBNvHIIy5BtKzQdDvQocKhy0DkyXiZFFZlBCLQNEzDricAl46KYO2qD3x055I,boredapeyachtclub,50.0,174.04088900432507
23119396,749,,https://lh3.googleusercontent.com/5CJCpTTh1AKxtkUmIpWlt9wqzCIPJZenn1mH16VCyZqRaRMGCufFN8R57NmzzYL2bQBBA6s6uSPijOvTZbqRhOFiZNem-Q6TUk-l,boredapeyachtclub,32.0,155.7951188316851
23142196,8658,,https://lh3.googleusercontent.com/Gkf0cJhMaesa4rYOAFOfjQh-qvWgkY1JTHRfHgyYXGXzW4MHu1njZklux1mgY2olS66m47Oi49aUCePuU2rR9L3-xWcIRM_apJubxw,boredapeyachtclub,55.0,177.11309883930534
23135957,4251,,https://lh3.googleusercontent.com/gHbJZmeKCZ9vfdYhJPG9-bhdUwfx2SOWvU0Kow2oY3jjI5T649fQd38VoyTHW79FobiwqZvSzQiWS8XtiECmfBE1f0_wTDrcUGmHJw,boredapeyachtclub,12.8,114.54318058123586
23139078,6400,,https://lh3.googleusercontent.com/9KRma-j2C5D_OgIiDKaQm93DEYrTNsE5bTmMIiIXWisJ643nfZpRNzgSlG0hcg385kHRPb-1dVn6jsLOecgjNxdA7tGD77iPfXqp,boredapeyachtclub,42.0,64.79006124205819
23134760,3417,,https://lh3.googleusercontent.com/o2TZ54c2WMzyg98_hRYx_FzHmyiuXIgTLJ5Zx64Pi10yPCuTEGFfOB0RdDq4t7G_-RKhKIetBUjweYrJRbBvwB-PROC0qgO6cixBmg,boredapeyachtclub,41.79,185.63257771231346
23135601,4038,,https://lh3.googleusercontent.com/5rtIY9YjsJjHo2A59uysjFS1HqeBCsEzWCD8K7hjqeAuSiY5C5-PKmwrtciT1TqehtSAxlY4NY5_jBUnCk1Hg4Ujj7ektnm86f9WQBU,boredapeyachtclub,2.8,74.64447236302573
23137161,5105,,https://lh3.googleusercontent.com/KDyz1pjtcABviQ5Oq1_3u1OxelR5O7YWlfqKeN-u3jziZEKUKLyGsNUPUOe87Dzn4V5SAHiD2Fo73Jskw7q0tBmZIXxE2LFqBI1wkg,boredapeyachtclub,57.99,109.90484344844309
23131881,1988,,https://lh3.googleusercontent.com/IeQuUiW6TKRoBaOmvZ6wjD4zQOpEhKcKcnpu86cbt8tXlFtVDko8EjJqm-Zc9QX9A4BFqryzNMUKQbMk-qhvu5Jl4haad2vYCpXgKw,boredapeyachtclub,16.75,121.16118325174439
23137642,5413,,https://lh3.googleusercontent.com/O_dbUWp82kb1p3achg6hTGSP6ZUhw0sEoZzL2opOuJIzII4cSQTF5ZjXkE7GMdjsR-g06XiNOONkyacc-UjYZko9H7ggQehFEO_FEw,boredapeyachtclub,44.0,169.880654824605
23134522,3225,,https://lh3.googleusercontent.com/BInYtWYhisT0ozQdXQZeqPYH-5hfsqUPBRATO6acuTYzc-gSmm_ZzwhBA8SX0_EBtZm1w5bO47yt04mROF3d_j3Yegs-_xAit8NYkA,boredapeyachtclub,8.1,119.63213284611047
23137403,5234,,https://lh3.googleusercontent.com/FK18pBgT22mAmeG6Iw3ZQQhA_O5IGGERP1r4XWz8pzniIbQOkjTT3D_tMHxAoVnJ79wBggzR6UnH6GXiRIfMIy5Z2qTO15pXWGdPDg,boredapeyachtclub,42.0,104.58769083229788
23140884,7558,,https://lh3.googleusercontent.com/fPpWMwnNYHcIJxuZBZ6_aq2PETjqQldO14GfjkiF_HoScuOzoOKKCw1VNnP28x3p2y5-Xzqfdj2_Rp-4tXqDfQRWHWwtvcMhB3J7tbg,boredapeyachtclub,5.3,104.37862365913301
23127205,1260,,https://lh3.googleusercontent.com/ar-ArnzTw_d5KkHY1rjlKuJ0o7ocyM73UuqjPX1ACqclImGgZkWgFT3QnOSb-rthfQs_ZmWi1WDW2EbsVI2tVQagxjWEAokXeWiz,boredapeyachtclub,14.99,125.7877541673687
23143166,9509,,https://lh3.googleusercontent.com/lNARcqU9daWourXHjwpr3gR9_KwUXV-J5CZR9gGW0Ilcxyjm3Iv1QMPFuJf1H-sCqcyxg6Yl6uqVcwpngjGrYdGgqexUWCsLnZ1jug,boredapeyachtclub,44.69,119.04789422216903
23141366,7961,,https://lh3.googleusercontent.com/iJMdNyHOX5iWexk4clRYOYEeHl-nSDEhfTZwyeqfx9a0EaYVk5dvbckVOH162WjhtOS0HJA30fkmBVtuywmhrxv7WjfZRVmv4dxumw,boredapeyachtclub,44.0,134.7973409766113
23138726,6192,,https://lh3.googleusercontent.com/bafsgZAjtkav3e6VQqTwVD1Yarbc44R4Z0TwDgpqvWC5cI3gDhYYclDgI3Y_c810CgSNfbFDC_T1TKwjGfkTkO6b9FiOMZz0Wg37JQ,boredapeyachtclub,48.0,109.7446172958404
23132847,2408,,https://lh3.googleusercontent.com/c3L3HlEn0MMorSE0BiQXs1PgNt230kePy-6iewk_Vg4g94VTQ01RnEASCKwooKN04ohgESX3cwDy1DrBm-N_QGIMfED4TpXx12w3Ow,boredapeyachtclub,47.99,128.70019441600056
23120847,819,,https://lh3.googleusercontent.com/2GRTdxZouZhjQpoftSts22QdIWbql-E12pzdldvyynl5QUuDbCUN3QX5XXMlPDF4afFY4AdzAaCYMVty6lfFV879RYhHh5D366qfpwc,boredapeyachtclub,41.9,99.23105662267412
23113887,549,,https://lh3.googleusercontent.com/EPNZsWQ_WwOyuqWeeQ_Bg1qGh3Tx72cS_eNAu2tL4FcSwgcRTFYCIsUj8bNqAWgJBfPP_v9bRyOOpxDJDyt7tweJ88W15iLV3rPX,boredapeyachtclub,2.25,68.23688515248777
23134527,3230,,https://lh3.googleusercontent.com/b8tsHYydcVwI6uniqMg6UjLpBT7GQTnw-DrEUPU9j56dVxqPAHgrd-f0XY7TYNLaS3750-qQQ_BwnD0emTRP51YOoaYQmg32iFfkUg,boredapeyachtclub,44.0,106.61597319513395
23134768,3330,,https://lh3.googleusercontent.com/mc24bbyY7OVGrYVw5sZkaVNZwheEibbvinL2BIMevIws7Zv0kAfmrbyLqKhahvDvMAWzE8n8lmRpIUErlg8lx3wkyGUZZstFvHO0,boredapeyachtclub,4.97,162.4188428167642
23136448,4627,,https://lh3.googleusercontent.com/dgb4ewAddUDhVZh3FtxpIvlWyjw9bEn0KZTAWP_s4Sd5n5f2Dw2E8HUL8yf2h8UGo-2A5hvORKmiILDTUhvl-IVYcER3w4CHNAY-,boredapeyachtclub,52.42,144.69398024574764
23137889,5579,,https://lh3.googleusercontent.com/0B5a9We9q2uKwf09fDWatJXKUBnzl5RRNUbQG0Hmj9lFzxhiX-hyyGhysoV6HmIKn9C3VU7Wo2vVKQzChWrXZDzleEcBR2gkpqVb,boredapeyachtclub,44.0,99.3074248487189
23139091,6427,,https://lh3.googleusercontent.com/9GV9hUZkaa6rEoHv1DxA717rlijmifdIyZzalIE940vb573ITu4svwq7WR7415MVDORg6Tad03JCsIlJZc4D-JJOZ2hOTSewmPTVsqE,boredapeyachtclub,8.4,102.43669674877269
23140411,7315,,https://lh3.googleusercontent.com/sQLJ1mg4JOSgaN0mYGg0TNdTAHLHp6co27-4nFEnre4LvTpjlZ28gVDdsjOHOhrw_Vlnc3FgtokUAdCit2MzyX-3SsT4kFJYwkXtPiI,boredapeyachtclub,42.69,126.56376818412664
23137891,5557,,https://lh3.googleusercontent.com/UkRTvD-lqn5dViyP6dl61KZHYPjkOFv5J6iRNDnK7svFXtsYFVUmLKGV5UK_L7bgoC3j1mkA_Yu4jFvGgDewqzK2KfIOdfr-UbB_VQ,boredapeyachtclub,52.0,80.18724691312293
23124452,1098,,https://lh3.googleusercontent.com/WicuNhunUsR643wVv6jnWjkvnozqhQu1jyOlHjuNf6sXZ_GxqjA4ewLCAhhrjj0KYmF5nXAWlUxeyz1MUkoqJYOFqX6N7YZFBkNc,boredapeyachtclub,39.9,73.52247958337972
23135252,3759,,https://lh3.googleusercontent.com/AvlkFvyLklbduLS42wyt5TMU1a2yLMtIEfxMUdCHjoV-G07uQsUIp2wGA0HXnqN3MTCtEYMspUhBzoRjPyy-rUUgIabFQRlQBw-o9Q,boredapeyachtclub,22.5,162.98484232225405
23138853,6248,,https://lh3.googleusercontent.com/qDXb0ir1ODlH_NLMBctuSSBI4QdZO360EQfrtjQvf8mcZxNxY46Up8Zu28RyLQUxf4YO1N5-NjOrR-dACr5VIihJcJGcnfYe57hkyw,boredapeyachtclub,5.8,82.24413473455752
23138373,5920,,https://lh3.googleusercontent.com/2hU_a5l789prM2wtoVoE-mAS6WvMAXWfB9e-v1QBIam7uar1S4Unu2_0pFVAolFMwHzkQuWwM5EIQou6DU95hHKkc2JNN1eV2jLG,boredapeyachtclub,42.77,75.6670842667188
23134535,3233,,https://lh3.googleusercontent.com/83pRY15EkRq_sDaBN3Ssg67WrGwpQFDWifTX5ibomHdszNRMoGsmUxMlB5LwLfJSULvolRArSnE_S8c9-CSa0B3YbaizFegT3cDPAg,boredapeyachtclub,38.0,96.51014707075933
23138376,5941,,https://lh3.googleusercontent.com/JSxcYw1MKtNZFL59ThdWWprpp0f-FTxStUHvzV8bF5rlDHmeSw1DYEshL50Yvl7U1ca6uwLAmzvJlnG9RtfLaK9jApE7amjJsrkDGA,boredapeyachtclub,43.69,149.0185486703291
23126496,1251,,https://lh3.googleusercontent.com/fcotPabR_swsaVhNL48ts5oS1HOl9Z9hBsw57W8aLmAPC4Jf2x6T3VurOXLhczBt1mJz85ohbKRJbz2Jamzasr-0JzXC9bhneg7c,boredapeyachtclub,48.0,179.91699439638788
23137537,5371,,https://lh3.googleusercontent.com/zLISWosN3Yt5h5-ekHaiO_IYB6tk9JWnWo4jNemZ8yNvZMhNcOiNGQwrQFk8V4q-puAEWQONxHaL5OJ4wwHtawTjhxcm_1rwB45KTVc,boredapeyachtclub,51.6,104.49394889349165
23124218,1080,,https://lh3.googleusercontent.com/-YTjXGpGcqMpNF8yzVbyP26f4HSm1YPjfZiTkQBigc29FvMkxoSYA2xdL-KPUJ2AH5Fig_tq5nK_hVNtnaZev356DLHJYiAHHtBAOg,boredapeyachtclub,44.985,117.5175925683844
23134178,3041,,https://lh3.googleusercontent.com/zyYO-9AFyHlYDT-4KxeUjuvYaKuISUrbmCfPrnHzWX4SRdAd0cMFcnQ-jznzJdNcaPyWJodHaYUHRtaNc8AztEZIx4bx_Vdv3spn,boredapeyachtclub,24.02,95.96393031801989
23142338,8785,,https://lh3.googleusercontent.com/jH3aEOv6akkXnDjQ0FrYbRARZWHIJjS7zwCk6GIJb1EdYBOFJcp9eyVHQB9LtskkZRLf3Fv7UXoYACMinzB9etr80Icd52cXag2rVto,boredapeyachtclub,51.0,76.557228390777
23134658,3291,,https://lh3.googleusercontent.com/PwCtCweBsJQW7xWZF_mizRByAogI6Xk-H2pbjhqPZ7iIdKg4-cVNE3g9Do_pYr3LbzcSSc48JwBxvcEmw3iA6t5bYSjDJ_gNbE_zFA,boredapeyachtclub,39.0,142.53444913834812
23139100,6456,,https://lh3.googleusercontent.com/VjYrhHKMV4Z9nGGaHNf0Vr_uO4SMshGsztA3npPCFsSRXGbuebFzwfzcCyV-B-Glss79ZOVUaRSphDoXRHNeyYzVCM2hUgCmy-KuHA,boredapeyachtclub,39.0,165.9284486410078
23137541,5333,,https://lh3.googleusercontent.com/3ujbpUJagonzY7ll5-MHfo5TSLhiaJIQAqugRIYPAYkDJgsyXeUNV55ZruPN8JW7gDHkSCE99F9zMFD9xpyejoUKhOp7ZafxpL4CPZY,boredapeyachtclub,8.94,91.07565224746558
23139822,6924,,https://lh3.googleusercontent.com/ib8Ckkvgj2982X8JKiKcqYGSQ35inQf-SmATmptft0tp5YbyGtKSztDol3eoq5lpZREVlQqeE1-86ywuKsV8KFOZCSt-Sz4l3xljaw,boredapeyachtclub,0.01,135.67004794351175
23125782,1156,,https://lh3.googleusercontent.com/zN7cNMNozXHMKmn5ynjoPJEbPhnlqLwOT2YMmmPcmyWsJOe7nkrCUjqlRX_lS7_4Wj9De-CBIsNCTJQA6vbV63OlRGcwnzf__ZIxMg,boredapeyachtclub,16.789,85.04495329058514
23138023,5667,,https://lh3.googleusercontent.com/jUkbbsyWmwrbZdY2QpnzRQZJc-dCTRZvLksPoIr8TEv3bpVitwSWff4l2SVMj1XyK0CfrMqx7V_JjfjAV1ByShJUpp6Wrse-CWaE,boredapeyachtclub,38.8,137.520487970747
