id,token_id,nft_name,image_url,slug,last_sale_total_price,rarity,predicted_price
30238200,5367,Cool Cat #5367,https://lh3.googleusercontent.com/LV20G3GGBQR85nN6iCW2J0ZH-THNNXVB9BSsSaRxtKIp-T5iDXwpzYXNlsgBCVJW5hrrFVIy3E1WLZIG-F_4MprMBHSDQndVQoPqobs,cool-cats-nft,9.79,5764068.819636729,11.086455609371916
30221640,562,Cool Cat #562,https://lh3.googleusercontent.com/F56kkNkWOoQdsTAW8MKz2iuYZ8INxN8zfznKc8Uer49fC4r7FbYx_dQJo4KXtqeVPwEs-sXXAMNnPfMnLGY-uSpoSCu4IA7VcHSQjw,cool-cats-nft,13.5,7353824.233033823,13.108873995083203
30223920,1479,Cool Cat #1479,https://lh3.googleusercontent.com/CLrfSIc29tmnuWvmTPuYgLG_fNXliLlngB0DgiyW0NJ-oc8DhssTXJbUJBBz9kbRLgwAcsNIBBfIQjYdQLQfPZlwqAQANUUEPNq_xA,cool-cats-nft,7.1,2528246.070353196,6.969981234820297
30247681,9561,Cool Cat #9561,https://lh3.googleusercontent.com/NTOF9lnnzCy6w03jSHZg2MNW76gJcf2WdOeLp1JuyljNWX-_8bIptMGc6iFI7MJFPw7LWgEiwh8iQtzCQVKm4NP7OP5dXc5gvqF7jDg,cool-cats-nft,8.5,6151120.378509527,11.57884593701978
30239041,5619,Cool Cat #5619,https://lh3.googleusercontent.com/hCUy18bqBvdU6IZXcqOLY3ETb8eDuB8xNcEheS0woFGVddGvx3ktBjv3yrDTE6g-W2sG5-IVTe_BLr9L28EKy3JQDnORs9vNN7yxgQ,cool-cats-nft,7.48,2246516.0343339206,6.611576413644095
30215881,254,Cool Cat #254,https://lh3.googleusercontent.com/hUPxFSmAvmieQghJ2y3Yko1BF0FwwcXEfByU_XnoLZUI7AskoJ7VhwKMDds1eD91UfPmHbw3a84lKfIjPdsegFAJq1XOtf9uDXZBRg,cool-cats-nft,8.99,2841153.55663925,7.368048665796579
30238801,5536,Cool Cat #5536,https://lh3.googleusercontent.com/llDpcwyZqRnuzW1CvCqJwTi78fvSZHZMmaBO8Jt3kA-a6TA2Vlsz9kaQG-yDCqoyhhM6TlasewOpJ7En6_RBUANe5cuWYnzSCNZAMQ,cool-cats-nft,6.35,1419195.0383981196,5.5590942651542505
30222001,739,Cool Cat #739,https://lh3.googleusercontent.com/IOPwb_g77Z9LuDTcmM21W1cA7LhX4kIcOkrIHr7QAi9n6DgjkiQ0ZxwiFP6MpH1QeVR8681JB0FkpQzzVciDyZJannnyNjCphfxOjQ,cool-cats-nft,6.0,1266360.7808317496,5.364665103370006
30228721,2919,Cool Cat #2919,https://lh3.googleusercontent.com/prbT-_5QOy878CVDM1bqBPPJlV8jGUPtIE_rMcjsTOubM4wPN5NPvGEf5hRcfV77pvbQ_hP7UYomXYfSTUSqFbi57jPxiEQ5jOrCjw,cool-cats-nft,12.99,8463127.430742543,14.520081759163357
30231242,3238,Cool Cat #3238,https://lh3.googleusercontent.com/Nutyqj5BhcrcwV3m-eEH2NsRR7LxvTvNYqE_BEG9nbv-L-SQ9DeqMCLivIdrdfkZG0lM1TvT0NbgLkhLq_NWgYKjdKhTTGPWRcsznQ,cool-cats-nft,2.9899,358823.1012416209,4.210134743881068
30224762,1790,Cool Cat #1790,https://lh3.googleusercontent.com/kX6MIbwH-qn3jUEmZbXkAFaPL47YHO5jdXqjMOChWIDiHOaJ1ZktlhFtwZZDvX131z-ESk-LOCU2FRtAC4UdKbDuGMIknAr2I82gGQ,cool-cats-nft,8.0,2571735.9964916077,7.02530724627737
30238202,5368,Cool Cat #5368,https://lh3.googleusercontent.com/FzzMKaKVfQUwfGo8JHQSAnXa0Vc1kcxDtQpuO0ikZYTLZbvai61w2zS_pVHrgFNczt2rYZ4bhjcqy1icVZAcG94lsq09NhVwG3V8,cool-cats-nft,8.0,3213909.15245693,7.842252284797018
30221642,564,Cool Cat #564,https://lh3.googleusercontent.com/uCoeYMmmi38kndaqXM38aS9vc_GK71l7P6ikV5A_xdnKHiAOMQUDW_K1INGz0Uc6jyTHDPgCbb-GNp76Lg5ZX6jBMAz88ifUnhpb5w,cool-cats-nft,8.8888,2791623.1429872504,7.305038206214222
30225123,1970,Cool Cat #1970,https://lh3.googleusercontent.com/Rg4KjGSK6oMOEm4o1P8KD4Q-uGtF8Lf0G7RAcIxzW4I83jf33fcie232ujWzTDCqJLbgXsbrEdynyxkVWqfl86QxjpIM2DYgKuYf,cool-cats-nft,6.99,2450314.6470602094,6.870840233654846
30228363,2833,Cool Cat #2833,https://lh3.googleusercontent.com/9ZxYM5n9fQktQIW17e87U5HQYfWSRwciUNypyInLyniZiMx2yA--NYETbJTxnQxMgkKsLPTHP64oqRKGGVKTyLpjDThxFbg66VjHgQ,cool-cats-nft,7.0,2456771.359148844,6.879054184762831
30236764,4640,Cool Cat #4640,https://lh3.googleusercontent.com/IoYXuxjeYp4Ba_l4w2tWU64AiDlZmcL-epslLjzWxQ88bwE_bblt1YboGz6XKi-ZUOFRU1Y3jQZ0OyDUnJaeFgzTdimvHnEJxt63wQ,cool-cats-nft,9.975,3509438.5674277046,8.21821208170579
30221645,567,Cool Cat #567,https://lh3.googleusercontent.com/cmoW4J_CQ0sRnPDr6EkOo_FGMPTwpKFd_PZZixp8vc1gROJDyL6ogVFZLDe7N757JPkJR7ts1ESozGFq3yifQr_7gSeK-yuCJBEXEw,cool-cats-nft,1.37,75339.65704465573,3.849499312318933
30242406,6648,Cool Cat #6648,https://lh3.googleusercontent.com/7zB0fDMafKPuwjQzU0Vy68op-72i2br1E4Ht9Uq_NEo3vUv3xWqU0TTwRPODbofnxMH_GTTQ5TbborXG7VpVabJ0F8KW5nXwv7dclg,cool-cats-nft,5.74,1982957.6730736904,6.27628881466582
30229687,3090,Cool Cat #3090,https://lh3.googleusercontent.com/bQvHs_E4vAvfXszqgoZImVrwhw2a6PzEB4NoFDopM0bhggWboOF7lJ-aJ1mo1I5ZMjaP15tWH4eGZLwqnM25v9nu4MLpUgvdXyHP,cool-cats-nft,11.97,5757009.853227969,11.077475496249555
30230887,3196,Cool Cat #3196,https://lh3.googleusercontent.com/jIjaKkyXvSwxfvWjvhtynhZR_561Xtfis6NJtBQriBaH1o65HdQ0Jd9nZeAt_yyHY5-_4wpt873ZhZGJUT-HPmEZNYUyh24Mhr-W,cool-cats-nft,15.5,8471899.860116625,14.531241666092427
30243848,7343,Cool Cat #7343,https://lh3.googleusercontent.com/z0Y_wWFdg2tjkknXOW0PrqqlRLDsy4qxUN5N1zLn6UEIyvoqtds0y_8zWJBGJ4FJ8OD9cyxmcp-0kkflSWWU63uyZwTEMwdQdpkmjg,cool-cats-nft,9.3,3904540.1716304086,8.72084333040592
30234489,3944,Cool Cat #3944,https://lh3.googleusercontent.com/IB9KMIMPjycXI3c1znIrsTg-qVZAY0sCeuykn2au3I58EKoC8XDK9CuOPJa8P6jdJamnavK8yNlhK6HhrjezHy-BC5mDg9C1Q9zzug,cool-cats-nft,2.75,303563.3047091608,4.139835610092242
30233050,3529,Cool Cat #3529,https://lh3.googleusercontent.com/2AYfrLNZw8dDv7Q4PBkpoluturjdi_vYp9jd4nf-Ik57Wvie06RQuiQ9OgACAfcjx2BADUJl6JoqG1Xp9SPO_6CseibDypYwqU0F3g,cool-cats-nft,13.0,9319228.810853897,15.609177073184178
30224410,1681,Cool Cat #1681,https://lh3.googleusercontent.com/-Gr6MTO8K8OhJtfoIobOPRfP-aH8eGfmTOzlklhIeY4LB90j0PZO3psUCczInr1qlw6NpxtbBTuix638Q8o_LLX8JecsBhr1ttVTXGk,cool-cats-nft,7.05,1994766.8942743451,6.291311997399383
30229330,3006,Cool Cat #3006,https://lh3.googleusercontent.com/Ov0QUuhJff2qeNvUdPBMEkbDlZKBdajun3gDwCAayZGpHY2VfqchS9rbw5PdsVGe0VarUQLq0HZsvsMA9WSsGc0po9FzPsEu36tqiLU,cool-cats-nft,4.95,983674.6319016642,5.005043956516696
30228130,2764,Cool Cat #2764,https://lh3.googleusercontent.com/Cd_lMV1DzznMNneVOUjUhhS3lkH3FzmLaAHhLuJywlqPm-xGwQXoQXNXvkZcatdywnXHXfUzEzyoGQWcxrr2tFtayMoOfK1Ijw6meg,cool-cats-nft,5.5,1365501.1521565982,5.490787215013061
30244091,7465,Cool Cat #7465,https://lh3.googleusercontent.com/RwFBqljjIDCGDLeLkbCXao3EgRA4wVEZYMuF6cwE6RuMeqMFXFvEhr-sSgVvxqVvv7nlmGHL2q0dbkSz-z-hfemSVEvIL16ht9oo,cool-cats-nft,10.25,4742832.282293134,9.787282458660385
30243612,7240,Cool Cat #7240,https://lh3.googleusercontent.com/UtA-RbjUElobJ4gECYmZYDjj4__Na7PXoAE8Sn927vdcSceoL9Xu_fr22QxEkX0STAiz-0X9jEHH5ul0cUltDWFnRNSWtfwWBqB4y8U,cool-cats-nft,6.25,2739834.4997148714,7.239154924142995
30223212,1197,Cool Cat #1197,https://lh3.googleusercontent.com/iShc3xjPJM8DYQ0nAEVLp2Ir9Jk23tK9pgmuv4a1Ld0GbSAch53RvRFAQdKKER2N-kg4mRcVep8ExgDpBaR_1eUy4zUCLxC1rshSLg,cool-cats-nft,12.0,5078378.594385841,10.214150029052108
30236892,4772,Cool Cat #4772,https://lh3.googleusercontent.com/xtdpi1L3MSfoDiqkCqbQs9CLvAbis7CbzI2bYZ-rdobT_7XaUlonNYMjuZaJLRfGTvmRjCoXYunphI_h4kWDVzauh4VKP1SwsNWg,cool-cats-nft,7.75,2110937.124752133,6.439098762590231
30225612,2165,Cool Cat #2165,https://lh3.googleusercontent.com/caUrgRuxunz0fVN9LHtlGuY5XQGrXck6z7ofTgb3prVPEstJfMXMxVztd3-4ouXObYFuTA0dvaUFJDScmWxufMQWu65ZLxCRqgsRwg,cool-cats-nft,10.0,4514192.769486521,9.496417115159483
30239053,5629,Cool Cat #5629,https://lh3.googleusercontent.com/t75IEBSbaXOaLiqpXOM4xbt3RnkuKFmoFCMXR8C_JSdmIDwNS9JWQK-wUz_90DkSOINFf-I8WIDOeraiMJahDYRpCzoxqwG0DHEUdA,cool-cats-nft,12.95,5901061.639935424,11.260731976760086
30234374,3893,Cool Cat #3893,https://lh3.googleusercontent.com/ya3WgUQoPrtOaHTM87_YydzKb8IGCRoa0souwzZA-eFibK4pgY7IOSeTfCXlhmVfilkRwIHSVT-j1UXxoo-Nyl-j6UuSLGJyWnfjOnM,cool-cats-nft,5.75,1823233.187708685,6.073094201753518
30228014,2742,Cool Cat #2742,https://lh3.googleusercontent.com/nNRIk3l0dTH0ZNYIfLj3jeajpRLDfLGx9UGG_dnrHoNhhTxkbZhRPvwaEwUgoaU2FkdLQYF_5cR48n7a99Kxb9w-lo_IEcAOPDfdua4,cool-cats-nft,10.5,3893643.306567315,8.706980807866605
30236654,4611,Cool Cat #4611,https://lh3.googleusercontent.com/rKqZMdBZ79RQ7pjFPc_DOL_l49MsCLCib4xMio5U7H73Ga6NQGe-NCxHYSQ20UpHP_Q5-ldLspkKWx9o6ky6uiznpeNsmLga_iG6mg,cool-cats-nft,4.24,631861.115742769,4.557481949540368
30243016,6961,Cool Cat #6961,https://lh3.googleusercontent.com/64RaMt0FswUCNfmtTm1yQGQdJ4N9luPD-zGggavg7BZvXn91xA4Rf-TgJH-VWVls21Z-8p_8svt_Ul0Gs3r5vRyBjA9iuS7uaHUj,cool-cats-nft,2.28,235038.43963076308,4.052661227262624
30244936,7862,Cool Cat #7862,https://lh3.googleusercontent.com/Ur458OHFpS2qDZ_V2GFEF0QuyQh5ylWFY99D7AdCXj_rgnLiH9-4Q7c0oKxq0ePBiUbwOnnwKYIzTSx8R1in8yeeQ2aNI4jwLIdwHg,cool-cats-nft,6.5,2118590.90209214,6.448835568568136
30221416,415,Cool Cat #415,https://lh3.googleusercontent.com/Of1mLaMTZfLhq-0BZ6_sUF-ciMWHyQOO5OiuPJPafAGs38_vn5BfOJR8shi-uCViDK7d_XZYFnaJFWzOx8M3oSIUAyNOnJKw_QZQkg,cool-cats-nft,5.4,1028764.9395597058,5.062405904434292
30238699,5494,Cool Cat #5494,https://lh3.googleusercontent.com/WDGhv_k7l8m4wChWXQ1an5Becr-BOr8P_sfJ-5JFNSscmreGPE53MHFoxtXYLo2rlMlK-vHEpTJqoNxoVbiBBpIZ7ugOkv6zCaHWxw,cool-cats-nft,11.48,5295945.337905281,10.490929072233854
30221539,512,Cool Cat #512,https://lh3.googleusercontent.com/956Bd1XpdImIdRVS7XaqBJZHpSyBkm6cVpgappLsV8oXfrS8NV3szoge0c_x86l7EO2HGpYC1BhrfwWLT-1EfP6ogBL3xQ6m_QG5Bg,cool-cats-nft,9.5,3175304.958518987,7.793141691476988
30232341,3402,Cool Cat #3402,https://lh3.googleusercontent.com/1WJCKCSHjAqKWx2fxpp2Pjdzpd65HqxoMVN8ZnQVJUkbQD7AUkKLDuE_BWv0yv2rsoSfyDAGEab1VJam-NzdxMlyfmufHCN9ETp6-Q,cool-cats-nft,7.51,2264075.1017340505,6.633914303137475
30242421,6657,Cool Cat #6657,https://lh3.googleusercontent.com/4zeCrl4B5BotlEDtvf5SlHQluULaB23uW_QRUhTs1gac1uBQXhKPt9HC9pBmGdsgY17cr44-lS_z1hzbWz-dwKvFNYLdH3sSNKT_1Q,cool-cats-nft,9.499,3183086.6452010493,7.803041218212373
30238702,5510,Cool Cat #5510,https://lh3.googleusercontent.com/HPR8btFFPvsCJjRenPI55Iq-3q7cmRVh7LfW_fkz5MSFbMNbYMX4sv2mTCd6nwq0jnnBo3As4vWegMErZKqmTUjRNl4fYO1TCMMknLE,cool-cats-nft,1.5,101552.6661757111,3.882846373863565
30224783,1824,Cool Cat #1824,https://lh3.googleusercontent.com/opxEMWCfyx1IeqUR5q_JPngSokDVQYYoie21kBJHA06IQ9yCEU6Di-obFuSBhDqoe6eRrHx44Dc6QJwEdk3u-Hav3-UzBpFuJal4t7M,cool-cats-nft,1.45,105440.24006063063,3.8877919779699672
30238223,5378,Cool Cat #5378,https://lh3.googleusercontent.com/Cd7aW_WO8PQgwfGi3oPZkJvvYnpVnrfSEYZt_imi9TdavrvtsPBFuMyNUAbCUYGI8MQKFGZBBiK8uxt8-2zbdL2hphMbe9Q67_Vbr7c,cool-cats-nft,6.5,1486227.5226430404,5.644370105346006
30233904,3752,Cool Cat #3752,https://lh3.googleusercontent.com/43NmGe1zbeCOz2GamoA0Kz8Oj898HKABoehj9DIZBcbhehP8l0_SouATdoABDoYQgv5Qdj72fb7WAmko2Md7oOEd3CupGvtATsOv,cool-cats-nft,14.4,12469839.75157666,19.617248653909318
30241824,6459,Cool Cat #6459,https://lh3.googleusercontent.com/6A4AbSZZA3KrtczwAQoXVQd8edIxTUWBpkY_HDMBUpqhBH5MgRfNKncZv-KIbuR78VyuKu2RLHIEv5e1ZqhfWZ_gNrUqDPA9m_6L2w,cool-cats-nft,7.0,1968545.4548337164,6.2579542111779025
30242184,6559,Cool Cat #6559,https://lh3.googleusercontent.com/Y1tGP8uqZj5E-1gxJVcFhSsUKJnBHhtXZcg_Baui4rnDaJtJsR5WaqHNdXfCxYLne0hSLDxh3vQdhiEajY3NX6Nuc1sIB7KIvGXNCw,cool-cats-nft,8.25,2737599.351383247,7.23631146467585
30239304,5685,Cool Cat #5685,https://lh3.googleusercontent.com/rG8KAnw4uwORIxrQ6zU3XOrRH-3MfRqD4tJpxKDstF_5xhRt7QXi296QMaoCusDc-zKkOY31lDEdTAhc86s3FCJT8O5u7XKaqXf6qxE,cool-cats-nft,0.51,9139.637142102754,3.765282497419537
30248065,9861,Cool Cat #9861,https://lh3.googleusercontent.com/EeO5En_8WzFuJvyg7_oW52Wcxx-ZY0C2jpVmM73PTkzOO3RWMwBqy03ExGK2KT8nkIikrc9WngZUu576hqgu65Q2IbbXpkuzKJxzKw,cool-cats-nft,4.45,1686151.9214348716,5.898705317204083
30238225,5376,Cool Cat #5376,https://lh3.googleusercontent.com/bvA_LVvhD2fp3Jfx_V3pREmOchAxg9rNcBtLSwpN8iVuSKWdY3iV_sUUx_1MhjrqBIP8lLaiap2CCqQX-DMjWYc9h35f4Bgt_TKb1Q,cool-cats-nft,1.8,162471.29201264356,3.9603444266373624
30245307,8038,Cool Cat #8038,https://lh3.googleusercontent.com/wMVqoT76TTocXwaMWjkPt83aBpPamhcHcBT5TDyAZdJCbhG1oh1F9iRNxdR6_yZllSUJbg_nHHkHQZ1dwaTbcUlokVbBz82qsOj4QhQ,cool-cats-nft,3.0,316236.3647974156,4.155957731463694
30222627,986,Cool Cat #986,https://lh3.googleusercontent.com/S3eSnWF8esiJq3sS8fki-kRBDd04tstpYAXJORarYlbxMmfWkJqXUQ0oXeuZIf2rFsmMr8xxmOIRmMSswgBId76an74S-g6EbKOaNCw,cool-cats-nft,10.9,5363454.437250357,10.576811241634077
30238587,5464,Cool Cat #5464,https://lh3.googleusercontent.com/6cQNSFQoRut0HBh0UGsLJxeXr3i9_IxaxPoJewwca18wmBH6oernPtsGuNXSqWGTqUqONMX4BsKbF4IvCNokoa7kk60U8f_MmnavuQ,cool-cats-nft,7.15,2307811.422432876,6.689553767145123
30224788,1825,Cool Cat #1825,https://lh3.googleusercontent.com/Xebi7lfo26sxnv5Y_ZKqVRuJclmd_MAAzdD1qs4fipWNNXA5znZgdy5FAUvmZosKQRCvUqmKdvk0ycI_h3O2YnPKdwjOxykJ08aISA,cool-cats-nft,6.19,1731531.6017476923,5.956435392553368
30223709,1408,Cool Cat #1408,https://lh3.googleusercontent.com/eh5xuhuTmHx3BeWnkLkoB1n2XDRKobjzihpRmRYGTbKQhMAqbJx28X9bDl2YvUHVjbtP5zU16wcogeQ6VQmZpl_jjeBfwM3DF6o5UQ,cool-cats-nft,6.2,1927172.2176595635,6.2053209602814015
30237269,4999,Cool Cat #4999,https://lh3.googleusercontent.com/K6CWGXKTnNOhbiS-qScj-SgphfU-2rrHhW4nAxY1JPHh5k1ZL36sE4Ewx8I0Chh2qQ0joP-6V85xuZSpGYuA9U_X_ddgSiUkW93g,cool-cats-nft,8.19,2363049.8800503984,6.759825754485169
30224790,1810,Cool Cat #1810,https://lh3.googleusercontent.com/Gk1FO0sUqB7mICC_p5L3C7m01bWvltXIhz7-B668Y0u0MxDZDH_yKa-upAi4_Q9HOa7Vxx4DXD1F-ZJMpj5u-XcKHad-36nWE-F6DA,cool-cats-nft,2.75,267721.7672608553,4.094239549404694
30244351,7619,Cool Cat #7619,https://lh3.googleusercontent.com/Z3maGje2EqVZwuLr1VAxuUgVMhH2xl7NSUQv0kb_rIL-1DxwJt6sB-ooLZ6oUVKkAYiKpaGfGzHm5-UHEXmysY_2Msa63CD7g8bh2g,cool-cats-nft,9.95,4968722.26744855,10.074649971471773
30242671,6803,Cool Cat #6803,https://lh3.googleusercontent.com/vgr9jUDhfAUeJujfNcUpQLJdOHAU5_-aqhW9v5RMAYa-dbs4EelNmOK6IKjHM2bZv1dAz-D_Wf6arUcv04kpQftusNM-DF_w8k5e,cool-cats-nft,7.97,3185610.7326794364,7.806252253620974
30232472,3426,Cool Cat #3426,https://lh3.googleusercontent.com/xuxmpknJojIqHBDDZ-LBHsA3ZAMDu84dJew5urTfTqGHJmqMwsfi9Mr7lfemSq8wPx_E4AZBnQpSubmBMAhLT4Lj0-aSG66BUjJZ,cool-cats-nft,4.69,884277.8077425392,4.878595596620144
30242792,6848,Cool Cat #6848,https://lh3.googleusercontent.com/1z_0kML-CORNkrD-AHCv-MuMdWXayYyobX5o4UVcZ9WvdmFe0fnTlmqmb4VmUzD1gteRknf2TZc1q37Ojsl5hTEaAasoM9qBWhXaIA,cool-cats-nft,9.69,3773132.77709102,8.55367250117315
30237753,5244,Cool Cat #5244,https://lh3.googleusercontent.com/KZ_PqPbpBMWA7iTTG94q6cLk1I1rrxE5pm5HwsSKOZSzFzvJ1pLUmi49itUsVWHLszLEnPBPaAG7ddZz0oUF_XZlcb19O5EjwjRv,cool-cats-nft,6.9,1674755.9723693542,5.884207881486294
30236913,4777,Cool Cat #4777,https://lh3.googleusercontent.com/Vg5xgvyqPYIzeuV5-z-f9j8VayyRqZzx4HqiZNO9REnv1NMY-e_3EHfQYfiaZIU5D5MP8UHN_8RL5MJjWYp1YATlIP-J4fKzU2wr,cool-cats-nft,4.75,793564.5083930818,4.763194043093842
30223833,1455,Cool Cat #1455,https://lh3.googleusercontent.com/HNfdj5hrX5tnNcOAG89DecG15j2G_fR5yjxBdEm2NLDz56PzX9_bgu6nMjoACDS2DN1z8nqsRyDpMwYBcBNKEjblEOnrS65LGP2-,cool-cats-nft,11.55,4714972.266379598,9.751840146003406
30229954,3129,Cool Cat #3129,https://lh3.googleusercontent.com/HtzAxDyI-Ca2j2BU1T-ueOh41vIZVrNFYE5n6Z9hFT1TMdCVeFsvIT4f6Agy7hgANNSJAoL-LZEbVVS3vhNN8lcdNcvMaUUkGG0ECw,cool-cats-nft,9.2,2983369.9871429107,7.548970285170862
30224194,1585,Cool Cat #1585,https://lh3.googleusercontent.com/cAicN1IgiwBgREha-HJ9BK7JuAt_rRg5Rp8sfiOX7cPr5Z2jrbSYIcsmzZzUK-cBskfMDl0GAfEjs6V8VsLtnrod_4rSODY8IMSNoQ,cool-cats-nft,5.49,1511686.120683619,5.67675743758454
30215554,137,Cool Cat #137,https://lh3.googleusercontent.com/Z89l0Hr75PhB5_5uGvy8p3Y6Ca_7SNQ-KgVxczdwwwTlONIVJ_Fu7KEvwdQ4F-6aX7TdxeK83T6Xq-su7xGagwRMq60aM9rPKPMTLQ,cool-cats-nft,6.5,1487013.6130403606,5.645370135702232
30234154,3800,Cool Cat #3800,https://lh3.googleusercontent.com/hUt4P4H_zwbO_Snd7qyAeNo5ANoO9vVDUGkjaBz1FLIvslLzP7kR_pa_410smR9Fl8fylLMuzc2v1yvXfv2nJ98_icH4fxu8NUmmbA,cool-cats-nft,7.7,2681110.762685638,7.164449114403487
30240875,6159,Cool Cat #6159,https://lh3.googleusercontent.com/XjUCcakMdvcN8QFd6Y5x1MrhAA7crI3jxj_H3HLJuTUexl81krU8BQ_j9lXRlgyAxd6Acm1iLL9bbncMSgrfFQSfP7l4n2i4GkJrCh4,cool-cats-nft,13.13,6921456.101697178,12.558833875174237
30222995,1092,Cool Cat #1092,https://lh3.googleusercontent.com/xlrSoOwG1i4pF3j5wT3B2oSV1BT-iEiSUDuUkdKXPgOBHXdKemxYEWmOGRCUudH46aopNIBpqced9t-aSziancDCPBleWs-4fQe6Lw,cool-cats-nft,5.34083,1430147.743750289,5.573027825304973
30229476,3048,Cool Cat #3048,https://lh3.googleusercontent.com/u52m2zkE3wupKDV8UMgg3yU6bm4hWQavTbxET1tbXnnfHMcNLdn7xWchrBqtTUSZjCBuXON0tlNLlijQnDXQQLCNwhmcHIljmquqGLo,cool-cats-nft,13.0,7636446.386927606,13.468413730206809
30243276,7096,Cool Cat #7096,https://lh3.googleusercontent.com/_uaM1jkPFA3M6ZT0poMevJG-eCfvXm1wtWuMyTQdl7kCiMWPVPYDsBhguz80hMYgVM42idR0Mu2Saft3ytGTKy2ZYQ0-GTv2DCNdf0c,cool-cats-nft,6.4,1645926.0828855718,5.847531737433774
30240516,6004,Cool Cat #6004,https://lh3.googleusercontent.com/P9NXjYVNQW6PQQafJhau8Y0jZcIQv5u72yw9Yfpc6GefWSM6ZPQnjRwd0SdaKL-zHszJtQvtsxjbUYIuYopONEwfZmWcsBJzNsBcSXw,cool-cats-nft,8.39,2473994.7031644518,6.9009649814218985
30215676,204,Cool Cat #204,https://lh3.googleusercontent.com/1xtT7i6g4s-rsBJKb7fYWgjYck47wgiAYV5T6MNJVRgw9VDXKgkB6rJI3EDFiYKjxVVX1XWcyMkLkj4K6vLQs2SX_n8jEe-uevPgvQ,cool-cats-nft,3.481976892740099,426116.6878797679,4.295742747295018
30232477,3430,Cool Cat #3430,https://lh3.googleusercontent.com/uF8MP_qW_KLXYlEzwKBZgYGERUoyzjPzWQARaQQQPXoPohH5-68cSgvJTvl-6BWdyl3UtPGsQbj-ul9HhOJEaTpzjx5nOHXJpri0dBg,cool-cats-nft,4.38,867632.8051404951,4.857420541005361
30227917,2726,Cool Cat #2726,https://lh3.googleusercontent.com/POyu8gupV_qvz0BjPn8_sdWZfArIfSBlJ2w-2RjIc5Wd3OKt6DtYnQP_cwiSmAXpdRG0q4-fdgtoUUc4ONkoPVJNTy5X_u65ad2SFXI,cool-cats-nft,2.2,170119.902820106,3.9700746599750225
30240517,6026,Cool Cat #6026,https://lh3.googleusercontent.com/g8ymEpOr1NxLpuk2SH4TNd3eTR02x-OxHAs_CbIvCKMwRtkB_Fb367t7lLMmXKwpaOQUAbtVbV6oyiTTRzDE0IQtT4UdiIyKWLc3vQ,cool-cats-nft,14.8,7725997.33164354,13.58233658621666
30241597,6359,Cool Cat #6359,https://lh3.googleusercontent.com/QjwrWTYvKVo-e9V3WDG_KPTqXSp3RbKGBffh4OZVj14vEq3UUlE6ZgwDQj_DnVV6QyHqDuuUt-KWVBGi3NkqVUPyMcIfB-LfBkjn,cool-cats-nft,8.19,3363563.382072604,8.032635951947077
30237637,5123,Cool Cat #5123,https://lh3.googleusercontent.com/vdCUB4Yqp0VUL8WLEe7utzdKtJdsgpEaj2OOh5a53C3OJeSoVN08tMn_AT4G_xD_3rE-k_yeqLlfZdtjMFSnLvWTnlbhKh4d3S-V,cool-cats-nft,5.92,1757290.0604118293,5.989204194565884
30230078,3149,Cool Cat #3149,https://lh3.googleusercontent.com/lKl-NC2Hl8k6X4Dnvcu4svyfArE5z5izD8sZ_SM3oyrFYVA8HcZMdcAYa2hyGJzZMQDNw4Muuj6DecEevf-lFb6JMMJokjjDG5Whxw,cool-cats-nft,7.5,2538836.1021282244,6.983453417262072
30237998,5297,Cool Cat #5297,https://lh3.googleusercontent.com/GCWZHsR78vMaLko0Xsjdm4-z6fFZj-wqPKMWk-eArptjLWtbpKoO3f0urdnG2yib8I7mGTHUrpetnD0cFZmRIEy8IKBQl218ghOzbA,cool-cats-nft,4.84,1057365.8623472224,5.098790766914602
30239679,5844,Cool Cat #5844,https://lh3.googleusercontent.com/-os9F7tGcCjDGqBNF5U2fCX7bLNs_5drI9SMn-ZIk6jXtrT7-kjPqlLxJLlkOOnNQYK-zIl0yV7Cxh_eoOyn1AVXBm6WoO_DoJQ4,cool-cats-nft,7.88,3113081.0257307,7.713983083403193
30239319,5687,Cool Cat #5687,https://lh3.googleusercontent.com/3uCAhrk-PXKlthTLfbtIuqi_aR79jsXAAQYpkcXnyhszPX85HuMzFvKEUBDYmk34_iFwWn6vUsXuGOysaaJfPJTCVhHYWqTrCCA1zw,cool-cats-nft,5.0,878477.9511071686,4.871217268737116
30224201,1590,Cool Cat #1590,https://lh3.googleusercontent.com/_C20YD_otA0e8uYHqwtpXghJd9RqZzYSB5btWLlKVTp0cU8eCUvVMYP9_PWu2xPH1SPAyboWa72hzDSENHARDxxCsyhLaqHe46Ij7g,cool-cats-nft,2.0,140867.18184730798,3.9328606079083284
30239682,5845,Cool Cat #5845,https://lh3.googleusercontent.com/jKqwxF3hf-0g_n61WG-wY2qxpf7RPFezaV3cV4wraXo06cXWSjau_G8ZDjdeLy0UTbWQpZojii4_uSC916yCyuZ4o3xX15OhVmDDsAo,cool-cats-nft,13.69,6600072.359222631,12.149983316043055
30239562,5786,Cool Cat #5786,https://lh3.googleusercontent.com/eys-JdA_lCleGu7aBOBjBszLQWn_k8IBZf5NTo_AmVgz3BixlhTSPEhl_4iBcObcleCurORKCk6NXGrcBS9DMA8zXyv2-0470SQxLwE,cool-cats-nft,8.5,2551078.3466417,6.9990274736092175
30245923,8410,Cool Cat #8410,https://lh3.googleusercontent.com/mB2tB6LBPmQF2QougR_Y_-WTJBNKagcESSd7VjcmYEG39-HcuN99AF-K50QCtzXQQs41OwD5goYqUWyAXPZ2ybUsmKI7LfR6lsXitXQ,cool-cats-nft,5.8,2023255.9476348327,6.327554544411468
30224563,1746,Cool Cat #1746,https://lh3.googleusercontent.com/AKZI-Uu1MSBHDlHeQXdWl7Ra5IxdNi72Rgi219TwvClX7_3gtNulyHTd1VBB_ONNadcXzScIM5mcJqYBvaiBdgz_NtXKBkvuqGCc,cool-cats-nft,2.5,251159.8362251895,4.073170173859786
30237163,4951,Cool Cat #4951,https://lh3.googleusercontent.com/37bFYHZozyqhkHSjQiopgSJz_4fB12ULmHWWSiyZVfU8EUP6EjW9Gnqt8jLmWNZ2XAXr7Muz-WkG7Poz_-BJvmSbmz-x34OWklTk,cool-cats-nft,7.2,1822018.7776936744,6.071549281622124
30224923,1878,Cool Cat #1878,https://lh3.googleusercontent.com/Ldg0EYto9xhm-aXZ-EKdbEbNAOfcMOPqL_hC0Ulyvt_n1x-l5BriWHnNdAzIEChaot6F7ckFbTZxjbQD3DO03Br7C1fH7NFeL5wH-6E,cool-cats-nft,14.85,7759537.195878445,13.625004557346877
30240644,6081,Cool Cat #6081,https://lh3.googleusercontent.com/oQSUhDV9ocZHppK8h9tf1uG_RtBIy0V6XCs1zijGxX2Ty1Wl2nPqNZ1voo0eROyWZ818AFI6XW9XpKzl_7e9tNcAQ-RzWqBhF3_Oxg,cool-cats-nft,6.85,1649334.8497080165,5.851868223811627
30215325,47,Cool Cat #47,https://lh3.googleusercontent.com/3RAexgw6jBbjCaPKZzlAWjQNLM_WMQsLVWy-XNtCQs3WuJ2Z7npfLfY1nyGBTe_tlBKjqCxcYLvuqXSysvX8GonTexDnvbKjnW4IAg,cool-cats-nft,10.75,5217008.9322364,10.39050957576202
30227205,2606,Cool Cat #2606,https://lh3.googleusercontent.com/8czha52sV_asrQ2CcRvLEb6mRXXxSppubgEZBWN5U13gdfMpCKXYekW6H434HrrQ5FXjwaNdXyNhcTSKvrGqOJKzw9FNkKsMjUZ7,cool-cats-nft,9.5,3641759.310448844,8.386544833550358
30242685,6782,Cool Cat #6782,https://lh3.googleusercontent.com/odFOGT3nK-TZ9cyBqoO6KrroAfS-gDrgYfVJ5PoN3PV_YUFSAEIcPNDNAHhjV2hIu2HsoA6Fwq254s10lA1oZ7F6uVBuiCiy4xQ7CA,cool-cats-nft,5.49,1511586.0129761645,5.676630084869524
30244366,7631,Cool Cat #7631,https://lh3.googleusercontent.com/f1udE0hgbYdRcBWPZm7s4o7g3CoO85ak8bh5186tKUNiw-G5XQU6g-G_cFiXSc5TBt6AdtElIzg1mXYVVsW2tn6nGuv-em0l2Dj_Zds,cool-cats-nft,7.64,3802522.668243942,8.591061055236766
30227686,2659,Cool Cat #2659,https://lh3.googleusercontent.com/DuxeBoxNZG_cPmoa2rZ3MXihpBsGx96xCGQOUa3N-0wkAk6k86b1A1q3RYwqOD29ygwyw0CubJEgckLXzWrv0SdXQDLj_LqQX8Ad,cool-cats-nft,4.35,759432.511525527,4.719772786324238
30221806,680,Cool Cat #680,https://lh3.googleusercontent.com/5MkrfaM0ptV4u-moH616IKUYWf4MmnkasCvobHkM2-08hxGbg-yoGMxXKhXA_9PC9VKCvlizzdBmWCgdHfaN1Jo6jUqs-n3i4xsz_BY,cool-cats-nft,7.75,2421083.888174758,6.833654120810037
30237286,5009,Cool Cat #5009,https://lh3.googleusercontent.com/lfid4tla1oHeK8yeDr1qmR4OQ4xg453hDH4OUkOAEAF6yq85n-DI1wHFEIA4ePHpVojNE6l83vn6107Bj7VtUXpX6Oa8RTyBvBuZ0g,cool-cats-nft,1.64,94602.1202992292,3.8740041886740273
30235127,4124,Cool Cat #4124,https://lh3.googleusercontent.com/U6gt5StWjVAa9C7FSPUAJbHxn8bxb7dD9kczdAL9tAIaL8zoQZQsUvZ84jJcXkS2evKZhVp-Vj8BUEykbIO5ZYpf9wv9IZiREx405M4,cool-cats-nft,8.0,3851448.685553373,8.653302627816023
30239807,5865,Cool Cat #5865,https://lh3.googleusercontent.com/M1xtPfIwmt5KcpV0e7MVmwUwyOiOo_7oELS4xmFHSr5H_QVCdIvOmqBlGwX40vCg1T6ExNnzk5QJWGyVz7xrMWlXoiPG1yxVXMNT,cool-cats-nft,3.19,357590.94663784193,4.208567249847884
30222168,806,Cool Cat #806,https://lh3.googleusercontent.com/RVZs0pJaJDTWTdJgDjTgzVUMIHy0Z1cs8DlyoOEczkYvCu6LnQgiKhnVRBcQAexe-9ZrRbVgsf4_2-mGXorp3nJYEsvpo3HBghhf,cool-cats-nft,8.5,2542022.4057475477,6.987506895531668
30224929,1884,Cool Cat #1884,https://lh3.googleusercontent.com/RpRlk7_uxCM48y0RcAUDweDND5j9kFijr6DUdAK3js4KX6W1_MZbIQpFhFKYCFo-gGmKaNqlhzAXwhJp4pCA6j1XwuFzpHmUDG_J0A,cool-cats-nft,1.6,102873.2829923416,3.8845264057149587
30224089,1529,Cool Cat #1529,https://lh3.googleusercontent.com/4rIO635cdyaKYTylV3BiXECHWovA4RwG750_gZ04tibRvNOz0aFX3GGxUBfAPex6Iu6yXlm4a9d57SJz3AxRDiraqaREjAjqgZV4iQ,cool-cats-nft,5.0,1253501.8554950776,5.348306532232449
30223011,1110,Cool Cat #1110,https://lh3.googleusercontent.com/bDXXn-TLIP0X8aujDmjPakpyPzxSqRpVYUt_qmJtouLqT9AtpglWnhyGtcCw1FEtZuV0zcoGIolx0y5taic2KdEBsIhyYZ7I5xg5CQ,cool-cats-nft,9.99,6018461.198688492,11.410082640450696
30215931,275,Cool Cat #275,https://lh3.googleusercontent.com/aQILv5UYslIf74oLgfPikaMmbNLtLFK3JrPSfJjPOdI1PXeTzK9_0lvI0qYuZ77r8H4Mc5vXzOCOcb7bCXWzWO9wYioKkpnK0Sq-Uw,cool-cats-nft,10.2,4700357.798929665,9.733248249778965
30243413,7156,Cool Cat #7156,https://lh3.googleusercontent.com/Z4qz0PJdtSYK8xuq0Q02KbKyHsEoOzShIODhK-eg2DGbslx9nydYqJj96rkQTteSw3TEF68DJVgHiZ-Ia1eMVfSweDXlOwbHQusIrdM,cool-cats-nft,5.4,2046567.2309610613,6.35721015532884
30237533,5091,Cool Cat #5091,https://lh3.googleusercontent.com/hnJ9Lw43aUfX2UQzdFRGp0Q-cRWP9nXuuOvMWPvf5XSn6iD9in7Hoe4ezgtn-A2YfnJztBYpDRO5Vt67oYgN9zByPSk2mh4i4ojymQ,cool-cats-nft,4.65,761324.600895404,4.7221798209515775
30223013,1104,Cool Cat #1104,https://lh3.googleusercontent.com/9QL3kCQH4V_kLzTvQenZIEojA9AOztEae9if9jChY1HSXGQ6vOEn0mkiu3ebEDxRmNgYVJ9mU41xlcEndG2kSuxJHQ0SMd4tTSBc,cool-cats-nft,5.5,1063964.628819735,5.107185433493223
30217733,319,Cool Cat #319,https://lh3.googleusercontent.com/4so0RCOegRakWifxv3DswUD05ff1rTB_IEkxuDE76h1FlhnLlhyo-Z4vbr7t5oPvxEhslJttNqDe9vqvRZ0IAeQUUkVFxhQyKwZM4Q,cool-cats-nft,6.96,1702502.3049574369,5.919505571111573
30236573,4561,Cool Cat #4561,https://lh3.googleusercontent.com/ozWtOCWTOfe4QzOVqjuH_zR6EgWXpEalQDjhsU_g5fghbG_4xAigY4SfgByIEQBFXPzpdgMVAcliqvBILinssv0Ub4AJoVQY5lUNSw,cool-cats-nft,4.1,591795.9383389197,4.506512755961602
30223254,1210,Cool Cat #1210,https://lh3.googleusercontent.com/tVFlfzKZ5ymoGVS_lySC9e-FPGrIgOs-dkbOYl-KH80v2902SgqkrWytMXnWM2zFqLVwH89j6FuR7hz9gm1q5K5KBnkHK8vWrnkwCIo,cool-cats-nft,6.5,1909856.1557238835,6.183292211876639
30228174,2787,Cool Cat #2787,https://lh3.googleusercontent.com/rYcel9Y__-Q9z1bJxcteCNI_REbcIVy5lcGKYPt7vRlf36zaBHxNOyF0afnGFMEjzpiqBb70OYpmup13oFeXIyZBf9_z6tRPY8V3,cool-cats-nft,9.9,3934607.1993243615,8.759093308421093
30243054,7005,Cool Cat #7005,https://lh3.googleusercontent.com/watBHt-BFPJGth77PNtIYIc4HOZTMDyv7nX21pOZkZEfBXZahsPMUufDXs6citTDeEdO5ZK9lwx8MpXuN64SIrOPjWsXK6NmsbMH,cool-cats-nft,1.8399,136084.0963046974,3.926775772429684
30238734,5523,Cool Cat #5523,https://lh3.googleusercontent.com/DUMp7rAjGuaS9YC27WzQiTagkrfYMu5C3jikd4MypoDFQuI4zZOSWNDd-VKau0SmdC8ny9Gogdzzsf6D0EH4ug3-S1Wxs5goHTkoQQ,cool-cats-nft,0.79,21933.999108695283,3.78155893381763
30221455,426,Cool Cat #426,https://lh3.googleusercontent.com/XAWKXCoqQWvB7LPmf15vBsJ215GAA5D1mvnfSGls9U45ZYnLssB30GuKSHbWm7oxVdqteREl0bbc7Q4qYMmtUH2Iye_yEKTkMMm6,cool-cats-nft,6.4,2055183.0418744285,6.36817081899582
30215575,149,Cool Cat #149,https://lh3.googleusercontent.com/QaUEEv15jkOQ2ely6b6AAj-zRwWrju1KFUe3pGzUAUQRLRbHg_5qCDjui6wCuEV4JwX6wcU8Xopa8IIBENvk9To9w4nq1n_CNoWF,cool-cats-nft,12.69,5658733.507425563,10.9524525606732
30233816,3723,Cool Cat #3723,https://lh3.googleusercontent.com/MaQQV6diiUI4uCXFBLz0jlpJ5DKLNf5UOU4SFXzXMS13bZ_j0TWg_HTk6fvIqEdsO0EYunyD9m7l5E-5Topy3pouAjp9NzAmUJEW,cool-cats-nft,9.0,4465838.154657665,9.434902456212736
30245816,8382,Cool Cat #8382,https://lh3.googleusercontent.com/ScBuyxlt9yIyLRTuA8wqMPhewzAd1mIhsx1r6DJaEPxGdDFrlhcVYMhN1L3zgEwINhzn6qGqop5KqLHc-HPC6cCnF6t16CHrly5-cw,cool-cats-nft,7.7,3270201.145323988,7.9138645343187175
30241976,6516,Cool Cat #6516,https://lh3.googleusercontent.com/atEGnwRtG2rEpZK4OdC4sEkSH3WGNweTsBpQpDw1xzhqe1XdUgmwW_b2c220fja2FVsuygmSKWt5yZE0nUPYrO9id0FU-wLV4Hq6PpA,cool-cats-nft,5.2,1087863.6229252296,5.137588704758501
30237296,5022,Cool Cat #5022,https://lh3.googleusercontent.com/iffJgB_zWO6_9JGbDffjlgbgBbiabQw8YM-l9wO0PpCTpyf3Ng3yYk7RDTyZkeg3uRM6Jz3y_1VXI7PXdtiViJwq76xH2iFyTJ6F,cool-cats-nft,5.0685,903118.5831910846,4.902564019905316
30245937,8413,Cool Cat #8413,https://lh3.googleusercontent.com/5cPnsKQxH3Vq3o5ak9vrozKqVrnfsmOwkmwLKwYY00fnnNiFwqxGQnkiaKU4SXkmmMDsZNwbKj92wsNrRX8riwGPjAS-pJLc0tdvrQ,cool-cats-nft,5.19,1485253.8565123023,5.6431314492183065
30244977,7859,Cool Cat #7859,https://lh3.googleusercontent.com/FgrcYRU9_vFp6iL6YUPVBLVyjQoL65rjifSQY81ngM716rwmmRJdYzQJNkb4XEuDEiYcmCjVXTZWGeEHgPkP2L9EU5blMCKELBbeVQ,cool-cats-nft,9.3888,4420076.916487804,9.376686979386728
30245097,7939,Cool Cat #7939,https://lh3.googleusercontent.com/rbFLst-sIuX_0oyxlEHsBWdMS5fcINFR6IBvtCBCasAE7eGZr4nZk8hzG81RgGqSiWB2xIDjhy_0F9pvwgPYJ-Q4uNsbLGMyn3VF9g,cool-cats-nft,10.895,5955700.8017943865,11.33024156584039
30229859,3113,Cool Cat #3113,https://lh3.googleusercontent.com/ifivkmULAVIhc9uisFYPHA2TuH3Xn-Y7vn6yd_Obnul5Z-5V_LN5mnK0xwJgHpJ5fXkPnENGyltOnuKj4Gyglo1NwT_Ku9eGIIi9,cool-cats-nft,8.2,2702021.399802312,7.191050726579368
30224939,1892,Cool Cat #1892,https://lh3.googleusercontent.com/nlEL04XTtfkomqlqZhpYzUq-l7jv-6l0YCei3oifBgf9rer7vOYwLGxmt9XZXjIRu9Ji00vukol1rqcDxjR0CDAUDFPd-KqCLGDAhcY,cool-cats-nft,5.75,1657882.7850947364,5.862742539156169
30237900,5290,Cool Cat #5290,https://lh3.googleusercontent.com/-FnfssS_E6_O3Ze4ibp2CheCTSIu51oEcQ6yTO3Rp_fsImJm7Z3CGUjxNbw1Z8ZW3AfkhLPebXciwCVmDxFH6j6-uGhtU0249CF-bw,cool-cats-nft,5.9,1225495.3177997333,5.312677820873544
30221460,429,Cool Cat #429,https://lh3.googleusercontent.com/rSG9Wh_Nja_k4D1MiX59rrHcxz5XdkXNPrLDb9e8BOH5q5btORjXxgupv9ugcak4NoZrTZFDoh2-fFAJJvK16S0s4uKzCKlapCVozA,cool-cats-nft,0.749,19759.437335076826,3.7787925499608623
30229381,3022,Cool Cat #3022,https://lh3.googleusercontent.com/A4N0Vpq62C7l4aSLLfaqKVjSzvVHUXh8QOtHDsTsXDjP1lvDV2aRtYfMU3gQo3mL1ayQ1w_3-VcyDcS_r8sRQ8zcS72P-6O3P_qu9g,cool-cats-nft,9.0,4061545.584192456,8.920578855975322
30232022,3298,Cool Cat #3298,https://lh3.googleusercontent.com/V3ZkmfH6jkqcCEUBkU-gTIJ-DUk5cXIe18K2nUCDsPcNkhhRgt-QV-yEM4TnJYaibWsZsWouH7Ks8vFxF6qYpvYFDNDrUBfxu-ECISs,cool-cats-nft,3.5,492268.7737702927,4.379898582608241
30223143,1181,Cool Cat #1181,https://lh3.googleusercontent.com/iN1lS8Q00wyXa06ynRiOIZYd8Nn7yECYlRF8GqrCxB9is57N-Du4n6LZAZv6vPdZFSlBU3NrlIExjsrTEEZ5xqHpkAXhos5HiD4pwQ,cool-cats-nft,2.95,392863.8756183988,4.253439951325737
30223863,1462,Cool Cat #1462,https://lh3.googleusercontent.com/C3lNHb8UTyGrjXonJgfNjgWhQo_C5nEnBgg5J0Z3PhrWeB0lQ89U84Acnfz2lhCTtxDAJO3gfgy27P6B75I-GFKiQXTRY22ChL3602w,cool-cats-nft,7.69,2672474.437545984,7.153462353421121
30237304,5026,Cool Cat #5026,https://lh3.googleusercontent.com/FtqAlnXX19HzCY_tMhGmaHra774zTBsU3AeIucd8_QpltsY_9au3FN5YrSya-fnnmfkPx7oKB0c4cNfE3XrpWLRovbsp2soi3EpEAQ,cool-cats-nft,7.0,3192122.9171834146,7.8145367743472445
30237785,5238,Cool Cat #5238,https://lh3.googleusercontent.com/uZ4WAwuhAGQmVZt341Ap95ElgZEaKK8r1vBAU-B6M2igVd-hPoMzxrwkEUdQHyaq0NZccsYndxIimyjitpEb-WHxopbLq7UXEKcz4Q,cool-cats-nft,7.969,2870035.313520971,7.404790793319465
30236465,4498,Cool Cat #4498,https://lh3.googleusercontent.com/QDViqgGqCO3lfERfz9KCNNmSKligG90WD0IGvjaifibQUo2x2VchXDqS83Tm0QPfrmB8Tgk5FT5bgg3hpYhSwKxanaTs8K10Kf2rTA,cool-cats-nft,10.9,5957416.998581303,11.332424837497218
30224945,1897,Cool Cat #1897,https://lh3.googleusercontent.com/a9JhhVwMnrK0nTQaXRnEe7IGYbgfvflOUNuQ67VUVjdWetMaTD8GNhnAneCHWA7bDLA8c9q8UZgdz1oELB_fZpfrBxnK_AhDh5Ny,cool-cats-nft,5.55,1083540.0291353113,5.132088414902974
30240305,5939,Cool Cat #5939,https://lh3.googleusercontent.com/qcQCFsSe-JTDm_UoPzLHoh9I-nTUXB-4M-2Tae3L-7pUE5ukB15Z6hd69K8Y42ji2gZ1z-VcsEI8ycLlVNyTUrJKkqrtmuSGg8c-iA,cool-cats-nft,7.4,1924464.2537032373,6.201876005134864
30241026,6205,Cool Cat #6205,https://lh3.googleusercontent.com/MwJBKy1_7yR1JP_q9RzOGzmk2up5XusG694iCpUnJFeC6qlKHRL7e5Je15apzmWnsT5w7snJ40LJq2oh8spwrNZSuArVs5rv_ovx,cool-cats-nft,8.8,4272769.768245504,9.189289168099949
30215706,213,Cool Cat #213,https://lh3.googleusercontent.com/V26Ibg7_tt9FS3tpAlqOxmqbqDMjYHn9I2igbmM3a3U1Nc2oh2fXHRq0kf1YNMVYJFKikg3BBM1YveYuFBDgjnmlp-iUBtu601_A9A,cool-cats-nft,5.51,1068292.6169001702,5.1126913135759375
30239227,5680,Cool Cat #5680,https://lh3.googleusercontent.com/HE-FSdTiXIryy0Mqhvh3vEGzYekR9xFUn1qudEsq3Kg1rAxdijg_LqPw-s7258I94W7j5sipUORWsjEnhYFX_rKvHHWOEEaJL0ZgNg,cool-cats-nft,4.97,1115937.8603997729,5.173303540861506
30224348,1620,Cool Cat #1620,https://lh3.googleusercontent.com/2N4TH_FY07OB1B33YyUUT9ydlUvy5B022SNkX_gLKzhSSpzQAGh26bq4aTgtTwVCCdO7YakcuiXu5txftQ-zuLWK_3WrSgXiuhcf,cool-cats-nft,8.88,5136944.243245608,10.288654725829335
30233348,3570,Cool Cat #3570,https://lh3.googleusercontent.com/KqCnQEFgpPkAZ6Sr0uNo78svJCuu6YtR1-JLtmOhzk0zsHHaTBjvcTY9RI2f57xxuAUpg7CsfowKPde8rbj2DoYI4Za7acNZKmXc,cool-cats-nft,5.355,1437888.6246384245,5.582875440666328
30244149,7528,Cool Cat #7528,https://lh3.googleusercontent.com/7sHh_r1DSA7bqlTf3j1j73GNtwGXL9gjewL_M90uBOpVf4SfjLMwxjYS0YNurCLxkY8Ua33J-Lw7xJa-rMAvJQHDrwerPyss51tprA,cool-cats-nft,7.1,2278020.929465226,6.6516555847018015
30239229,5679,Cool Cat #5679,https://lh3.googleusercontent.com/XxbCd2MGajI5oisMkz9x9p_45ggLWnstPOYfFfFSfgK15D6KKzFZd76X_kzgr7m3EI8qNd9QB7urE0Tnmiz02ieVgCUAHff7QObZdQ,cool-cats-nft,7.1,2023885.9568341044,6.328356014988033
30223149,1182,Cool Cat #1182,https://lh3.googleusercontent.com/3vLwNs5sSwsCIyGKMrIzWYrd9duts_37UoCuE__teIMcTsenyu9Pt5PODFJYnjvKK-fZLcozKZvdJI4sOX2mWHzl5Y40MUe5pJxfww,cool-cats-nft,7.89,2187699.993386237,6.53675317883393
30241510,6323,Cool Cat #6323,https://lh3.googleusercontent.com/K4DgxhtlZ8i6YdhDnSspLnpcvt26pReBO_Jt7AEUsa5LyGOPzaPPg6Mn6HHPF08RSduIIYyKYx9FLr10D3TayBdK9OEfn63PbC_2oiE,cool-cats-nft,0.99,39337.77287002468,3.8036992654303146
30218350,331,Cool Cat #331,https://lh3.googleusercontent.com/BHeESEOef5Bxmk3kg9w3iIEo3q-Uefoy78otOZ9Xqxtj64dn-4b6NKy2XvgWuHzj9iVfS3ynyMWQbHvlxsXaUK-aep0E56A7sokXUQ,cool-cats-nft,7.42,1934451.9016181105,6.214581860767012
30223270,1212,Cool Cat #1212,https://lh3.googleusercontent.com/tR8OPX-yKQGxSOQFF3I1Yb7Vdrc1AgKxGPioNUO51GGMynIbVcG7UlXzOM3JfOA8etCdjlGRbxNSvCt7QaQN5ksmQRwjsZppBBtkMVM,cool-cats-nft,6.66,1568263.9327159163,5.748733293941542
30241391,6269,Cool Cat #6269,https://lh3.googleusercontent.com/B3mUaqGgkZ3JJNKuSNo4Ee8Gaz2Aq92lwhxBa6_9UGSnZpKLzjJVJKvyx-onYARArOs1DUihd6RHEQ-5WfqNCUvUSPGrEts8Occf,cool-cats-nft,8.5,2902707.614537191,7.446355087878148
30223511,1319,Cool Cat #1319,https://lh3.googleusercontent.com/d7QM23aW08qGhNOyoatIEPt0luoLY4pWhybGLWz5xHewtk-MdNPrpnlBixYvO6LDYQmBFY4x6w6MYwwF5L2UFMyz_2pLr_0tFkDaAA,cool-cats-nft,9.0,3252328.186293609,7.891127325408787
30222793,1042,Cool Cat #1042,https://lh3.googleusercontent.com/2A7Vo3_a1b1N5zbN5WVzKlo1EZ9hUo3U8v5KMelUVTNyQHdJjVwrOTUxlDwFCG1ixrEXv3fPAEQWWchq_gh2QDOj5tnc1tZsozz1CQ,cool-cats-nft,1.2,50738.02056984228,3.8182021696855712
30243313,7110,Cool Cat #7110,https://lh3.googleusercontent.com/NhuDgoHDnDUW0Hh9P3kmG-prjjbQYoPJ4j062RbsWke0NrHxkGol31VZMK045Gld29YmSSPw9wiQ7RNTFmXz2amEQmNMeA4YbEqUVw,cool-cats-nft,6.0,1808569.4135967104,6.054439579716658
30243193,7057,Cool Cat #7057,https://lh3.googleusercontent.com/jqojvblXkZ3E966OsK4i-MPSkMfvyUsqO59aIGAW6o-vqHrqoL-Apf5M12cQx0TwUNniDw8kqWn5Rx0yCtgpEMnP3dPiR5Mhhv8kObg,cool-cats-nft,5.9,1223426.0107882104,5.3100453375930865
30234314,3857,Cool Cat #3857,https://lh3.googleusercontent.com/4c9D2q1NDE5KdFFMh71GEckI6FnGuu8tPLFo-1j5QhsaPkrgiPwfw6RK1VSY4zyP_Ke_ktDHjAzepZ-O0RRWl80M52Nk3-vps300,cool-cats-nft,5.1,1305386.8278290825,5.41431235998817
30221594,521,Cool Cat #521,https://lh3.googleusercontent.com/QFPHOtB0xZLWn8RdeiPVBvfWNEirHdJkgRVXYfMkPdddC2y6bHrvi5wpoBwqlbRYQ-xr_6QmQQZ3v7z4PnLweeGOUzTdNBO3G5kCdw,cool-cats-nft,17.5,10800575.89813587,17.493683054225045
30230956,3209,Cool Cat #3209,https://lh3.googleusercontent.com/hgTdlD9INke8q1GhvmG1uI9Mqv4fooMx9j9qNj5aWxvBmH94KUTRgVUa3ZBicq-TtEmZwVzNboUigr_r0JJmS-MlWBBE1HIpkRRX,cool-cats-nft,4.3,834811.0876986578,4.815666165303536
30218476,334,Cool Cat #334,https://lh3.googleusercontent.com/StczrXQczOGdFiOkcifmKfCkf_iCgZ3vxdukDCXuzGCpAJ5pShf_fbvrU7dGIt21pQ5K1EAnUeyIujojbv-i5nqG8s4tdK5flFFFSg,cool-cats-nft,14.0,7879087.344780251,13.777091109225246
30238396,5426,Cool Cat #5426,https://lh3.googleusercontent.com/_iMM80wBw3wJ-ClGJP3a5eBaM0OOcQ7iv1r_Ag3NvkMGNQebLyRjxO9VwEoFVSNB5tLjXJlwLta7PoFV0iHe22xwjLarsfV_iBrghg,cool-cats-nft,9.99,3508751.0057168603,8.217337395302081
30221596,531,Cool Cat #531,https://lh3.googleusercontent.com/96RUoYlwA4PFGkUXMtgwtf0whXckEcyItqXk4egchpdrmZXDUvwFjUEZktjK9Ll0LVQg2UQnJNBeHHUn0jmgM1D73B7t1u7WOfZRCTI,cool-cats-nft,2.95,393215.3983365126,4.25388714339196
30245237,8017,Cool Cat #8017,https://lh3.googleusercontent.com/PXf2FAa0MnKLxCwzfv-MPfDHhP3YYhAlPqp-PDXVLAXXvAWeHXs_dXPJ4IbzZ6xHFf4GCQXAJ_P2nLxnVUhtbVEwI8v7nc9NgMAphrQ,cool-cats-nft,5.5,1668123.6163012758,5.875770483670486
30221717,598,Cool Cat #598,https://lh3.googleusercontent.com/GTBCuXZLU7exh_e1Rko52enneP-ULsgNHCPkiaD5DYE807sTyEg1s78eAiRtrEzkEBXDzUSKx2Fd9nDcr8MC40jad6x0Cr61DpSe8A,cool-cats-nft,11.4,4566955.735235607,9.563539888333493
30221479,435,Cool Cat #435,https://lh3.googleusercontent.com/rA09O3V0kuIpbsRLO72a208wGHQn5nR5YLkVmDvvVL6uVu_KqUTe3o2X38hgqcbYQ4M4aCUDCFM6liB7pSARBD9nZrWU6i8uNEN6Mek,cool-cats-nft,8.99,3259036.032411121,7.899660758415056
30221480,450,Cool Cat #450,https://lh3.googleusercontent.com/or35Bfzn_OYbIUSoehyKHZJzayXYZnND6IsLVnvqy0Viiku88R3D0L2u78Zr4dsgVogmvHzjK1icOcJ06XYALjD-5ldK2T_4FEty,cool-cats-nft,5.05,1024874.592091848,5.0574567718951
30221720,599,Cool Cat #599,https://lh3.googleusercontent.com/TA8Ir6BAcU3IPeoVjPUQJ9_r94UAQCN7-sPGjJyxo52UiRuoYLW2ejD9-c1WyFt5RGPxM9dLgdob75Of5Vmgs2-AipoN7ne8v1A0iT0,cool-cats-nft,8.8,2728764.094763935,7.225071631630595
30221962,720,Cool Cat #720,https://lh3.googleusercontent.com/pHPMNQKMmtk6F1hPocn87OnOYf6WHVOMcXX_IpTrYpl3VSrF7larWn3A-mtaWLazyMr9vxlmVzFqv9DXwd2JJw6e2ExpWs8cdf-RW4M,cool-cats-nft,7.79,2739638.418043661,7.238905477483707
30237082,4886,Cool Cat #4886,https://lh3.googleusercontent.com/HE9LFIx5B1hr0qgAYAJpWMkjEIxJ7RUQVTewMeRl2TTJYQ7EJIAPyOWjHgf9rmMz9KExm0NH0txNrlXADXoWKkzUdk0Ys5Fz1nQ9tQ,cool-cats-nft,8.88,2777718.710617562,7.28734958604639
30232642,3469,Cool Cat #3469,https://lh3.googleusercontent.com/FHk00Pny2XrUH7-zLbfGhdKT-XsbYD2q42m4uhMG0C-R3Qe88oPTRfEp_mh-eWhRu1m549vYCjzz88G_qBrOJptwpwANOOgX3eSa,cool-cats-nft,7.75,2718251.223929374,7.211697610014911
30223163,1167,Cool Cat #1167,https://lh3.googleusercontent.com/_dmc38hp-OP1vJf8fRQcFBCUCJ_5QT5B332CA-_Ko4hGA3-ZuRykz3wm3p2rxFg8rempoxDbdM1oiPsbWyPKaaV2r_1FPDNU_Zyr,cool-cats-nft,15.0,12425705.265322322,19.56110266082604
30234683,4024,Cool Cat #4024,https://lh3.googleusercontent.com/8_6tcCLfYUxCjpmXuC6eiBePeuxWYnI0EDECKBfc8diaJ8pCgYwL3x2zbvZsYVXUjmiPhoKh0rR82ThMaSU6bBUOXGcGMfCQMPL9LPM,cool-cats-nft,5.4,1170461.9993577362,5.24266680275978
30246803,8960,Cool Cat #8960,https://lh3.googleusercontent.com/7zAC7w1XzbCk5hZCtJ-LUS1WPCYxkmBk8U348TdRZmlGgr92l6bMnyINx-Phtq5TX4jd6u6RznzS5fGzJ4CJSjq9gx5YRerJ0Qqm2Q,cool-cats-nft,7.4,2203201.2582123945,6.556473220496948
30221963,724,Cool Cat #724,https://lh3.googleusercontent.com/6NoqNg8kY6nXOtmnJyeaNtJULnaMT2qx70wNPSLQVPW7G0gnpGCEpDeTvc6dLZKmQm8dCoqy5UzlnDSm9u3TMWR-KuP03GiIaVUR,cool-cats-nft,5.19,946753.2939120271,4.958074220074193
30232644,3470,Cool Cat #3470,https://lh3.googleusercontent.com/N7DeDvUtqY91pOjopGw6N0Nx4a85jW8ijKjWelYsfUc8j_4B099-hJ7LuThHqokjsM9eSpCVku4rGjMgYNtmCwtOYnNXxJNYSu-Ysw,cool-cats-nft,13.0,8475770.584524672,14.536165835019853
30230246,3171,Cool Cat #3171,https://lh3.googleusercontent.com/2hlsza1OMkdPyhKen30vN-1dPa00R8LBqGBGmC4Gz6EeMnm1rpFaAxPYT8as2EiZhbP0XJ37iwaGWkKd5OsVfnC1MGuym4l-lNtiIjc,cool-cats-nft,7.5,1977636.833852568,6.26951987211181
30228087,2757,Cool Cat #2757,https://lh3.googleusercontent.com/I8BkF7NQhho10zlLAsSDlMp-da5jXyn-Lw5TAEadfHFqXCrh0hG2TdnqGgWmvTiY7pwF8sCzTrRUneeLaom6Z0xrQJ0XwdonBLREoeU,cool-cats-nft,0.789,25054.2581350284,3.785528392999752
30234327,3867,Cool Cat #3867,https://lh3.googleusercontent.com/qza488JjooAdDR-C01TL4rDBk4S0aSdMdWLdYkpQ2zMsqHZ5_fezT9AQ5y8rKbF8alTkkORXXkWwBYV2IA_mLWYmPHP3K8MTFzeWW58,cool-cats-nft,6.5,1701527.0181292477,5.918264853202359
30239487,5747,Cool Cat #5747,https://lh3.googleusercontent.com/fH4fbMEpH31i2I40vY_74g5R6oYedOwM12qd0MWixzgea5K01ygVWh5Olc_UMkKNNw8Hj28GiTX8-HN36OKhYJMUx25rmOk2fhrIXw,cool-cats-nft,7.8,3050370.854022855,7.6342059031122655
30224849,1859,Cool Cat #1859,https://lh3.googleusercontent.com/FRnlWx5imjOJm4OHODCbi_LzzpGxAGnXGduQCoEDvCQfDwGZTFJ7FG-fz7D5z0MKSqCPNtGMpRCEiB8zeVymYVKI0EKu7JXRV9jeIlA,cool-cats-nft,5.15,932250.8306209672,4.939624810718028
30221729,603,Cool Cat #603,https://lh3.googleusercontent.com/5xznibC25ZtsHoBPD859385rq9CKhTOcmM2V_j_hg-q1Wu8iczIfc7vZBF0GQm711J8P6TH319ekNRK879G8CE7DwiRo0tV_611Nnw,cool-cats-nft,0.8,22489.198155324884,3.782265234139158
30238892,5591,Cool Cat #5591,https://lh3.googleusercontent.com/-CZe3KdPmeu43NvPGwSKv_nbBQT2HJTRob7-cidlHd_RbCMb1a0OWZ15FQEG3Jlq_UH8ePkRTEO3IvXI_TuIWWy2ArBewSC_79Pm_tw,cool-cats-nft,9.3,3471976.382613072,8.17055430322015
30225572,2149,Cool Cat #2149,https://lh3.googleusercontent.com/V4_Nm84H8n31qWeXmk5oybJa63kzIMqRl-B6ffaF4Zlo6no3XXnTSTsqN2o-Q_Jl-5ubYR4nSgz5_C52Xwwu5G-P57naGGZzfg_tGYM,cool-cats-nft,8.45,2866190.909181661,7.399900107650206
30236132,4358,Cool Cat #4358,https://lh3.googleusercontent.com/FyCAf6cZIQJZb469DosazqNK-cfS1BNfrVdZlsBWJv5UBpoehdIVSGXNEtxlj0H813IAtGwXIyUaNHV35bmWwpJhsBSRqIPV9_hm,cool-cats-nft,10.5,4426250.826293487,9.384541161607158
30228813,2937,Cool Cat #2937,https://lh3.googleusercontent.com/gzBJFN1DEUN_V5KChE4MJDlAS2TATEQnRloZVMvezhur82DqJIOH-Sp7v5d4lHyE7EImWRN2VBSoq1kYsaS8qbJA-DS9w4FZNV-M,cool-cats-nft,8.5,2539192.7435417287,6.983907121112173
30240573,6048,Cool Cat #6048,https://lh3.googleusercontent.com/g2gRzLURKA9u2lHqlFz-8MayzLSuFICQWJThELTbrDx1GNCbH85V9eL9fN1phWIRFXR6CmE-jwzcmtlz8Ax0IYl_BTo6MFbQamZB7w8,cool-cats-nft,9.69,4708043.910394777,9.743026189838595
30217054,313,Cool Cat #313,https://lh3.googleusercontent.com/m9EKytleVm0yU1k_YSbLb4PZThaYpt_jdLYSdM4ENLA5auhlgZdxyobxO3wudk8j9ym5wFvD80CWtN3IAtY7LN9n9Bya63FLPCkFlw,cool-cats-nft,8.0,2891874.124728485,7.432573188608672
30237695,5170,Cool Cat #5170,https://lh3.googleusercontent.com/Oy0UzgC0jSkOAneJhqtwW7tKfxvCet7FVLjgqXT1qoPRjKvQRVmDhgMHL05VJhmBWa1LGKgFXC3ZzKpGCYWdzO35C6gEyZgOyyFC7us,cool-cats-nft,5.55,1084198.187578693,5.132925695735855
30238056,5309,Cool Cat #5309,https://lh3.googleusercontent.com/Qvqk9qWmCjmmOzqfo7I0gqwjOsVzO7NjzfpCJWkKsxRws836pkeQiqV90hB1uItYsJoHWT_vij3KThcknTYW6DNXbzv3QnvqTBj467g,cool-cats-nft,7.95,2222896.692063807,6.5815289034026225
30247417,9420,Cool Cat #9420,https://lh3.googleusercontent.com/FuIJIpljvmUxWjt-3t7I3CgBAVjeQdcbEim5sfU75yJvhntM-fKPiD3LD8phhb-m28TL52iZg4RingjX1cest7r9QXUHFXhLz0vDeA,cool-cats-nft,5.5,1819142.6495500768,6.067890395237304
30221497,464,Cool Cat #464,https://lh3.googleusercontent.com/cOKYrb6Orr3ck0vBaDizJ48OKClKMwvSYW5A-3DH8N9XuE0Z-SugAco8mtCLiDUpOBK4EnLLjwRVkVjjri0hTrE5cBNV6lMdx2xk,cool-cats-nft,5.99,1440129.6724914736,5.58572640525061
30228217,2811,Cool Cat #2811,https://lh3.googleusercontent.com/7DaaO1ozu-_52bq49AqC9WgN_cVdlWXTzFjS0tGVXRzTBu5dokmojgbMXTwZNauZ2DSL3kyr-pSjPBnIfMl_9oTyrAbV42VUppm2Pg,cool-cats-nft,1.66,96837.09643914182,3.8768474290862907
30224739,1793,Cool Cat #1793,https://lh3.googleusercontent.com/KNhD54mHDzGOwM3uoFi0TrnFoh7KHEr49FSJQpz-wpkQpKxAlk-2gdoQes2HyCYOYVY838DL-WU2jFeq5VQNrTY9UM7uFcaH_hmC,cool-cats-nft,4.3,834585.6018833299,4.815379311958177
30229659,3081,Cool Cat #3081,https://lh3.googleusercontent.com/IrU8sJfPnB_ll1EVmyLWYgmepywZg5KaONVSW0Z0gd3i28oYE_g059-hI1flWtIGWUzS2ScFQawIfRXjHND8P7CjHKoc7XLnbox_,cool-cats-nft,5.97,1611030.4535897237,5.8031390203691515
30237339,5052,Cool Cat #5052,https://lh3.googleusercontent.com/vHtt8oCvgz4gl9OBNhdO3Dsh5RIUwHC8_bHTeQWNW4kqH08Ep5t_8iNWJkYdDyJUnaRV9SYjWsHp3q14vunhbpik0P732TieadxUODo,cool-cats-nft,14.89,7811691.950818763,13.69135359091813
30228579,2873,Cool Cat #2873,https://lh3.googleusercontent.com/kBHhpPTx6nK-g0_D-PCWLtK72hGT95q2_dVbu3hA_zbY8Ewco442mEo3PYxmn3F2qQYgYT2MIsWkKRj2vpwrIAqWblfA22cU2aw_3I4,cool-cats-nft,3.5,431554.1796030451,4.302660090139481
30244420,7660,Cool Cat #7660,https://lh3.googleusercontent.com/MK2y1P0X_VfAlv7nMBQ1jORZXcuU2MnVJUOhVim1_nZNBQbDMP70v0yx9iPmuAEzRuj-QqIiJilHuJkbQl6RMZlGwujP58lV_HnuJfE,cool-cats-nft,10.0,4514308.034879564,9.49656375082945
30223300,1251,Cool Cat #1251,https://lh3.googleusercontent.com/shC0QosmdjOPwrXCZOcQQT3RiC_HlJ9qv1d0Rqyo906EbCTrbVV7uTz5AnlcqvxRzMawd0NwXsdeyBToJBk6tQZkoEdTEXj3RQt7Gg,cool-cats-nft,10.0,3524200.564493075,8.236991658754706
30241061,6215,Cool Cat #6215,https://lh3.googleusercontent.com/sTCVcn6Y93LAA74d67EIndzZ3vovv7WI0puA5gzbdbR2gFD1XSKmCddsmNDsfJcWSrfTHGhYpARd3XDoUPfjMsAJ1j8UuUD2x07DpjE,cool-cats-nft,9.0,3669202.605867133,8.42145701233631
30241181,6225,Cool Cat #6225,https://lh3.googleusercontent.com/161hZKvmVYc3sX8uXz5V31M9HH6UABqTSqTQpr8jNslksE-lRbb7GP4gWuGehYNM6DQEfzVwvnwcUh1UFoXDK87Kt0iVAJMO7B2w,cool-cats-nft,9.0,4062091.552487704,8.921273413332397
30230261,3175,Cool Cat #3175,https://lh3.googleusercontent.com/vsQzjR0Tom1aI_zRh9_lHAhTczWV-5Y8jrz4-gmgv09hrljq_VhouIi0WU5Hu7HwfB9bgyWaqy4xvOJzxs59uMMdKhTQj71AIMAl,cool-cats-nft,6.9,1673091.9851725674,5.882091028622004
30223062,1138,Cool Cat #1138,https://lh3.googleusercontent.com/UoCxRxsxV6gTXMBKSF-hkAO5aFjSmt5pPXoONfAXzZYFxext_QE5CEJhPt6uRcFOZeCPjYx95z8BNk8v9JE5f2utQ_2F3Xw5B9uVsA,cool-cats-nft,10.6888,5729017.495916214,11.041864824564078
30224382,1660,Cool Cat #1660,https://lh3.googleusercontent.com/lrX0Ud_WSDMOIs735Lhq04RrAyXK_FNWbtT0SiJpUVWljo6itLxNSu_Uk5wqMTJR95v-CKacxJHWOjyhHlFEQSengd7w1FKZClm9m20,cool-cats-nft,9.74,3808103.42760133,8.598160656996571
