id,token_id,nft_name,image_url,slug,last_sale_total_price,rarity,predicted_price
42161160,1116,Creature #1116,https://lh3.googleusercontent.com/748nJpesiUg4gOuHvpdUEYehVlNG4K9ADECP91c0ezJGKKDlM6v-B1S6JD-o8yCKQMexgNRrAgsSMmAsEV16CWtTBl3JBiQWc7P-,creatureworld,2.15,185632.0735222443,2.3062224477324547
42162720,2401,Creature #2401,https://lh3.googleusercontent.com/-uoGWFEj9XoCLkhX-S09j_JEM5MmM--lcxO6H1cPqjYXzODpUEJMjef0I_-4g7Gtdc-LAPCTUGhLFfKkjbHunU57WbZOJcLcQjTT,creatureworld,2.75,228145.7421535728,2.580269624822547
42165480,4742,Creature #4742,https://lh3.googleusercontent.com/vrvJYEVMQNQRYCze6gyY95vUc0Vcjxl3RluM0Fmn5k14LXv0IpFz8QOjcni72WFecpNyYSjQTc0_J2T1Aoi48io1kEXewYcp3iI10g,creatureworld,0.88,19487.43600533892,1.2352382121679841
42162241,2190,Creature #2190,https://lh3.googleusercontent.com/S3CnU6brxsLApOiyyyKWRZse94tU3ynblEV3c_NQykLFsD8nRApJRN2GEzSRO1YpAebWW0IsPhISMT163dOIXlpID4LFbnOG45ir,creatureworld,1.725,74754.54201775797,1.5914952672808735
42164762,4201,Creature #4201,https://lh3.googleusercontent.com/N5FyM08c3MfXpA3Pk7uj0nfs_B_ENEg_eO3_b_z-52RF9z1186Ld9isjsZlJ2p3DYTvM5MfRY6NpcyIQ8omiG5TeEskvAyCAOTtd_g,creatureworld,1.49,66907.09356069817,1.5409098634271943
42162482,2318,Creature #2318,https://lh3.googleusercontent.com/ybF7QFT52Z_FVW7go5KG78oGPvI_x2Xtq1NEM4MN-MbbCOJNKGkgkH72A-4heRaidYk4SmGy91Fd42ebsm94G-9yaXpvk-9PCcKJVNs,creatureworld,1.75,76961.60060379076,1.6057221781696935
42163083,2633,Creature #2633,https://lh3.googleusercontent.com/EA6mRYCOV_OziYAvxbwpbQBEsGMDMgoGPzb9RQDxMI62YX8jKL-9fq1G-oEbQBP212vPMAQyvwlIQc2COfYEXIlS5jHDu-JJ7z20_w,creatureworld,2.0,160600.524910939,2.1448666895500947
42161164,1053,Creature #1053,https://lh3.googleusercontent.com/ab6fMzmgQJS1kJ5l2gTjyq-eciFDU4NBDe41j8x8YeJm7mXoCoXlky3EBKHnd5LM_5DrsU5Dn33NlehmoaWQDxt3hcxGqXUVX--T,creatureworld,2.2999,159545.1798002648,2.1380638339568945
42160684,582,Creature #582,https://lh3.googleusercontent.com/SWf8ndAhAlGoFCnLuU19dpSC0Zb3527lYNIt3doril0xUBCz3d-Kr4f60AicrMVgxnKfMmaEPJGOnLYweFy1xtnUFqQggZ6dUOEVgQ,creatureworld,2.3,132828.20423741805,1.96584365232835
42166326,5510,Creature #5510,https://lh3.googleusercontent.com/K1IFO2415P7w3x3tRwHkd3_oCjiQ8jjbOxpiwV_RdlrnvjD9ZDXQvWBZkm1kOIb9BgmjUUnzBmYk-dvuhUJBMWpbAVPlDP2qmADwow,creatureworld,2.57,265279.2895542863,2.819636025514857
42162006,1850,Creature #1850,https://lh3.googleusercontent.com/-kbMue3yIoUbrr23AQX55Cl6IGq4u7Evo1whEzoop995DS0HIcQZpOMpZIWnxSmnEWdkmS3zMA0wvHhyqw8m88-2jCFN4kPtMBXoZw,creatureworld,1.69,86339.521191813,1.6661731518649798
42108607,215,Creature #215,https://lh3.googleusercontent.com/fHEEEXWi47_BgzoS-GmFhFRYjzJPJgC-QWLikB6EuDeAbww783bZsf3SLG18bFHVd2qWFVabjhwtddgVA2ek1SvVb7BrmPEpk18b,creatureworld,2.555,163838.91018828805,2.165741631002069
42164527,4252,Creature #4252,https://lh3.googleusercontent.com/vKbhaNcs-qhJU1E793JDQvRaRvrbWTDQZ7tuBTGmysTISQ5H2C-xV0etMzJ-E2LoIb8bLAurJVYiMzL7jbAQaXnM--lqR-9bx0136w,creatureworld,2.14,160745.9010551079,2.145803798089732
42161528,1284,Creature #1284,https://lh3.googleusercontent.com/l5fgHYz9KexVhyCFrvPq07PWq1bazO8l2fXUqbpgCUFbJFb9CNYDnA5dufdlK6W2sOHjrClaec9wkLRP20si5Fcrvx_fgtw2UUEP,creatureworld,2.345,221471.2318437684,2.537245092531003
42107048,16,Creature #16,https://lh3.googleusercontent.com/6t4mviRV6rgLIYSLaSOUbaCadgWzGaNhFTXEjnMG6s2EJ0HrWUvYCiUUf-5UCEhteeDd7LcMuZf3Cp6AtPIUaL8LwvcqI3lOUY2fDQ,creatureworld,1.4,59120.27815951597,1.490715306055048
42165249,4626,Creature #4626,https://lh3.googleusercontent.com/dMUOvac8ScAEDn-cCo3mBBVhShXmI5ibQVk5LMDsbqvbWqFwZUep2RphBToCjhTvxu4aNEeHztsIyfb0UesZ7Gr43M8YpnSDEVzcqA,creatureworld,0.95,31789.335916206102,1.314537436439909
42161051,972,Creature #972,https://lh3.googleusercontent.com/OaggS7y-kdJF_SGTA1VtXXtkYCviK5jQ6_kSrzmYVZjIPjsI4D8pHAV8rqvOt5R7oRZ4oYQtvlOqTq96tYz3rig6BGkNc4IAmUlemA,creatureworld,1.98,138575.61735872994,2.002892027408016
42160692,567,Creature #567,https://lh3.googleusercontent.com/XIeAYoa2FN1sTJb6xova9exne_htA817duZPKsNqi75KT6G5eaOsNffqHzwoi1UQM0f6VdREzXDbLowZoAe67xKMqsSFU4vMsga1Hw,creatureworld,2.05,126972.04247709818,1.928094273113027
42165013,4386,Creature #4386,https://lh3.googleusercontent.com/3ymzSYgT2kCz1H24K26AbbkkaSU4xJa6002SVwbuVgXbTCWaMgg8Kl4BblUI-AzGUpPdvP4tymHR4FVaSnZHJUjBm5H8n_puDiXoxw,creatureworld,2.38,199249.44106992744,2.3940013022980855
42167533,6451,Creature #6451,https://lh3.googleusercontent.com/kQNpYnHlp3LxlgkaXEezQ__VlMYErAkezdYj0LZAKgzcV_yc_lwqHbHxIt28xeeSKbing3Faaj9yhQgCy9QdHA5l1R1Vt4api72jfw,creatureworld,1.9,108873.57858335404,1.8114298426034328
42165253,4812,Creature #4812,https://lh3.googleusercontent.com/nCGYF0O3JEa3LB4XwZrf6KLDDU0WC2QoltCtwutKjHRGkYg0l5mjA4eye8SMipP4O5_Pc4xJqBpJrBvBky-u6aZ2AdhXQJnkzIgR8A,creatureworld,2.78,196169.54894912307,2.3741480229029857
42160694,655,Creature #655,https://lh3.googleusercontent.com/UD5n4ZBrLGcISt1LqhfkTINN24paw6H59lxcu9o6RFSNZKlQvt-de-xgyBGH4a_RDSNxbqZU8vqDfi81k9VM78rqXsliqM99UXoJzg,creatureworld,2.69,181859.9254059374,2.281906819932744
42166574,5761,Creature #5761,https://lh3.googleusercontent.com/0FCYHjdluGMATjivJaJudtcp9XOzrtv2WMkhUkMNMy4nJ3gqoUuNQpd-a5Wrk5ixoF_O1yZ_KUEKEP2K9KAubjokKKKdc0QFDH9TWw,creatureworld,2.6,237448.53896286123,2.6402363434498253
42162255,1982,Creature #1982,https://lh3.googleusercontent.com/SFbklRqIThYjgWbcAvw4mdQPHn6Z1O3z15aIVJf0uKLQHX22ouDSjdFJ3f1S8sDRMnfbcnEFITdX1RnCmuQzAlz3X37BLgoajI3iTg,creatureworld,2.18,119464.1109459784,1.8796974278599954
42162976,2659,Creature #2659,https://lh3.googleusercontent.com/hbJlixAomfwjibWRvdETD6kqfwci4jPDS3vUOXtJC_QgzQH7JT3kQMbIxrIv3_R24Net3e-rjVEcmMPTX8cm8kRq8T1isMnXVTot,creatureworld,2.4,231100.27201979893,2.599314807125892
42168137,6974,Creature #6974,https://lh3.googleusercontent.com/fWGfVwcg_WFqeCBIZCllriZIj6zkZnFQruDiq6km9VafniW1G0TZ7L4og81k3DmlYPJWrEdOZMNGGhfYZh4W-VDKkGxqS57XUciF,creatureworld,1.19,42684.978563123776,1.3847717917919162
42165137,4457,Creature #4457,https://lh3.googleusercontent.com/h4wpIdmv73C3HtZ5j-lehN33oz6fp2y0eMEbcMAW1sUHphLLgUXU9mrSHXZithmrpm5QBuaq4UyrW2-GURkL8ut1F0w4DHPHzYETBj8,creatureworld,3.0,226311.38893747487,2.5684452084209166
42162137,1934,Creature #1934,https://lh3.googleusercontent.com/UINE4T0IfsYlF3wiEtSaWIz1GXysMyPF6CoLvvpwbZVojWETl2NhC_297PR_diPJ-AZ8DnZCkf6p8kiVrIqYx7iOSMSUouczGb84,creatureworld,2.99,227055.2693486288,2.573240332749922
42160699,612,Creature #612,https://lh3.googleusercontent.com/UFY52eldARJ2KnPDfY9OePvx7yBlttHNJQ6n8wh6KNzWNC2oqyc47qEV-TBneH32JThoKsTTlnRSlCZKMqiFpGI5hEnFQAuUxWcuLg,creatureworld,3.3,273588.5211323622,2.8731981275650558
42165259,4862,Creature #4862,https://lh3.googleusercontent.com/y_M2_yYd1jicPJo10W2-deaMdWWgDEWiQnBybAO7FtKx_rT-vB8tl3fDSMyvgN3ZoZ5pezZwB0r43lKAPOJYYaFuvEWgAQoP18ky7g,creatureworld,2.9,211998.2879375397,2.4761815894316315
42166340,5511,Creature #5511,https://lh3.googleusercontent.com/BGgFAFLb1_SgBr_7UJgexSWGKVKeDC_IDsqJkdgnHI8z0enh671enhtf26Rw5_cvOpYgJM7oCKBLo5Ta4TyAbrv1pZ75EiVwLjgV,creatureworld,1.7,159411.6608329697,2.137203157914266
42165260,4926,Creature #4926,https://lh3.googleusercontent.com/JPGi1O1smUM4unim6ygLAyIObSc5OL8e2gzV8CD6DLVkmPo0CHT0FKB-iEpotR60YlfLQKwowMo_8Bwqleh4U9TY4MCluDdgU1NpVPQ,creatureworld,2.99,269762.64842108975,2.848536185884078
42161420,1227,Creature #1227,https://lh3.googleusercontent.com/vTfbWmG8-75ztvqSii_oETicDDHe66n9LYVLdlb9RWCj-eBReEInLG7aS7YQ5sXXe8emuGSqUQMx9y69pOI4nXloufbcaY50j9_2,creatureworld,1.39,58170.55899707052,1.4845933254338615
42164300,3860,Creature #3860,https://lh3.googleusercontent.com/656_oRyEPWZWSViGu723LXd-RWz6V_6bWtwEp_VGxFvvEEliyoc8PxmDubTX2KNz9eIY4Hmj-6IP0SBn5FoR7Sl4LNOlfJU-nYJv,creatureworld,1.95,114569.4456249183,1.8481459467194374
42162020,1695,Creature #1695,https://lh3.googleusercontent.com/Q_mlEXFhKNO9gj5YKw8xiu9VT-DnpyPlpW3dAy_RcDGCDax25HFDvzPlsvtDrm0v_EUStIdRfGgVUm-j12GTehch8xKfvsUIG8jk1Y8,creatureworld,2.579,167920.9365068923,2.1920547633530276
42168021,6842,Creature #6842,https://lh3.googleusercontent.com/pD_B-Ioy4Dr6nM0DaTJgwJhUXmoxndEOTIJZ6_eNhOyXyhjMB-seFJeiulRXV6JpAisUpnn4jp-hdUxXYGAuFe95xFiqgyxiIf4kNA,creatureworld,2.299,212156.11195960024,2.4771989381835766
42162141,1969,Creature #1969,https://lh3.googleusercontent.com/s_veSh1snnEike30mPUNJIjl4QrOw2kfJoq-Z6f7FbwSTG3ON2-mJ4yfpASxP8F_3KdbJdvQ1gVXG62tgpzP-J3o81z9fzl3NS19sA,creatureworld,2.75,190890.37317048467,2.3401179505503933
42161302,1168,Creature #1168,https://lh3.googleusercontent.com/lF5tG2DBWTukBnjUNdQvipbPLOkevaLay_jO8yUkot-4XPergIndPe2iMLqass36vttfJqcQPOEoUE1Xb1LWqIw99KVqvUjQUmmW,creatureworld,2.5,157090.6961886292,2.122241997671353
42164542,4041,Creature #4041,https://lh3.googleusercontent.com/6UhF9_Uit2zuVYWkue91SSB9FIfm6KgpPFBgilnoLeMxA21BeY0Johw6ZcseQ2jfY31orpGdtxEI1QbphjIP4-IQ_a_JdP7VVWD7,creatureworld,1.42,50631.07498936274,1.4359930898967748
42160462,339,Creature #339,https://lh3.googleusercontent.com/IaSrbtNIWcI0-3JUOeTc_VvpFDYJz46Ur2wZ88KU7vg3qB0yZXcYADacPFv6uqIgZkFIBwL63l4pr8Pcej-DYgDFgK0j5vxH9Tcbr20,creatureworld,1.9,126967.8992875613,1.928067565716717
42165143,4474,Creature #4474,https://lh3.googleusercontent.com/L3yVyKT5p-2d2hPdYpEnfU0ErHIeMhOny2S4o4JbetMrpI5_NKkEFhxSnL-brabEe7bzcYsdF-Yzx-EC3RNfUOH1Y0uggFMpEXgQ,creatureworld,3.4,291258.67040411395,2.9871016010261933
42166464,5634,Creature #5634,https://lh3.googleusercontent.com/xJxPeYFfJvTxL1dTWw5lN6H3ZF1jkKYjDdyvawKJzGfhrz1IR3rNKAczb1nM7-c-IyPp4X-ktIP6FU_YD5UV5JRFh8AqCDUmXUdc_Q,creatureworld,1.99,119484.2353947253,1.8798271519827807
42162504,2243,Creature #2243,https://lh3.googleusercontent.com/rPUPfz6kdpmxWO5X7BF0fJ4FWQxgObTP-NIa6aTJVlxfy2ry49-sP1Vc6qDekVUAFSpgAZvPipuHOp4TCK5w6qqbb04qAQrBsUkAeAc,creatureworld,1.0,25106.625624677425,1.2714600462813284
42163585,3289,Creature #3289,https://lh3.googleusercontent.com/7LlCwjaB_GzYQzD418mHcTBCZR6LtmbxBt6iIlDKIV-2nSv_DDQHdVtyIAkB08BZCz6TuBFCxBEAae3mzb7xGRNhfqEfgiehljjrluU,creatureworld,2.25,152454.7829586933,2.09235845727601
42162505,2185,Creature #2185,https://lh3.googleusercontent.com/XByKlHo7iYIXF79-_UaGpzQvTHnEvoHVkgd8RcgtfjVM0urX8Gi6OueikYfYptmAJyD894EXgmNDoNA1asLZ5aAb_a2_zh4u2PdPHw,creatureworld,1.0092210283259109,40912.59990701979,1.373346869335751
42164665,4260,Creature #4260,https://lh3.googleusercontent.com/VMIVuHdFVXHi23lgtJbj6BKior2FxR33z1xfziP-mdl9-dciNbIB-7GUUIdxEbACySe8CfAtZ7RBNcrAkfMCcc4YKAzDsY3aeRnp2w,creatureworld,1.185,35273.03862921063,1.336993717562081
42168146,7004,Creature #7004,https://lh3.googleusercontent.com/w7bHA3EJCtwKe_EZoxDZOcu4dFT_jmwD0g5Uv-U6I01-MgqgH9XDtJvomWE4Yl7dRpjjgS_3w8UTVfLu-vsZ89mEBZMlD5yM4qp2MnM,creatureworld,1.75,138209.78568416153,2.000533841419058
42166346,5618,Creature #5618,https://lh3.googleusercontent.com/YkeFtCdynTW9YHOukI1I_WaZCS_BEqBGhIB3-qwqBCftgsoziQxAIJsEzfARXnbw8IcdU-S4wIrUGNLAV7vcFhH002xJ54ry82qppg,creatureworld,3.98,560518.1055629746,4.72277369157315
42163946,3498,Creature #3498,https://lh3.googleusercontent.com/p6BNSNBe8FfUqGcv_oXqKr9CgkLe9avKriX-UMDEFsTjTDsmDoStrQI5ABh4SXrfoZiKZ4s95gkoi7kHlxnknxtXZpra9kkITuoxog,creatureworld,2.59,269170.3154027919,2.844717950554414
42161186,1035,Creature #1035,https://lh3.googleusercontent.com/NC_-vV0AOUxgpj7GPtVa-6StCa61Qln30PdPAcxxUXpZiNmoxPJlpvYV48iHM00G3bAV5r6IqNph9pK9vxkC3g_-G96GGuAqglp6OQQ,creatureworld,0.849,18115.960958341664,1.2263975527476363
42162386,2358,Creature #2358,https://lh3.googleusercontent.com/ZpHTjNVsqCDxtzOp0-8KomcGlKPXXA6t-VHhOrBFO9w5q5Z6ltTrLppraMCNVZeDUSvYsP_VQZvhXOdUYFTMdrzFQsQVXD8Kw3D16pI,creatureworld,2.4,203061.24841538895,2.4185725772848135
42164427,4063,Creature #4063,https://lh3.googleusercontent.com/S5ET-1rArubPGWH9NKeqUFK3iXCfILDRAxOAkAAgwzl-RmX0y4unmla57r-9CdoQYxfw4MO5EYanZBoPt4_mEcjs-7RwR-5LR9W4lg,creatureworld,2.6,271045.9691299102,2.85680859400306
42165267,4821,Creature #4821,https://lh3.googleusercontent.com/Qas5oSpSAoiwJn8YMqi2Tbe40mj4eQjK0w7M7JDso3ZGNGqZPMDGC6zWoBxJhQzg9UbzkQXxAwxHjwkNGx3bBgNAOqFuzScrmMxV6Q,creatureworld,4.0,562390.1290282463,4.734840934006471
42162147,2019,Creature #2019,https://lh3.googleusercontent.com/NTN0wn0_K2VdPL7xM9fBGXEzQrtwWhoMTzyI6s1fmH5mvmghRuyhCQ3Andj2V_u-ceK9O-c2Icx9YsD3rkDxvdAMx6A-ybFLmKF-,creatureworld,2.99,224668.0020767357,2.5578517794238094
42162507,2095,Creature #2095,https://lh3.googleusercontent.com/cf7rWwrF-4t4tpvxFMBylF_EXsbG--6StxYySEe_rLQUgsQWFhplmMDMsjHKVLPUKDAdLdalnlkwzVkLPI6tN7Je_E1vSZ9g105vjg,creatureworld,2.2,169943.3276345582,2.2050912901302175
42166348,5597,Creature #5597,https://lh3.googleusercontent.com/ev0T-WnZE-FyBbt1fSzk-A0SL5llelLSm_IeaDjrZWR1Fm19inbibvaKPF9s5F2ZFhSw1FGQb2w7hev1trbxUEXrp3CPucy1EC2ojg,creatureworld,3.0,271477.76283066114,2.859591977526186
42161068,954,Creature #954,https://lh3.googleusercontent.com/1cou9myOmAj9OiuaNicAdTodR0JdfIaU63uK0dQFSoAdFxog9QIh0h-BrpZNrHoU2zEMQIuz6baWJjQs5w2TOI6actjU96M9m_seWA,creatureworld,1.0,35140.61712419824,1.3361401158663684
42164908,4366,Creature #4366,https://lh3.googleusercontent.com/CDB03vxtjNwMQNDEXjM3BwrrAPH9TKzLZAsBRQvdjqN-xSBqiDrVe376UXXCBR6NGA7UblEKWynNFIJBExcDcXXUd6gDfH5qh3U9UQ,creatureworld,0.83,17308.137713777087,1.221190246794333
42160349,506,Creature #506,https://lh3.googleusercontent.com/OIoABiNvF0CO9iGFMyZxh1YBFOS-0zuJatdTBXOeuRHxhTDwvl40hZCDiBfbbuy8rcvbndvcBBaUtInCiquZiMg2mEPgnP0h1x0S,creatureworld,1.584,100637.86806578876,1.7583416643461751
42161189,1159,Creature #1159,https://lh3.googleusercontent.com/8scmJW03YxenxIynjQHILduxn_yKMfpl4HECgmojG8X4Yin6UmHQO15ZejjS9XYnmEhuJgVtLGcv6NDSqslxAfEbmPObyGF0qULtZqs,creatureworld,2.2,170058.2225022411,2.205831913444185
42168150,7174,Creature #7174,https://lh3.googleusercontent.com/Z1FAnOwegynfY1vXgyD2OO-2J-9hi6d4WMm7aMpcvvD3IQCk5r47WmRgACwltDuNCB_kqRCF_J2pqTfCpfx_WPTfRtM9Gz6s0x9MUA,creatureworld,2.6969,292065.20512739243,2.992300601047959
42164551,4018,Creature #4018,https://lh3.googleusercontent.com/vQKyNhrlLcr9Mvl06M5WQFBFgu9uIkjl7QFYwylAalhpj0B738BhRu7i6YuxZp9KD-08S3w6rMpqpFo7umPIGOTp_ul62-76G6wRf6U,creatureworld,1.88,88853.85351712722,1.6823807786871678
42164192,3338,Creature #3338,https://lh3.googleusercontent.com/VybPh1oYYqWhFm4MFwClcmBnxG0qT9Cpzsezr5k-zjCwrXanOUzCds2enc-AqVzME8q0FH62_SlZiwXyHJutGTJy1C_rvokRuB99,creatureworld,2.13,182132.11742860984,2.2836613957630894
42163593,3140,Creature #3140,https://lh3.googleusercontent.com/OcKVB_cNNTY-H5VSodi8XPleWVkowRRX8cL6uNS_Qx-HtBpAVffifUz7N7UcSVx33Ng6j43e85lUb8jlS_P1mqTYKzi8xzex34Nc9a0,creatureworld,1.35,63978.44160946755,1.5220314926407525
42160474,302,Creature #302,https://lh3.googleusercontent.com/7mX0xV2kFL3L0jD2hpqeTvE1XIoh8KyKqp49seSCtS7ulFgdVdoJQRK2sK7jlm3ICQ9vmKDickMW4e9uzV1Q9N1YpgFN6WmvSi9wCA,creatureworld,0.91,25032.67164660177,1.2709833318603274
42165994,5374,Creature #5374,https://lh3.googleusercontent.com/Yb5BVEdAeMj1TJqrYyKu2hFU6ybudu9bCYy1WrAgr-iQyeoFseyIB2DJRnXvikhJLDhTDk3DWZ9M4oGL4p0bLs5YL-K2-GIHnPvz,creatureworld,1.48,66183.28631719892,1.5362441326581457
42162394,2078,Creature #2078,https://lh3.googleusercontent.com/RwWcq3NV3tykiivfdsAZxtWcJuNLuEQQGQMX1KXoTm7IiTxWG0XpTxFdg29eEVteiach3-pQvwj_f9O5aC6TRcIzTBGP9N7Qu-vTiw,creatureworld,3.2,359928.7173283152,3.4297552960863715
42164555,4292,Creature #4292,https://lh3.googleusercontent.com/gES7p2ONW2F2hUa_jOhFPvvxCr9el4Ixn0Uuo4ubb60o71DGwWuxuzwY8Gs-BwWXjqoLMsXvSLhsBlj4uZ9zfR6vjxJZm6Ba2lXRfg,creatureworld,2.3,159270.0486360518,2.1362903121388657
42164796,3977,Creature #3977,https://lh3.googleusercontent.com/7UolYMI2JI82cm0tNKx5fYN2BS3Rm3sZoefoM4FQcevuJkCiUFk5AdPaf40e0e3I4sSuI8F4qbJU8n9PLqUgRt45gFIUvjSDARRpCzE,creatureworld,4.6969,560738.3477356747,4.72419339369832
42165637,5027,Creature #5027,https://lh3.googleusercontent.com/_9HezdwfnB7srfwPruGOveUc3Vi0nw-PgD8eDpjr7SV_RQf52WqRNlYamjzJ3-b-ZEDdk59Qy-EVEEmryqABg5kN8-H5duF9Cnge6A,creatureworld,1.44,72841.17160388739,1.579161498459461
42161317,1305,Creature #1305,https://lh3.googleusercontent.com/wEcwG0OMeRBeVx4g21QWF9xFdMguESoZ20P0MC_tNen_e769bUm9190mQDykMOh-4mSHyVG6yZdBxOzO58E-E6HYzHFf7FTQ15gvh4o,creatureworld,0.499,7521.249115062431,1.1581030261587435
42165279,4976,Creature #4976,https://lh3.googleusercontent.com/5szrB3ywzOjtT-Nfm5IXG1i2D00Is9NL1UUqd01Z33-s0xD-4pVdEu4fouv2ts7Eo4M1CASKPsWz2yR8wmT0mubBK-G1TcoqK_esU3I,creatureworld,2.0,160679.77097035848,2.145377517233957
42162159,2000,Creature #2000,https://lh3.googleusercontent.com/9Grisu78yg4lMKmsJA8mTM7q1H99juAaeO7zD5sSOyuS6B7u4l5HaMR8_tw_PlelBVd_z3Bfq1M873QANRHDup9AL63ApMMW_EtS8g,creatureworld,2.44,179443.58071009765,2.266330830748797
42165039,4409,Creature #4409,https://lh3.googleusercontent.com/Hp05K95S_Gor56ZdBlG-n5YFLwZdbHR9J_-AEEKMYQu6-6SDoFBajOT_WSo5nes7sCaoB1nRd-_MO4ixrx0AKTWg5QK8oj60qqfA,creatureworld,1.0,25241.021599462267,1.2723263755981757
42165040,4356,Creature #4356,https://lh3.googleusercontent.com/CZbBz9xsX3_J2gTfjeDV50SzpiylKW-J8TDgzLJFuMrh0c_I8HPfZv1x98Z8fSzKvtiLUQm2veVR84Sze-OGjCBZzl6s7uH00dP_nw,creatureworld,2.88,209047.60440975407,2.457161200994017
42166121,5251,Creature #5251,https://lh3.googleusercontent.com/P2J800v4FmeXn1BMEDpzCD_JfORG_PbOzbVRjG3rCV82q-hRYMTKum3jxHxMiIVGA6sIXCC_gVE2b1MVDYX_WgYURafIos3Bh-edwg,creatureworld,1.9,109626.66134836948,1.8162842861862103
42161681,1629,Creature #1629,https://lh3.googleusercontent.com/0With2hK47NcV99y-sHbAqziONKP5BEdXgbZqffuPXmRIAsP5lJFv042jpODEsgG0mdIdehzdWFe76dws78fPbX9Bwac_wHmLG9ixhE,creatureworld,2.34,165949.91812080334,2.1793493901850605
42164801,4301,Creature #4301,https://lh3.googleusercontent.com/bmA5ZwudrLGVvRT3X8EG6iUxNDRlM89L8lMqApJBLF4CMxxZUekhbF3nBXTeZdjpkXdCMqL0cATqDjQZHZJzDenerq99BssvPJtFgJk,creatureworld,3.4,290426.5548907768,2.9817377047833067
42165041,4445,Creature #4445,https://lh3.googleusercontent.com/GRpF895Mra5ZtCKNFwvwGzfMQ7Ukro_97rjtm4uz-VnF4qXrGzhz3dEBXxeHySjfybBGzNMwEKGVNOebyuJ91OoKYSTtnfO9HYt7-Q,creatureworld,1.4,49427.68475248804,1.4282359212503064
42160362,554,Creature #554,https://lh3.googleusercontent.com/YatjJKHy9qdctrgGr3rf8Bz4AB5D3sRzQI39l1c2DbjwwA79CeYDqw04N2FXJf4EFTacs_j86c60EBAQb0cVvj7wCUkFjjJjihPqRA,creatureworld,2.4,288716.6350350065,2.970715397732185
42168762,7521,Creature #7521,https://lh3.googleusercontent.com/1hj3-j6GGPNMNf1U_WmRf2JAkSKnnxCDxOJLnFym9QieICa-IC82RCVQH3MOP95P6A8zyD17MfLlMY_BV57msBDVN5cgQQsxBMXdVw,creatureworld,2.35,193765.7632699581,2.3586529903425797
42162043,1731,Creature #1731,https://lh3.googleusercontent.com/d2zmSVGB5LbRJ3XGvbhOPGwh-_tGdUvSdBXa7rR963fjk4by5zAJRh9_7AMtFIsmq_12L0MBa0bC6sRGdd8fGK2uNJ-nGRILvBuOsw,creatureworld,2.099,154814.54414615562,2.107569703749203
42163604,3110,Creature #3110,https://lh3.googleusercontent.com/jt7r1DikHd8qd3-0UtPE1Qt7FJvMgPnDw34zR0PuQX-Dmc39gj4UEa5-WygS0vyG5yjeYuFKzavomhlHSDYvoU4FhwWcatOk-Wkwkrc,creatureworld,1.75,122858.02802882748,1.901574942216572
42161924,1726,Creature #1726,https://lh3.googleusercontent.com/p6990CRREv_LQJrVWyAevODnLke5iRxJqrA0yjffJIqdfAu1sStIqwYn2G2E2By3m-R8CAITp9xi016ha9Eb2yYHXabjKgbgIlIcbw,creatureworld,0.61,13058.93922404836,1.1937995066278273
42166364,5532,Creature #5532,https://lh3.googleusercontent.com/imo7Mx_keIkhWnO1Noza9K55Ob50LDaYBEgC4UQIVEB316qA992hXR18pY0Gc78usE5EPvDRDzWp-wY1s306N_ts2ZNex4z3s5KJiA,creatureworld,2.4321,178303.10911373873,2.258979241681198
42165044,4469,Creature #4469,https://lh3.googleusercontent.com/MA0AAPGTVCeim2Vj7FG1wqgXi2-I43J13tAtGmRDZrhiW79IQIghI2h4d7Lcdxm2J2XlfRwBWP8vJihy6S_VfOrw0212pwTlspMCnA,creatureworld,1.67,70386.72593329631,1.5633399067455243
42161085,1069,Creature #1069,https://lh3.googleusercontent.com/CsgQ1WiBzGbN6WVpfvZf7IGn6GGfGuc8zQ3Dx2CcRouMf35TI4NAR-H5hTAD0LZUD3zP1FnCXCTbQFjMQeh3jhHXE89e3E5-r7-vNg,creatureworld,2.19,144425.17176699342,2.040598814999577
42160965,832,Creature #832,https://lh3.googleusercontent.com/XGGNv1fR-Q05CB23fLD5Noza5hZtHnMSxxHrRLQ3_RRTUXKu45gZV5ueQ8yw0cdWs13Mq8hgq8u1WJXTNX6UmaPF1wBWKQ_2fN5zOA,creatureworld,2.189,168438.88537933212,2.1953935113589935
42161206,1075,Creature #1075,https://lh3.googleusercontent.com/EkpHFYsjH4ip58r56JT-6Yd0G4YZ8e26Gzer0gTSNtxUOQFUuBz80V_Q1r-h5BoPK1-vCcd2nERnUYkK8BlloAXqvYFJNe77JDaS-g,creatureworld,0.99,24618.083670436783,1.2683108580846865
42162406,2201,Creature #2201,https://lh3.googleusercontent.com/564277MV9riK5UQhS9ySprUc6uWL0fyN5Q0Hh8RQA8t97jiAJRnSRKJkPwg_juNOf1jdR38KljkBmYBAbA4d-kyU39nc0KFIXlN6,creatureworld,1.435,51699.36079158153,1.4428793624262584
42165527,4751,Creature #4751,https://lh3.googleusercontent.com/qdcIM7yXF8F_QS4gJr4KXTnkyLYjou6hTYnVIIVjR3s6DXh8spQIoKU6ClvKuUV-Emn_ZLRodtY4t_hTmozsrwryzkLkwHT0fRXxMA,creatureworld,2.75,228248.0083072988,2.5809288422376215
42165167,4858,Creature #4858,https://lh3.googleusercontent.com/Ajiybvua9EEwco3P6SaV89222eS6lwWWhzjBEj7J0ycYjQOHCFFksvq2TC4t9Xze2ON58PhNe-_gMsOsOFO-bz6TT7lZx8pZPoJnCQQ,creatureworld,2.48,154538.79275947023,2.105792183917755
42165408,4784,Creature #4784,https://lh3.googleusercontent.com/FSDFgk8oN1AvTgzw9hqiko38dnnMP0Cabi2sa21ko_PRxqhnMbOrDK_rEUBRzhm6OT1sJE9rGsZ9YhWbaowvHYZ-cN9J-sfPs47pnyU,creatureworld,3.0,271432.890872192,2.8593027285870836
42161208,1065,Creature #1065,https://lh3.googleusercontent.com/pfPR6_cyaVkkcCPqt7Qi8djRTRKIOY30V2FATfBp4_fFyJ6kqXh_Nl5ZMjeUSq_z4cd3e7LKKT_yOO9PLA6WLaUeifh9RAPhLsY2SXQ,creatureworld,1.0,25138.336094120143,1.2716644550024467
42165528,4720,Creature #4720,https://lh3.googleusercontent.com/6wVK0W6BdjuclhEKMroenadD6wCA7iJvp7EW6PdtApX5SPGcvVaaQxCdiDtRLTV_KGlQ9VUtkrwt0COSS_MVWT7YYNfEQ8vbxW57,creatureworld,2.99,225242.118339955,2.561552587806665
42162289,2069,Creature #2069,https://lh3.googleusercontent.com/waSGFZB4yw2tnhEBUaQkojj1Y8kwwb6HK0PzRHR0uakesl2blzlpVEx0z5GOjQmkc-IfI4N5xNFoFmRlYrfa53L8Mbq6EiDcGfaAQyc,creatureworld,1.29,58492.82747416439,1.4866706988823533
42164929,4326,Creature #4326,https://lh3.googleusercontent.com/wddfOluJWae2UybiN0oloLSKdGRqEi0JjVS5WPMuWNYOhqbcrZA3axn-hKOW6VYHiECDEt5sQXsznYEi2E2I4xzIo5skvpeknR2cPA,creatureworld,3.75,424777.9092710327,3.8477793942320497
42162290,1994,Creature #1994,https://lh3.googleusercontent.com/wetl7gsGcbQddP7QUqYRAe-8GzMPHso7B8q7qqJeK3DcFcwXPj-riExV9BwqtvTu7148JkY3U1cZPRfsvY7iLijL7LyGUEd9wbLU,creatureworld,2.73,336559.6739443211,3.27911620572191
42161210,1130,Creature #1130,https://lh3.googleusercontent.com/K_q5dxQ-J77gAGF1_VFYd3lfdCXExysVxFx8Asp21LfLOTaukH7weI9c0eFZV1rU_jZy7fN1gjHTfdDpdwx10xy-dcRubwXgzexV,creatureworld,3.15,249298.21701184928,2.7166205023167596
42165291,4822,Creature #4822,https://lh3.googleusercontent.com/AK2VjiIpI4xiZMQr0PHWYvOMPMny7Ba9XIOO2EQP6GE82YJwUDBKMXJ_RhWhbruT6Y2ocYDA41Jzh4RhZ25GmG7MBN9QN9ejAY_Ts1A,creatureworld,3.969,399416.0577597632,3.68429447194238
42161331,1273,Creature #1273,https://lh3.googleusercontent.com/mL9VKibCBhVo2jKFQja1KGPgqVehw4SLv6NPFwJeeMD0LtOulfLKPcAl-PfFbMF2etBFLBiqYnQAQqkEpXkvC0DR7RsdBBkgA9oV,creatureworld,1.7,101462.72711601589,1.76365878473332
42164572,4019,Creature #4019,https://lh3.googleusercontent.com/unT7XM-3XLnKt6CtxsS2ZTRV4V4smKnoImPVAUO46bekzUyQjR0ZWM_4xBvBTD8GCgYVShBD707YjyChIzX2Fa5mbcBHOIpg9XSE,creatureworld,1.05,33223.71231948368,1.3237835640232902
42160734,764,Creature #764,https://lh3.googleusercontent.com/cJRu5ZCX_HyZ44DbRX2o_Py73Acho7IttR94wMpv9l8JAPnxbkOGtTbhoZLXI2c2arWtBKmri41P54-1DWwB3Vv2ThUxXoERxwp1bQ,creatureworld,3.75,423706.8110256209,3.840874992424557
42166254,5516,Creature #5516,https://lh3.googleusercontent.com/IrA2WdajDATYQndAJGeH_DTpckT9OwaQJatKpGd9HPeo59Szx4kbEy4_e8L_LDQiIFKfcYzA3xPBUSolRiEKP3FDITYavSeKW056KA,creatureworld,1.4396798975672216,62773.85566426287,1.5142666163439447
42166854,5978,Creature #5978,https://lh3.googleusercontent.com/WfyTKyZYooklRHOxi5OxOcjeirJ81nE0uJHSWUbSllektx1HDc46x8KJHfaZaO2B6upoTl2QdDyfy-dETUD9I8cwfzTKMqOoxikrwgg,creatureworld,1.85,137376.96080370148,1.9951653725278011
42168655,7471,Creature #7471,https://lh3.googleusercontent.com/ndpJdctY3OlfD0itaNAXGyLyH41eDmBGPuSML3xA9oidikW28Q-1W72udINaLK9r1LvgSLHQn0DUr-VeQsvJUeFXUErjYeqq5GHB1YU,creatureworld,1.99,178593.07921155306,2.2608484166854925
42166016,5240,Creature #5240,https://lh3.googleusercontent.com/ZtS3YSYIw0kQQXsJ58Be11-rBFiPJXQbJeT9a4So5-VU6rNkQcB81KQ9-cSx-xIWH_HHnXtLpxaxZgKT8y9zINF6IPeQV7k5FnLQ1g,creatureworld,3.0,406195.9360513661,3.727998216329638
42165296,4977,Creature #4977,https://lh3.googleusercontent.com/bkfRMTvbUoymB56Rjkm4fKAzGus33Ib06kwu0ncj2U0Q-SV5aF-KmcZuHMxFUJRq-8dwH_J3nCpst-0_St6tFl9lWbIsHG7TjbPHVkA,creatureworld,2.25,178068.47607909076,2.257466774682526
42167216,6189,Creature #6189,https://lh3.googleusercontent.com/CG2cvV-5FaH-PAhnFLkYm5fvSmc-L_GPNDFiMoDq23JRduSBnT4N2uSoAAF3T37x6tCnLzTgmj0lkPS_d64M0ngSQo2ZOFEO3TEdcQ,creatureworld,1.6,77065.53151645162,1.6063921267802004
42160736,784,Creature #784,https://lh3.googleusercontent.com/UwYcVNwUn0SFv25GseY56rlk23NsisHcP2solQl0uHu39geop1Jd-lTIWER-r8zKhht2hDCPtlE_b0nVqTfzO18PeHTF3TY-No08nmc,creatureworld,2.5,157594.325567622,2.1254884408520036
42162176,2122,Creature #2122,https://lh3.googleusercontent.com/c0KuqsHFTyhoRe7wncLzJzY3tljKeIVvG2ZwZvZiS1UB6wQhRxa2TofMVtS1gtJmKDzUvrvd4pfccB5AeSAon1gjIsZBo61mQCE-Ag,creatureworld,2.19,168489.29955908947,2.19571848598698
42163738,3201,Creature #3201,https://lh3.googleusercontent.com/dJnSgxLiTS98nXTlEu_2HD39NpYdAfowg_29guZCFnRoKsG9KL4_Kna4SweBhgdEEDoSZO_SUgafgwKPZchFwFenbQfYKL6MWPsb,creatureworld,2.088,131498.72215420785,1.9572736835718283
42160500,429,Creature #429,https://lh3.googleusercontent.com/4N4SkthcHHUXFYkr6wGOLF_lHbMWm3mX3EJHZAYCAuemLTmcnGIuIxpYkDGU3H81JmYwg4BTug7ppde3VXwxSx7_HpPO6JWY5pvEUQ,creatureworld,3.8,363464.0207138989,3.452544200082822
42160740,834,Creature #834,https://lh3.googleusercontent.com/NzBLenK-EY6bNwyH9doCxZNLp8oMMmOUs_-tkzLZ1nEoWKqTGQZXF1gJ2LxrS7gDL04Kzk53vW_ICL1_Y7a_yBepKBAo-IwgyLPQ6yU,creatureworld,4.0,407485.8291084259,3.7363129904344268
42166021,5307,Creature #5307,https://lh3.googleusercontent.com/v_-MsrAsSRrg82tN96X3gCUrZOfg4VAE6yIy2qDI6UZergNGv2YgOPHMnGlSYwYcpg5NUDxr9i1wn9DJzUudVo2x94Df9NjS3UKS9g,creatureworld,3.99,559388.1228134955,4.715489714616453
42160741,794,Creature #794,https://lh3.googleusercontent.com/OGAuRyyxdVPK7EcAGgYUaAhFxHwKmWScw5E16Nz22kb9nobvVeZbhJB-LitwiGwIKFirn2ekl8_p2vEKIi11cmJE6zISEeh_eITT,creatureworld,2.296163918381383,132254.0172779727,1.962142388230855
42161462,1372,Creature #1372,https://lh3.googleusercontent.com/D128DhF-3PgZf3DxdnJt70TrZEpK6oE98Mi6qDJZpOJ5UlaUarhDgMtuJjOPeMLAo__rWEFRoAS50USyAM0EHEnxkOcnhKyaAmGl-w,creatureworld,1.4355,72419.48887001506,1.5764432911965813
42164463,3839,Creature #3839,https://lh3.googleusercontent.com/3vvy1Xh8bweR0mFRPHfZ6L1Dc8TaegI-wW-QIIx_mS6e1qUa8oVIhABrIWX2YP_McYIoGTt5P4pxBgTghtWLh2Pl_gttLxYhv1hOzQ,creatureworld,3.0,271381.57950051455,2.8589719705741072
42164703,3890,Creature #3890,https://lh3.googleusercontent.com/lvNIWBvIyxuxCmwXrWYgd6Lr2n9cHmj7_kdgojUE7gmUF2W1aRULaLAn2Vwd-dbT5DlAc-7i_ckWaC2fB0os2AVGudQ8nBNbGjND7Q,creatureworld,1.4,49242.40752519273,1.427041606509801
42161944,1819,Creature #1819,https://lh3.googleusercontent.com/hX39VqnRAUwkvDeBA8_HCG8P-kNKLUFrw8_erFU26tGmtfFiI44gmeE6FR2JmyzaOAMM1zqeiHWzha0ULMzAL91vP6Y4_v_NDkwU,creatureworld,1.4569,63875.8805593424,1.521370374295264
42166264,5463,Creature #5463,https://lh3.googleusercontent.com/8mBo9pci4Em_SGI2jxJBVp5bffP7qdin_FeUd0UTRnmi_LcHwh_aSOoXDA7PU638sC2hSAqZrADzC_xiMZeXiJ4zHxBRz2A38nc0Cw,creatureworld,2.05,147758.31825761407,2.0620845963021392
42164705,4083,Creature #4083,https://lh3.googleusercontent.com/8cIsHxLkykTqUKzVExsLz_7wDqpytP-VY5bG7XoA43aDhEVr-3JPeQfwVLgmUJ6_q8794gGAA5FiRLI8RjPsA_PRRoqBr5Acl1rSuQ,creatureworld,2.19,144980.23178682895,2.0441767850136587
42164946,4377,Creature #4377,https://lh3.googleusercontent.com/SqiUbM3yrEcJJ7-55fCjTYl62YTuyaUuvestkClQRUr5f2KruMBP3GRPaWxo7nsoEMINvdV-fsYeRxx7dp69oSPRvw2kNxi9O44i,creatureworld,2.24,177571.21720629485,2.254261396394558
42166387,5599,Creature #5599,https://lh3.googleusercontent.com/b4LzNzjOyNiJ0teyfRfQ_LzWNVKdbd8tBkrL2Qu84u-3Qml6-3x1YLxjfPq7vyEjovXzCppywhVUk6Eze3ovd2LBvpPRl65NLnphI3I,creatureworld,3.38,458537.9583332505,4.065399901748215
42166628,5784,Creature #5784,https://lh3.googleusercontent.com/wVHOWusCLpMiPhljNnEVZmwJzaYQE4wD8w34URMaxyaBS16x9sYH9H-YG-_zPpQVGUh-jcpSpggpabEXCSgKhkOcrVGn2h2v1_vECA,creatureworld,3.2,308809.41438752884,3.1002353765701245
42161589,1559,Creature #1559,https://lh3.googleusercontent.com/nEb23-dVMFm-zORnzIapS8RPTGX4m_Clb1WxzK2co7a4zMK0-4zrGDe9KyV00S-PUj4TKgVk_WUx5gzMWJvJnXau97wkF5E_NzZvaA,creatureworld,2.2,145824.55266464278,2.049619358204169
42162189,1926,Creature #1926,https://lh3.googleusercontent.com/lckFdEfMnco-ICMhwPgfGBQM3Y0Y3yO_4HaeOKZkkjCFElVGHU95QfDRteKiWOw_uFjKVbe4YQLqdfcTBy6MlgLmQNJHou9J3ymT,creatureworld,2.4,145136.69143090185,2.045185338854507
42161349,1337,Creature #1337,https://lh3.googleusercontent.com/zhTO1j6y6tHF4mYctH0cN1cQ0VZP6l0Pp6Wgd3m7x9c3_v0ObVWiwX8_626AFk5u0Vn_jS9LmnGKCz_lA9XcGV5xy-T7kWKJPIDd1Q,creatureworld,0.67,11295.355892292537,1.1824312796742336
42162310,2128,Creature #2128,https://lh3.googleusercontent.com/vGyCZtXvt7bJhca_LL3ar3hkkcf5r-xRhfz42pQB4xBiM6rphMki3zRptxSE2Qbg9Q5iajhn70nVJNGPUsRCOdDBSVWTUBlurKYjgdc,creatureworld,1.679,84973.53519331639,1.657367875376638
42161111,1141,Creature #1141,https://lh3.googleusercontent.com/az4ebff2zC-mbGfYG7iVFElx3DN7y9R6xLeo1wy-FmGyczQ9XU90wqzaSMohBQmmJueDLl4nfJp2ezVCf8UUBIng3AmfwCTnDYCn,creatureworld,1.88,141886.33429212152,2.0242332256378894
42161351,1170,Creature #1170,https://lh3.googleusercontent.com/LL_ZJqo3EvhlE_Co_t-Jp54HXtViJJz90vyCEk5cE-dKKPCvDjCyDaUP6wwtlucguurY7_wGQCRVMRHiyXbmnUK3GrNtTqbROM6hQQ,creatureworld,2.49,217914.3984555812,2.5143174040770777
42160631,518,Creature #518,https://lh3.googleusercontent.com/iTIWxV8Q782fdWvCVmreBAutVkWJOpi2Wq4zxZc0jYHtW9VJ84hseJoVBxRhMIuJhJJKXrm9dms8RzAgZqdrJ-eUN1d3Ax5q6kqbwg,creatureworld,1.88,106930.9452668981,1.7989074423111275
42160392,459,Creature #459,https://lh3.googleusercontent.com/QJKli9aDa-_KLosnPZzCl_8vmG7svm9q2tC2_3kA68SSFKtEbZWEpvOUd1ZpXKt2KCkLHOMiUfbIauMu8_LoZ8SkD8lUUEABx18JpQU,creatureworld,1.53,117282.77898156918,1.8656363532365219
42169032,7815,Creature #7815,https://lh3.googleusercontent.com/P3lBJKueXNR-clC13rpJAhFPImAyH7kIdnVL57F1IrOBOTGha-eHnS0z1GlGI3K0doi_POtfvTOA4km5geRO60qUiUHJuqN2Mnf4wg,creatureworld,1.5,112755.3907780025,1.836452375548364
42166032,5346,Creature #5346,https://lh3.googleusercontent.com/qezoykbb3SWi9dBujegAERYu-vrnHj1OST8cchFoVM9rOEWA4CzpRzBjIOp1nHbvvZFPH2Uo1XCpQbmoPqh9uUlZ2P6xG9zDODx1g08,creatureworld,1.37,56582.24261978405,1.4743548860440279
42167352,6372,Creature #6372,https://lh3.googleusercontent.com/cyS0_QIHNs9-JnEOOkiKORg0dq9NW6tCkdLvBogH23n8M5SzbWzClxFulAht0l3qPFjOLtI8LYAxcKCGOaezQlndXuRgzW67x_XlUg,creatureworld,1.69,114934.57097104788,1.8504995796476744
42163272,3046,Creature #3046,https://lh3.googleusercontent.com/9-_Tdbm6AqBoLuZtwTCleJcM-uUB-YmldIUkWduMtKuye4TULhIFVP-eDTHVupDpNFQTDAk0lqJuTecTR8sXoWjHgkboQ-PeWkOFpBU,creatureworld,2.19,168641.16639895446,2.1966974341723153
42164833,4121,Creature #4121,https://lh3.googleusercontent.com/egFc0w4eP-MkGyCYkGsX1MC7gvEzJR-6Ra6uPrx6wUlx9h57i4AXv-NglmZE_mqIPiRS00XymfyklwGDjIE-AP4Qs3tHl7u4gVfqgg,creatureworld,3.0,271585.8060206905,2.860288434270207
42165074,4373,Creature #4373,https://lh3.googleusercontent.com/PHqPbBrNhgARxjYquyyf8fdo0b8ewFaLKjZe2bZF7tCBmmRvXZo3avPEDWZBTZXe1IS_zNAfWDOeE37SsYFvf0sn2beWArQI1y99-Rk,creatureworld,2.5,156943.76155540743,2.121294842962114
42164594,3755,Creature #3755,https://lh3.googleusercontent.com/VSXDqZaheovl05OStI3gzasDIGfOcrAnP7LuDtADYUU17nUBbs0ThF7xFSfvyEBs_am-dY-mulvXjqJn-q-VxoYbIefDoNYVfZiTbg,creatureworld,2.5,158305.9732077594,2.130075789653955
42161118,996,Creature #996,https://lh3.googleusercontent.com/Xtw8r8fLo8EgbNjI09etfre2fD93tNWkXH56hQKwGDdP1XpV6Cfv30QUpCoSlDlUvv6hTynG9sAnD8cIgb61o58EXdMMDIY1xItmEg,creatureworld,1.798,194467.37443460015,2.363175643062871
42162078,1754,Creature #1754,https://lh3.googleusercontent.com/ZHPamoKh4VasDyev6KckoKSnXynCj3sW5E_Uwy-zTe2vq2Qi3frU9URuwDFjnaWpb7fs6jSnr0j5j6esXB2-H0_DGgIcX3ESjYuq,creatureworld,2.6,237167.66527057104,2.6384258047461793
42167238,6286,Creature #6286,https://lh3.googleusercontent.com/4oSO53TzIoE0MPpBBt8UhUBpuF9n0Vua5Yf4FKj9UE5yXIXKu4ND5Tqv4v34WbtIPkR8gGlfMNG1hgg4Y7LGxdXYqDhqFHUjSznTnQ,creatureworld,1.7899,112630.55357304562,1.835647662976722
42166159,5410,Creature #5410,https://lh3.googleusercontent.com/2oPpiXyo2xwrC7Xcrjl4W2W11pGTPIsMNYHhmXJPBt0IuJoaycmq6r3B10rHX-lse43HrsFy7wav72f2BFsGurpv2_0my8JtOS8B,creatureworld,2.1,177234.64988000772,2.252091851195587
42165561,4844,Creature #4844,https://lh3.googleusercontent.com/3x59oNAsou8IIF_TnKAZbcr2vVZGnr6uOO0U9cvAaxsasZbqLH5z9RV69ogljGlp2AL88QmRCqwCSc3AdDfAauVId9INHXXOmJCb,creatureworld,2.92,213966.04686162053,2.4888659517955234
42164362,3950,Creature #3950,https://lh3.googleusercontent.com/ZZrCLb_b3M43xSukOfEEmvwhnKaX6I1MI9TkRowPzS_K61r_3e_UF97xgYwwt8wJFltxthQD7xCwkMX5_qL6gl16qcZWTcpYSurTew,creatureworld,2.469,245406.8419280072,2.691536326072798
42161603,1539,Creature #1539,https://lh3.googleusercontent.com/blvqrCIYSMH3MEZCeFcpIYKtx92LdsvQ6soy7Selj0C6GaC7cZsYalGgPUEkHFLdOnA3mKJZY3myzRT7-Z3vkgnhNhrLmLArv298VA,creatureworld,2.1,133755.66166810095,1.9718221316958677
42164963,4353,Creature #4353,https://lh3.googleusercontent.com/M18XHUpv18Yd9AzG7xtIUCl9HPX_8NBOAQGu7AKgSVyv1t7KR364rdHYIBbOMZ14TsetEicUpavw_dtV5SFUecQJqF1VIyvv51MNHNQ,creatureworld,2.54,162096.3877577957,2.1545091646338124
42160523,537,Creature #537,https://lh3.googleusercontent.com/znj-Xm0OLns-D0x5YustBAYBSXfjpRwzJz04h28WCzhccvw4788Zka7_0JS6ig5XD0PwdOFEUxxg12ed1qvwEqR_15LwDp-JrionwM8,creatureworld,2.39,143358.96679926614,2.0337259557283875
42163884,3605,Creature #3605,https://lh3.googleusercontent.com/D91LKljoMjSaSl5ty0d5VWcIHlU27xpO1GvIdtiqVT_JXrWVoOAFRBKwSuKUXXP7ySCqXcYfPMNoo9WvrOsK_7bI5emjmDit2BKKuQ,creatureworld,2.5,188458.5136727573,2.3244419514685166
42165325,4723,Creature #4723,https://lh3.googleusercontent.com/ULdSNSX0GHFIlgHp32081jk5ciFKiyjg_AEAvh80TRCOHHzNW3gxQM2a4FbttIcsPzUMjwFi7f2QEvomH-Pgd-mNl5e7PwXqfmUJ,creatureworld,1.07,34498.89438458357,1.3320035096658787
42167248,6191,Creature #6191,https://lh3.googleusercontent.com/V1GOKWcF2HwudpOzEx6m_2dVdpz_z_hdiFCyN3YBHW0kcAHgK_BRvaKleOmdFtYM4S1vOohrpqMoeaVwP0PaWewCxOhVLaCXTy2DGog,creatureworld,1.5,68116.04128261165,1.548702856154144
42161968,1827,Creature #1827,https://lh3.googleusercontent.com/7sC3NWAwXqT6Hz2i3ZnQ2nxNW1XmmGKgOd4WXVBGHp40opplLANlzIsK7MmrVS4Tgb3LxgPzZ8lGnMwQToTtbVEDEdhI-4BRxY7LfZE,creatureworld,1.25,39272.513649897744,1.362774716345469
42165448,4746,Creature #4746,https://lh3.googleusercontent.com/m5anLrotiU6w7MZjWnoPMHBCBm1TetnVQuVEex_njQCCA7J0O4-9E6sX6qkY-ZQATOplCAIOkIyR2bpc9PyWr2kkhdsZbipvhkprmA,creatureworld,1.289,41760.71869706879,1.3788139242320372
42164489,3840,Creature #3840,https://lh3.googleusercontent.com/8DJrEsVT007UQEm9rvbJ80RGSywXqWpoUYL46LR5TDn7VNpblyI0EveoO3OqRWUPQyiHSzVCAg_bQu6eHDxq9UE-IrLa1yD4wCmPe4Y,creatureworld,2.4,174245.53708170686,2.2328237440020673
42169529,8155,Creature #8155,https://lh3.googleusercontent.com/Q7P-MAXkOcpRJqpRH9UVjpsKX0hYPgKaM9Vc_FR6pOcIGeZowCOH_g4r9LSGMKGDyRJ8SlYOzIpzSZzz-J6_3fP7JLRim4RXVrhVRg,creatureworld,1.8,97626.93547422256,1.7389329046768385
42161250,1135,Creature #1135,https://lh3.googleusercontent.com/Eeosvdh_mCjRwHAPeyYRfeYKTVkQhbQEMjK1EsdjEdaG3P4UxEBozuNS7rz95RhCOv-UlcFinR70psuT9prp3gj-nLWVX90aW_O6CQA,creatureworld,1.6942,72207.68836659138,1.5750780048795414
42165092,4608,Creature #4608,https://lh3.googleusercontent.com/YewG90JTEhKGjIPkjRkJ16-De7un5bKrI3u6E-BXqAxh5M91ZJ7iOkWLweISPkNjxmHxT5Y6_jx_Joq9oJCOZFdnWPu8DXJJF-SV,creatureworld,1.95,133794.94936136587,1.9720753839269796
42164853,4226,Creature #4226,https://lh3.googleusercontent.com/et9Fsfnbv3PSwb20hRlwi4X6MiKcptIvmygjmiP31IFHLhvzIgOncpy7ylJGvpcapP61Si6ORn2UIpw9RkJKeC02BL6N1ZeoL_-1UQ,creatureworld,1.6,115577.0813601547,1.8546412631121787
42164733,4290,Creature #4290,https://lh3.googleusercontent.com/-li8U6ICBaOXqq3s0jd2lyQ-G6oMSWA-IzgxVPRvOM9wieEfGBqw4XnvyTqn2RKTIYyKzNig3QeWeco7KKKWZdlvFjt2a8CHHlBaFnw,creatureworld,3.29,327302.85217426624,3.21944584659792
42161133,982,Creature #982,https://lh3.googleusercontent.com/JvLQ2--PcvqblNKvcJcLYmQOtzUts6ZaUDQmfz5V6cY8qiN5aF_hwguaYAnOqsElKxsHp2wqeiNubRnAcAmLM4ROQz2e-dwn7hND,creatureworld,2.28,182531.574009341,2.286236331115499
42161614,1570,Creature #1570,https://lh3.googleusercontent.com/vnoEqca1NlBWn8-t0OokXtdgNwT0cOuSjp0PKURThice5uGWyUg2_8KQsSrrX-ZjfwsepQoDDbNM-peMmcJ70AgMj8oytK5D0SbC,creatureworld,3.29,488319.2635732743,4.2573730457707155
42165094,4427,Creature #4427,https://lh3.googleusercontent.com/A-WsHTzV8Jhgp3fUcz4no7Vu_pWC6Ftktsyw071OPymMdzWrMJxDLBJdPuNT8lpoe8vyUtWaUCsMVnDpOI9QQYhZnSMrRNrmzdLr3A,creatureworld,2.235,225894.08431400263,2.5657552228767155
42171694,9886,Creature #9886,https://lh3.googleusercontent.com/alcr2_GwKPyPl7fBVkEgFHodzeCDkVBLPgELDaxLQl_9Vl4Wgreoe4EmAmEj85MpdoSYoEpwy3QOxXW5cCdE5rI0c1to1apid55_IC0,creatureworld,3.3,385154.3299206084,3.5923620092645425
42161615,1587,Creature #1587,https://lh3.googleusercontent.com/YJb6eXqDt-LlcCQrDA7qf-bp6bIK0ppqjI1gaL-PqTDSckiXx0YWN5MISoQZEoWugOSN9PRklvqcTVfQZFypkb8IZlqsnQzTsfSEmSs,creatureworld,2.0,120565.48099259452,1.886796964595442
42161736,1535,Creature #1535,https://lh3.googleusercontent.com/fe03XdnXF_YpqWE6-YKMRpulAFehloAMRVMmmCpdK4BapGsHQ2e-kOZXzr24e-pbtM50TiEVKJmDwz1p9JA7_mWZLFONDVut9axvuw0,creatureworld,2.1,133197.97467801397,1.9682272279801112
42165696,5104,Creature #5104,https://lh3.googleusercontent.com/_4uanNvKVQZKYCs6G6px126u40PQR_B8KrHNR6XzVkzYisTwU-NSDi73Ma_EtKntPS1FztpshQ1NKyDtpLcCoQ5CvTYBeDNBCD12p64,creatureworld,2.99,225080.92839263997,2.560513541978368
42165217,4613,Creature #4613,https://lh3.googleusercontent.com/xLauCMqwqwsO8TayheOsjwU_4uCoRiNQmRuVNxZYlmKHlz7h_4PCV9UHxVC_hE8lj4VeBKdLekj66J0l-EclnfA5QGb9cn2nJwO3NA,creatureworld,3.499,370344.52412057633,3.496896583592939
42161017,1007,Creature #1007,https://lh3.googleusercontent.com/BMktzetCfCv6PvSm7caY7Vg0ctl8hb5kHeh0DDATmhPZY4cDf-EuOJNXqFR0-k-O1jL9gG8qGa7Z55z-6U3HNdvMI4Q5mWmlwhF0lEM,creatureworld,2.079,151697.79886045057,2.0874788653258425
42164737,3933,Creature #3933,https://lh3.googleusercontent.com/H-TEI4YzPl37OzI9QPBrY-oZjvt3_0BIgxbb-mnyA3Lk3riwDlvNmXcn2u9yiKJIUm_9TNLGx6a17m3Rfd6hpweodR2MKZ6snOE,creatureworld,2.3,133664.3548021487,1.9712335588987246
42161978,1673,Creature #1673,https://lh3.googleusercontent.com/yPdUpXD_LVLQduRxkk7WNyL0aAPeINSrjMzbXxPiopQMFOISjSJfBshHtH7RqF9Ucy7FSGIj9IJxU0is2rFswk9pl8pXykoNN7Tq2A,creatureworld,2.55,196889.61600151655,2.3787896440421834
42165818,5005,Creature #5005,https://lh3.googleusercontent.com/UPixnJ-8w0Ks97mTdlEk8gz6KbXWDCAj8EnW5yg0F9pf9ERYKmghKrrKpac87mD0Bpr9ApLjg70Wihs4B6APPOXHQ-8douAq8vcJxQ,creatureworld,1.8,97725.13528720722,1.739565910070294
42163178,2775,Creature #2775,https://lh3.googleusercontent.com/O6JKRiEb4XOR2Ghmf2j4fO8hN0R-48hdWTWpwLJRBaBZkOgAvAe_3hBpGEFkxz2pBRl21MV_sjWW28XW61foB4bSPr31Fi66eoDumpw,creatureworld,2.9,254192.3113242451,2.7481683026808152
42166778,5911,Creature #5911,https://lh3.googleusercontent.com/93RBHh-M0NF62BtcPpwwkFR61uKIhFvmy_OhSYOPoTowWbDozrSI_DetRKdOLSmooTBNCsxKiY2HWGO1GRQ9BfD7RuTqRTJXkGuIGg,creatureworld,2.25,203526.25289387064,2.421570040659881
42165099,4455,Creature #4455,https://lh3.googleusercontent.com/gtMZRKrawR73V9iGQjnICPdqlI8iF_-mCPERPrZ9oQWtIni8HDnFbvg4eoa3FJEXn_rnU_OQ7zFJ7cdpTUGABEAM_B-9oDjMO147cA,creatureworld,2.24,201483.6548491572,2.4084032581613464
42160420,425,Creature #425,https://lh3.googleusercontent.com/kuNh2zhHkYImBjljwXRvZjgM4mE4StGlqA8vyLie4ZFPXhfGfhCFexOpuglJJnByJu_pW0C4G52OHf8VGa79BFhcSBFp04I1vyKaPqg,creatureworld,3.35,337493.81244102994,3.285137751880492
42160300,340,Creature #340,https://lh3.googleusercontent.com/O3eu6CtOizfHXBnSelbYyd3agDA22J9oIksDvLnf0fl2akuHOj0ywmXL0v-XPQ4AUrjG8NhvgCm5M4aEN3tGvVH63CXHfxOf2ZTyiBY,creatureworld,2.39,172373.05339841216,2.220753534959321
42169062,7743,Creature #7743,https://lh3.googleusercontent.com/_4jBHMIyOwAMUBFG4MAJrLcVls6FYJKG8H1fJx6PVl3GIA_62JCfSgDVGFZn2AC-zg9-s6ZDW21FTGGHVKP4Y_DDvU5huIc4rfHJ,creatureworld,1.5,79077.11423030426,1.6193589814874487
42161862,1743,Creature #1743,https://lh3.googleusercontent.com/hNn8G8pD2wFevfbUwP24_RwAM6MvbFKFu0ix8iBYfugyQrAZ5d9qI9qZfbtH-mxSQsh9-hHmAluN_5G9WUVhSI_TBSkTqy5sIfRFpg,creatureworld,2.68,216821.1592186348,2.507270279318983
42164023,3769,Creature #3769,https://lh3.googleusercontent.com/HZEQdJ-7CXQA-iRTBvXF1C74vCfj1M2FBbPUMaSDaR1gzJLoUsYIalGUDrK3SpyIm93R19CUgSSCWxmFaL9g3nkqFqZKSAtwnhQt,creatureworld,0.84,28377.873738889197,1.2925468247251066
42168703,7599,Creature #7599,https://lh3.googleusercontent.com/opxcttQ6TglyFayrDwfGN075k2TggNFHzXiw8_kvux3-sPw6G1GPvEut6uyoBfIZVMEr9k99L6hE0I6sAc_j0A0BY0-Q0JwIMjud,creatureworld,3.845,594315.4794141285,4.940634798251249
42162224,2076,Creature #2076,https://lh3.googleusercontent.com/yjwnERuyLOPz1PTLns-yUB4oJiluYr2q3BalDQb4wVuGrhaDiqWH5txwJpFcJhZm8QlH0HRyzNJ6uC9vhn5lt-3XkCWSlP8ZlBwImQ,creatureworld,1.99,119848.70417871117,1.882176552648598
42162104,1839,Creature #1839,https://lh3.googleusercontent.com/JxS5bJDRYlLKCIydXhTqDY3tvIhSAMpDW1DX-8t6wZFvUOrKBDmAC5nuNJel22ijR-3kuU4gJHPF8Q7tq0ey4YtBlexGzE7CwdhTQQ,creatureworld,1.95,95638.76017789176,1.72611693642332
42165346,4630,Creature #4630,https://lh3.googleusercontent.com/5f3V_fnn3TL85GKNQKbZhTNHJathJVzXMo9rzQYZEYHGo5TyQylPTjwxgq-AS14EWEpFRM-r_hl75qOS4Hn5ol2rQlSBi_UbKYGO,creatureworld,2.05,126432.28438976905,1.924614940820469
42162347,1933,Creature #1933,https://lh3.googleusercontent.com/SG-wQXPPQ3ELZSRZ2SeHw2TGQ2FgH5ByjW0W6mquGl8-C0OAoF2VgixKChMK-SJ5PpoPi8L5tkDAble8WNgWLGvugM_LS3n1f6hu,creatureworld,2.2,170105.57956698054,2.2061371816161617
42162227,2138,Creature #2138,https://lh3.googleusercontent.com/rhr8dhv-egw1_yWbIYBi4tmQ2Wu9Gw18VYrS_7BC_Mnj-WVvYjJgwEFDBXAXnICoTQKqdpow5u7CGYam9g5oSwloQx_WQvQsMsxB,creatureworld,1.57,61913.648795972666,1.5087216405383348
42161387,1375,Creature #1375,https://lh3.googleusercontent.com/Sh0sdE0JNt2bI8dqGs9wxTIWdNP4vYRcSLUPp5riEgywGFFZbr2rRwwyQBMkn3o9tuRnrF1fRiP8iBcXhWeLCeDC5Vu_buoDgxs2gg,creatureworld,1.84,118929.2914964116,1.8762499304991431
42171709,9904,Creature #9904,https://lh3.googleusercontent.com/BFxlmOoATr3WmxDJBE3t81pbzArHhi0DRn2Y7jllTWaCVKIQAqEkqbNljD4xJhF9kp3MhPVIauKb5bgWYh9vI7fL74Bn9rsKenPMkw,creatureworld,1.89,179218.37210520558,2.2648791145263676
42169069,7857,Creature #7857,https://lh3.googleusercontent.com/r-1NAivqlha4kuf2dfNGnrTW0O9VWVq32g6IFBHfKkw_kzEghuOUQhAHUCiyYywiaryAqHQM4JjflmT5PzoJpTn3e2FqN8bwyWbXsg,creatureworld,2.1,221505.26027067075,2.5374644430277637
42163909,3542,Creature #3542,https://lh3.googleusercontent.com/ZKu3FF-SJhnpohfgP9yxJIBSBGniukFUbv1O6jpj5HtSm0SoyHX5WCVDAJ2H9Bekl-dQUro4RKn3b8KBAnpYaqzkhn_s1Eed_eQGZw,creatureworld,2.65,212479.5897550788,2.479284107014123
42164749,4234,Creature #4234,https://lh3.googleusercontent.com/9iYBWZetkNUyibe2swxJS9oDhQ9td3vtDJTFxDZ-asHMs0rXJLb05-At-ENMnw_doAJn4yNhNUmEPsgIY45Lo9i7bABdpxU_sueapM4,creatureworld,2.69,182421.591001607,2.285527370120889
42161990,1828,Creature #1828,https://lh3.googleusercontent.com/W2sbpMFCcwVoH5w3pkFvszu8SqLQ4XftUKtzYKkc0r4rAMqeIfoRMZO6JGl0sOpIO-baCz2huDTQh3_usO6kxt-d8mT7_xXczG9Wdg,creatureworld,3.4,349530.1154903912,3.3627249133621913
42165111,4609,Creature #4609,https://lh3.googleusercontent.com/YDVyPGIrlULmfbw-nOoSrOh42nYQ3KpHeEDgTiEl_abLZvwlNeSHVGnUjsJJegtwuFCMqBd2TiTrwEtaaGUJvpXJw-YGItk5ijfEqg,creatureworld,1.8,129986.06648775964,1.9475229603657396
42165831,5161,Creature #5161,https://lh3.googleusercontent.com/Bjk_TXNqq5dqz2EL2vdRyBFc9YkLNkRavTOJY-i5qdRQwFmsgkP0O4lfkVjwClxEvQrPLHvvH6AhGU4muIo6CbPL6TCvqn3Bbbw7dQ,creatureworld,1.499,79171.10554687839,1.6199648585102362
42162111,1886,Creature #1886,https://lh3.googleusercontent.com/1uGbCVtA9Gh5iDKqaC0sDXlYWu8lDKLZoU3BMrul4_lBD_aScVw472K3x59OoON6dOEDjELx-fFZlOT3yNHicxPTabbbMeAitgrrXA,creatureworld,2.15,138990.79136676446,2.0055682788011784
42160791,726,Creature #726,https://lh3.googleusercontent.com/bgXuL3I8Z6yfwHFy5-6nST0-agVWl0eVykZF3GwuFpDXYkCyAtwAIUqJARDZxFwd9teEqABR9y1hv1PDRdCoy7vx-Hyy3xs8tyfDMO4,creatureworld,1.69,85928.0554300994,1.6635208041825278
42165351,4547,Creature #4547,https://lh3.googleusercontent.com/z16jCv3HRNL05dx1eo_tmWizAH9fYeQ8VPoZ15ftkj8zr3kH7wzBANmBFiOOocaOE5eIgcnlTBS-pYI4A-cNA9d0rLmiXAgu2VpKiw,creatureworld,4.9,608899.0293609542,5.034641757037555
