id,token_id,nft_name,image_url,slug,last_sale_total_price,rarity
42161160,1116,Creature #1116,https://lh3.googleusercontent.com/748nJpesiUg4gOuHvpdUEYehVlNG4K9ADECP91c0ezJGKKDlM6v-B1S6JD-o8yCKQMexgNRrAgsSMmAsEV16CWtTBl3JBiQWc7P-,creatureworld,2.15,158.37177333570554
42162720,2401,Creature #2401,https://lh3.googleusercontent.com/-uoGWFEj9XoCLkhX-S09j_JEM5MmM--lcxO6H1cPqjYXzODpUEJMjef0I_-4g7Gtdc-LAPCTUGhLFfKkjbHunU57WbZOJcLcQjTT,creatureworld,2.75,168.0320203071394
42165480,4742,Creature #4742,https://lh3.googleusercontent.com/vrvJYEVMQNQRYCze6gyY95vUc0Vcjxl3RluM0Fmn5k14LXv0IpFz8QOjcni72WFecpNyYSjQTc0_J2T1Aoi48io1kEXewYcp3iI10g,creatureworld,0.88,164.56095730748774
42162241,2190,Creature #2190,https://lh3.googleusercontent.com/S3CnU6brxsLApOiyyyKWRZse94tU3ynblEV3c_NQykLFsD8nRApJRN2GEzSRO1YpAebWW0IsPhISMT163dOIXlpID4LFbnOG45ir,creatureworld,1.725,122.2993548440919
42164762,4201,Creature #4201,https://lh3.googleusercontent.com/N5FyM08c3MfXpA3Pk7uj0nfs_B_ENEg_eO3_b_z-52RF9z1186Ld9isjsZlJ2p3DYTvM5MfRY6NpcyIQ8omiG5TeEskvAyCAOTtd_g,creatureworld,1.49,136.9729114446027
42162482,2318,Creature #2318,https://lh3.googleusercontent.com/ybF7QFT52Z_FVW7go5KG78oGPvI_x2Xtq1NEM4MN-MbbCOJNKGkgkH72A-4heRaidYk4SmGy91Fd42ebsm94G-9yaXpvk-9PCcKJVNs,creatureworld,1.75,130.31856450310713
42163083,2633,Creature #2633,https://lh3.googleusercontent.com/EA6mRYCOV_OziYAvxbwpbQBEsGMDMgoGPzb9RQDxMI62YX8jKL-9fq1G-oEbQBP212vPMAQyvwlIQc2COfYEXIlS5jHDu-JJ7z20_w,creatureworld,2.0,150.13122773475146
42161164,1053,Creature #1053,https://lh3.googleusercontent.com/ab6fMzmgQJS1kJ5l2gTjyq-eciFDU4NBDe41j8x8YeJm7mXoCoXlky3EBKHnd5LM_5DrsU5Dn33NlehmoaWQDxt3hcxGqXUVX--T,creatureworld,2.2999,162.3920981107809
42160684,582,Creature #582,https://lh3.googleusercontent.com/SWf8ndAhAlGoFCnLuU19dpSC0Zb3527lYNIt3doril0xUBCz3d-Kr4f60AicrMVgxnKfMmaEPJGOnLYweFy1xtnUFqQggZ6dUOEVgQ,creatureworld,2.3,109.30136813195782
42166326,5510,Creature #5510,https://lh3.googleusercontent.com/K1IFO2415P7w3x3tRwHkd3_oCjiQ8jjbOxpiwV_RdlrnvjD9ZDXQvWBZkm1kOIb9BgmjUUnzBmYk-dvuhUJBMWpbAVPlDP2qmADwow,creatureworld,2.57,164.01301371501108
42162006,1850,Creature #1850,https://lh3.googleusercontent.com/-kbMue3yIoUbrr23AQX55Cl6IGq4u7Evo1whEzoop995DS0HIcQZpOMpZIWnxSmnEWdkmS3zMA0wvHhyqw8m88-2jCFN4kPtMBXoZw,creatureworld,1.69,229.86631834074385
42108607,215,Creature #215,https://lh3.googleusercontent.com/fHEEEXWi47_BgzoS-GmFhFRYjzJPJgC-QWLikB6EuDeAbww783bZsf3SLG18bFHVd2qWFVabjhwtddgVA2ek1SvVb7BrmPEpk18b,creatureworld,2.555,97.77615561950829
42164527,4252,Creature #4252,https://lh3.googleusercontent.com/vKbhaNcs-qhJU1E793JDQvRaRvrbWTDQZ7tuBTGmysTISQ5H2C-xV0etMzJ-E2LoIb8bLAurJVYiMzL7jbAQaXnM--lqR-9bx0136w,creatureworld,2.14,100.42384817623663
42161528,1284,Creature #1284,https://lh3.googleusercontent.com/l5fgHYz9KexVhyCFrvPq07PWq1bazO8l2fXUqbpgCUFbJFb9CNYDnA5dufdlK6W2sOHjrClaec9wkLRP20si5Fcrvx_fgtw2UUEP,creatureworld,2.345,274.63629348262384
42107048,16,Creature #16,https://lh3.googleusercontent.com/6t4mviRV6rgLIYSLaSOUbaCadgWzGaNhFTXEjnMG6s2EJ0HrWUvYCiUUf-5UCEhteeDd7LcMuZf3Cp6AtPIUaL8LwvcqI3lOUY2fDQ,creatureworld,1.4,163.40722424284615
42165249,4626,Creature #4626,https://lh3.googleusercontent.com/dMUOvac8ScAEDn-cCo3mBBVhShXmI5ibQVk5LMDsbqvbWqFwZUep2RphBToCjhTvxu4aNEeHztsIyfb0UesZ7Gr43M8YpnSDEVzcqA,creatureworld,0.95,223.64090438349083
42161051,972,Creature #972,https://lh3.googleusercontent.com/OaggS7y-kdJF_SGTA1VtXXtkYCviK5jQ6_kSrzmYVZjIPjsI4D8pHAV8rqvOt5R7oRZ4oYQtvlOqTq96tYz3rig6BGkNc4IAmUlemA,creatureworld,1.98,347.3159266222666
42160692,567,Creature #567,https://lh3.googleusercontent.com/XIeAYoa2FN1sTJb6xova9exne_htA817duZPKsNqi75KT6G5eaOsNffqHzwoi1UQM0f6VdREzXDbLowZoAe67xKMqsSFU4vMsga1Hw,creatureworld,2.05,213.45448592461446
42165013,4386,Creature #4386,https://lh3.googleusercontent.com/3ymzSYgT2kCz1H24K26AbbkkaSU4xJa6002SVwbuVgXbTCWaMgg8Kl4BblUI-AzGUpPdvP4tymHR4FVaSnZHJUjBm5H8n_puDiXoxw,creatureworld,2.38,175.73636570995274
42167533,6451,Creature #6451,https://lh3.googleusercontent.com/kQNpYnHlp3LxlgkaXEezQ__VlMYErAkezdYj0LZAKgzcV_yc_lwqHbHxIt28xeeSKbing3Faaj9yhQgCy9QdHA5l1R1Vt4api72jfw,creatureworld,1.9,158.8860341701011
42165253,4812,Creature #4812,https://lh3.googleusercontent.com/nCGYF0O3JEa3LB4XwZrf6KLDDU0WC2QoltCtwutKjHRGkYg0l5mjA4eye8SMipP4O5_Pc4xJqBpJrBvBky-u6aZ2AdhXQJnkzIgR8A,creatureworld,2.78,382.944587382007
42160694,655,Creature #655,https://lh3.googleusercontent.com/UD5n4ZBrLGcISt1LqhfkTINN24paw6H59lxcu9o6RFSNZKlQvt-de-xgyBGH4a_RDSNxbqZU8vqDfi81k9VM78rqXsliqM99UXoJzg,creatureworld,2.69,132.31235139611528
42166574,5761,Creature #5761,https://lh3.googleusercontent.com/0FCYHjdluGMATjivJaJudtcp9XOzrtv2WMkhUkMNMy4nJ3gqoUuNQpd-a5Wrk5ixoF_O1yZ_KUEKEP2K9KAubjokKKKdc0QFDH9TWw,creatureworld,2.6,125.52351521615435
42162255,1982,Creature #1982,https://lh3.googleusercontent.com/SFbklRqIThYjgWbcAvw4mdQPHn6Z1O3z15aIVJf0uKLQHX22ouDSjdFJ3f1S8sDRMnfbcnEFITdX1RnCmuQzAlz3X37BLgoajI3iTg,creatureworld,2.18,137.63802415166575
42162976,2659,Creature #2659,https://lh3.googleusercontent.com/hbJlixAomfwjibWRvdETD6kqfwci4jPDS3vUOXtJC_QgzQH7JT3kQMbIxrIv3_R24Net3e-rjVEcmMPTX8cm8kRq8T1isMnXVTot,creatureworld,2.4,121.57500343731404
42168137,6974,Creature #6974,https://lh3.googleusercontent.com/fWGfVwcg_WFqeCBIZCllriZIj6zkZnFQruDiq6km9VafniW1G0TZ7L4og81k3DmlYPJWrEdOZMNGGhfYZh4W-VDKkGxqS57XUciF,creatureworld,1.19,142.63015544366522
42165137,4457,Creature #4457,https://lh3.googleusercontent.com/h4wpIdmv73C3HtZ5j-lehN33oz6fp2y0eMEbcMAW1sUHphLLgUXU9mrSHXZithmrpm5QBuaq4UyrW2-GURkL8ut1F0w4DHPHzYETBj8,creatureworld,3.0,145.70988194165298
42162137,1934,Creature #1934,https://lh3.googleusercontent.com/UINE4T0IfsYlF3wiEtSaWIz1GXysMyPF6CoLvvpwbZVojWETl2NhC_297PR_diPJ-AZ8DnZCkf6p8kiVrIqYx7iOSMSUouczGb84,creatureworld,2.99,397.39704797807417
42160699,612,Creature #612,https://lh3.googleusercontent.com/UFY52eldARJ2KnPDfY9OePvx7yBlttHNJQ6n8wh6KNzWNC2oqyc47qEV-TBneH32JThoKsTTlnRSlCZKMqiFpGI5hEnFQAuUxWcuLg,creatureworld,3.3,122.9128679855139
42165259,4862,Creature #4862,https://lh3.googleusercontent.com/y_M2_yYd1jicPJo10W2-deaMdWWgDEWiQnBybAO7FtKx_rT-vB8tl3fDSMyvgN3ZoZ5pezZwB0r43lKAPOJYYaFuvEWgAQoP18ky7g,creatureworld,2.9,207.8820377573985
42166340,5511,Creature #5511,https://lh3.googleusercontent.com/BGgFAFLb1_SgBr_7UJgexSWGKVKeDC_IDsqJkdgnHI8z0enh671enhtf26Rw5_cvOpYgJM7oCKBLo5Ta4TyAbrv1pZ75EiVwLjgV,creatureworld,1.7,159.7442328614896
42165260,4926,Creature #4926,https://lh3.googleusercontent.com/JPGi1O1smUM4unim6ygLAyIObSc5OL8e2gzV8CD6DLVkmPo0CHT0FKB-iEpotR60YlfLQKwowMo_8Bwqleh4U9TY4MCluDdgU1NpVPQ,creatureworld,2.99,174.4553663929571
42161420,1227,Creature #1227,https://lh3.googleusercontent.com/vTfbWmG8-75ztvqSii_oETicDDHe66n9LYVLdlb9RWCj-eBReEInLG7aS7YQ5sXXe8emuGSqUQMx9y69pOI4nXloufbcaY50j9_2,creatureworld,1.39,107.42663271596965
42164300,3860,Creature #3860,https://lh3.googleusercontent.com/656_oRyEPWZWSViGu723LXd-RWz6V_6bWtwEp_VGxFvvEEliyoc8PxmDubTX2KNz9eIY4Hmj-6IP0SBn5FoR7Sl4LNOlfJU-nYJv,creatureworld,1.95,130.03172252946877
42162020,1695,Creature #1695,https://lh3.googleusercontent.com/Q_mlEXFhKNO9gj5YKw8xiu9VT-DnpyPlpW3dAy_RcDGCDax25HFDvzPlsvtDrm0v_EUStIdRfGgVUm-j12GTehch8xKfvsUIG8jk1Y8,creatureworld,2.579,246.55722246303668
42168021,6842,Creature #6842,https://lh3.googleusercontent.com/pD_B-Ioy4Dr6nM0DaTJgwJhUXmoxndEOTIJZ6_eNhOyXyhjMB-seFJeiulRXV6JpAisUpnn4jp-hdUxXYGAuFe95xFiqgyxiIf4kNA,creatureworld,2.299,140.02191311506053
42162141,1969,Creature #1969,https://lh3.googleusercontent.com/s_veSh1snnEike30mPUNJIjl4QrOw2kfJoq-Z6f7FbwSTG3ON2-mJ4yfpASxP8F_3KdbJdvQ1gVXG62tgpzP-J3o81z9fzl3NS19sA,creatureworld,2.75,241.70223741945955
42161302,1168,Creature #1168,https://lh3.googleusercontent.com/lF5tG2DBWTukBnjUNdQvipbPLOkevaLay_jO8yUkot-4XPergIndPe2iMLqass36vttfJqcQPOEoUE1Xb1LWqIw99KVqvUjQUmmW,creatureworld,2.5,134.51139018067227
42164542,4041,Creature #4041,https://lh3.googleusercontent.com/6UhF9_Uit2zuVYWkue91SSB9FIfm6KgpPFBgilnoLeMxA21BeY0Johw6ZcseQ2jfY31orpGdtxEI1QbphjIP4-IQ_a_JdP7VVWD7,creatureworld,1.42,109.63845931498994
42160462,339,Creature #339,https://lh3.googleusercontent.com/IaSrbtNIWcI0-3JUOeTc_VvpFDYJz46Ur2wZ88KU7vg3qB0yZXcYADacPFv6uqIgZkFIBwL63l4pr8Pcej-DYgDFgK0j5vxH9Tcbr20,creatureworld,1.9,171.16323755161605
42165143,4474,Creature #4474,https://lh3.googleusercontent.com/L3yVyKT5p-2d2hPdYpEnfU0ErHIeMhOny2S4o4JbetMrpI5_NKkEFhxSnL-brabEe7bzcYsdF-Yzx-EC3RNfUOH1Y0uggFMpEXgQ,creatureworld,3.4,195.386713158648
42166464,5634,Creature #5634,https://lh3.googleusercontent.com/xJxPeYFfJvTxL1dTWw5lN6H3ZF1jkKYjDdyvawKJzGfhrz1IR3rNKAczb1nM7-c-IyPp4X-ktIP6FU_YD5UV5JRFh8AqCDUmXUdc_Q,creatureworld,1.99,172.02479602164215
42162504,2243,Creature #2243,https://lh3.googleusercontent.com/rPUPfz6kdpmxWO5X7BF0fJ4FWQxgObTP-NIa6aTJVlxfy2ry49-sP1Vc6qDekVUAFSpgAZvPipuHOp4TCK5w6qqbb04qAQrBsUkAeAc,creatureworld,1.0,106.62562467742579
42163585,3289,Creature #3289,https://lh3.googleusercontent.com/7LlCwjaB_GzYQzD418mHcTBCZR6LtmbxBt6iIlDKIV-2nSv_DDQHdVtyIAkB08BZCz6TuBFCxBEAae3mzb7xGRNhfqEfgiehljjrluU,creatureworld,2.25,114.52502887769026
42162505,2185,Creature #2185,https://lh3.googleusercontent.com/XByKlHo7iYIXF79-_UaGpzQvTHnEvoHVkgd8RcgtfjVM0urX8Gi6OueikYfYptmAJyD894EXgmNDoNA1asLZ5aAb_a2_zh4u2PdPHw,creatureworld,1.0092210283259109,168.39664757394175
42164665,4260,Creature #4260,https://lh3.googleusercontent.com/VMIVuHdFVXHi23lgtJbj6BKior2FxR33z1xfziP-mdl9-dciNbIB-7GUUIdxEbACySe8CfAtZ7RBNcrAkfMCcc4YKAzDsY3aeRnp2w,creatureworld,1.185,119.22137065685756
42168146,7004,Creature #7004,https://lh3.googleusercontent.com/w7bHA3EJCtwKe_EZoxDZOcu4dFT_jmwD0g5Uv-U6I01-MgqgH9XDtJvomWE4Yl7dRpjjgS_3w8UTVfLu-vsZ89mEBZMlD5yM4qp2MnM,creatureworld,1.75,129.72593768539642
42166346,5618,Creature #5618,https://lh3.googleusercontent.com/YkeFtCdynTW9YHOukI1I_WaZCS_BEqBGhIB3-qwqBCftgsoziQxAIJsEzfARXnbw8IcdU-S4wIrUGNLAV7vcFhH002xJ54ry82qppg,creatureworld,3.98,385.350468610304
42163946,3498,Creature #3498,https://lh3.googleusercontent.com/p6BNSNBe8FfUqGcv_oXqKr9CgkLe9avKriX-UMDEFsTjTDsmDoStrQI5ABh4SXrfoZiKZ4s95gkoi7kHlxnknxtXZpra9kkITuoxog,creatureworld,2.59,126.163206092917
42161186,1035,Creature #1035,https://lh3.googleusercontent.com/NC_-vV0AOUxgpj7GPtVa-6StCa61Qln30PdPAcxxUXpZiNmoxPJlpvYV48iHM00G3bAV5r6IqNph9pK9vxkC3g_-G96GGuAqglp6OQQ,creatureworld,0.849,133.09631693305795
42162386,2358,Creature #2358,https://lh3.googleusercontent.com/ZpHTjNVsqCDxtzOp0-8KomcGlKPXXA6t-VHhOrBFO9w5q5Z6ltTrLppraMCNVZeDUSvYsP_VQZvhXOdUYFTMdrzFQsQVXD8Kw3D16pI,creatureworld,2.4,253.68896100503818
42164427,4063,Creature #4063,https://lh3.googleusercontent.com/S5ET-1rArubPGWH9NKeqUFK3iXCfILDRAxOAkAAgwzl-RmX0y4unmla57r-9CdoQYxfw4MO5EYanZBoPt4_mEcjs-7RwR-5LR9W4lg,creatureworld,2.6,95.55756359618582
42165267,4821,Creature #4821,https://lh3.googleusercontent.com/Qas5oSpSAoiwJn8YMqi2Tbe40mj4eQjK0w7M7JDso3ZGNGqZPMDGC6zWoBxJhQzg9UbzkQXxAwxHjwkNGx3bBgNAOqFuzScrmMxV6Q,creatureworld,4.0,149.38306426538895
42162147,2019,Creature #2019,https://lh3.googleusercontent.com/NTN0wn0_K2VdPL7xM9fBGXEzQrtwWhoMTzyI6s1fmH5mvmghRuyhCQ3Andj2V_u-ceK9O-c2Icx9YsD3rkDxvdAMx6A-ybFLmKF-,creatureworld,2.99,130.36790155989618
42162507,2095,Creature #2095,https://lh3.googleusercontent.com/cf7rWwrF-4t4tpvxFMBylF_EXsbG--6StxYySEe_rLQUgsQWFhplmMDMsjHKVLPUKDAdLdalnlkwzVkLPI6tN7Je_E1vSZ9g105vjg,creatureworld,2.2,112.25777573515836
42166348,5597,Creature #5597,https://lh3.googleusercontent.com/ev0T-WnZE-FyBbt1fSzk-A0SL5llelLSm_IeaDjrZWR1Fm19inbibvaKPF9s5F2ZFhSw1FGQb2w7hev1trbxUEXrp3CPucy1EC2ojg,creatureworld,3.0,164.19587007345712
42161068,954,Creature #954,https://lh3.googleusercontent.com/1cou9myOmAj9OiuaNicAdTodR0JdfIaU63uK0dQFSoAdFxog9QIh0h-BrpZNrHoU2zEMQIuz6baWJjQs5w2TOI6actjU96M9m_seWA,creatureworld,1.0,140.61712419823502
42164908,4366,Creature #4366,https://lh3.googleusercontent.com/CDB03vxtjNwMQNDEXjM3BwrrAPH9TKzLZAsBRQvdjqN-xSBqiDrVe376UXXCBR6NGA7UblEKWynNFIJBExcDcXXUd6gDfH5qh3U9UQ,creatureworld,0.83,124.31080530859009
42160349,506,Creature #506,https://lh3.googleusercontent.com/OIoABiNvF0CO9iGFMyZxh1YBFOS-0zuJatdTBXOeuRHxhTDwvl40hZCDiBfbbuy8rcvbndvcBBaUtInCiquZiMg2mEPgnP0h1x0S,creatureworld,1.584,109.85329374424384
42161189,1159,Creature #1159,https://lh3.googleusercontent.com/8scmJW03YxenxIynjQHILduxn_yKMfpl4HECgmojG8X4Yin6UmHQO15ZejjS9XYnmEhuJgVtLGcv6NDSqslxAfEbmPObyGF0qULtZqs,creatureworld,2.2,135.99638476054793
42168150,7174,Creature #7174,https://lh3.googleusercontent.com/Z1FAnOwegynfY1vXgyD2OO-2J-9hi6d4WMm7aMpcvvD3IQCk5r47WmRgACwltDuNCB_kqRCF_J2pqTfCpfx_WPTfRtM9Gz6s0x9MUA,creatureworld,2.6969,155.97121902819902
42164551,4018,Creature #4018,https://lh3.googleusercontent.com/vQKyNhrlLcr9Mvl06M5WQFBFgu9uIkjl7QFYwylAalhpj0B738BhRu7i6YuxZp9KD-08S3w6rMpqpFo7umPIGOTp_ul62-76G6wRf6U,creatureworld,1.88,139.72768139633973
42164192,3338,Creature #3338,https://lh3.googleusercontent.com/VybPh1oYYqWhFm4MFwClcmBnxG0qT9Cpzsezr5k-zjCwrXanOUzCds2enc-AqVzME8q0FH62_SlZiwXyHJutGTJy1C_rvokRuB99,creatureworld,2.13,144.61800538028552
42163593,3140,Creature #3140,https://lh3.googleusercontent.com/OcKVB_cNNTY-H5VSodi8XPleWVkowRRX8cL6uNS_Qx-HtBpAVffifUz7N7UcSVx33Ng6j43e85lUb8jlS_P1mqTYKzi8xzex34Nc9a0,creatureworld,1.35,104.76905869274847
42160474,302,Creature #302,https://lh3.googleusercontent.com/7mX0xV2kFL3L0jD2hpqeTvE1XIoh8KyKqp49seSCtS7ulFgdVdoJQRK2sK7jlm3ICQ9vmKDickMW4e9uzV1Q9N1YpgFN6WmvSi9wCA,creatureworld,0.91,229.04437459458188
42165994,5374,Creature #5374,https://lh3.googleusercontent.com/Yb5BVEdAeMj1TJqrYyKu2hFU6ybudu9bCYy1WrAgr-iQyeoFseyIB2DJRnXvikhJLDhTDk3DWZ9M4oGL4p0bLs5YL-K2-GIHnPvz,creatureworld,1.48,215.15993297977897
42162394,2078,Creature #2078,https://lh3.googleusercontent.com/RwWcq3NV3tykiivfdsAZxtWcJuNLuEQQGQMX1KXoTm7IiTxWG0XpTxFdg29eEVteiach3-pQvwj_f9O5aC6TRcIzTBGP9N7Qu-vTiw,creatureworld,3.2,149.2888015932787
42164555,4292,Creature #4292,https://lh3.googleusercontent.com/gES7p2ONW2F2hUa_jOhFPvvxCr9el4Ixn0Uuo4ubb60o71DGwWuxuzwY8Gs-BwWXjqoLMsXvSLhsBlj4uZ9zfR6vjxJZm6Ba2lXRfg,creatureworld,2.3,107.75966655043351
42164796,3977,Creature #3977,https://lh3.googleusercontent.com/7UolYMI2JI82cm0tNKx5fYN2BS3Rm3sZoefoM4FQcevuJkCiUFk5AdPaf40e0e3I4sSuI8F4qbJU8n9PLqUgRt45gFIUvjSDARRpCzE,creatureworld,4.6969,417.7807878206572
42165637,5027,Creature #5027,https://lh3.googleusercontent.com/_9HezdwfnB7srfwPruGOveUc3Vi0nw-PgD8eDpjr7SV_RQf52WqRNlYamjzJ3-b-ZEDdk59Qy-EVEEmryqABg5kN8-H5duF9Cnge6A,creatureworld,1.44,127.87982440557592
42161317,1305,Creature #1305,https://lh3.googleusercontent.com/wEcwG0OMeRBeVx4g21QWF9xFdMguESoZ20P0MC_tNen_e769bUm9190mQDykMOh-4mSHyVG6yZdBxOzO58E-E6HYzHFf7FTQ15gvh4o,creatureworld,0.499,205.6984311807205
42165279,4976,Creature #4976,https://lh3.googleusercontent.com/5szrB3ywzOjtT-Nfm5IXG1i2D00Is9NL1UUqd01Z33-s0xD-4pVdEu4fouv2ts7Eo4M1CASKPsWz2yR8wmT0mubBK-G1TcoqK_esU3I,creatureworld,2.0,169.9427425896192
42162159,2000,Creature #2000,https://lh3.googleusercontent.com/9Grisu78yg4lMKmsJA8mTM7q1H99juAaeO7zD5sSOyuS6B7u4l5HaMR8_tw_PlelBVd_z3Bfq1M873QANRHDup9AL63ApMMW_EtS8g,creatureworld,2.44,140.34881585891935
42165039,4409,Creature #4409,https://lh3.googleusercontent.com/Hp05K95S_Gor56ZdBlG-n5YFLwZdbHR9J_-AEEKMYQu6-6SDoFBajOT_WSo5nes7sCaoB1nRd-_MO4ixrx0AKTWg5QK8oj60qqfA,creatureworld,1.0,241.02159946226595
42165040,4356,Creature #4356,https://lh3.googleusercontent.com/CZbBz9xsX3_J2gTfjeDV50SzpiylKW-J8TDgzLJFuMrh0c_I8HPfZv1x98Z8fSzKvtiLUQm2veVR84Sze-OGjCBZzl6s7uH00dP_nw,creatureworld,2.88,203.4631088148704
42166121,5251,Creature #5251,https://lh3.googleusercontent.com/P2J800v4FmeXn1BMEDpzCD_JfORG_PbOzbVRjG3rCV82q-hRYMTKum3jxHxMiIVGA6sIXCC_gVE2b1MVDYX_WgYURafIos3Bh-edwg,creatureworld,1.9,367.4962183848988
42161681,1629,Creature #1629,https://lh3.googleusercontent.com/0With2hK47NcV99y-sHbAqziONKP5BEdXgbZqffuPXmRIAsP5lJFv042jpODEsgG0mdIdehzdWFe76dws78fPbX9Bwac_wHmLG9ixhE,creatureworld,2.34,307.16599474091794
42164801,4301,Creature #4301,https://lh3.googleusercontent.com/bmA5ZwudrLGVvRT3X8EG6iUxNDRlM89L8lMqApJBLF4CMxxZUekhbF3nBXTeZdjpkXdCMqL0cATqDjQZHZJzDenerq99BssvPJtFgJk,creatureworld,3.4,123.40440231633642
42165041,4445,Creature #4445,https://lh3.googleusercontent.com/GRpF895Mra5ZtCKNFwvwGzfMQ7Ukro_97rjtm4uz-VnF4qXrGzhz3dEBXxeHySjfybBGzNMwEKGVNOebyuJ91OoKYSTtnfO9HYt7-Q,creatureworld,1.4,218.2065063714561
42160362,554,Creature #554,https://lh3.googleusercontent.com/YatjJKHy9qdctrgGr3rf8Bz4AB5D3sRzQI39l1c2DbjwwA79CeYDqw04N2FXJf4EFTacs_j86c60EBAQb0cVvj7wCUkFjjJjihPqRA,creatureworld,2.4,124.4158046886361
42168762,7521,Creature #7521,https://lh3.googleusercontent.com/1hj3-j6GGPNMNf1U_WmRf2JAkSKnnxCDxOJLnFym9QieICa-IC82RCVQH3MOP95P6A8zyD17MfLlMY_BV57msBDVN5cgQQsxBMXdVw,creatureworld,2.35,86.60267450576532
42162043,1731,Creature #1731,https://lh3.googleusercontent.com/d2zmSVGB5LbRJ3XGvbhOPGwh-_tGdUvSdBXa7rR963fjk4by5zAJRh9_7AMtFIsmq_12L0MBa0bC6sRGdd8fGK2uNJ-nGRILvBuOsw,creatureworld,2.099,138.79636101485335
42163604,3110,Creature #3110,https://lh3.googleusercontent.com/jt7r1DikHd8qd3-0UtPE1Qt7FJvMgPnDw34zR0PuQX-Dmc39gj4UEa5-WygS0vyG5yjeYuFKzavomhlHSDYvoU4FhwWcatOk-Wkwkrc,creatureworld,1.75,116.90711145387394
42161924,1726,Creature #1726,https://lh3.googleusercontent.com/p6990CRREv_LQJrVWyAevODnLke5iRxJqrA0yjffJIqdfAu1sStIqwYn2G2E2By3m-R8CAITp9xi016ha9Eb2yYHXabjKgbgIlIcbw,creatureworld,0.61,95.24112885880149
42166364,5532,Creature #5532,https://lh3.googleusercontent.com/imo7Mx_keIkhWnO1Noza9K55Ob50LDaYBEgC4UQIVEB316qA992hXR18pY0Gc78usE5EPvDRDzWp-wY1s306N_ts2ZNex4z3s5KJiA,creatureworld,2.4321,143.66541870495232
42165044,4469,Creature #4469,https://lh3.googleusercontent.com/MA0AAPGTVCeim2Vj7FG1wqgXi2-I43J13tAtGmRDZrhiW79IQIghI2h4d7Lcdxm2J2XlfRwBWP8vJihy6S_VfOrw0212pwTlspMCnA,creatureworld,1.67,238.16771246596207
42161085,1069,Creature #1069,https://lh3.googleusercontent.com/CsgQ1WiBzGbN6WVpfvZf7IGn6GGfGuc8zQ3Dx2CcRouMf35TI4NAR-H5hTAD0LZUD3zP1FnCXCTbQFjMQeh3jhHXE89e3E5-r7-vNg,creatureworld,2.19,113.04429995067242
42160965,832,Creature #832,https://lh3.googleusercontent.com/XGGNv1fR-Q05CB23fLD5Noza5hZtHnMSxxHrRLQ3_RRTUXKu45gZV5ueQ8yw0cdWs13Mq8hgq8u1WJXTNX6UmaPF1wBWKQ_2fN5zOA,creatureworld,2.189,152.06444184294352
42161206,1075,Creature #1075,https://lh3.googleusercontent.com/EkpHFYsjH4ip58r56JT-6Yd0G4YZ8e26Gzer0gTSNtxUOQFUuBz80V_Q1r-h5BoPK1-vCcd2nERnUYkK8BlloAXqvYFJNe77JDaS-g,creatureworld,0.99,117.93048713068667
42162406,2201,Creature #2201,https://lh3.googleusercontent.com/564277MV9riK5UQhS9ySprUc6uWL0fyN5Q0Hh8RQA8t97jiAJRnSRKJkPwg_juNOf1jdR38KljkBmYBAbA4d-kyU39nc0KFIXlN6,creatureworld,1.435,106.22238540301547
42165527,4751,Creature #4751,https://lh3.googleusercontent.com/qdcIM7yXF8F_QS4gJr4KXTnkyLYjou6hTYnVIIVjR3s6DXh8spQIoKU6ClvKuUV-Emn_ZLRodtY4t_hTmozsrwryzkLkwHT0fRXxMA,creatureworld,2.75,181.55481749405925
42165167,4858,Creature #4858,https://lh3.googleusercontent.com/Ajiybvua9EEwco3P6SaV89222eS6lwWWhzjBEj7J0ycYjQOHCFFksvq2TC4t9Xze2ON58PhNe-_gMsOsOFO-bz6TT7lZx8pZPoJnCQQ,creatureworld,2.48,126.62473326454023
42165408,4784,Creature #4784,https://lh3.googleusercontent.com/FSDFgk8oN1AvTgzw9hqiko38dnnMP0Cabi2sa21ko_PRxqhnMbOrDK_rEUBRzhm6OT1sJE9rGsZ9YhWbaowvHYZ-cN9J-sfPs47pnyU,creatureworld,3.0,159.21009691021573
42161208,1065,Creature #1065,https://lh3.googleusercontent.com/pfPR6_cyaVkkcCPqt7Qi8djRTRKIOY30V2FATfBp4_fFyJ6kqXh_Nl5ZMjeUSq_z4cd3e7LKKT_yOO9PLA6WLaUeifh9RAPhLsY2SXQ,creatureworld,1.0,138.33609412014653
42165528,4720,Creature #4720,https://lh3.googleusercontent.com/6wVK0W6BdjuclhEKMroenadD6wCA7iJvp7EW6PdtApX5SPGcvVaaQxCdiDtRLTV_KGlQ9VUtkrwt0COSS_MVWT7YYNfEQ8vbxW57,creatureworld,2.99,194.5860046257838
42162289,2069,Creature #2069,https://lh3.googleusercontent.com/waSGFZB4yw2tnhEBUaQkojj1Y8kwwb6HK0PzRHR0uakesl2blzlpVEx0z5GOjQmkc-IfI4N5xNFoFmRlYrfa53L8Mbq6EiDcGfaAQyc,creatureworld,1.29,149.82721841499315
42164929,4326,Creature #4326,https://lh3.googleusercontent.com/wddfOluJWae2UybiN0oloLSKdGRqEi0JjVS5WPMuWNYOhqbcrZA3axn-hKOW6VYHiECDEt5sQXsznYEi2E2I4xzIo5skvpeknR2cPA,creatureworld,3.75,206.4291037178834
42162290,1994,Creature #1994,https://lh3.googleusercontent.com/wetl7gsGcbQddP7QUqYRAe-8GzMPHso7B8q7qqJeK3DcFcwXPj-riExV9BwqtvTu7148JkY3U1cZPRfsvY7iLijL7LyGUEd9wbLU,creatureworld,2.73,158.2167940427349
42161210,1130,Creature #1130,https://lh3.googleusercontent.com/K_q5dxQ-J77gAGF1_VFYd3lfdCXExysVxFx8Asp21LfLOTaukH7weI9c0eFZV1rU_jZy7fN1gjHTfdDpdwx10xy-dcRubwXgzexV,creatureworld,3.15,124.5368618643779
42165291,4822,Creature #4822,https://lh3.googleusercontent.com/AK2VjiIpI4xiZMQr0PHWYvOMPMny7Ba9XIOO2EQP6GE82YJwUDBKMXJ_RhWhbruT6Y2ocYDA41Jzh4RhZ25GmG7MBN9QN9ejAY_Ts1A,creatureworld,3.969,354.98296223568013
42161331,1273,Creature #1273,https://lh3.googleusercontent.com/mL9VKibCBhVo2jKFQja1KGPgqVehw4SLv6NPFwJeeMD0LtOulfLKPcAl-PfFbMF2etBFLBiqYnQAQqkEpXkvC0DR7RsdBBkgA9oV,creatureworld,1.7,108.21007474598184
42164572,4019,Creature #4019,https://lh3.googleusercontent.com/unT7XM-3XLnKt6CtxsS2ZTRV4V4smKnoImPVAUO46bekzUyQjR0ZWM_4xBvBTD8GCgYVShBD707YjyChIzX2Fa5mbcBHOIpg9XSE,creatureworld,1.05,134.88645758156824
42160734,764,Creature #764,https://lh3.googleusercontent.com/cJRu5ZCX_HyZ44DbRX2o_Py73Acho7IttR94wMpv9l8JAPnxbkOGtTbhoZLXI2c2arWtBKmri41P54-1DWwB3Vv2ThUxXoERxwp1bQ,creatureworld,3.75,130.2621173774808
42166254,5516,Creature #5516,https://lh3.googleusercontent.com/IrA2WdajDATYQndAJGeH_DTpckT9OwaQJatKpGd9HPeo59Szx4kbEy4_e8L_LDQiIFKfcYzA3xPBUSolRiEKP3FDITYavSeKW056KA,creatureworld,1.4396798975672216,286.34905232851554
42166854,5978,Creature #5978,https://lh3.googleusercontent.com/WfyTKyZYooklRHOxi5OxOcjeirJ81nE0uJHSWUbSllektx1HDc46x8KJHfaZaO2B6upoTl2QdDyfy-dETUD9I8cwfzTKMqOoxikrwgg,creatureworld,1.85,139.36035170240493
42168655,7471,Creature #7471,https://lh3.googleusercontent.com/ndpJdctY3OlfD0itaNAXGyLyH41eDmBGPuSML3xA9oidikW28Q-1W72udINaLK9r1LvgSLHQn0DUr-VeQsvJUeFXUErjYeqq5GHB1YU,creatureworld,1.99,98.12358565517597
42166016,5240,Creature #5240,https://lh3.googleusercontent.com/ZtS3YSYIw0kQQXsJ58Be11-rBFiPJXQbJeT9a4So5-VU6rNkQcB81KQ9-cSx-xIWH_HHnXtLpxaxZgKT8y9zINF6IPeQV7k5FnLQ1g,creatureworld,3.0,132.88178348511232
42165296,4977,Creature #4977,https://lh3.googleusercontent.com/bkfRMTvbUoymB56Rjkm4fKAzGus33Ib06kwu0ncj2U0Q-SV5aF-KmcZuHMxFUJRq-8dwH_J3nCpst-0_St6tFl9lWbIsHG7TjbPHVkA,creatureworld,2.25,174.01996624015248
42167216,6189,Creature #6189,https://lh3.googleusercontent.com/CG2cvV-5FaH-PAhnFLkYm5fvSmc-L_GPNDFiMoDq23JRduSBnT4N2uSoAAF3T37x6tCnLzTgmj0lkPS_d64M0ngSQo2ZOFEO3TEdcQ,creatureworld,1.6,103.72324861391442
42160736,784,Creature #784,https://lh3.googleusercontent.com/UwYcVNwUn0SFv25GseY56rlk23NsisHcP2solQl0uHu39geop1Jd-lTIWER-r8zKhht2hDCPtlE_b0nVqTfzO18PeHTF3TY-No08nmc,creatureworld,2.5,215.09209081951724
42162176,2122,Creature #2122,https://lh3.googleusercontent.com/c0KuqsHFTyhoRe7wncLzJzY3tljKeIVvG2ZwZvZiS1UB6wQhRxa2TofMVtS1gtJmKDzUvrvd4pfccB5AeSAon1gjIsZBo61mQCE-Ag,creatureworld,2.19,130.48092389430667
42163738,3201,Creature #3201,https://lh3.googleusercontent.com/dJnSgxLiTS98nXTlEu_2HD39NpYdAfowg_29guZCFnRoKsG9KL4_Kna4SweBhgdEEDoSZO_SUgafgwKPZchFwFenbQfYKL6MWPsb,creatureworld,2.088,162.02835629977903
42160500,429,Creature #429,https://lh3.googleusercontent.com/4N4SkthcHHUXFYkr6wGOLF_lHbMWm3mX3EJHZAYCAuemLTmcnGIuIxpYkDGU3H81JmYwg4BTug7ppde3VXwxSx7_HpPO6JWY5pvEUQ,creatureworld,3.8,170.6385535941121
42160740,834,Creature #834,https://lh3.googleusercontent.com/NzBLenK-EY6bNwyH9doCxZNLp8oMMmOUs_-tkzLZ1nEoWKqTGQZXF1gJ2LxrS7gDL04Kzk53vW_ICL1_Y7a_yBepKBAo-IwgyLPQ6yU,creatureworld,4.0,467.86431927661846
42166021,5307,Creature #5307,https://lh3.googleusercontent.com/v_-MsrAsSRrg82tN96X3gCUrZOfg4VAE6yIy2qDI6UZergNGv2YgOPHMnGlSYwYcpg5NUDxr9i1wn9DJzUudVo2x94Df9NjS3UKS9g,creatureworld,3.99,137.22418913796625
42160741,794,Creature #794,https://lh3.googleusercontent.com/OGAuRyyxdVPK7EcAGgYUaAhFxHwKmWScw5E16Nz22kb9nobvVeZbhJB-LitwiGwIKFirn2ekl8_p2vEKIi11cmJE6zISEeh_eITT,creatureworld,2.296163918381383,84.3641251185695
42161462,1372,Creature #1372,https://lh3.googleusercontent.com/D128DhF-3PgZf3DxdnJt70TrZEpK6oE98Mi6qDJZpOJ5UlaUarhDgMtuJjOPeMLAo__rWEFRoAS50USyAM0EHEnxkOcnhKyaAmGl-w,creatureworld,1.4355,143.82774647837465
42164463,3839,Creature #3839,https://lh3.googleusercontent.com/3vvy1Xh8bweR0mFRPHfZ6L1Dc8TaegI-wW-QIIx_mS6e1qUa8oVIhABrIWX2YP_McYIoGTt5P4pxBgTghtWLh2Pl_gttLxYhv1hOzQ,creatureworld,3.0,153.50883339050455
42164703,3890,Creature #3890,https://lh3.googleusercontent.com/lvNIWBvIyxuxCmwXrWYgd6Lr2n9cHmj7_kdgojUE7gmUF2W1aRULaLAn2Vwd-dbT5DlAc-7i_ckWaC2fB0os2AVGudQ8nBNbGjND7Q,creatureworld,1.4,123.67730877180338
42161944,1819,Creature #1819,https://lh3.googleusercontent.com/hX39VqnRAUwkvDeBA8_HCG8P-kNKLUFrw8_erFU26tGmtfFiI44gmeE6FR2JmyzaOAMM1zqeiHWzha0ULMzAL91vP6Y4_v_NDkwU,creatureworld,1.4569,93.8265507631591
42166264,5463,Creature #5463,https://lh3.googleusercontent.com/8mBo9pci4Em_SGI2jxJBVp5bffP7qdin_FeUd0UTRnmi_LcHwh_aSOoXDA7PU638sC2hSAqZrADzC_xiMZeXiJ4zHxBRz2A38nc0Cw,creatureworld,2.05,159.62361870650923
42164705,4083,Creature #4083,https://lh3.googleusercontent.com/8cIsHxLkykTqUKzVExsLz_7wDqpytP-VY5bG7XoA43aDhEVr-3JPeQfwVLgmUJ6_q8794gGAA5FiRLI8RjPsA_PRRoqBr5Acl1rSuQ,creatureworld,2.19,228.77583595608235
42164946,4377,Creature #4377,https://lh3.googleusercontent.com/SqiUbM3yrEcJJ7-55fCjTYl62YTuyaUuvestkClQRUr5f2KruMBP3GRPaWxo7nsoEMINvdV-fsYeRxx7dp69oSPRvw2kNxi9O44i,creatureworld,2.24,389.67179653516257
42166387,5599,Creature #5599,https://lh3.googleusercontent.com/b4LzNzjOyNiJ0teyfRfQ_LzWNVKdbd8tBkrL2Qu84u-3Qml6-3x1YLxjfPq7vyEjovXzCppywhVUk6Eze3ovd2LBvpPRl65NLnphI3I,creatureworld,3.38,136.72125741838275
42166628,5784,Creature #5784,https://lh3.googleusercontent.com/wVHOWusCLpMiPhljNnEVZmwJzaYQE4wD8w34URMaxyaBS16x9sYH9H-YG-_zPpQVGUh-jcpSpggpabEXCSgKhkOcrVGn2h2v1_vECA,creatureworld,3.2,157.16937378211202
42161589,1559,Creature #1559,https://lh3.googleusercontent.com/nEb23-dVMFm-zORnzIapS8RPTGX4m_Clb1WxzK2co7a4zMK0-4zrGDe9KyV00S-PUj4TKgVk_WUx5gzMWJvJnXau97wkF5E_NzZvaA,creatureworld,2.2,129.03980674436733
42162189,1926,Creature #1926,https://lh3.googleusercontent.com/lckFdEfMnco-ICMhwPgfGBQM3Y0Y3yO_4HaeOKZkkjCFElVGHU95QfDRteKiWOw_uFjKVbe4YQLqdfcTBy6MlgLmQNJHou9J3ymT,creatureworld,2.4,197.34226230935235
42161349,1337,Creature #1337,https://lh3.googleusercontent.com/zhTO1j6y6tHF4mYctH0cN1cQ0VZP6l0Pp6Wgd3m7x9c3_v0ObVWiwX8_626AFk5u0Vn_jS9LmnGKCz_lA9XcGV5xy-T7kWKJPIDd1Q,creatureworld,0.67,162.29871305977463
42162310,2128,Creature #2128,https://lh3.googleusercontent.com/vGyCZtXvt7bJhca_LL3ar3hkkcf5r-xRhfz42pQB4xBiM6rphMki3zRptxSE2Qbg9Q5iajhn70nVJNGPUsRCOdDBSVWTUBlurKYjgdc,creatureworld,1.679,142.70994757309057
42161111,1141,Creature #1141,https://lh3.googleusercontent.com/az4ebff2zC-mbGfYG7iVFElx3DN7y9R6xLeo1wy-FmGyczQ9XU90wqzaSMohBQmmJueDLl4nfJp2ezVCf8UUBIng3AmfwCTnDYCn,creatureworld,1.88,144.39064399092715
42161351,1170,Creature #1170,https://lh3.googleusercontent.com/LL_ZJqo3EvhlE_Co_t-Jp54HXtViJJz90vyCEk5cE-dKKPCvDjCyDaUP6wwtlucguurY7_wGQCRVMRHiyXbmnUK3GrNtTqbROM6hQQ,creatureworld,2.49,146.91673611411977
42160631,518,Creature #518,https://lh3.googleusercontent.com/iTIWxV8Q782fdWvCVmreBAutVkWJOpi2Wq4zxZc0jYHtW9VJ84hseJoVBxRhMIuJhJJKXrm9dms8RzAgZqdrJ-eUN1d3Ax5q6kqbwg,creatureworld,1.88,254.34168936682724
42160392,459,Creature #459,https://lh3.googleusercontent.com/QJKli9aDa-_KLosnPZzCl_8vmG7svm9q2tC2_3kA68SSFKtEbZWEpvOUd1ZpXKt2KCkLHOMiUfbIauMu8_LoZ8SkD8lUUEABx18JpQU,creatureworld,1.53,101.57588174171484
42169032,7815,Creature #7815,https://lh3.googleusercontent.com/P3lBJKueXNR-clC13rpJAhFPImAyH7kIdnVL57F1IrOBOTGha-eHnS0z1GlGI3K0doi_POtfvTOA4km5geRO60qUiUHJuqN2Mnf4wg,creatureworld,1.5,113.50701244555694
42166032,5346,Creature #5346,https://lh3.googleusercontent.com/qezoykbb3SWi9dBujegAERYu-vrnHj1OST8cchFoVM9rOEWA4CzpRzBjIOp1nHbvvZFPH2Uo1XCpQbmoPqh9uUlZ2P6xG9zDODx1g08,creatureworld,1.37,146.64746112421065
42167352,6372,Creature #6372,https://lh3.googleusercontent.com/cyS0_QIHNs9-JnEOOkiKORg0dq9NW6tCkdLvBogH23n8M5SzbWzClxFulAht0l3qPFjOLtI8LYAxcKCGOaezQlndXuRgzW67x_XlUg,creatureworld,1.69,241.78809252052866
42163272,3046,Creature #3046,https://lh3.googleusercontent.com/9-_Tdbm6AqBoLuZtwTCleJcM-uUB-YmldIUkWduMtKuye4TULhIFVP-eDTHVupDpNFQTDAk0lqJuTecTR8sXoWjHgkboQ-PeWkOFpBU,creatureworld,2.19,162.14557639633557
42164833,4121,Creature #4121,https://lh3.googleusercontent.com/egFc0w4eP-MkGyCYkGsX1MC7gvEzJR-6Ra6uPrx6wUlx9h57i4AXv-NglmZE_mqIPiRS00XymfyklwGDjIE-AP4Qs3tHl7u4gVfqgg,creatureworld,3.0,176.20066896561153
42165074,4373,Creature #4373,https://lh3.googleusercontent.com/PHqPbBrNhgARxjYquyyf8fdo0b8ewFaLKjZe2bZF7tCBmmRvXZo3avPEDWZBTZXe1IS_zNAfWDOeE37SsYFvf0sn2beWArQI1y99-Rk,creatureworld,2.5,111.00184886519204
42164594,3755,Creature #3755,https://lh3.googleusercontent.com/VSXDqZaheovl05OStI3gzasDIGfOcrAnP7LuDtADYUU17nUBbs0ThF7xFSfvyEBs_am-dY-mulvXjqJn-q-VxoYbIefDoNYVfZiTbg,creatureworld,2.5,328.955713241505
42161118,996,Creature #996,https://lh3.googleusercontent.com/Xtw8r8fLo8EgbNjI09etfre2fD93tNWkXH56hQKwGDdP1XpV6Cfv30QUpCoSlDlUvv6hTynG9sAnD8cIgb61o58EXdMMDIY1xItmEg,creatureworld,1.798,154.3967511176603
42162078,1754,Creature #1754,https://lh3.googleusercontent.com/ZHPamoKh4VasDyev6KckoKSnXynCj3sW5E_Uwy-zTe2vq2Qi3frU9URuwDFjnaWpb7fs6jSnr0j5j6esXB2-H0_DGgIcX3ESjYuq,creatureworld,2.6,83.97415245133847
42167238,6286,Creature #6286,https://lh3.googleusercontent.com/4oSO53TzIoE0MPpBBt8UhUBpuF9n0Vua5Yf4FKj9UE5yXIXKu4ND5Tqv4v34WbtIPkR8gGlfMNG1hgg4Y7LGxdXYqDhqFHUjSznTnQ,creatureworld,1.7899,155.9374074086559
42166159,5410,Creature #5410,https://lh3.googleusercontent.com/2oPpiXyo2xwrC7Xcrjl4W2W11pGTPIsMNYHhmXJPBt0IuJoaycmq6r3B10rHX-lse43HrsFy7wav72f2BFsGurpv2_0my8JtOS8B,creatureworld,2.1,189.26301133961215
42165561,4844,Creature #4844,https://lh3.googleusercontent.com/3x59oNAsou8IIF_TnKAZbcr2vVZGnr6uOO0U9cvAaxsasZbqLH5z9RV69ogljGlp2AL88QmRCqwCSc3AdDfAauVId9INHXXOmJCb,creatureworld,2.92,94.5354266302971
42164362,3950,Creature #3950,https://lh3.googleusercontent.com/ZZrCLb_b3M43xSukOfEEmvwhnKaX6I1MI9TkRowPzS_K61r_3e_UF97xgYwwt8wJFltxthQD7xCwkMX5_qL6gl16qcZWTcpYSurTew,creatureworld,2.469,257.28542686004204
42161603,1539,Creature #1539,https://lh3.googleusercontent.com/blvqrCIYSMH3MEZCeFcpIYKtx92LdsvQ6soy7Selj0C6GaC7cZsYalGgPUEkHFLdOnA3mKJZY3myzRT7-Z3vkgnhNhrLmLArv298VA,creatureworld,2.1,330.08201090724276
42164963,4353,Creature #4353,https://lh3.googleusercontent.com/M18XHUpv18Yd9AzG7xtIUCl9HPX_8NBOAQGu7AKgSVyv1t7KR364rdHYIBbOMZ14TsetEicUpavw_dtV5SFUecQJqF1VIyvv51MNHNQ,creatureworld,2.54,124.99035243903663
42160523,537,Creature #537,https://lh3.googleusercontent.com/znj-Xm0OLns-D0x5YustBAYBSXfjpRwzJz04h28WCzhccvw4788Zka7_0JS6ig5XD0PwdOFEUxxg12ed1qvwEqR_15LwDp-JrionwM8,creatureworld,2.39,97.41895262094886
42163884,3605,Creature #3605,https://lh3.googleusercontent.com/D91LKljoMjSaSl5ty0d5VWcIHlU27xpO1GvIdtiqVT_JXrWVoOAFRBKwSuKUXXP7ySCqXcYfPMNoo9WvrOsK_7bI5emjmDit2BKKuQ,creatureworld,2.5,153.36218764116927
42165325,4723,Creature #4723,https://lh3.googleusercontent.com/ULdSNSX0GHFIlgHp32081jk5ciFKiyjg_AEAvh80TRCOHHzNW3gxQM2a4FbttIcsPzUMjwFi7f2QEvomH-Pgd-mNl5e7PwXqfmUJ,creatureworld,1.07,132.67043810251033
42167248,6191,Creature #6191,https://lh3.googleusercontent.com/V1GOKWcF2HwudpOzEx6m_2dVdpz_z_hdiFCyN3YBHW0kcAHgK_BRvaKleOmdFtYM4S1vOohrpqMoeaVwP0PaWewCxOhVLaCXTy2DGog,creatureworld,1.5,273.79612560517813
42161968,1827,Creature #1827,https://lh3.googleusercontent.com/7sC3NWAwXqT6Hz2i3ZnQ2nxNW1XmmGKgOd4WXVBGHp40opplLANlzIsK7MmrVS4Tgb3LxgPzZ8lGnMwQToTtbVEDEdhI-4BRxY7LfZE,creatureworld,1.25,134.40873593455558
42165448,4746,Creature #4746,https://lh3.googleusercontent.com/m5anLrotiU6w7MZjWnoPMHBCBm1TetnVQuVEex_njQCCA7J0O4-9E6sX6qkY-ZQATOplCAIOkIyR2bpc9PyWr2kkhdsZbipvhkprmA,creatureworld,1.289,134.0300225328482
42164489,3840,Creature #3840,https://lh3.googleusercontent.com/8DJrEsVT007UQEm9rvbJ80RGSywXqWpoUYL46LR5TDn7VNpblyI0EveoO3OqRWUPQyiHSzVCAg_bQu6eHDxq9UE-IrLa1yD4wCmPe4Y,creatureworld,2.4,250.96129890744348
42169529,8155,Creature #8155,https://lh3.googleusercontent.com/Q7P-MAXkOcpRJqpRH9UVjpsKX0hYPgKaM9Vc_FR6pOcIGeZowCOH_g4r9LSGMKGDyRJ8SlYOzIpzSZzz-J6_3fP7JLRim4RXVrhVRg,creatureworld,1.8,131.77020809338674
42161250,1135,Creature #1135,https://lh3.googleusercontent.com/Eeosvdh_mCjRwHAPeyYRfeYKTVkQhbQEMjK1EsdjEdaG3P4UxEBozuNS7rz95RhCOv-UlcFinR70psuT9prp3gj-nLWVX90aW_O6CQA,creatureworld,1.6942,156.724115553934
42165092,4608,Creature #4608,https://lh3.googleusercontent.com/YewG90JTEhKGjIPkjRkJ16-De7un5bKrI3u6E-BXqAxh5M91ZJ7iOkWLweISPkNjxmHxT5Y6_jx_Joq9oJCOZFdnWPu8DXJJF-SV,creatureworld,1.95,186.04848425138007
42164853,4226,Creature #4226,https://lh3.googleusercontent.com/et9Fsfnbv3PSwb20hRlwi4X6MiKcptIvmygjmiP31IFHLhvzIgOncpy7ylJGvpcapP61Si6ORn2UIpw9RkJKeC02BL6N1ZeoL_-1UQ,creatureworld,1.6,147.29740631042773
42164733,4290,Creature #4290,https://lh3.googleusercontent.com/-li8U6ICBaOXqq3s0jd2lyQ-G6oMSWA-IzgxVPRvOM9wieEfGBqw4XnvyTqn2RKTIYyKzNig3QeWeco7KKKWZdlvFjt2a8CHHlBaFnw,creatureworld,3.29,238.3433425657792
42161133,982,Creature #982,https://lh3.googleusercontent.com/JvLQ2--PcvqblNKvcJcLYmQOtzUts6ZaUDQmfz5V6cY8qiN5aF_hwguaYAnOqsElKxsHp2wqeiNubRnAcAmLM4ROQz2e-dwn7hND,creatureworld,2.28,113.02978019026257
42161614,1570,Creature #1570,https://lh3.googleusercontent.com/vnoEqca1NlBWn8-t0OokXtdgNwT0cOuSjp0PKURThice5uGWyUg2_8KQsSrrX-ZjfwsepQoDDbNM-peMmcJ70AgMj8oytK5D0SbC,creatureworld,3.29,114.07540333831591
42165094,4427,Creature #4427,https://lh3.googleusercontent.com/A-WsHTzV8Jhgp3fUcz4no7Vu_pWC6Ftktsyw071OPymMdzWrMJxDLBJdPuNT8lpoe8vyUtWaUCsMVnDpOI9QQYhZnSMrRNrmzdLr3A,creatureworld,2.235,222.00387650258978
42171694,9886,Creature #9886,https://lh3.googleusercontent.com/alcr2_GwKPyPl7fBVkEgFHodzeCDkVBLPgELDaxLQl_9Vl4Wgreoe4EmAmEj85MpdoSYoEpwy3QOxXW5cCdE5rI0c1to1apid55_IC0,creatureworld,3.3,367.7070634167523
42161615,1587,Creature #1587,https://lh3.googleusercontent.com/YJb6eXqDt-LlcCQrDA7qf-bp6bIK0ppqjI1gaL-PqTDSckiXx0YWN5MISoQZEoWugOSN9PRklvqcTVfQZFypkb8IZlqsnQzTsfSEmSs,creatureworld,2.0,141.37024814863122
42161736,1535,Creature #1535,https://lh3.googleusercontent.com/fe03XdnXF_YpqWE6-YKMRpulAFehloAMRVMmmCpdK4BapGsHQ2e-kOZXzr24e-pbtM50TiEVKJmDwz1p9JA7_mWZLFONDVut9axvuw0,creatureworld,2.1,203.62237596688237
42165696,5104,Creature #5104,https://lh3.googleusercontent.com/_4uanNvKVQZKYCs6G6px126u40PQR_B8KrHNR6XzVkzYisTwU-NSDi73Ma_EtKntPS1FztpshQ1NKyDtpLcCoQ5CvTYBeDNBCD12p64,creatureworld,2.99,176.55601085445332
42165217,4613,Creature #4613,https://lh3.googleusercontent.com/xLauCMqwqwsO8TayheOsjwU_4uCoRiNQmRuVNxZYlmKHlz7h_4PCV9UHxVC_hE8lj4VeBKdLekj66J0l-EclnfA5QGb9cn2nJwO3NA,creatureworld,3.499,249.48900360102368
42161017,1007,Creature #1007,https://lh3.googleusercontent.com/BMktzetCfCv6PvSm7caY7Vg0ctl8hb5kHeh0DDATmhPZY4cDf-EuOJNXqFR0-k-O1jL9gG8qGa7Z55z-6U3HNdvMI4Q5mWmlwhF0lEM,creatureworld,2.079,97.0246361668719
42164737,3933,Creature #3933,https://lh3.googleusercontent.com/H-TEI4YzPl37OzI9QPBrY-oZjvt3_0BIgxbb-mnyA3Lk3riwDlvNmXcn2u9yiKJIUm_9TNLGx6a17m3Rfd6hpweodR2MKZ6snOE,creatureworld,2.3,267.363856738888
42161978,1673,Creature #1673,https://lh3.googleusercontent.com/yPdUpXD_LVLQduRxkk7WNyL0aAPeINSrjMzbXxPiopQMFOISjSJfBshHtH7RqF9Ucy7FSGIj9IJxU0is2rFswk9pl8pXykoNN7Tq2A,creatureworld,2.55,279.0643600948285
42165818,5005,Creature #5005,https://lh3.googleusercontent.com/UPixnJ-8w0Ks97mTdlEk8gz6KbXWDCAj8EnW5yg0F9pf9ERYKmghKrrKpac87mD0Bpr9ApLjg70Wihs4B6APPOXHQ-8douAq8vcJxQ,creatureworld,1.8,162.0787923479028
42163178,2775,Creature #2775,https://lh3.googleusercontent.com/O6JKRiEb4XOR2Ghmf2j4fO8hN0R-48hdWTWpwLJRBaBZkOgAvAe_3hBpGEFkxz2pBRl21MV_sjWW28XW61foB4bSPr31Fi66eoDumpw,creatureworld,2.9,225.00729182462567
42166778,5911,Creature #5911,https://lh3.googleusercontent.com/93RBHh-M0NF62BtcPpwwkFR61uKIhFvmy_OhSYOPoTowWbDozrSI_DetRKdOLSmooTBNCsxKiY2HWGO1GRQ9BfD7RuTqRTJXkGuIGg,creatureworld,2.25,202.7166210114794
42165099,4455,Creature #4455,https://lh3.googleusercontent.com/gtMZRKrawR73V9iGQjnICPdqlI8iF_-mCPERPrZ9oQWtIni8HDnFbvg4eoa3FJEXn_rnU_OQ7zFJ7cdpTUGABEAM_B-9oDjMO147cA,creatureworld,2.24,155.38401808776982
42160420,425,Creature #425,https://lh3.googleusercontent.com/kuNh2zhHkYImBjljwXRvZjgM4mE4StGlqA8vyLie4ZFPXhfGfhCFexOpuglJJnByJu_pW0C4G52OHf8VGa79BFhcSBFp04I1vyKaPqg,creatureworld,3.35,72.9616788620988
42160300,340,Creature #340,https://lh3.googleusercontent.com/O3eu6CtOizfHXBnSelbYyd3agDA22J9oIksDvLnf0fl2akuHOj0ywmXL0v-XPQ4AUrjG8NhvgCm5M4aEN3tGvVH63CXHfxOf2ZTyiBY,creatureworld,2.39,176.8269810423738
42169062,7743,Creature #7743,https://lh3.googleusercontent.com/_4jBHMIyOwAMUBFG4MAJrLcVls6FYJKG8H1fJx6PVl3GIA_62JCfSgDVGFZn2AC-zg9-s6ZDW21FTGGHVKP4Y_DDvU5huIc4rfHJ,creatureworld,1.5,145.38410235744644
42161862,1743,Creature #1743,https://lh3.googleusercontent.com/hNn8G8pD2wFevfbUwP24_RwAM6MvbFKFu0ix8iBYfugyQrAZ5d9qI9qZfbtH-mxSQsh9-hHmAluN_5G9WUVhSI_TBSkTqy5sIfRFpg,creatureworld,2.68,187.84239510954325
42164023,3769,Creature #3769,https://lh3.googleusercontent.com/HZEQdJ-7CXQA-iRTBvXF1C74vCfj1M2FBbPUMaSDaR1gzJLoUsYIalGUDrK3SpyIm93R19CUgSSCWxmFaL9g3nkqFqZKSAtwnhQt,creatureworld,0.84,218.07502677039707
42168703,7599,Creature #7599,https://lh3.googleusercontent.com/opxcttQ6TglyFayrDwfGN075k2TggNFHzXiw8_kvux3-sPw6G1GPvEut6uyoBfIZVMEr9k99L6hE0I6sAc_j0A0BY0-Q0JwIMjud,creatureworld,3.845,199.84269602685185
42162224,2076,Creature #2076,https://lh3.googleusercontent.com/yjwnERuyLOPz1PTLns-yUB4oJiluYr2q3BalDQb4wVuGrhaDiqWH5txwJpFcJhZm8QlH0HRyzNJ6uC9vhn5lt-3XkCWSlP8ZlBwImQ,creatureworld,1.99,264.06004361282464
42162104,1839,Creature #1839,https://lh3.googleusercontent.com/JxS5bJDRYlLKCIydXhTqDY3tvIhSAMpDW1DX-8t6wZFvUOrKBDmAC5nuNJel22ijR-3kuU4gJHPF8Q7tq0ey4YtBlexGzE7CwdhTQQ,creatureworld,1.95,151.54771279204581
42165346,4630,Creature #4630,https://lh3.googleusercontent.com/5f3V_fnn3TL85GKNQKbZhTNHJathJVzXMo9rzQYZEYHGo5TyQylPTjwxgq-AS14EWEpFRM-r_hl75qOS4Hn5ol2rQlSBi_UbKYGO,creatureworld,2.05,85.0171064292827
42162347,1933,Creature #1933,https://lh3.googleusercontent.com/SG-wQXPPQ3ELZSRZ2SeHw2TGQ2FgH5ByjW0W6mquGl8-C0OAoF2VgixKChMK-SJ5PpoPi8L5tkDAble8WNgWLGvugM_LS3n1f6hu,creatureworld,2.2,145.78090226869807
42162227,2138,Creature #2138,https://lh3.googleusercontent.com/rhr8dhv-egw1_yWbIYBi4tmQ2Wu9Gw18VYrS_7BC_Mnj-WVvYjJgwEFDBXAXnICoTQKqdpow5u7CGYam9g5oSwloQx_WQvQsMsxB,creatureworld,1.57,118.11789361542522
42161387,1375,Creature #1375,https://lh3.googleusercontent.com/Sh0sdE0JNt2bI8dqGs9wxTIWdNP4vYRcSLUPp5riEgywGFFZbr2rRwwyQBMkn3o9tuRnrF1fRiP8iBcXhWeLCeDC5Vu_buoDgxs2gg,creatureworld,1.84,127.98071136920612
42171709,9904,Creature #9904,https://lh3.googleusercontent.com/BFxlmOoATr3WmxDJBE3t81pbzArHhi0DRn2Y7jllTWaCVKIQAqEkqbNljD4xJhF9kp3MhPVIauKb5bgWYh9vI7fL74Bn9rsKenPMkw,creatureworld,1.89,171.7119076189331
42169069,7857,Creature #7857,https://lh3.googleusercontent.com/r-1NAivqlha4kuf2dfNGnrTW0O9VWVq32g6IFBHfKkw_kzEghuOUQhAHUCiyYywiaryAqHQM4JjflmT5PzoJpTn3e2FqN8bwyWbXsg,creatureworld,2.1,227.95017475526552
42163909,3542,Creature #3542,https://lh3.googleusercontent.com/ZKu3FF-SJhnpohfgP9yxJIBSBGniukFUbv1O6jpj5HtSm0SoyHX5WCVDAJ2H9Bekl-dQUro4RKn3b8KBAnpYaqzkhn_s1Eed_eQGZw,creatureworld,2.65,256.9725532330048
42164749,4234,Creature #4234,https://lh3.googleusercontent.com/9iYBWZetkNUyibe2swxJS9oDhQ9td3vtDJTFxDZ-asHMs0rXJLb05-At-ENMnw_doAJn4yNhNUmEPsgIY45Lo9i7bABdpxU_sueapM4,creatureworld,2.69,209.93228418720395
42161990,1828,Creature #1828,https://lh3.googleusercontent.com/W2sbpMFCcwVoH5w3pkFvszu8SqLQ4XftUKtzYKkc0r4rAMqeIfoRMZO6JGl0sOpIO-baCz2huDTQh3_usO6kxt-d8mT7_xXczG9Wdg,creatureworld,3.4,236.16916006844727
42165111,4609,Creature #4609,https://lh3.googleusercontent.com/YDVyPGIrlULmfbw-nOoSrOh42nYQ3KpHeEDgTiEl_abLZvwlNeSHVGnUjsJJegtwuFCMqBd2TiTrwEtaaGUJvpXJw-YGItk5ijfEqg,creatureworld,1.8,119.15632338261061
42165831,5161,Creature #5161,https://lh3.googleusercontent.com/Bjk_TXNqq5dqz2EL2vdRyBFc9YkLNkRavTOJY-i5qdRQwFmsgkP0O4lfkVjwClxEvQrPLHvvH6AhGU4muIo6CbPL6TCvqn3Bbbw7dQ,creatureworld,1.499,234.12118947805197
42162111,1886,Creature #1886,https://lh3.googleusercontent.com/1uGbCVtA9Gh5iDKqaC0sDXlYWu8lDKLZoU3BMrul4_lBD_aScVw472K3x59OoON6dOEDjELx-fFZlOT3yNHicxPTabbbMeAitgrrXA,creatureworld,2.15,68.31614207993033
42160791,726,Creature #726,https://lh3.googleusercontent.com/bgXuL3I8Z6yfwHFy5-6nST0-agVWl0eVykZF3GwuFpDXYkCyAtwAIUqJARDZxFwd9teEqABR9y1hv1PDRdCoy7vx-Hyy3xs8tyfDMO4,creatureworld,1.69,85.80071779678957
42165351,4547,Creature #4547,https://lh3.googleusercontent.com/z16jCv3HRNL05dx1eo_tmWizAH9fYeQ8VPoZ15ftkj8zr3kH7wzBANmBFiOOocaOE5eIgcnlTBS-pYI4A-cNA9d0rLmiXAgu2VpKiw,creatureworld,4.9,360.2261291526099
