id,token_id,nft_name,image_url,slug,last_sale_total_price,rarity
47783760,3401,CrypToadz #3401,https://lh3.googleusercontent.com/X_zf2IO3fblIbPkPhV8PAe25e7xUu2DqwlUwOpXveT5R4dwMSCuh40OHn_NW3q9z2p0hGGLnvWL5vDgTaVPW9eknlaBahQAYaTis,cryptoadz-by-gremplin,2.1,92.09601314864473
47781481,1950,CrypToadz #1950,https://lh3.googleusercontent.com/6iO-BdigT1hOsn3qgpUyHD_oH0E3mkaHydOO7iZXMtMhXrzvYNyolQKhdaMhbL1Qu_EmGm1Cc_rsapBnJzDMB4YV-irxg_wykeaaZQ,cryptoadz-by-gremplin,4.2,172.9317365357185
47780641,1303,CrypToadz #1303,https://lh3.googleusercontent.com/LgLkNFqjKO8-HZpxFlCYVzLVZoGKaDzKwctLN8FoqqLDVnUOAHyI3nTUj-36tFNAO5O4caU7Lo-Lg5xN1D9fWzlhVwoXNm4EF_0V,cryptoadz-by-gremplin,4.18,135.22903275041972
47779561,314,CrypToadz #314,https://lh3.googleusercontent.com/Jon__vrPw6Vzod-3nxAWQDsFTotHJhCjhoQ6t1yOpQT62iPvJrYceSI6FESdh30v2puZbyEjN9zgYrWI3Ea89R7u9C0r3wvXrGqncxI,cryptoadz-by-gremplin,9.44,317.0014233205295
47781122,1636,CrypToadz #1636,https://lh3.googleusercontent.com/qbKAtWCeleKgKr6rFsaWspjjk-gm1NEg6UTpIPA6Ji3Zp1UzvSruZj0uUbijAugRW5hhkfDeY72kEWl8H96UXQnJQD04cTJ-M5AyFg,cryptoadz-by-gremplin,3.99,174.04479977249218
47780402,998,CrypToadz #998,https://lh3.googleusercontent.com/0Yw9JFxkO8-HxIWlPhBYCjm1of1eTpQ_TNLbXZGUeHV7Mo1rOyv7P_Vt0Vldy5lARgw6EmhwF5gjfqy_OJP4ArFyNTSWeQma-HUo,cryptoadz-by-gremplin,14.5,156.52542145628118
47783642,3260,CrypToadz #3260,https://lh3.googleusercontent.com/EQ_MsqBOQUebNbi4DWDfMD13NwGbCfqjmVWKRGG_0a2JLYyuw7hlaPnUzF-cJk7Axdr7DOx8l48xNn4p4LFqKf6katZA-eQuLVdXEg,cryptoadz-by-gremplin,12.49,254.5953010414657
47784843,4084,CrypToadz #4084,https://lh3.googleusercontent.com/HO5ea6la4-RQHqgjtgCrwkvwun71vh4WI7nINngonU8Nq_OtTpW-QlYY4GaYCK_b0BVPW94HCswxEU1xPL9_yC2qG8eM_zJqH4lbjw,cryptoadz-by-gremplin,5.69,240.1515385034921
47781363,1952,CrypToadz #1952,https://lh3.googleusercontent.com/QUKd_5_RpBZh3miHVt6Lzx_vJ-_HB9sGZ7fcDdgIF0Fj-RHUr_1PAiP_EIsMKKEz_WGL5me7aHlX2dsBn8-B5zynKAoZXZBckh4QwQ,cryptoadz-by-gremplin,3.969,137.56381359682973
47783044,2905,CrypToadz #2905,https://lh3.googleusercontent.com/l_iWxzBw2si-zsfP51UJoyRhYFKQTj0OaKR3cDF5-wqNDN7mOad1G3a170IMvu_czqVuSn6L2eh3JkcpBPkLH8-Vv7nP6rfOh9Vv9w,cryptoadz-by-gremplin,5.99,350.7936379648599
47781604,1924,CrypToadz #1924,https://lh3.googleusercontent.com/vmpTqpJKDplyZ_d-Ta7ezXwIyc45tc4fp-tDKHQKEBetm1IaKf4TOt0ZEKQmLGHpBlbVFjHjK9M1_U9qIj8xr9cOuH3SlCRC6z3XOQ,cryptoadz-by-gremplin,10.3,108.24788876926182
47782685,2796,CrypToadz #2796,https://lh3.googleusercontent.com/BD87aVgNopLXbfMInLyR44x7QFI7iEQ_6n-irk4dJM2pqT_ZPfZP8dM-T6Memj9MEsIaH34PBOELpzBAcyl1-R4StoTjUBLCBXtySQ,cryptoadz-by-gremplin,4.0,251.2792905903736
47784486,3936,CrypToadz #3936,https://lh3.googleusercontent.com/-5Neo00EoAef8b64tStlzKkmlyZI8v8ceSRwNdYACuZl80mw2KJHdR_fkLL7Ds9vr1Z_QV6HhSSew-aWDXGNF8hexQxCZIETtf-2,cryptoadz-by-gremplin,6.05,225.3563931124744
47782086,2355,CrypToadz #2355,https://lh3.googleusercontent.com/oWc9eNq-abxcJrNLbwO7Q2ycHHgX-7mbMdtyEDaOu3cGaNqpqFKjpMedkIm00a5HY4r_DhIHRQMtFycBf3izdh3V8DRTFdS7mg2D4w,cryptoadz-by-gremplin,5.0,130.6044494659722
47778966,42,CrypToadz #42,https://lh3.googleusercontent.com/cP0CbufKoxUD7eWW71LSiiDaNcwOqOIfM1xiFKo9kkDVyuC65wwX4-r2itWyX1dTx6ilks3qVcvI6WsTvE7w2EVCMoEKXbIJyjSvLKA,cryptoadz-by-gremplin,6.66,180.63294493158514
47787726,5721,CrypToadz #5721,https://lh3.googleusercontent.com/beHv5OLWAQrXAQQPY6T9WlRh61dw_J40nBeWLkfU2mE-ycOvnMYuEwu143YfxhddKFdUv6T0bO83SIobfDL-i-hGBg8lr9El9qMlog,cryptoadz-by-gremplin,2.0,67.00180780521035
47784247,3978,CrypToadz #3978,https://lh3.googleusercontent.com/6svNcnM8zioG3k0IJgtgyio5w0p83dxqPJlVHUPAlsmqdZqHwq5jjOiP78OlXO5g7WBP_ZllP8Du-zUQqSok6bJIgHYi8gfOz4_L,cryptoadz-by-gremplin,9.891,84.99539022728183
47784007,3715,CrypToadz #3715,https://lh3.googleusercontent.com/6owMsN-WFEHwd9su7EIaNryynC4SU-Q0u7b4S4Ak4r5tFbQcGCY1XiYX2lFVMukn8CLiqN_Jcfya4nXPVZOFK2lNGkX8eEqXn_HPRw,cryptoadz-by-gremplin,3.98,187.2018734621978
47783888,3535,CrypToadz #3535,https://lh3.googleusercontent.com/lty4W9oj0n-azvz83OXLQES4eSBzHKFK6hU3B7_YLS06PjheQMkekOdSYNeDDRXaROZK8qpdGM8TqJeHgX1LTJAWQdy87oDi37FB,cryptoadz-by-gremplin,5.5,209.3601720279026
47787729,5728,CrypToadz #5728,https://lh3.googleusercontent.com/ObwGC5kk3vlg0S7sFFmeAVrpah9-68eAgXlEnyA8Kq2ArjXVFHnpIuHDfMkmvamviNNkGtW9AJCa7ShSzEOZeNnT274ibdjbdFqqUVA,cryptoadz-by-gremplin,5.99,92.559076777614
47781129,1556,CrypToadz #1556,https://lh3.googleusercontent.com/9jCJkV2sfTc6yY8vAHUL51ukK4u8xCSslfPOZPf1lYIsO3rd1EL0eYJf7ClMYeryPQ1A2-Gt5MoK3HafH-04kM5yvhc8VDjxPDg3Mg,cryptoadz-by-gremplin,4.0,295.7648155523111
47781970,2279,CrypToadz #2279,https://lh3.googleusercontent.com/RqbknGtjv3r7WjoI8rKHP9d0hgUT4TGTEi5RHRnvovFAplMwF6hqgvHcdf1vUPSdfeMR8DBiri1QwmAY5LKz_uwG9eFk1IiexJANLg,cryptoadz-by-gremplin,3.9,198.65168719769034
47785090,4362,CrypToadz #4362,https://lh3.googleusercontent.com/y42Hi0mDJAhzj-Hqb7pWudibiOVZmF5TSSTsgKAyGfmfDvUh-FhE3N9NfMEZoJUAyP5RcpJSiy_mVXn9xMeKetNhJodr-vARiW9kbgY,cryptoadz-by-gremplin,7.5,136.66396812506363
47784011,3617,CrypToadz #3617,https://lh3.googleusercontent.com/ES-dZGY7PvsE2ktCSe3FwQBksP5wVvB2Z0Pg8jKaCLgwaI8PAk492-WPFthrrveoCB1K8LnO5wwR7h2l0Fq1HWR9Wo7i9a1USza-bw,cryptoadz-by-gremplin,9.3,285.96838074084616
47779571,400,CrypToadz #400,https://lh3.googleusercontent.com/FPcJvtl_9X5ld6ISlWobSrBWMEMAPjsS3wUD75742JHXr680fcYKhWIsvsYr15BKrp36TmAXt1JD8xt41sJqVzCW7-bJuUQZpUBzXw,cryptoadz-by-gremplin,8.4,173.91161323218242
47780771,1387,CrypToadz #1387,https://lh3.googleusercontent.com/YfSy4UWOe3M1OrmllNfRhod7f4F2Z4KNfJTCLAlzhB11Pbrii565FPUeuX0fukWuKc9834Wz2rxRsg9T_xk8Wftmx7TS6P8MS492PA,cryptoadz-by-gremplin,9.25,318.351112124762
47783771,3402,CrypToadz #3402,https://lh3.googleusercontent.com/cJ3j5YwXTctVK_dHjGyzxMJud1c0Z8SW9mzUAhYX4l3vY5fPmb-Cueb82cYe6uScIB9Ze8QDehAfQefGJBiL7EPrgBoBResYu8Ot8w,cryptoadz-by-gremplin,1.95,166.56651926715313
47781373,1802,CrypToadz #1802,https://lh3.googleusercontent.com/LGFyq41T1MEb2vVq09GkpXSapLqaWxAzq0Pxu9_yh03IzESdAWjAbqXrfD8rknhIbCWHIPj3YHsKAAE-FK3Usqq41jCC_H9QM0B_8g,cryptoadz-by-gremplin,6.69,147.9689597180882
47779574,315,CrypToadz #315,https://lh3.googleusercontent.com/6W6lDPz1h-Um1182mV-fl8sJrpn6UN7ac49vIY15tvr9EM-bx3vh_mBiwKpy4PiWADWvxf1wVbQHK1PaaALVXxwmcggZ18Rz49uwfA4,cryptoadz-by-gremplin,5.84,202.95176388159598
47781254,1649,CrypToadz #1649,https://lh3.googleusercontent.com/6FUkn5Phny0yxNaMz8ypH3D_5Stro5UulExTSgPCmEkvqsiS3YAaT_UaOFqBAiO3CgJznERDtjjW_o8FUwAExi-kz_lCc9w9LnL-Hg,cryptoadz-by-gremplin,5.3,252.23928265855758
47780894,1218,CrypToadz #1218,https://lh3.googleusercontent.com/mO4NaoiUrzhKc1hfpDPoHhRykLOCBlqOpHfQzQEjnIYn-pDaYcii-2R2GhXJGDUi78s2HttDqEEa8oxQ22miUU-kRGh-vRdww0pBjw,cryptoadz-by-gremplin,4.92,198.976534940508
47786174,4890,CrypToadz #4890,https://lh3.googleusercontent.com/czz_luBjVIHXbbh-duGC6LGQ2elkq-JONidemN06CKvMYPFAezKBXuET_ki3qDfT8DS2Gd2HW2wub9sZSxwj78cd4CdEd1QXhE6q,cryptoadz-by-gremplin,9.18,282.01423294357454
47781495,1820,CrypToadz #1820,https://lh3.googleusercontent.com/S3cmwsC7gQspUJoxDBq6UUcQqg0tOYM2f_VNsEikk-fZO8gT5YeYJpwQllqVGBorwMb153kXP1-ZS6iLGKWwdvISMw3LcjCgUeY8,cryptoadz-by-gremplin,3.4,304.7598836669458
47783535,3495,CrypToadz #3495,https://lh3.googleusercontent.com/8J8GnUlhwus-Uy4AlSEid7e83K_7BWz92XrQ123AI7dazHqRGKWGgJSLDu5e6QoPldbVrs7Y39O_70bCaAnrxwv7_FkgLGICgfnYTQ,cryptoadz-by-gremplin,4.35,125.56582122040167
47779456,453,CrypToadz #453,https://lh3.googleusercontent.com/OYBUmCktwXKRWDr_bBcMwhVMETKy8SmXnd8HLAdZ8rV8GFngLsgWOXfyouLe28Gi8-xqMcghe_0yLUOgdEtZm4thLnuRykPZt91-fQ,cryptoadz-by-gremplin,5.789,263.26087655537185
47781497,1910,CrypToadz #1910,https://lh3.googleusercontent.com/1hkqd29snugg9MYJaesj5Bltk6aEBZpQKTkUpB9Wlb77IC44rQbtrf3f3Wulk1Cx-0dTTaLQ6EJVj-D6HYcKvNoO2Ns7dPc2VOMOrDw,cryptoadz-by-gremplin,7.0,232.18241232833333
47783658,3067,CrypToadz #3067,https://lh3.googleusercontent.com/HsP-2cnEwQiQb_QpSs3jAao1ugk-is3GWbSXRm9Hz9JTNdrsmmjlZXAllWLoHPjSynV-dB33uCHC3VlPbdeidxtBOfO4_3c5sCxRdL8,cryptoadz-by-gremplin,3.89,228.55151145508168
47788338,5908,CrypToadz #5908,https://lh3.googleusercontent.com/gz3OpOv8kCNZXdUXlmEM43vAeBLSwhjOZDBJSGHRf0OvfSzgz4CQV2jxaLvN9A7Q2YjLWRSuxd3Ocu7pZJ78RoIupjhRtQHjWasvPgw,cryptoadz-by-gremplin,3.6,133.8890191271153
47781858,2160,CrypToadz #2160,https://lh3.googleusercontent.com/B0rZ9PL4DcN47tdwSsG7WfeTUJui1cJ8xXbl7wbe7Y9zhTWiNXMa_RqL_1bAbayFmOtZUbiGTHk4JFHBUZKUDSYDYbnHp6PtLsalpg,cryptoadz-by-gremplin,9.5,270.2889086468202
47786178,4870,CrypToadz #4870,https://lh3.googleusercontent.com/kZzX2QkSjuEDojI7m6gJD5ge1IizTEm9cdAW3MIQDBS45rVW4E0OqHeU5XFyv7hO-fx-zEMsruMl2Ty4qz_15yxJZeHU96ri_-hMhac,cryptoadz-by-gremplin,1.7,134.95642607366483
47789779,6720,CrypToadz #6720,https://lh3.googleusercontent.com/9VbyPuES91AB37Sqh3Pn2Lq7CMXGxuDeGLz4-37tR2_2KdXPPGvimW8jEVQ_zqaj2EjhUQR9L6cVU78nNJzebFYz4sur4VuKGABgfk4,cryptoadz-by-gremplin,12.0,137.8792593207213
47781139,1613,CrypToadz #1613,https://lh3.googleusercontent.com/tWH5h5jh0DopeJDj_M8MMfhSOadsASO1DAvTZHMH_N5utsVWNYWOY6CRiIxs55MoIfQtDpGLf0qFR7DYp2hEyagakBASPmwWEvddbA,cryptoadz-by-gremplin,3.5,115.85822190234902
47781859,2331,CrypToadz #2331,https://lh3.googleusercontent.com/eUUJwluJkYjXcyRb-yPvxP9Xq0g0HW7DB2qNC50HRiyWaYf4nBnxGGo5CWJBMALJGNNPdTMhSo8MS3cu0dzhWdIiQ4NW4Sv-0pCsQg,cryptoadz-by-gremplin,5.5,301.5078092089267
47783900,3570,CrypToadz #3570,https://lh3.googleusercontent.com/GiRf5V8Xet5mudS5VzVXAmyNef6vGrFnspge5UGGAI3VnMN5ZE6Lwq5dIhnGdR3tXi5_k-qdXUD8SF20xT5zl1Z-wcyYcWqfg3cI9g,cryptoadz-by-gremplin,4.98,145.45983502639191
47784260,3919,CrypToadz #3919,https://lh3.googleusercontent.com/1_EDOMIV7Yb2CLcGotMD_gPYkbDUfiWewENMjLwEsx5gUEx2YX6AOeZX7Z7srYvkAkOY3_0oX5L2OdCtW8n7oQBj-AVo6z0ypcSi3w,cryptoadz-by-gremplin,6.395,114.16394529016057
47781860,2244,CrypToadz #2244,https://lh3.googleusercontent.com/9QFYXE3YwjViICsm8g_Aj7cHaWmK_TJFDU-JX-1PsUzY-ilOQjlBt6JEDOw6ultqSeDUygfLd1q1Kgh_W8UFzTx0cOKI1Ja2_WfPOA,cryptoadz-by-gremplin,5.88,89.32071540536067
47781861,2275,CrypToadz #2275,https://lh3.googleusercontent.com/aH7bmn7w6TCyYE58XZKZwNWxVwPX9N04Iz8nD08YP5PQPS_yjwh1N0xJ85f45rGF8Nt-OyCm6B2rxzyyICVlK_pLDy5dA7HMYsgoR14,cryptoadz-by-gremplin,5.94,162.18726567010205
47779582,335,CrypToadz #335,https://lh3.googleusercontent.com/1RzvF_8Gw4q3-Az509LPB-DryKDpapRZMt03YHHT0_BSMzXZ45io-bwYvXcgqtQ60FzOgSRmFkYiav31Vk8dNYiN4vX8efQp9OLMdy0,cryptoadz-by-gremplin,3.942069,134.86978065139888
47784263,3899,CrypToadz #3899,https://lh3.googleusercontent.com/JGEoe2sKogPvUlBQf0t58gts6k7u7PowqBQfVcBDBcCX-phiY2lhaOgfhESiKHAN7U6OVgIo_4nM0wFMU-v3iE3_XPb5uv-V769EZBk,cryptoadz-by-gremplin,8.89,292.7380877691437
47783543,3414,CrypToadz #3414,https://lh3.googleusercontent.com/1jGwmjN5UwIhYXCLyt_-OE1-LjgW5ONAgvyQE3xp8uzEDIBO9FcxPSbmBsn1VsyLvseJqcWqeYhR1BCwM_qw7ylyCFhu0XHryClC,cryptoadz-by-gremplin,1.8,197.34357707204884
47785583,4639,CrypToadz #4639,https://lh3.googleusercontent.com/LYA_RJf-KVqTQZ-eCF_89JUxr4_2Z35cig41X09Pg9Rd4AjvAN92piqAhOMq0Cd3MmcHtvBNhi3N37g-BvypoBIxbIShlMVUt1KdYw,cryptoadz-by-gremplin,3.0,130.73134126207322
47782703,2717,CrypToadz #2717,https://lh3.googleusercontent.com/FfYebNYUP3cs_qNy677I6fMvb18a8weSzJ5iTCnhNJRXITk3rj4lPdcGXH5fNOixfB_AlL3ualq9-9UXZldrgNXo7Z639CCBZlx2xQ,cryptoadz-by-gremplin,4.12,131.5280847030153
47780304,910,CrypToadz #910,https://lh3.googleusercontent.com/h4Ic93k6UmSofNQjMh2l51Jk8KyFz7WkoNI-2DHYdC2BM-gs-OGvXoRyaWyxI3GyzpIFGMk35Mrckl2X6RX588FnYCxZvDY87h1rvQ,cryptoadz-by-gremplin,4.78,118.95786146621111
47779464,427,CrypToadz #427,https://lh3.googleusercontent.com/IqBNHuAgqGR2dhj26TNbiYDHnvIr99cNCtxelgi--z-qcRVtXl_2QMfQgydyb-hzSA_aJ1_PAGE0s4NUQPyVdmHxedzo15CiOh7FvA,cryptoadz-by-gremplin,10.75,118.53627698412598
47781624,2071,CrypToadz #2071,https://lh3.googleusercontent.com/-NNV1rrsdt80sgK4v8So5mCJA-wEv3ab1VFSVPDS2DVWSdIeWY-5iD1Rv0JZNUkqvR9Wgh54FHBzL9WwnzMtSzlpGLyHm_Az_Sgg,cryptoadz-by-gremplin,1.799,108.60838973460501
47780185,750,CrypToadz #750,https://lh3.googleusercontent.com/DV919xL2B-Gb5wypIJP_r3uAubXWDVPVfu3kc3j2zOtoplhxIbe9BBMTZhB-wv2SR_k_iIb33DbrrgeNuFOj1HvDKHOCbwTo5dPbKg,cryptoadz-by-gremplin,3.25,201.6944430500437
47783905,3669,CrypToadz #3669,https://lh3.googleusercontent.com/qmMyhEwayy6BuoEFuOpvEgpgBm9upx1ENRvRyi9DjGPlcpZkP43VHYIfDCEySFszOOYkIrNZryThxQqqgcwu_oHkBAIPmqgEWxqguQ,cryptoadz-by-gremplin,3.45,177.10673818640768
47779466,281,CrypToadz #281,https://lh3.googleusercontent.com/tg-Mq5JZRobrKuSlYPv1ravd4UiCiGgGQqOSux862Hw2z0WKw1Y2I2QCng3s9MPMUWTxzzFG_M88Ei2TDtL3YCzqbWYKikr0V3pYy0Y,cryptoadz-by-gremplin,15.0,301.75578985592585
47783547,3148,CrypToadz #3148,https://lh3.googleusercontent.com/-FwkAEWaNUKt6q541RDbOwIFdHRsxO6lq-p8EqUn_kEk5I7xByVeQVFQz_HUTsXalCEyH6XpOpY5CdqAFkwTNCNkJ_0Vc5kiABt5,cryptoadz-by-gremplin,0.69,131.1586077301021
47784268,3909,CrypToadz #3909,https://lh3.googleusercontent.com/XAa1kOmLoVVj50lW3VZa03n9D0JK_aLuTsCJDDs1rwEyQrITw-UBPSX-TsrRSVR05VohAcyo0zO7ivkYoDnaSB3kXuRXr5NANc0V,cryptoadz-by-gremplin,1.95,223.05060521225232
47785229,4488,CrypToadz #4488,https://lh3.googleusercontent.com/Xtucr3O0-RyCHSiSryvexLC-QBWCusLZO3hwgp9nHxpPpyaVPm1SIioQztmmebta3e9dfYccSC96NZv4XkDwaVwQnWtYXK_7d-aVfg,cryptoadz-by-gremplin,11.45,149.62011274297416
47783909,3586,CrypToadz #3586,https://lh3.googleusercontent.com/SJNEvNWtVn_hJBVJEQmDxgXO26hthQpipZHyVDUGJAwMq8-j6_6a8c9u6dEXLvd9w7cI7WajapWW4k_oya6PfIYIiYBnw03LVGcw3g,cryptoadz-by-gremplin,8.0,169.3716034273693
47781389,1864,CrypToadz #1864,https://lh3.googleusercontent.com/obCdc9v88Btj43rvaNTfe68pIy-NZx7YFabKHn9cFC7-5C6ogJXAV9rg4gCYek-IgLLqKHvc6TkVTNKJKZlwmrX0bS1g-ftVIh5Ui8E,cryptoadz-by-gremplin,3.9,151.97493045943963
47783549,3360,CrypToadz #3360,https://lh3.googleusercontent.com/1LdOCGnsuSXvaCTEYNmPru-fv9uSeRHEDiTO8F-rgGBntCF7CYTy90irMzhWz1fyUTzm6e0sT30GpPn1Co4RCnYEHjFQbN-BnDpmIg,cryptoadz-by-gremplin,6.7,215.50238829668598
47779830,487,CrypToadz #487,https://lh3.googleusercontent.com/gzOqqLWseUUcYZgrNGyfAfgO3YJISflkFJqwqPI2EnWPYhQFLnZ8kXL2OpHNlX0txfNf5j_NvAwYAtb8OKDM-7kkWrnld4dAxRRe,cryptoadz-by-gremplin,5.98,100.91401825961954
47779230,172,CrypToadz #172,https://lh3.googleusercontent.com/lZ5z7eIbI9AgfAXyGpClNYQ8IHkVb6iRQPqI30Axd8sSjNbaawHXaMx3l-pQW4fwx0kVLrC1ZoipKFYUyP1SXuYzeTNQ7Ma5LhkPEQ,cryptoadz-by-gremplin,9.95,252.06446843142976
47784030,3694,CrypToadz #3694,https://lh3.googleusercontent.com/ZVNOVUPTDGsYmVU4AZrNkHjs_a_Foqm8XyF11AEOLM51UQ14IrGSH8GeAx5py_xhkn-YexhkqTxGTgfQT3xi2HC9hzGZbjtRV3vH8Q,cryptoadz-by-gremplin,7.99,168.44738381248033
47781511,1857,CrypToadz #1857,https://lh3.googleusercontent.com/G3moNTdtfJ0Qw3b4z4YLRmuSVOd-4gspjGrcoEqeubvAJ5VfVbOjQflJGVHs1gyuWx3QExHfun8OX2Q1CKs3C3fKsjll0ZZqYGq8vw,cryptoadz-by-gremplin,4.5,161.42066128777094
47779711,563,CrypToadz #563,https://lh3.googleusercontent.com/vciI69dFdRpBBjoNwmOK8fggzErAg5HDsg194YBVn0hXJLAdvUpS8dzl21NrBgQfdUBJcawIUY3poonzmCarIWtKccg-fiMOBKpk7g,cryptoadz-by-gremplin,7.0,165.88157557133331
47781632,2038,CrypToadz #2038,https://lh3.googleusercontent.com/7H4wnrxNeLml4ZnkfrQuvEXr2va-gJaDWyw1Smqbg9I_7cJ-JoP3W6OEcUumioD7yyUPcs-j9WnLRZgMlkyPRd3l7BGX6JD9CWwI,cryptoadz-by-gremplin,11.98,89.99229262286829
47781512,1745,CrypToadz #1745,https://lh3.googleusercontent.com/pM9GJ4sTzEDKP9R92i5MLiI3lY8C1umEzL6En63bNa-u5dNxW1Obuzw2sjIGgux1hnSxBHopEPmAqb7aI-aKCQWmvpk76Sqtz4bb0w,cryptoadz-by-gremplin,2.0,282.3323613326687
47783672,3261,CrypToadz #3261,https://lh3.googleusercontent.com/QpzzuSWr5ykt_RWAqhBzLp3Sh9fe23E881QuwwYW-UJq6f-B6hmZRP0nj5yBpMk--5tLF8dAtFpVw4wvtqf1c0FCONdQM-8WHtzzpg,cryptoadz-by-gremplin,5.0,123.10758942829938
47779472,301,CrypToadz #301,https://lh3.googleusercontent.com/VTdZkCbSJYd8ie87DWv0Q-g0ZZWP2rV3aTet2TI66zXcrDSLlzzJ44PyhD_etgQEmVDw-MzBv8Q0PAP3GQip9BXdAfHA17RuB5YiyQ,cryptoadz-by-gremplin,4.059,382.4182133828489
47783433,3266,CrypToadz #3266,https://lh3.googleusercontent.com/UF1a0s6CKuz1RJbkmI9VXG78xrJRUwmdgSpWWnX65UozgVU0HzS-p6iUhtLR5CMPn2CfnNZQN6cA8lavKqWmnuXpHYgao0G5LfZJcQ,cryptoadz-by-gremplin,4.15,150.6822581974543
47779113,94,CrypToadz #94,https://lh3.googleusercontent.com/sNFAt8Id8k3-RluzYJUAt9497wWFBxEk4BNjTLBeM8ThCXxnAIDPKmsWMXpLesMO2HVfafpTSRcJnOj8mpfuYhMyprTyYzKsRwE41w,cryptoadz-by-gremplin,11.0,109.87303729476533
47781394,1953,CrypToadz #1953,https://lh3.googleusercontent.com/so-baa7Aat01di0zZaXbIWb87W1kPt78GXMuqBiSUs4Wi2BfUhaQXZM_tAQEvxvN1qkdgGPfs7_SOynU3VflVY4UB0xEC5aD2zgvHg,cryptoadz-by-gremplin,5.99,202.3553151814227
47783554,3218,CrypToadz #3218,https://lh3.googleusercontent.com/742ZFUu5W2zM33kSTBdZ5scs_hoR2edFc6z-c4dCvrEs4TS_IU_jFsCsMi40Vvss4kuxz52Z89wMtPtNK61xh9GJ3fKkoAZLvT8Odx4,cryptoadz-by-gremplin,6.9,164.12710744526822
47783914,3681,CrypToadz #3681,https://lh3.googleusercontent.com/hW4OMUeAtrU4V-9RuN3FoSek517ec-y6N5PdgEk6GeYuNdFMML9wll5AIOg1rqgrQ0NaPC_GBwyjV8ye4wXVqvzDS0Erj4TBVZVsLQ,cryptoadz-by-gremplin,5.5,310.57695804557994
47783674,3334,CrypToadz #3334,https://lh3.googleusercontent.com/GD_7uRkZVjU2T_M3AIPg6mxLPEc54vp4e46ALsEtgEOLKLhEz0sKavfl24IhJizDrra3onFXEXmrOvSzdQeI6ez8rjoLiUTpNCc6js8,cryptoadz-by-gremplin,5.88,236.59473836660462
47785235,4444,CrypToadz #4444,https://lh3.googleusercontent.com/m127WzlcIBduIy3fZG0j8CHiPROoZjVk9KLpHrBxc1vTy-5wNASD7aYKwfIytbtJpxuhvH3WeVDFo8Zecvn_gjg0ssoXioPRXHMp,cryptoadz-by-gremplin,14.0,135.4928761646442
47784995,4090,CrypToadz #4090,https://lh3.googleusercontent.com/mNEJB14kyvEcGuMOS6AVu5DYj9jJtrnSQ4pA8EyOO32dL8LmKO7Ka0iU0whEPuhJoMF_Xe7gbWPQOJSL4I2Kq24n7XN2TmUudMnOTdo,cryptoadz-by-gremplin,5.2,149.723856129046
47788595,6176,CrypToadz #6176,https://lh3.googleusercontent.com/018gAuaJDrafUiXZe_OHL6g5M5WOz2JIhbKIBpajbyuf0jcKm84MrkT4j_0HqtTN0BLVuhNA7V1XEO1xFgmN5pErGY6rVqBxcbuUt5U,cryptoadz-by-gremplin,4.849,131.222582253479
47781635,1779,CrypToadz #1779,https://lh3.googleusercontent.com/q75bQoqnqmgPm5q0F9c5rTQtdtRWDgUM7Mdjz4GG9pdyIeooeyGc6ItaSkBm7XVRppEKbRGiZHhCuvy8oELmvB3afIIrZUtquT9a1Q,cryptoadz-by-gremplin,5.3955,302.2976180391082
47782715,2631,CrypToadz #2631,https://lh3.googleusercontent.com/rOip7al9QGQZXyq8IBwFl83qXCSxp3cj0W5ZQxerIibleaTqbLh_A6QgBzgm8RWtTCaaP17I913CAA6j3BV-Gea8WHiD-1aWX-FP7g,cryptoadz-by-gremplin,1.99,240.38232020876507
47787396,5418,CrypToadz #5418,https://lh3.googleusercontent.com/zGPbAAevz_8dmvV2moGaoOZW6f-x3GKF9fUpQsqAorpQbGos2SlOyg5erRc0rtaFGulG6epDk1QgHYAcMv0BLbBGfmH3dJOzJ8GIaQ,cryptoadz-by-gremplin,3.8,99.04337642937716
47785717,4665,CrypToadz #4665,https://lh3.googleusercontent.com/MiXx6jHjvW3jE8C4jijQKIsKBiDqMvdXbP0fQ8YJqGFTB40WaxuT3OZxdHEvWlKtH15oM3T52GxEfILIE1nwvdIK4Z03EX373BUU,cryptoadz-by-gremplin,11.8,166.66098777362086
47779357,246,CrypToadz #246,https://lh3.googleusercontent.com/7S13DHt6p0no4rNgs4bsapPNJImIdSb48pdAOcFqRu22HprcPTX4zZlkzTtfAy9UnTycBk65dQKQmA-EWxj90zcPOqPjchbHfxTA1w,cryptoadz-by-gremplin,5.688,109.54627024929673
47782717,2702,CrypToadz #2702,https://lh3.googleusercontent.com/Y1mQ0PgX7VFpOJvaec71fXow2o7mYEc8hyXwlGoqxspGgC6qzHiv0D-Jp5ipbOgzpUsNzyKD5XoZc9MII1741jsKqIPyBnJJQzHRLw,cryptoadz-by-gremplin,4.99,277.0080326647821
47783917,3658,CrypToadz #3658,https://lh3.googleusercontent.com/7OcNF8utEDwXCmEH3QKhNyFbadf20MZRmjYD8HwCqhcXM2rbi4shQw6AJx4e6fV_i9C9si0Tr1_aveiOd3qVpCDPsyQK75DIjrTk,cryptoadz-by-gremplin,11.75,126.0427202587041
47779597,390,CrypToadz #390,https://lh3.googleusercontent.com/fQuNP5pkCq1wuT2KrIDuDjaKruPUYMThKoCxeUzdefQhis5VDYHyXJ-5pvSOKjw7oGXJf352yNVu_zv5ont9toPefvdqOXF6llZwgg,cryptoadz-by-gremplin,13.95,112.64163785172187
47779117,75,CrypToadz #75,https://lh3.googleusercontent.com/NRM8lYMNV1LzWYQWDGBoc-jyQuu5CfrpU6T1vM2UNQoao9lgMvsTQPomjKVHM_ojG87TYVaigzZmLKWHy8eCvwFD25ib75u4HvyXvw,cryptoadz-by-gremplin,4.48,109.03136906705149
47781158,1527,CrypToadz #1527,https://lh3.googleusercontent.com/GqgVpnQYV8WDd0tyVLo5ss2Gz8Cbjf_fZB5SV1y5ohWld5TWsrMMyxxqWNCMfFyBPA1p1XQB-OJ5FVSPj9i2cs9FlwmLZuIGzf1k,cryptoadz-by-gremplin,7.5,136.2697328275063
47787279,5481,CrypToadz #5481,https://lh3.googleusercontent.com/IwxixLt2EqIim700T_OMFYJNTwkzuVlwlrTVWfzxWm8lSZwHnJuqp_IZ6C5ta91iL_A9d39K-jNtAy4EUy5iBFXDye7WJrxMS1_AeQ,cryptoadz-by-gremplin,6.4,164.02878223450136
47784280,3940,CrypToadz #3940,https://lh3.googleusercontent.com/fxDKbXRiC313MjcexAwpncdyHzjhgmPC6BaaYU6_5xX1-X8c46QxPPAm6TlaINB46s2DXhzzQ34bwl9iKs2-t90nlpxmVlKszk-ovA,cryptoadz-by-gremplin,1.8,250.64596211045517
47785360,4602,CrypToadz #4602,https://lh3.googleusercontent.com/toCz_xBtqf9d3VRzpn8OSAhEEaog5YmheO-6AJVuKEEpxqxXnmhVhuRiDTMt73DaoSiZZm-E-awKMU4XTCTMyjMGwrWRDMAFgjlk_zI,cryptoadz-by-gremplin,5.65,220.88337652673033
47782001,2187,CrypToadz #2187,https://lh3.googleusercontent.com/hmbtCQ1UYfr4F7lWu8CYPSSWO_zMS_F5RRjdQSLYPPluJX8Aa6dkHSvAVt6OaoSOpdzyy7XcTL59pLfbgGg8CcoLwhDBJH_6w1lrKQ,cryptoadz-by-gremplin,3.5,285.67895855261065
47779961,591,CrypToadz #591,https://lh3.googleusercontent.com/RTtOCBtymKzC3kPCy25bVpJ0dVtedttT4Syuj1GCLdA-nLxz_-evLxF8l7g_-lFNKanVpzDaE1KXm0cOlRH5xitRavyleU5a2fv7AQ,cryptoadz-by-gremplin,5.6,146.45349311391954
47781882,2192,CrypToadz #2192,https://lh3.googleusercontent.com/Fuq-g_vsI-vgycpYC1meNJEhkFltoeqyw5QGNSSewZhjDuLAA4wtBU20eRKvg3PJrJph9qCGT5tx77Cc1XLSbDn7pKLbAcNEP6oj3g,cryptoadz-by-gremplin,6.0,294.4230493103755
47782962,2980,CrypToadz #2980,https://lh3.googleusercontent.com/yo4oN_jflg527vAsRm9IoBrxrAU2iEZaAcvNYLxAQZD-KUKIZhysfNY0gUpEvel9KtpJBb0TxGL-fYBAGAMa23bdZSX4UbZbkKPp,cryptoadz-by-gremplin,4.44,296.91909195014784
47780083,766,CrypToadz #766,https://lh3.googleusercontent.com/twKhBRSRoVgsPw7ZsvoEYxkwmaH_rlXrrE8yJHslnK3IIDjop2CtkTsxW-rBdDI7B3lXbY5MgRQw4DQ3aW2sCcFULsc8Pw26vl64,cryptoadz-by-gremplin,4.42,78.9094199160993
47782843,2834,CrypToadz #2834,https://lh3.googleusercontent.com/SBCAvDHPf377dMygTT3NwzlDUxLoa3MSp5s4daXYKhXV0ECXkxzf7LQJ_yU4DP0DlYhTwCe6nJPiRtR4jkMEbTpgXR_2o2tLx-b8u08,cryptoadz-by-gremplin,5.24,118.097484733962
47784283,4029,CrypToadz #4029,https://lh3.googleusercontent.com/qWN-uUex5uCRsS36RsBp-p-fCqkh8Eddh4aY8BIMBU9JPlgpw0jYWKoV9JIfI27zz2-YyI78fsTOlc3oA0hx65zU5Z_DCk2rC9JI-w,cryptoadz-by-gremplin,12.0,133.1444224031982
47781523,1787,CrypToadz #1787,https://lh3.googleusercontent.com/vrIl9CPo9FvVguIbJl_02g1K3RiH2FBC9JbuZ1wx2Q3B29KwwIVrLelCmCCllsc0Nk1NUxWrwDKkJmvGat4Aay6OQTVjd5Ahp0mvdQ,cryptoadz-by-gremplin,10.0,209.97669846940906
47780326,1044,CrypToadz #1044,https://lh3.googleusercontent.com/ihg1oEYdkfkeB7ahYHTUeVjtpScYBenY6YbvwpKa66WRF-VUfPZ6ObYYADdVlokIob-64wluOxfbmFtF3d7H2FZCsYrFrEmin9HJ,cryptoadz-by-gremplin,11.69,139.75277811068963
47784767,4258,CrypToadz #4258,https://lh3.googleusercontent.com/uIKcqxd4lSUdz9ssBGJ3nQqkc3zrkr2-t7NgGzYCrd9v9nodAJ5NeUNemuzmyZj31lU7rsNmJUu57AlogbBv_L8Jo3hSSHIlx5tFcg,cryptoadz-by-gremplin,4.195,232.46948313852863
47786687,5129,CrypToadz #5129,https://lh3.googleusercontent.com/NMlGBT1WYypk146BeJFQLiUQtc9aslg8z_jpmJ3QXPXi2P0XkYuCuNzQXjhZ4nNpjlrdhoGyMRboean-2q4o7tSy2ogCdVrkf4aHPA,cryptoadz-by-gremplin,8.32,124.04096088176135
47779847,518,CrypToadz #518,https://lh3.googleusercontent.com/8N-rMvaig77nnXRBUonUw4vx638Dien2RaIdKJtg0nRzmsAZfB17f4b-HKXaM8jufg5syTAO_uJP9cP33gyB47iR8HB03LdrNbJuSIs,cryptoadz-by-gremplin,5.0,219.6590966536373
47782967,2832,CrypToadz #2832,https://lh3.googleusercontent.com/S1tPZnTdI129kSGiU47FYzaqFnwHjxeohaLJMAVChnAqyDa6MGMEOsWavKS0MrhIQE_DBn69PTBTrTYWMmrJ14Lf3dJQ1uPt_DsBRQ,cryptoadz-by-gremplin,4.1,151.74603174603175
47784288,3970,CrypToadz #3970,https://lh3.googleusercontent.com/p1sLt6oyWTViQyG562r2iMpDM9VfDAf9DJ8dSDC3MdQ4oNqq7fU15btyBn-YyFd3U6io_DyRgm3jEVNMTDfXfvDadNIgp1EwtJZChQk,cryptoadz-by-gremplin,13.2,186.3615865477196
47780569,1156,CrypToadz #1156,https://lh3.googleusercontent.com/Cw7JDgr4kZCkPqnsoTedb2tRrOBvChc1iY_RViW35nrCFmG3DqX9yMDcKAlOdm4lEkSxN1TI5PHKmgwjpmOoQdc-iv996Mlp0uQm,cryptoadz-by-gremplin,5.9,144.02798549719526
47783689,3315,CrypToadz #3315,https://lh3.googleusercontent.com/11pXpxmIUaif7ueJ31qtZ5dEgEcn_72r5ZDKibkvavUBcxdkNMPG7I64Yx7hWiSYG2DOtTHJee1w5d49WIrU0CTyseeQ_VzEP6ax6w,cryptoadz-by-gremplin,5.34,125.79302613390084
47784411,3904,CrypToadz #3904,https://lh3.googleusercontent.com/QSG9o9jruqH4fSOzfJGZAFMUsVVM3bZwqrTueJ47uPjhEyE95KYB2fx7UYE98oeTBouwL5cMIpNv2mblFz412sT5I-ZRh5agqRH57A,cryptoadz-by-gremplin,4.94,172.3874879202025
47784891,4222,CrypToadz #4222,https://lh3.googleusercontent.com/Ow96mWWOG1cqksZPorOGicj5RqfLe4pNfvYzT3Qfp4vKKGNfKFVjelJoGbWn_zdOEONzqX18RVQcPMVB_IFkcJmWahR7IagbNeNqlOY,cryptoadz-by-gremplin,7.39,193.20265364465274
47782011,2131,CrypToadz #2131,https://lh3.googleusercontent.com/3SKhulP8Uv5dclFJ-2xBs_0TebVje0Lb1DYOpBzA2_9BBhm0cu5bLmctq4UObR8auHxlAdZY8pt8hpPIK4bYCQHiHTP7O3I866uYug,cryptoadz-by-gremplin,6.5,233.79290128124381
47784892,4097,CrypToadz #4097,https://lh3.googleusercontent.com/w3KjFI2nLba-sT9-OYIvZs2rKcghL66pkosM9z0PSNVe7DlWY9kV8Whb-KetLHePI_Kfg4iSENRa1zRb8UtXDVLr3qbzaECFCvA38Oc,cryptoadz-by-gremplin,4.069,130.41451824960188
47787892,5763,CrypToadz #5763,https://lh3.googleusercontent.com/HCMc3NohibZzFXLQTKX8RtBB7T11llTK_d3RrgDqktTcLsMsa_IHhduTZ2OnOrQh2lznso7fuO67gydsaOivyzkaaQ7D8t7Szail5g,cryptoadz-by-gremplin,5.0,224.9673090915682
47782132,2512,CrypToadz #2512,https://lh3.googleusercontent.com/ALXIC0PhMoSJQD1JcZxtIGioxA_T7KEOgb2dLu3JLF059jopCQnC9R9CaoooOPIqQ8AAT8ecRuLREVYn8u_bMESSzIICc6eH2u6d,cryptoadz-by-gremplin,5.19,230.2263976457065
47785733,4676,CrypToadz #4676,https://lh3.googleusercontent.com/hHx-DpAQGJO7DkRmPw9sfInAfwgb-wwEGdeMLKTyIfrLqmELEg_fvmMk_CbVS25Edm-48Sb32uyyin0MhdPLwHu8N89dxF0NCIck-tc,cryptoadz-by-gremplin,6.0,137.4269726423682
47783693,3335,CrypToadz #3335,https://lh3.googleusercontent.com/Hz4TDD0_mOY6B26D3BrI3o6w9ByeKkTOGohCNEJv3e8vx3ler3j8qJNDwpdZr7E8gD8y9s5Gyz7wuX0J-OND-uznYURr3-KS1hkhxQ,cryptoadz-by-gremplin,0.8999,262.18107549854426
47783933,3564,CrypToadz #3564,https://lh3.googleusercontent.com/PKpPIdLzufVmna0SbI9wf7fh3JYd7V0hF4RgnYp5aGr48KUj-q9Ha5RYjDWop6BN3u_xLRTlNkJEQ-EyX16o7CQK0lcL6S3sdjv-D94,cryptoadz-by-gremplin,4.6,117.83248914780056
47779013,50,CrypToadz #50,https://lh3.googleusercontent.com/IgTlaMscmwXRhXUm3AdPYZc2K34YYoQ5rnUDZ-C_2bRy6MkoQIWB30qu8opqRP_iBEwyHqyYG3V69zxA5hFjfJZSdI3dLfxmplIOyQ,cryptoadz-by-gremplin,6.5,131.3202299290153
47779374,267,CrypToadz #267,https://lh3.googleusercontent.com/B4SHqcTALuzWeqIk6QAWIeXRFoV-SITr5TdL5Q0QVlDgcLRTZR1xgJ2n4GSgJpb4advDd8fWVP1harJFDxbB7P1CNlX0V3pL85IK,cryptoadz-by-gremplin,5.5,233.2001855566793
47782134,2472,CrypToadz #2472,https://lh3.googleusercontent.com/Z74xLD-9LNkPUdWo1f9FgeRK5eTciqfeKhEb0VRZoW4iDpYxGn-Jvu7s6gU6qh0PPnPwVIlVlbQYZQWxR6Xzrt_7LJILLDItAiDuyw,cryptoadz-by-gremplin,6.0,286.671417842966
47786216,4907,CrypToadz #4907,https://lh3.googleusercontent.com/TpYucsYXhZ50oXrPTelTbt4xS1BkCZ7oCsth5POI6Y-QzBLtq-kLoMUIoN-7OV_nw426oLqMLdKmMikim3nCqQhDGYHEIVmRD1_aFGk,cryptoadz-by-gremplin,8.69,132.58534085809455
47784057,3709,CrypToadz #3709,https://lh3.googleusercontent.com/yorBC8DzlrGG3zQRfzpJkcMhY373uvPOOx1QtFjt7N36IoyYr7L3WJqzVe7byxtb3EcCPi63qOXMKxEigv6DNPhZyKH6MlARyzMNyQ,cryptoadz-by-gremplin,1.589,238.58247864426374
47783457,3308,CrypToadz #3308,https://lh3.googleusercontent.com/572eUoFJY6XIWXb7ns1xXLBW53PVJKkP-1n_DOHo416xHky2hUAp1wdgrITrMSCo5Y8Kkw9ZUX7KVgQlExXy4r94SngLgQqgk6yEqA,cryptoadz-by-gremplin,10.33,195.88357022846316
47780578,1094,CrypToadz #1094,https://lh3.googleusercontent.com/0dCIwjdYLMTOyGhES12LWzVV3EBW5SMXUsr5TijIX4U1QTNgtWPmoZbtjZL7M4nNKWIYi-ybaCDskk_oNOAP8ZmIsRFB_vAgAoTWBg,cryptoadz-by-gremplin,11.25,141.7748761961495
47786698,5119,CrypToadz #5119,https://lh3.googleusercontent.com/FGCdF7XAlaMIDIpOFELCfL57nrGg3HvGX2K27l-DjRan8ihawXchToYkWmbZ4tiyemPwUpzqqGs56cohek8pV0_g5bkiUfjShClstw,cryptoadz-by-gremplin,3.2925,216.49300775927185
47783579,3366,CrypToadz #3366,https://lh3.googleusercontent.com/eu6GzO0TuhrfDMoZ_UCnXUT3PrilJZv4akai39j_2bbOToaZQmzEFa7Tl16_UzcwySX2417wmFpYSLYPNNSHT0ccKiAcNDPSfeLujw,cryptoadz-by-gremplin,4.49,225.7646624530857
47781660,2039,CrypToadz #2039,https://lh3.googleusercontent.com/Fyy91RiEQvE_KbK8EaCwQbawlImLqp4k6PP50Qwu7to0mj9wM_PqiwoGSf_ulOvN2tXsLvqmcyqiZwVe-mwZC2o_2GZKSmgaos73ZDU,cryptoadz-by-gremplin,7.0,217.3323242843042
47779983,592,CrypToadz #592,https://lh3.googleusercontent.com/nJ0KUgJ8l3UAxF_e1xaCaUBK_aLJfixt1LxHL6yJK-UekXRMpZqtuSbMKhFBdcxEP7h6-w1myOXoEsm5MHQ8O10CczYN9bPUdMg8,cryptoadz-by-gremplin,9.1,160.00507667958942
47783704,3344,CrypToadz #3344,https://lh3.googleusercontent.com/OQtlOG8jqyndf9jYBFbMO94WEU0zFhrXKHsB9-swK9hbYJ8C82ngstcbygW1NqrLTimAgQ5HYPXIDCdJHxd6Ge5asvy2IaljjUF-aw,cryptoadz-by-gremplin,9.3,349.1240049489992
47783944,3678,CrypToadz #3678,https://lh3.googleusercontent.com/jS2cCuXSQEww9rRibWgdOpJW-M9HmbmB9nAjLbZIEbztGWFHQK_KjtsZJ-lcIsXWrQ-wehExoSgLHUSDQXdF469Y2J3e0M2rWnAtpg,cryptoadz-by-gremplin,0.7,146.36705484449143
47779264,205,CrypToadz #205,https://lh3.googleusercontent.com/2XitbWV8h7uB_sjBmP_l6B_6eFiVJZLC7V1WXetQWIlC4g-rg45PKKd9nRCb4JEtan5gnmMBGgJSGT8tUFGwxo6uYD2C-oTJhnupdA,cryptoadz-by-gremplin,9.99,277.9375305622404
47779025,147,CrypToadz #147,https://lh3.googleusercontent.com/Ct9GyWHHmbhPlMJJv-NPQdhBptGpWL-HZO7t9CSlsX0qM4G5wUIeS3kdLeWe8jGvBDksWkh3qgwwYBWaLxxPSNuZ-fQwFS_DJOoW8r4,cryptoadz-by-gremplin,4.25,217.48261335010238
47779265,244,CrypToadz #244,https://lh3.googleusercontent.com/ZhbXGyJPJltqK6XTEtKJ7oXPg05lUdZxlgTIZ7RrDD1jXT4xY4sS11uoAZbvtve1vb0l1c6nrWr93xn_B7_-v5IePdVu0eO7rQ-A49w,cryptoadz-by-gremplin,10.0,222.98593871911558
47783586,3361,CrypToadz #3361,https://lh3.googleusercontent.com/xUX5_Cfe3gxFECeEOY-L3vmfzSgbyXywSRr4mgM2eTpIQbaBb03p1RU_TBrnBOFbCyn7jprKVSCUMvu7Npne4ApusrsKlV0y0Lx5,cryptoadz-by-gremplin,0.6469,234.07654458192718
47783706,3513,CrypToadz #3513,https://lh3.googleusercontent.com/eFzuI26qNOBPUBTxHefC__U8I2LsQn19NXNPD6wbwuQkXA_3i-7AcnoEnLBvSXbVKT-m3Psbus2bNIdiyOGrC6UwzoSd9RtQxYkO7Q,cryptoadz-by-gremplin,14.69,232.7646211114182
47780947,1508,CrypToadz #1508,https://lh3.googleusercontent.com/UyEw14nn8KgHfKGoRmoc1NyREC9MNQRNvFOy4GlE90g22ojbOrxM65sQOpTi8nl1UhKCzGQwlggwxQWAv3GsWgI-DLEpFpXCJe8-Bwk,cryptoadz-by-gremplin,4.0,235.6933321980875
47784307,4043,CrypToadz #4043,https://lh3.googleusercontent.com/bpLx705p-VNxsF2d2f6hBjONPY4ePoc3wteR4nPFv3AYgckJclEx1KI8wGr-rhdsQLqjiNltaxafblNXa7FEdnU-AWDoztLZ8m0BoA,cryptoadz-by-gremplin,5.7499,112.0839191638575
47779027,153,CrypToadz #153,https://lh3.googleusercontent.com/CNAWY1gMPdnw9WiUD7TllERBMkVwFcCZFYDpD2FemXHYTRhiv2l1GDuRStVpYq8XA_ZD_yWPri3tZIMcsIcL6IXjhe0RX8c_06YB,cryptoadz-by-gremplin,14.69,398.7041760448632
47780107,738,CrypToadz #738,https://lh3.googleusercontent.com/fjtKK4D8Dx4qBL-qxmjWmhKMMEnwyis7FZI42yQXq6FEwrDRFUIAV4_hZ72lUzydNLJo1k7GAMFKcGzWl8EQBQ-GZfXlGB6cQZmJqA,cryptoadz-by-gremplin,6.79,175.67322426015062
47779388,465,CrypToadz #465,https://lh3.googleusercontent.com/DJ6XBmQRFAtswSHsmmrLzu2n_tfQwfA1vYaXM1G8Elf6ds-ZA2T0FRvZPRtQ5rDUeGsTSYaSxRtzfXFA-8kJlks4DhfzSqhDu_EjQw,cryptoadz-by-gremplin,3.88,177.58557827262095
47784788,4260,CrypToadz #4260,https://lh3.googleusercontent.com/sRzAAhxrl2skkZ-8miqcluSz6_S1IjkOjaRaqGa15PrQ5Cr_Ln81hFwLqdU0nqTNbgFDnJHvhCen5HjCcDqwpUMTmQcNFytot-9Pkg,cryptoadz-by-gremplin,5.3,279.8467859463158
47783588,3108,CrypToadz #3108,https://lh3.googleusercontent.com/6iRle7O6K6zdPu2rMCnsPFCaFjO5Mw_LlmdmZ92-trY7bO7XNbwhPJsuBbO_PoXEria0u8GEs3gCdwtr2zY7efggz9_8sBXlSGwCDw,cryptoadz-by-gremplin,7.77,259.6190033661349
47783829,3566,CrypToadz #3566,https://lh3.googleusercontent.com/lCqYP97lkkx0wGYXOVJ2AbdXsi28REsbIctzu52y-FIdZZFN83rg3XBfU6n6my0MesAFNMzjvoVLPCk2lV2qKL9gljvy1ajhPMtBCQ,cryptoadz-by-gremplin,5.0,144.05673731470034
47779509,271,CrypToadz #271,https://lh3.googleusercontent.com/P1aZ5ZcJDivT5N7ww9Ti8gZRVmtDzpgGrsh0s4oDkuWS169Ql9IztE-whZ5bc-7auYtBWyNwDBwfXBlzOQU8ds1-l5I2Otmr48OG,cryptoadz-by-gremplin,2.7,273.0134181668104
47783350,3173,CrypToadz #3173,https://lh3.googleusercontent.com/rW12QS7c-c-_rcofjAujrtxZzn_JYTox4iacwGaAfxyv8XVte0sV30rpeSj7FW6XEmtz8ulzNSRnVC0PLrUmDkDrfElexzIZ4-4NeQ,cryptoadz-by-gremplin,4.9,126.38798723653719
47780830,1196,CrypToadz #1196,https://lh3.googleusercontent.com/OnAVo3s5NispSMa1tuCOdfn6UqGSYxzTvwX5zCPcJRbhbjbpTE6kTgC49PC3YXGZaZHkpHAoepJF9TWsBjQWYooxlNJN8FHjxrtksGY,cryptoadz-by-gremplin,4.969,130.7760780907663
47782630,2670,CrypToadz #2670,https://lh3.googleusercontent.com/lXrew_4XNU5V5SbxzdW_jVrtyV0eMc3T_rvreYvLFfpftFcyVN-ilgqvwIGoczX_DUXishWzElQm5K1nPesb0fuEn1ksSnwYHH3zjA,cryptoadz-by-gremplin,1.94,198.40161063840924
47786230,4866,CrypToadz #4866,https://lh3.googleusercontent.com/JXRKrEj10j-3JOW6WmGkakY_y4kNwmSYJQMDtda2nfyKAU-R2lM50cDn2-7hSMT1P7mg4M2NMTGRrK4bh2vkTUBFkt5XWdmBvGl9zQ,cryptoadz-by-gremplin,5.1,150.71442810654224
47781672,1986,CrypToadz #1986,https://lh3.googleusercontent.com/oCpPMt-xgbmQL8wq9YiLxZkSlUIQy8LwinvmOOdHGv3zr-zM0OlkQeNLMxYep1q5YGngfFHWtUGLsMm78X76ja_cP_cM7tbTwYgpCw,cryptoadz-by-gremplin,1.8,228.39712005538826
47779512,283,CrypToadz #283,https://lh3.googleusercontent.com/MHJLp-8636pqGaG1PRq5-TTUeuS4gAA0P4B713KvjXFm-jihDRlYWoqWROXI1ji76ZS2IZaz9CI6BgFBylVHYwHnQWwBCQF4Boj4ug,cryptoadz-by-gremplin,5.969,251.15200049192006
47784313,3844,CrypToadz #3844,https://lh3.googleusercontent.com/q5bxHjT_VNqilsfmJPkYJyL07bS4F4MCEuGtSd7DXIlHLLE0HCoUjsvazijgTXGwLye6E6SSxgZHzRIVmmdphWy_h3Ke-Hx1ZjB_VM4,cryptoadz-by-gremplin,4.269,174.16132161456298
47779034,70,CrypToadz #70,https://lh3.googleusercontent.com/AGmeMz_eYSsw7ofjLnnZpuLhODp5Xip4jOXKRIDw_nYA5Rnas8hFQs9WgKHNm4PuSdEM68TFaEfinnYpS_D2PQ2tpDMvHSxY33MiPCU,cryptoadz-by-gremplin,8.7,370.17852815168845
47781315,1906,CrypToadz #1906,https://lh3.googleusercontent.com/QW8XQoTJAeOaa7PSKqZqliB5G03yYX_rVU1WGX0LgS5MBbhqpH9b0QGB-_pXWYJD00NDf5ekkjaV1-C1x8CmbUFDy_Jr5nIm7pFN,cryptoadz-by-gremplin,10.8,223.40257347992198
47783716,3384,CrypToadz #3384,https://lh3.googleusercontent.com/DUY7Vd_9Xmx_4X3YtqLqRKsZTwWR1UMBTRy9LQMqYzGtBogLMWYQmyz-jzsvt-dVcLMTIFx-zkYjTp9etb0XABUaxQhiTgDc6rL7zg,cryptoadz-by-gremplin,9.99,309.9035055713888
47780116,828,CrypToadz #828,https://lh3.googleusercontent.com/N8DCh_Zgo7VHePdRQ3I1QGN6fNwD63ck0KEVA_mMylu0Z0fCoH_6KZXlF5Vp9vhPAid674qFYYTNvSwQcoelFKU3quZ0_YSFmpPbXs4,cryptoadz-by-gremplin,9.69,359.5830857773445
47783717,3371,CrypToadz #3371,https://lh3.googleusercontent.com/t791XalYKJoUr68g4K3UCvNuGTgpsh46REqLi9D__SPs7iM47PwbHOZRSU5QQ_njc7Ala5_7wejxsED0v7t1j9DqgHysEQ7P_VoI,cryptoadz-by-gremplin,9.69,226.34639093121172
47780357,884,CrypToadz #884,https://lh3.googleusercontent.com/rygeDCMlcQQoh5uQDovOITLScCI9ERkytaz3Tp9CoKu8DX4WvpSJDi0bHtUGIsTR3MVDGdlioWeoflKbdpKn7gkBbIVl_xBLlsscdA,cryptoadz-by-gremplin,8.45,94.44344050746697
47781318,1772,CrypToadz #1772,https://lh3.googleusercontent.com/INc-qQEmooRAWyCvKWt_RMSkarMMjxvGuo5JEw8LO3i89hDX1igKjgy5lmDvCB5bOGWWseDInSKiO9QCC57AaJo7A8a1cbBn2Kn6,cryptoadz-by-gremplin,5.0,252.25818509939973
47780599,1270,CrypToadz #1270,https://lh3.googleusercontent.com/rEBnlF8UbPXKPPNbRZdRi3OE5mIWD99l4hf4ne6WFVAczgHwbGF6ZV7E50C1EgyFEwyzvPT1Vh4SYmi25ztEzcOMy37Fph-_H-xWXQ,cryptoadz-by-gremplin,7.5,366.5259392322432
47783840,3598,CrypToadz #3598,https://lh3.googleusercontent.com/j6CPAtSSRz5-OoU49twVKX10KyNSeDFO6L5VfNr_vljP2B_Ja2eewegKrHf6jQTEXR5jZVNCuEPCdPKqvLusLjXNdMPCaBwVnJnF,cryptoadz-by-gremplin,4.5,173.0844398563285
47780721,1305,CrypToadz #1305,https://lh3.googleusercontent.com/Nes6R6Ikm95Tb9Afr5zXYcjumQYPAYbTONC-t79NbxympIE0tE6v9n5V2LN-IsBkn2XosHbcoD0Lxu6I4ikmzXn5pfOVkR_RZm4tA8Y,cryptoadz-by-gremplin,3.99,136.82446165219588
47780724,1285,CrypToadz #1285,https://lh3.googleusercontent.com/IzJgPbME7e8F-Ra3pimtyCnPZ1--A_ZPXxFOaLA5HDn5dPiVqBMnW0MxvCttxvT0wto7LwSuYG0rSUsVoBGiGBZwnh_KXc1yYm49rXc,cryptoadz-by-gremplin,4.125,164.76973683035547
47781204,1674,CrypToadz #1674,https://lh3.googleusercontent.com/D7MS-j_bWz5AmT2L8xBOfr8oLEKeH2r78Uco7zYrkQgPj09_52ENBIQeDoOQw_hs7z0IMKM7Vo-Jz0MQB9-NLRcW070fdHcvPE7j,cryptoadz-by-gremplin,4.15,93.14804602442301
47785764,4678,CrypToadz #4678,https://lh3.googleusercontent.com/qoDYeCOv3lfj5KLfDZ4tEDvZ9GlBy1RGhBrClEwERGFdW83Fh-z6T_AaY12XDsL2no6dxtYhFTffZvyZcg2Yr-TV72EfU1cwZxrxr6c,cryptoadz-by-gremplin,6.0,341.40659514566016
47783724,3431,CrypToadz #3431,https://lh3.googleusercontent.com/wwQIjXQ5jlPiFMNU9w8sIaFLXFOQGjMIDrEN5owbijr-n5E5oks-usU41twYygZGOHikCy4vTp6FzGGWG4Lx81uHLIcDNq3MBc_n,cryptoadz-by-gremplin,3.4,166.00428188514815
47779405,327,CrypToadz #327,https://lh3.googleusercontent.com/jNbJM_9ARn4kjku5sPiHYXZGsmqxhKQ9XT8denrrZcmYis4QTr3D176lX6NCiSK8sIyeEcbD3ihK0bzf1HpJr7jUAz0U5VVXiqwe,cryptoadz-by-gremplin,1.24,105.4675695776412
47786365,4937,CrypToadz #4937,https://lh3.googleusercontent.com/zGhLmSJPvPa822Ci46s_2AVNKCbLBJQo_cCE5_xmsyqo-AfM6fuVoi2oc8JUefIFk0dC3C1p_shhxb2xAFKiaSaOEfEbN9e0ZNiunw,cryptoadz-by-gremplin,5.25,215.9320893495229
47789126,6481,CrypToadz #6481,https://lh3.googleusercontent.com/nC8NumJ2eaDTpx3NE6a1tHvcUrzTnhLzY4c-N-g4iKp151fOjG6mdEE0YE-xw93QBeDW7LeSeX7ElrqJDcTjDBRXm3UcQ0m4cZwWGG4,cryptoadz-by-gremplin,3.25,128.43080552058882
47780606,1168,CrypToadz #1168,https://lh3.googleusercontent.com/ldE18qKuxCjG4Q0Y_SRIm37KBBoOJm2G5QBfLOO-_Svpe3WllMj07yAqkU6ftFmbzsTOcBVebOm1VfIfTUaBMSVVBi1XEoZ4HKAfskA,cryptoadz-by-gremplin,3.8510999999999993,189.6968540697323
47781566,1912,CrypToadz #1912,https://lh3.googleusercontent.com/QUGiticxqXmQZf6WqWsb-YsPwoAuEacVm14mOr13Jwf9POKovJ6HFSVgZRpVeinYYNFWl-KgdVTUUQfvrQXeZb6Clyb4iwFMCjR9Ng,cryptoadz-by-gremplin,4.1,289.43993224033716
47779407,425,CrypToadz #425,https://lh3.googleusercontent.com/mSLD72oo71BRtiHsyuCiWBVOIQ4kzKuOgUOprncxKjmKZLpxHO006lTDKvlVqutXkwHNtZ6ffWHM-q9nHyOixmcooDxJ-DimZ73cfA,cryptoadz-by-gremplin,5.4,205.9068987158956
47779768,574,CrypToadz #574,https://lh3.googleusercontent.com/YInRrV5W2UJ_Lc-X0h_GvfkpeBqSDMd8SnK4kenWcUMaHBppG0CtUvo9W5VYLbr4dAFie87pP59exyq4JlS6eWNxiw_c9ChCoT9JSw,cryptoadz-by-gremplin,7.0,238.95025720708577
47783489,3187,CrypToadz #3187,https://lh3.googleusercontent.com/0SfnYCbrcRl3Ad58Liu-S3CnFBoz0SgdyzH06g2SZeCkxvmZmaChbr_nkzpMJRDcm6Gpg1bpwnmcZiBcfjPSV9Fb7kancFeDxPhx,cryptoadz-by-gremplin,5.8,168.28652754938025
47782650,2620,CrypToadz #2620,https://lh3.googleusercontent.com/LsVJkJDNDiJGV_4XfN0qbdlB5qt3QZOkAJRRVB3Tanthl4ziQS7INoq9a7I5v-01tbU7KM_NQ4JTYYY1zlFEiG0OdYQn71lyCvFs,cryptoadz-by-gremplin,4.69,187.26309044448766
47781572,1972,CrypToadz #1972,https://lh3.googleusercontent.com/mMCCKI-DB54qmIQwDQGMrhtMji52kLvoua7giEkK1jzSiXxVh559DCeKerGKh4QzHE9Bd7XLLUxzC9NbaNjYue3sFWcpr8Ju_xGB3Q,cryptoadz-by-gremplin,3.4,189.48830912063448
47783852,3534,CrypToadz #3534,https://lh3.googleusercontent.com/rr2mwiJn1z-TTYjhnK30YpiC7pl--i7a_fphJjHUPYn0nqlPppzYxaBYtR-fB7qtzbHvlez74BRIYSfH8wKiWyxcv6x1UOULZW-MdA,cryptoadz-by-gremplin,7.0,331.14927383495683
47783853,3537,CrypToadz #3537,https://lh3.googleusercontent.com/XI125NNjjuZdUUMNUgN65151ZLme7-Y2Uk1IaQ4VS_cwdEnCpUxNK1Pvwk1hxOw8gVGRcAXKDpKPVkboJfZLqIoxcbjOdyzCIPdZCmI,cryptoadz-by-gremplin,2.25,276.16219878663316
47783615,3120,CrypToadz #3120,https://lh3.googleusercontent.com/NWRpJ3yp_vSmXz9HLm_a4fYP-ix42xtx8bP4wPaeCk0Xv3AFm0-h9xr9M7nlubi9Tbj7EHNSB9ns5pjCj44zpdyrSbYjOJO3Dr1uhQ,cryptoadz-by-gremplin,12.45,138.6508160395541
47785415,4466,CrypToadz #4466,https://lh3.googleusercontent.com/cXurgWEngQbv5IjEC1itMBx6Oo-R2WjYOBViviR61UxMZOGL4OLTQucedDzSIVLxeJ7eRpy483o60yUjcezeFioTlZfkrVBnxlDX3w,cryptoadz-by-gremplin,9.22,159.91110315284365
47783975,3529,CrypToadz #3529,https://lh3.googleusercontent.com/Geum71WuuLFyOptfhL7WzacKb1HmP7oKmgYhKkFXcnq6_DoX-xS5NEsf4AJzre-5bpCDlCYw_kpQiuRhl7JkWGsK4vDIlTX9RtaWKw,cryptoadz-by-gremplin,6.4,168.36093686952057
47779776,711,CrypToadz #711,https://lh3.googleusercontent.com/1pzw6lVFHffEmSvFLD2kXqviWdjBkv_q6hEYT7uDxI5kNTuQefydoIqUyXIE0JG_CS4xDARnWtsHSW6QhMPRXbLsCoOBtOaWn2AUvQ,cryptoadz-by-gremplin,4.9,137.7215538933508
47781937,2237,CrypToadz #2237,https://lh3.googleusercontent.com/YFIDV-V1D2aCUpLUXey27RC0tzPOjuYQu8T_i8G0-jySq8JYpqTLThrWe_j-fTw-jvD5ag-urU4t0jQ3v04HKk79V0GSWSqrB0FFmA,cryptoadz-by-gremplin,3.95,185.29308772137327
47780857,1383,CrypToadz #1383,https://lh3.googleusercontent.com/RCNztxC1s5TxcVXpJIXzXo2-6rFl_E9Bqw_SJQRe9QSF5h60DeTaU00NNX5RrthisKW-FqwwKBHs1tpDC3qO2dk74viYi23yUS6fMg,cryptoadz-by-gremplin,1.5,193.0686969819223
47783617,3367,CrypToadz #3367,https://lh3.googleusercontent.com/8-lSZprC_-xYCBefB-iMvC_J4utNnxoPLAVk7SkA6CxgEqwkGe1jBaXaBN2Lui_4R5sORStu-IIvRd1G5qjn3awCfvxTWCJmYXBn,cryptoadz-by-gremplin,6.5,216.04550984604893
47779897,662,CrypToadz #662,https://lh3.googleusercontent.com/KUJhD_kCbxu0bCnjg33YUCvXKTtyDqAUyEbLJdY0ZXlBAqaJHYlq1_469GIi6trxmXgueC0Ru4ZgkgTmW0j7EVAc-UxQ0RdUe538YQ,cryptoadz-by-gremplin,13.4,175.06518912867676
47780378,1014,CrypToadz #1014,https://lh3.googleusercontent.com/C5G8LSqYVLdFuWVtaBr83XqvM5IYFB1OR5n5EjoiTHgAFGyueqo0jpZK10sE0KiV3V-f4uAbvKxBNrSql-9FApqhkMi9PqW-_u1E,cryptoadz-by-gremplin,11.0,186.29652278225078
47783859,3525,CrypToadz #3525,https://lh3.googleusercontent.com/jew3QcQSYt2PBgvE8o4zwhk6t4RXjVRwoRdaC6XnwioORXTU4AmueAupdJ8SYeYldqjyczf6NvtO6A6gVoPrC0crbFDTfe6zQdlmzac,cryptoadz-by-gremplin,0.94,88.45426708055597
47779299,208,CrypToadz #208,https://lh3.googleusercontent.com/WOFHOGV-7HItuc2r4LP08DX-XJRb9Zj0Pvb4CgAutt5oGmliYnHB4NbaS9v0zJpite5wceivXy9yWFaO_i6MBt__VsvfTTXRYLgu,cryptoadz-by-gremplin,13.25,163.3408219167198
47779899,578,CrypToadz #578,https://lh3.googleusercontent.com/nF26yDUrU2n3uyHxbND4tmFwiolIeq3rpEpu-eNA3LBWre6hs6zREl_9XPKarzZXIP6WKyA5Ob0klb6OGAJxwhj28J93pqgSE-xofw,cryptoadz-by-gremplin,10.5,332.18333526524685
47784461,3947,CrypToadz #3947,https://lh3.googleusercontent.com/9vzrYtD2LVZNAydVfi7FoI79b6C8D96Gyvy8A4sNBetEuVu-b97NqapFnWBUIVKQyOQ3Pe4ByHj5bt9Azs5oj0uvZq0xri0_HrPUCg,cryptoadz-by-gremplin,3.98,110.95215742375811
47781581,2092,CrypToadz #2092,https://lh3.googleusercontent.com/9DVfmyfUNa6pIeyCkhfgejjNmYdvk3hbU7lNSOY_xJM_KHNIXIub1fRXyKrltUpkXBHNjG5hZR8srBPNl_Lor1c_g2M-qrD_J568Dw,cryptoadz-by-gremplin,5.74,360.22013532965923
47783621,3303,CrypToadz #3303,https://lh3.googleusercontent.com/rptpFGMVkLKk1z5xTA23CuNargsZqwapPsjn9G0G7Vt4ubXEzSMXNkWKgIocSn30KHfW5Dav7nlUp2qndmfVVS9XphTeWIzZzaGQcg,cryptoadz-by-gremplin,4.3,248.85512529496708
47782902,2828,CrypToadz #2828,https://lh3.googleusercontent.com/TddbcuYqTOM9Cd5tl4X6rB1iOqGkU6NOgcC_YnF3aMjpcdwZifZ_1TII54p3599T8UyJwNj_kkKjjKjRdu0JMu-J0X3bdUAXJT2rsg,cryptoadz-by-gremplin,11.9,148.81868967781566
47783503,3423,CrypToadz #3423,https://lh3.googleusercontent.com/u8X-tmofvQ-U0NNi0fubZl-i3r1Wu9nuEicw_KL0jcPD3sYd3zvEFXJoQv9AkEgxddIKnFjdzbvM41chnueJcvYksyBs5ijQT-I-,cryptoadz-by-gremplin,6.8999,194.9322510379243
47781703,1977,CrypToadz #1977,https://lh3.googleusercontent.com/OFJm2P99cT8pCxQH-L_TVDlX1Z7aCLpXW29VlDiFS27FCeH6rKZGEjUinJb8fS93Vz37EfiKt_ezVF3vMfzOGB8paX3RHI5lJsG3fg,cryptoadz-by-gremplin,4.5,372.667825903923
47780744,1306,CrypToadz #1306,https://lh3.googleusercontent.com/mv44gREaiyjO82AKfcPsNh7CX-AGdaeS9vM8yJeNSvkSrF5iCE_6fd0T_UnwDkL9ieq0NZpiBJh3JevjgP9vq-s51PM32Cmqndcf9z4,cryptoadz-by-gremplin,8.0,128.97522658154975
47783504,3494,CrypToadz #3494,https://lh3.googleusercontent.com/2_vTDpiEanuXD3B-3ZaPmFJl2jORCYCo4UYVQlvIbw0_GAUCgXVzdAd0xjOepscVN78fIGfI25Ls_0iQuKczL5CXeCGMX5hcxkNpe4c,cryptoadz-by-gremplin,5.0,231.28161273138386
