id,token_id,nft_name,image_url,slug,last_sale_total_price,rarity
179040,1648,CryptoPunk #1648,https://lh3.googleusercontent.com/SPNB-h3sm0r92xkA38JlhKXkYJSkjz9s7K-tSmlxlB644yWGYXm-4MvOMG1COOsD810U9Y_uVe1-nAb_toNYoEgJDAIoF3sli3SthEs,cryptopunks,23.0,66.72508967184119
179880,3010,CryptoPunk #3010,https://lh3.googleusercontent.com/Ec1gV6ZdbYMgCTefCy5UYOTIqba11DGzBLkUT7p_9TheKuEQ-T3VnncXXukbXj3TRYTCJBEmGnBWQG2bS3uK_E59,cryptopunks,24.0,88.69452102370775
527161,3565,CryptoPunk #3565,https://lh3.googleusercontent.com/wEv4LSrnfFyZoAN3OwzZp0zJuy4ZOBiEZVhzkC0aQoolPUY93-EN8qI0KEevp5_zrN0eCdr0zafwnlYixTnSS-1K,cryptopunks,18.0,93.41943832996624
179881,3654,CryptoPunk #3654,https://lh3.googleusercontent.com/LLW-AQqm1idqnNy7wYekD2yF6UWB0Mf4wxAX3-BlxOdd7Hq-La26AyXZFom8yMsiFlripRW43pypY85G18rZSKaD,cryptopunks,19.99,73.92096219778696
179762,4241,CryptoPunk #4241,https://lh3.googleusercontent.com/yxsioveNHV03dRSjp9B3GNkQtqfmdqfElLgLhTR0oTVgzOEjpummNY-vn4JrOz27d2a1C4aOxj1DYfyAKHDarZk,cryptopunks,80.0,49.740575873793574
179882,3790,CryptoPunk #3790,https://lh3.googleusercontent.com/5CPZJYxao-lcfnbo8-91jaNXW2ZcN_TwDCLScEvoWuUzkg8NyDoLKeMl0Ivr2yg1w6858H2DDccLuzs94cJmVSu2S70cO7MWULsstw,cryptopunks,95.95,80.08894144286872
180244,3621,CryptoPunk #3621,https://lh3.googleusercontent.com/UD3MhR2sdHu_Gk4o4Cd4F6qSDdimolS81Hsqhz9YkmwhXmOU18pTpNOzA9YBLh0SJHA0iC2w0Ar2MprR1oJz2o_wY5FZboJ1AlKVeA,cryptopunks,99.0,39.75242466934387
176885,4130,CryptoPunk #4130,https://lh3.googleusercontent.com/AFHAcvtEgvS9LGqo4aqjsOs1HszMjonirUSYyRY99KtKm1hXeQTf0MDiRGcUzNQPl5FF3MnkFUUWYlMNFI27hZ0Vk0dl9OLEzJv9,cryptopunks,86.0,81.56560975510932
179525,9856,CryptoPunk #9856,https://lh3.googleusercontent.com/FFWW1o6k_OOs8Z0sZvkSRl8WzKgvzmh9H0BVtO-peIXsgNotjp_uvySIjwDWVUI2jyL5Vw7JTMuIwVk-p6TxNEH4utYW29rOwoZFLg8,cryptopunks,25.99,96.4815029969139
176645,3254,CryptoPunk #3254,https://lh3.googleusercontent.com/j8Y6WvUHmYKXac2pj46tnaBLirlboQ2ya8MsWJDx123jzG9T1d62-dYUeJlr6FEfEjXNDj6dHKXeFTcj3M5zimCkdA,cryptopunks,43.95,96.03813079633525
176526,8781,CryptoPunk #8781,https://lh3.googleusercontent.com/bMlYwqSkOTW1DzbffvBV2ZDGTWaX_W9rDiTPiiB5lBZRMEo8EiCeUf7WjrjhsP1dhpwW8pR2VPRPmnxTbv3dQyk9,cryptopunks,27.0,101.53942361829883
527166,3572,CryptoPunk #3572,https://lh3.googleusercontent.com/iovSZ-TG8-Bu2Nf1D38JcMgs5pFAja2tJtsBV5Tc1Um2ObIfyzvopcUW9sSio8z65TZ4JWNQ8Ad6WzzLLEA41SI,cryptopunks,24.75,29.877186445186755
177606,2382,CryptoPunk #2382,https://lh3.googleusercontent.com/N61TvtVSr-Cgcq8M5ji7lj2ESoe14A9UdeoTKPiLOPA7CfU_s7wHPXPTdALYQFV2zlxieEx9mlC_ouR_WW3eI-RH,cryptopunks,129.0,129.19146825396825
528726,6085,CryptoPunk #6085,https://lh3.googleusercontent.com/W1L5Z10UtTRhRW2NnSa0pJOhRes1H6DT7Q4gTHTvaxVBxHUqtXyQzjUc1yYWienSfn-EzF-gMxs80XuUfgpiQTyvPg33kBPhN4FuSg,cryptopunks,123.0,59.002559906610045
526807,2937,CryptoPunk #2937,https://lh3.googleusercontent.com/DnQlwYYK5ztpJu24crka3cM0Huq_s0fw-e7IOMYu8ulk1pXTf03xTo-gQ-PLXEl3ygN_v5NJe0zdJfHruvo0ATgo,cryptopunks,22.22,77.6375533087124
179887,4632,CryptoPunk #4632,https://lh3.googleusercontent.com/0LQaZDpWRl0LG_uU4u3ia7LbtcHaVziG_U1LmzCpmki6KiDSEDJryxorE3LDaxGu8TQvNoCOH0ZnfGzRUsj9rOaa,cryptopunks,49.25,147.52497711057197
180247,5516,CryptoPunk #5516,https://lh3.googleusercontent.com/nppT7wH0UclDYWWsgpDBE-rZ8nnpzCa_H55fvuAKB4Ras2A170ewJ9fxvLBzD016vBoxMchyP0feA41MS3LQzMjmP_6RJBdP6Wk4Ng,cryptopunks,23.95,64.06450007776003
177607,9162,CryptoPunk #9162,https://lh3.googleusercontent.com/JgEu0KkUQhSd7v-XTcjTMqs4QF3cSvm4CY-w8qc3xVUvUDVqllg0LqLVjaFfHH5MguNpiS1FX4sbgIxh5qpeFipcCw,cryptopunks,7.5,128.64826902005345
172449,8667,CryptoPunk #8667,https://lh3.googleusercontent.com/KTH0FuKhRfRxZjYAFIZt83ObkU3WYqCW42paETgwJ-qIQGmmKSPg8TNvifDaND9Du4qQzeWsZE7rsglquj-ODFKPzCE82Ar-6ookIw,cryptopunks,66.97,95.34474452373514
527529,4189,CryptoPunk #4189,https://lh3.googleusercontent.com/katuzDYVCzDaL1hV9_SCcYEzM2R4swhnOfuosrHtGX7Uyd4wBRS1vrJ2z79zgCqRTfqFRInmhct-6e0pGGhEDT0tMl2OW8B3Qwj0yg,cryptopunks,104.95,44.213840528981635
526929,3173,CryptoPunk #3173,https://lh3.googleusercontent.com/pdOygp72QzBSJkULcoJEnyOTZyFvOygh9Mj9s-me0aIxRk7o8yUm6AHqYquGXlMcKkDDsBgYSFr6gb0VU83NdDObiy2af8MB694B4w,cryptopunks,86.0,113.70705959254923
178810,7443,CryptoPunk #7443,https://lh3.googleusercontent.com/t_VwF-2PrW3qhcN636Mq4DU13wUk9Of05jyDMSIM7ufqN8iOAdzscYQoR5tbC5M7u8WgAZKlVBSUK_usYcPTPirG,cryptopunks,95.0,115.48123723454806
528850,6276,CryptoPunk #6276,https://lh3.googleusercontent.com/jdPJ1z9rN3Qz8PCh06qOsoiiP3rw6KdvdvpJCf7kXfvSAre-HQTcJj4HKNmHJymy5iXXujGPzxPFvPEljYdpG7u3_a23GxAQSPsxBw,cryptopunks,0.0,50.5171869391399
527050,3383,CryptoPunk #3383,https://lh3.googleusercontent.com/uYgGbGoKYmD7YpudzNEg5l6DSFOrkeoik_Hz2Eikc0TIRKhJrD6HSDxRlE7C61uGx_rBP9qEaWyQ_kzj6DZhVwhw,cryptopunks,115.0,118.41984626454658
215770,2354,CryptoPunk #2354,https://lh3.googleusercontent.com/GhtuqBcej9_EXn_rmjx6-pSxkEw0KIJsAk-CN7gcygw4Sy1CCtXTAlC7FWP07U7GeMuZzhn-89Ao3HIwbJqWTttdig,cryptopunks,73.69,48.623934556472534
525250,483,CryptoPunk #483,https://lh3.googleusercontent.com/c7UdrFHZ2NO0aeyKTq3QgnCqLa2JpCG-A8Qeft_JMooLnNoTb_eMTbl5hmHc0srGWhX16QcuZPspguTyZjHuWelxa96qnfjfZzQYIw,cryptopunks,81.5,57.97639765569872
527891,4744,CryptoPunk #4744,https://lh3.googleusercontent.com/RJ1iDYoVdERH30eAt69OpC_-mEKDv76E22sdp4Xq8P51l75n5qCjrp5wjSAVUlw7W-wCakfpcEd-yfIeNcie3mWLaNlCnadykAjG2M0,cryptopunks,97.99,78.97418120402062
530291,8604,CryptoPunk #8604,https://lh3.googleusercontent.com/FXplzMOYfM3SFDNyVBjNf-5Qg0HD2Ex-Nk7GSFdV7AIXGtGNL0wV_UbMYR3jmDTtWby7cvgKfTd5AKsJPonS-a8,cryptopunks,83.95,80.2719555072576
179891,5196,CryptoPunk #5196,https://lh3.googleusercontent.com/1uYhLBtVmiSQIVV6B8xgjdrRIxKEIPDNeuCTam037QOvVttI63cVRqdRlwJzeLeuogfsauZ1qNkLjsnuklH8y8VS33GQ2xxKeU2rcg,cryptopunks,78.0,106.31315080963792
528612,5913,CryptoPunk #5913,https://lh3.googleusercontent.com/8RYh9hFNy0D4thKLe4Ug1RoIm0PC93LBokKOKOkL9MYLP-OJphlj-baDdwS4XzOdrmsx_MTBhCxlE6F6QaNoZndaaS9GoBxiC907ZjA,cryptopunks,79.0,116.01903505125033
526333,2039,CryptoPunk #2039,https://lh3.googleusercontent.com/wT9d0AaMCWOrPRfWCnG88DFZx0uRyG12dUkwRMjHhZvgwBd7Kg_8CpdEA81cCyQ3iNchhl5y52eF8iVjrYWe3Oc,cryptopunks,124.88,76.36998338110473
179893,2856,CryptoPunk #2856,https://lh3.googleusercontent.com/zMqHyB4OKn4ATvl1Bz6eB9C-OFTxWFpCYfc9GWFfGpEADxd79Bh9DK_EzKIg4VtmTJ1s2qeikDb4ZAe8jDM_HgWwAg,cryptopunks,27.0,100.3346377829662
178813,9671,CryptoPunk #9671,https://lh3.googleusercontent.com/yrAypAmdQ9obkHKNOr1O_BycHdhdeUeeIKB3YuS4v8WRgHcr0X_KNKbuDSMYThlWgLOpnbuEDoPgFzXC0rBzie02,cryptopunks,145.55,53.51551565774101
176413,4436,CryptoPunk #4436,https://lh3.googleusercontent.com/gFTz1MP-q_GK0WtU50N4M7J2JuN_LgAvY5PYuA4i-uZzp2lAveOSjJQ5kz5mqVeP3D5C1LAv7Vqiq_hUy4y1SXWE76PzEAc3QWd7rg,cryptopunks,129.5,76.38629111861451
159254,5782,CryptoPunk #5782,https://lh3.googleusercontent.com/64OJH_IpQ0a5537C7fMP4lF2MJ-5NU8O9hfWD9KVcjj49sXX0mxWlXpXBGp0kdLPVqpxv3PjjDp3SMuf4Wo2QXNu,cryptopunks,99.99,138.1168652277364
526575,2511,CryptoPunk #2511,https://lh3.googleusercontent.com/2PjaVel1D6mFiMXPlQak6R9DlqxROYY1Bt28iZhkl-BOVy-ZREday5WdcRBUPi3k3yPcEISUtUY0PYIobaHmOEctSNfTvKh6XdXV,cryptopunks,0.0,28.398334034657324
178575,2329,CryptoPunk #2329,https://lh3.googleusercontent.com/LBE37XmBQ54RmzzNh0EmoYHmGYOagHHD9kL0T78LoCCBPMBw_T4cfwrYb3K1qANWX8FHjDMrZzegLy1FSmO47vY,cryptopunks,450.0,150.70635774435516
172095,9142,CryptoPunk #9142,https://lh3.googleusercontent.com/5sD84FAmVGPbLyYC4dWJFz6uV6UNYsSDCIgJrpuXMBtsxDX0SOWBhV8vee1kNyCOZJ8RaQiKxAVT5zLOyN4N43v3v2--0TZYVGi3,cryptopunks,118.88,81.28035131783406
526936,3185,CryptoPunk #3185,https://lh3.googleusercontent.com/oYxqghIVdnoAkoeLQJ85G8894ObBuGunRmScl7N1dykhb8pFPwSgoDMdRBY_fbmUVk_1VvRrYpYdybpbt3t1vqk,cryptopunks,95.0,43.67716645192688
527536,4198,CryptoPunk #4198,https://lh3.googleusercontent.com/5bQRBSuaks8oWom_O049CPg7OKUVufkAx1GtLrAs_EZVbGB-09vvfU325Y8ZDK_95pMZlXLZm61IU-Dwp953hHwGe3NApJUCyvkN,cryptopunks,90.0,126.11164946734318
179896,9665,CryptoPunk #9665,https://lh3.googleusercontent.com/zpDR93nsN_yUscvhgiVLwh-NpKNfobibVX9RpJTM2nwm-_3yjYeGPXrHldHWTtKs69MVn6yFqlhpRlfZQWNYBi0jA-5sblo_6GREgw,cryptopunks,23.99,73.67526960209517
179657,3421,CryptoPunk #3421,https://lh3.googleusercontent.com/tuFtn_RVSRjx89ugEZESGjuLY7csNmHAH29yUM4_ZHvBf0AUnseu12q7Mv2ngSeHEslT9RjFbvlDzeTw9dO-N5APZqdPWTSHP9vZog,cryptopunks,56.69,87.3228327578998
177738,2845,CryptoPunk #2845,https://lh3.googleusercontent.com/WaZk_94oBHKvyFDK99P-Q5d3z4XV5Vga9tDFk2_7a1lOawOsJyi5YchlQkLaE8Rqpn07VLuVz_lIFdCftCPCWSu7,cryptopunks,25.0,94.98213861040487
527298,3817,CryptoPunk #3817,https://lh3.googleusercontent.com/sq2Hcu3Qh2s9KBJvDBRvUrTbVMPtF9TAvOsOYZHpjLgVyG11xCbAJ-G7JluTOkAjMqMV3Lu9ffeKJDiT-Ux9sWarM5jIo_9i7UTnoNE,cryptopunks,51.5,68.88754171332666
527539,4202,CryptoPunk #4202,https://lh3.googleusercontent.com/CbgjTGo5JD2NtSY14hbKcpgaRqbqbyIM_3Mes6HeAuK91I-0Yrpmw1nP82d2mhFIeJXWBSn6YaGy9GKGl9RQRNgEKwBf9DP5_GbHQA,cryptopunks,89.95,63.83552086435918
180021,6322,CryptoPunk #6322,https://lh3.googleusercontent.com/ErXzPkvuV8m4qM1OiYXUYeOoMPKJGGuP1d-2AdI4USVwl4WHa8MTtKa2zymta9r-qaq1_YBuY6tL9Yj4YVCvubjFmWkHCwpI5vCm,cryptopunks,91.99,85.2110644901603
177502,9912,CryptoPunk #9912,https://lh3.googleusercontent.com/6rLSZNXzn9-w7ae8EfDcwF4m_TdOdpErX8GsZiREMhSd7fjf7dDVUgcMNmIWsTSnDKorf8rfmjyyfvFoBEYZ8v8,cryptopunks,166.0,169.27490421362617
527542,4209,CryptoPunk #4209,https://lh3.googleusercontent.com/hT_MIEvANMHHRqrTC06MimdheEILDnpGxrYRqKZW--g3h__GtpQR1auMG8CWTYD5xr3kIdkTDTTimISJuHJWUZHf,cryptopunks,26.99,85.66565642264774
527543,4208,CryptoPunk #4208,https://lh3.googleusercontent.com/T_b9uANHMxzarhj3lt98ivykRwHAqjXv35Y6VifQjn9kpPUBSZQxq6W1qkpKGZphYzwZBX9fNxoTRe8XMG6ifo2kfbLszPy_57d0iMg,cryptopunks,78.0,38.67495984612156
178584,6975,CryptoPunk #6975,https://lh3.googleusercontent.com/2Nx0B4YoJB9VttI5z9MpuFGV220Ih5bsRMEwWV9qISk9CPIKyrZbSZgYo4gYF45KM7TlpYATBIcgH3i9_TJZIDZ5,cryptopunks,26.0,89.28216630022867
174744,9143,CryptoPunk #9143,https://lh3.googleusercontent.com/jpAJHuZJwd8prIHR1YvmoYbZWI2xXPX2w79IRTuh6Igk4VlUkaDcWptX2uLduRpXj47zek58n2dRxX-utUozuxi_WOYYjSje1tqOPQ,cryptopunks,13.65,107.64811304230557
178585,3355,CryptoPunk #3355,https://lh3.googleusercontent.com/DPZa7-bDSkpP98xKMbiEDktwGD9jVduIXpZXR6MvxICmCRB_w4_8SrxFaNcln_5wdKegcMqrryimbu4zJD6MVWDS,cryptopunks,13.83,44.533658588041376
526945,3195,CryptoPunk #3195,https://lh3.googleusercontent.com/gaTe9fjkOGg24PrWcV9Gd7o-3LJ6lEtf9c48xj21Rf12WeIFNVUqEjmE4NOronU53RARnrrBgQKS1p-f4ioQZRL2_-ehEH8JcSUZ3w,cryptopunks,101.0,62.793178718237264
177385,8562,CryptoPunk #8562,https://lh3.googleusercontent.com/ptvwJTcv8Ox2Kr9pAF5CiGcbpujZVMTYiKrPOlonSs3CXIVEbj4tvnxVWC_Hgd-kNxxGKtcLkec85a5qXCjjZuw,cryptopunks,105.0,232.99532434593337
526106,1693,CryptoPunk #1693,https://lh3.googleusercontent.com/-3_Mllwq5V4xV7dOINp0nJ_TRvfwD9Ln0Rs_I9-l7Uw6tPwJz45fMt8AjBKwpzwxlZugNNI7xAviGfEzZwG3zpzWpt1TvsAHVayRMg,cryptopunks,115.0,52.93676650985153
179306,4161,CryptoPunk #4161,https://lh3.googleusercontent.com/BxIUpLH1_fALESYn1zMxUqJ3LmBSAw_EqVF7j_b1hiDRmkJJBc0_uBMOnILPKqTBFgZLjCF3kgl7d6e2iw7nIHb_0YbnFT_LzcmW,cryptopunks,79.42,46.188339184146066
526347,2067,CryptoPunk #2067,https://lh3.googleusercontent.com/5zcqDaPq-3cvVeR3xsPxkJXoInDjNfayfiqgKbVOMDLOhwGiV5OVJDDrUYe1fXSSI-ObPsTBSB9wPUwOsHTwL4QIwONC_AZkIJoFjw,cryptopunks,79.39,42.96621146814491
176668,9767,CryptoPunk #9767,https://lh3.googleusercontent.com/NsLF5yDqvnI5qLU6ttlpb2OqfAjKss7oI2punE-0b7_C1gx2_m5xEiERt-f9nEgo_QIxyo1prEYF5SL6S1SvrsNmj7qdflJJ5U-1oA,cryptopunks,137.0,100.87283336052066
527309,3846,CryptoPunk #3846,https://lh3.googleusercontent.com/1MBkfSHUU9kbosHOiDhcRSMMSyAAEzb6It4Z21B-jsaGhwe_Jyvi4Ke01pUvwqPcU9UiZE-Dni8L3006q55WdCy0PJ2UIcU8zFxquA,cryptopunks,74.5,50.3220043510545
526829,2979,CryptoPunk #2979,https://lh3.googleusercontent.com/6cvFwRJ1N1wePEn_yawbade-mlE0eW-FbU_Io7QWQegVbZORDJOGSYk0HElx7JncL1g_MSJJ_lxxJSKQ2X7xNJY,cryptopunks,98.98,62.488806410029866
526830,2989,CryptoPunk #2989,https://lh3.googleusercontent.com/MP6nd6AUmAWh_cIXlgSg0fi08_SZxDfzzw9SV26tp5SpEzVvON0lJWYS3gyVYrgkIjnb97UmEakhLEVhTXBe1912V5vsmAjjwTHYnw,cryptopunks,24.34,53.68082541362762
177030,8395,CryptoPunk #8395,https://lh3.googleusercontent.com/FcfGc5LYmjhzSONNQrEgjdsqefeJl40FNx0j-Gx2137YwhDOOMURQir4Yg9Ae3XCqPCsjvUVCcKIfa2OE-iyMUf0JdpoONc05G0H3E4,cryptopunks,30.0,167.5849514160765
528510,5755,CryptoPunk #5755,https://lh3.googleusercontent.com/vZDjGcAF9LmABKjJlgxMqJeAZXfM7lfMQyapBzAQqTscKenXNcytquO4CFXSo9J-xP2VdWu2ipTF6p2p6j9eySblySS25lDHQCfWkw,cryptopunks,127.99,86.15016217511727
176670,7508,CryptoPunk #7508,https://lh3.googleusercontent.com/XiTlj8-cBYRMc_mQ4AWxlVb1bTKtQWNGZSW6GBJsNp1GwiLj5jU_Ljr-DbUZIfnFyilqCxzXUvtThzHxlY2vinvsST_AzaKd618WzA,cryptopunks,35.31,58.214443654160775
178590,2476,CryptoPunk #2476,https://lh3.googleusercontent.com/n8a-HDHz0lVBIHRm9Pb-1SLGXhj4YmRnwDGei9oO7o1amu7Qevil6ZyX06fMnMNXQD4VobrjyaWi2-cp08xSzdfv,cryptopunks,28.3,89.6067096193316
526591,2542,CryptoPunk #2542,https://lh3.googleusercontent.com/ho0-ZXP4aTA6_vvIgIenREQGpPJvwPee0VI_5G8I0FSi1mNmtYTYRZI_jA7M8xkFRie1L4dKOaPpKauOIIiEZc7Ed4I2WFL-W6pqwrk,cryptopunks,109.0,74.51692331434083
528031,4965,CryptoPunk #4965,https://lh3.googleusercontent.com/_uvRO7oJ5Cw3w0PC9d9ZxfwN9tQx4z-sYOZfFVLsn9JEdGuSedsNpLCPTYwQ_VyP_uAdEz9ndZpbBX788gSftaHucZN8uM4-Y-ZRSQ,cryptopunks,27.99,77.25134456891814
178352,8475,CryptoPunk #8475,https://lh3.googleusercontent.com/djzYgrV4ntmeYa-cA99l5iptXyQQI4OzdZIZZTtpiVvRLhEh_kCHFbmk05wKSw2H1QMbEqLVyZeV97wT6s4cWBCLkEOcbec5SXLUbQ,cryptopunks,85.0,50.18715393583957
527552,4222,CryptoPunk #4222,https://lh3.googleusercontent.com/Ws05P_rdpOPBsBhl1s7fKrnqc0c7g67tGTJ6j8pCN1Mo4DgO041rqnVSL1_NUuN5PIRhKfIE9f4Z5BJNdlvqXBEjdUFErskpo8fj,cryptopunks,207.69,177.12812121519772
527793,4601,CryptoPunk #4601,https://lh3.googleusercontent.com/zv0vHl2uDtPaJenI0iVEkUBVB9rBT-ci-Egg2ckOhvb-VRnQyalSBNSA3JdlbtDOUkvIRT3Vbdw-YmbyybWiCxVPfzK9xzRsSfJr6ws,cryptopunks,92.95,88.82609769284592
177393,9350,CryptoPunk #9350,https://lh3.googleusercontent.com/BZ-TSlSa-SpyqX7op7oXsETVy4eQAn4geZCpe6MTtEz0P9L8UmDufAjzlwnCo6ohRnKqgHY8OBhFFMVQMrnnPG8lVwbPJ4aM--_0Cdo,cryptopunks,43.0,136.99500342308008
527434,4035,CryptoPunk #4035,https://lh3.googleusercontent.com/D4oS-wwtEXlWkEFON8kBVfejUn6MxposhV5JEuobrtw26JHaTfkg7tpu1kfV6grbNKTQmoGijDJ2SADCn4NLr9dC,cryptopunks,115.0,124.49672145906882
179915,3759,CryptoPunk #3759,https://lh3.googleusercontent.com/h6zPhveJVTX7ZrbohvwMUsUWtYSmRRoJG7oxsNSeWyOlugCOsWPouJNRZCUD8nR2nYljYtvgqMkMYixyGPnxuoLaAia391Tn_5MFadU,cryptopunks,39.69,70.45022953638231
158915,4804,CryptoPunk #4804,https://lh3.googleusercontent.com/BUm-4PFy2qkWIJYY7S_lgdMUcJJFqfwQ8p2VcCoizfQTHJDiaCSvEt7B9GAhSUnv6KnNWf-T4YMcsBwBjKgoGqkjFw,cryptopunks,108.0,45.71924191812264
526956,3218,CryptoPunk #3218,https://lh3.googleusercontent.com/j3TaBnfknXYRkwI-9IaNo0ZabdzIopWCdMOk4jUdqXmhgH-kZLHocgfSo8XTTYljQFeR3boHvkOrlZbX0IJtKT5gM03a_ACx9D5kNw,cryptopunks,23.99,48.267350187445956
527316,3854,CryptoPunk #3854,https://lh3.googleusercontent.com/7uc3r1N08tu8Y18Ngp9WToEztqlO1HA6_VDp-3iVg_VK34P7No5LRn9duBmitSZBuyxkMMyd2u0yV5Yv0FUxjKePsw,cryptopunks,159.0,54.98368081704844
179676,7540,CryptoPunk #7540,https://lh3.googleusercontent.com/FCsLFxMwFnEZ46TPRB7heRjShf5HL7zA6SHvr8ICp-trXWfGWvu82PmbOURqiDx9pTXpbQrDIcBw059GzMAiNbd1Ql7klQcRJclBF4E,cryptopunks,120.0,81.77689091666824
527556,4227,CryptoPunk #4227,https://lh3.googleusercontent.com/WJl5h__uiFRsgpET4fT3p01SpghLwHLhudBUT6aac1k5ijg6_teMkGHkbRHGnZJpvw2uYZ9l2POp64INoTM_p_zKN0euXb6PFy-n5g,cryptopunks,50.0,62.81455898038001
159637,3227,CryptoPunk #3227,https://lh3.googleusercontent.com/h6aUMaxBHF9J3PaC-Y5ZGSQhXbdnUw7A0qoEv5ti1KSstObhW9wrVs9cGdITr6kd3yg23T7Pq9Dn8RspZ2ZdI3ViqyjQTgP9Rx5w5w,cryptopunks,119.0,90.37854349005657
527318,3851,CryptoPunk #3851,https://lh3.googleusercontent.com/du2k25TjCymS3hkInowjYvzkViIO7lh-xElR49uK49IwvJ-p0grCAg5MBf_ybgfpJmSewKWpmxjcY-9OnN_1UYyP,cryptopunks,52.0,61.16724709978508
179318,2238,CryptoPunk #2238,https://lh3.googleusercontent.com/T2QyhE3uWTgM2HzqzXurxUuU0VMtSiXg31VQB_MJiNMLl7h2VNjRNn1Dv3oSfbziMYNT4ovGYMV0Jw3lRUIs5ckXSO7bDS7pDcRW4h8,cryptopunks,72.0,58.22994534144456
176559,6545,CryptoPunk #6545,https://lh3.googleusercontent.com/F_RCbZVq8_2cPejgDbOeb0TPQOfkhWM1PBHaSA5b-qSa3nPnFJeQlgrgpQqy3V61yvOgwlHZjtEeHmvg33ZOeEOOQp-FbEPCAEroig,cryptopunks,23.99,75.2160991380521
527319,3853,CryptoPunk #3853,https://lh3.googleusercontent.com/WPOhUyynTqDjEnZzUcMYO-fnYK2rJWuyJrbcRl5Q6ya-pv9cpoz1M2Dp_BtrGzp2xWkWRSMDzOPGp0YDZXyIoprB,cryptopunks,24.99,87.80466429789176
177040,9678,CryptoPunk #9678,https://lh3.googleusercontent.com/TSFWG1-1ERhTUVx93gMybLGhT0OqwKaukD7oGsPgR9B1PCJG0UqvuG8cHtMg_w-Ebvy2mGi8H7k2yCHvv9s-0A7ds55KTHWwnjEC,cryptopunks,148.0,197.4285990679433
527440,4053,CryptoPunk #4053,https://lh3.googleusercontent.com/dzau8Ani0cozPsWaH_AkbexkJ3xr88wRtQdY_KeRHYrxOdBDKYgosbeCkqFok8Az6zx6KpXjRT5VEpzOmA1qow2v,cryptopunks,21.5,60.24447396615713
527560,4238,CryptoPunk #4238,https://lh3.googleusercontent.com/q2MrIBgYavX7-bFQmDZunpYsvd_uqC1zl1daxcx2h1dLkwYxh5251H-v2PsYIgK-5Vfa1qJ_B2rnifmbH40U0Fi4,cryptopunks,18.75,53.68082541362762
528401,5575,CryptoPunk #5575,https://lh3.googleusercontent.com/FR_ZtpyppUxmQ8qzMV7XtA9BOeALVWRhIspe8LNOggHKlggxert936N6JSeXqfJROUq7E1Ey6lrHnbNOgYmZrxJr1aOGaLJT1tqc4Q,cryptopunks,109.69,71.61927325861751
527321,3856,CryptoPunk #3856,https://lh3.googleusercontent.com/pRSjo4U0_Opp3gSjP-9fgzxAHqcdo-OjC5Rhx0asRZfitf8SifXWSaVvPZ0SLXtmo7xmNtF7lpVjno_o-PC8rHnt,cryptopunks,84.9,35.16088893465368
179441,5730,CryptoPunk #5730,https://lh3.googleusercontent.com/OYIDw5yEOO1BStGg2kmsz9yUvjnYZ0geXE3PZnWbGc0a2uAFHdkBGCtcXXupmKeKCZ4VqZaPffJCuV4_LNpJPj73UQLCco7bD59p,cryptopunks,96.0,85.63920926131215
526722,2785,CryptoPunk #2785,https://lh3.googleusercontent.com/qVrSNEFUdSLnTQQOhEBJWP72hQX4Sk1MvPcqn5udS6XKcURvB8JLO_NHd7TE5_TOV7CSVk4KnQf79JoJ3cxQk3mLXJEl4BmR4_CO_cY,cryptopunks,21.98,81.4608010560319
179802,9781,CryptoPunk #9781,https://lh3.googleusercontent.com/dKgTNZHSRH-Z4FfIufhjvcXRA7WxtZPEemuoV2OaDyZQyKzvrLJK6CxJDbK6OlUPTPlQP1t44OSjdieXFfOyZtzf,cryptopunks,117.0,75.4959928688633
178723,3914,CryptoPunk #3914,https://lh3.googleusercontent.com/Fzdy12iMNdOTvz1dTVXi61TRjkHqOiscdxdjw5qwGaHKp9gtk-lQ9tSXfictWuUHvTwFRrNAtrY8SK0rYAzWto8g,cryptopunks,100.0,87.60638881707416
177403,9438,CryptoPunk #9438,https://lh3.googleusercontent.com/cFK2SW3Bu5OH3g173Qys4slqmoF3UfLK6OBYQb5sQmTM8351XwBkUhj_m0srfI4Xm3DJTNm5ymS-1fiUnF-HvyglW-GBSm_ln5oF,cryptopunks,97.99,134.42245082714047
179684,5182,CryptoPunk #5182,https://lh3.googleusercontent.com/Ioo8xoRTc3hVHRDgv5ulcZOa5_z8BGL8UbeE6rFriyjJuLyoKmE6Wb4_OnNi0Y49nP5AiLSx024DLqgrIuD1vmRMhUT7N_siBFXSEYU,cryptopunks,140.0,96.9666575826339
528164,5189,CryptoPunk #5189,https://lh3.googleusercontent.com/MRUCq07X-Y62L1AuIb2WUJAqsUd4JTszOT4DRJZTwMDpVHFl5csZ7lR0BmI75A7k2tOX4OEmQKeJiP9RkrK0k6n_kGhzIekphbOlMg,cryptopunks,21.75,67.21592589326757
180164,3306,CryptoPunk #3306,https://lh3.googleusercontent.com/xEh-JeHILOV6x-GpZn0z-8aK3ifCJT5FPZ04AhMh-JOSSXhruhIAAzi_qRIkHu5U0pv06TTlckn5iPisYUlpqeqx,cryptopunks,69.33,62.34053706891568
177405,6638,CryptoPunk #6638,https://lh3.googleusercontent.com/_09Op7S9zLqhwLvMM0ovR7rcUJJ4UXl2oQZNeZ-MBfOVUoZp1LtVI_bzWNUkBlnUzEJGTfIXMFqcSbk437w3jYkvXQ,cryptopunks,45.0,160.77560832025114
159165,6557,CryptoPunk #6557,https://lh3.googleusercontent.com/9wKrvrnDicCifhLUTErZkMt_UfaT8rILeN7wlsRzRx6VQOuavmIiqfcwsu8Wns114Wev0UNM0D47SHYuVrBYMNA,cryptopunks,130.0,88.2348777069216
527206,3634,CryptoPunk #3634,https://lh3.googleusercontent.com/PeXn7Ppjc0Qbse1mPtJnAmdDd-Skttc6YAnx5VEIYzrNaC8CufLvLKiN_I7rl9iztgjgZSeJeog5nNiPrDro-jNqcuBVtKTorWKuXA,cryptopunks,99.99,59.420556828680674
179086,6626,CryptoPunk #6626,https://lh3.googleusercontent.com/QJU8_0j7tFaf1LucsSuvnnt__rWoEYDeXFWZth9E3rNtzeppTOxHv9JN_fkyPhumhp2bZwmIasWhRLYUPKUpctHH,cryptopunks,87.5,101.01857465682177
180046,2860,CryptoPunk #2860,https://lh3.googleusercontent.com/fRJ7IOucLNDadqFSLDigKnfGAEvReGyzRo6TrIpxdUgrwoQfmQLgFQQLPkBs1W1BUUueof6L4Xk96SgwlDP94384EA,cryptopunks,92.0,44.255235696429104
177286,8061,CryptoPunk #8061,https://lh3.googleusercontent.com/dT3CnKswA4Aq3zBYSpYTnLeny4GDAPn2mnZTht98iQJnvBdbbURz70pTT2mgC6IONHzhu8-9SoE38P19SKCNGlCXXBWOATX5PaUoeQ,cryptopunks,100.0,155.18448849324383
528046,4994,CryptoPunk #4994,https://lh3.googleusercontent.com/QfMYnZKt7I6kGpy-_dgmUm7gWUMDXXMk2ZRBdbNmKhb5WvZhRyCxSQgPf6i-pw2aGrBs-Qupp-eZ5iznB_yjMUIN0Q,cryptopunks,24.0,73.75789565200357
176687,6052,CryptoPunk #6052,https://lh3.googleusercontent.com/rWcq8VP7RUlAmepRD2w3EMXPopSxYayugJJ_qsKUcgsk4PiRDuP_m3brHxoBZjxpZl8OamiHS7qyhvjDMVK8yWw1sTid68PTbDfWhRs,cryptopunks,26.45,65.51095686156586
529009,6516,CryptoPunk #6516,https://lh3.googleusercontent.com/bYWYKlWM61iATk-6AxFMhql_NKnkor30tbyFQTUTksIAOuSW3_csk1kDijK-Fkf1silUrbmrEO4xV_rPoeh3djw,cryptopunks,114.9,32.85175134853578
529490,7281,CryptoPunk #7281,https://lh3.googleusercontent.com/EI-8pfwALGT4y8vuqMh6u5D6WU0f8T_euE6J0apu63Zqr_Ku_fh0HM5d16ad1lt3aRt3TxBJ7QyhD_c8TeFE9DfP,cryptopunks,0.0,60.7791341866329
527570,4253,CryptoPunk #4253,https://lh3.googleusercontent.com/clPvSDqbQlHVlPxV4_zA4l8pNUzqE9BRkAUBzhrJ50UehULQBMCrm_jWOczpNolNXtbqn-k4Ft-yLlUzhK07ytI,cryptopunks,26.5,59.48603793342113
178610,6691,CryptoPunk #6691,https://lh3.googleusercontent.com/MZLvFYGRkREF3DyK6LP8BiKSOfGXKgP-kKLO7fwE9MQ4MCkqgWUu2udQmatPzZBuN-EPP83YghuzP0L1UQYZHItXI__cMBuhW6ai4A,cryptopunks,73.0,84.91057093697678
526971,3239,CryptoPunk #3239,https://lh3.googleusercontent.com/28lBCPXjGZRkMyAhWB45DDmYubtQI9C87FTgUV4ustfAZ2XSuzJkAHwBKrCbfKKa6rKZiClslPffhNzfICTLc4mK,cryptopunks,134.99,53.68082541362762
528291,5404,CryptoPunk #5404,https://lh3.googleusercontent.com/JoR8LA2QqqUuU1_zQKWLSiHsPWXq4E2Wsf0qW4uDho6fRBMzYKYDNrRZTsL0TdHqWc4V9jBvYtzUpUvhQ0T-5N5-KoqzMBTTdRcII_4,cryptopunks,128.0,45.26177723547994
177171,4261,CryptoPunk #4261,https://lh3.googleusercontent.com/jmdjy0-evNFPEiinbgcSiHhBQMN5p-_mn6qpZQDARMF-4tGSrDS9uilYSZRwJYXsideN7O5Zp9JlWifMnS7aTns,cryptopunks,36.0,144.0997041189799
530451,8874,CryptoPunk #8874,https://lh3.googleusercontent.com/4_lG6gdvUXm3vzvchinhhaMX3PaiEeGc5i6oJboU9VO3nfd5MJgxfiE-QRmbSevFYM1Woq881f_J9A5pIFofx0-gEoK3RY0TaTCJpKQ,cryptopunks,89.99,80.16640435721074
177652,9046,CryptoPunk #9046,https://lh3.googleusercontent.com/t01OCV5KYm9FaETNldzlS65o0RExLTc02L-4fsgJ_zmQNtomtWY6KOKmaW5aiq-0KFIPME_FBkfKdYOxHkbNGYJuwbdi0_hX8Ro9,cryptopunks,125.0,121.4231633812098
176572,6654,CryptoPunk #6654,https://lh3.googleusercontent.com/a0253PYMZSZAlwO9GAmMowLe29AVMp0QraSh6mRy3L37bJXKxREmpt02VOy9_bFZJjYg54wLqCwD-IfkIrMl0oQ,cryptopunks,135.0,79.882794615118
178733,4599,CryptoPunk #4599,https://lh3.googleusercontent.com/dY4q9wEmrg2F3TkGsdATAryDxd74UNlsf801SfXhzQG8eVygGjXnicwQCrrn8ReMpSuZUhS5lkl8JAiVIpOP9gidj1XTwW5GXmz1,cryptopunks,190.0,61.73026357764459
528774,6160,CryptoPunk #6160,https://lh3.googleusercontent.com/f7ARrSbZXUaefX6OF1FrirXkF7fuimSMej3HXKYzWnUaq6vheSaLZmWEOrWwth-jVcR7C1rYUzPBTswxruQsAESf,cryptopunks,142.69,78.75996703848728
177894,6956,CryptoPunk #6956,https://lh3.googleusercontent.com/JuQkhurANYsrwwwje_ifGEqXkRHhk6nWlrWCAVkWbK9B0aKe-xacrliWnYaVzFwVxIfE_hqTES69_oGgVfNGtlx3wXG3rTgnw9SY5uU,cryptopunks,101.0,57.38386826624101
177054,6649,CryptoPunk #6649,https://lh3.googleusercontent.com/ilBU5CEgblbvVwuclVvs_4QC5K85RWSbGeWEzW4DRNS5WLmp7WM1FD7Lnd41XPcWNOt2Km4IwW4d5vtjlQOqXzFY,cryptopunks,810.0,176.25249146988278
178494,3257,CryptoPunk #3257,https://lh3.googleusercontent.com/hnrDymFFYyVaK0ABgK5_V0MsbTv8CZWm_TFRgTdTy87ZflH_95l-ZUr90BaKsz-880eihAl33_HLMMyjQmIHz0hr,cryptopunks,0.0,44.47658801235169
179335,2976,CryptoPunk #2976,https://lh3.googleusercontent.com/AnTLfWyqxwx9SZG67Mvz3KsDFT9QzwYCZ96lPXsfjTEhw2LfLU-tp0Y-8GT1_ygbR82r4yvpsYlFIHsBHGZa8kgm0MDF8l792zIbkNc,cryptopunks,135.0,45.26177723547994
180295,7072,CryptoPunk #7072,https://lh3.googleusercontent.com/X9pStzyX7KE3LK-thkAmlBdA6hgpJdjUKyskWYNHroodUbwSUvNhB496WZppo8GjwHKDFO_baomr2YZPx1Yrj4ezW0PbDKdoYJVHqg,cryptopunks,68.0,80.08894144286872
179815,4526,CryptoPunk #4526,https://lh3.googleusercontent.com/Nl5zq6_jGrtVS6oqDhHxnVkBQAZJNe3CmF1qbAy_qP6MM8xexZHoGibYN2QtQvVDxaee-yxMx6ZAOls0VFAG3A8oBX-d2RAwRwK7,cryptopunks,299.99,121.68232856850662
176575,8188,CryptoPunk #8188,https://lh3.googleusercontent.com/Zgjxfu0UE0ghF8_JTbnTGTeBib2MP_CDzXfpT0JCoDdNYXUqtEgMdFlLQw29WvV6zAm2gVhdF8N-WrxSTB2M22tM,cryptopunks,84.5,132.78004030400737
527815,4631,CryptoPunk #4631,https://lh3.googleusercontent.com/X725_0EFsJgm-0Mzercm6_dwPnKuhpJ1ZprBm-xvG04FbjgqEv2yH6zoXzRg72WK7_o_YypcPeu0mHaeabeE9r-bfyyKvbxuGO-cBs4,cryptopunks,24.99,96.98418612353038
529975,8091,CryptoPunk #8091,https://lh3.googleusercontent.com/r4qe63tciYMEDimzvbvjVBxRr6JscBH5TLMEbzCoqbKGv1jWxom7jtsyHImeJAq3dAQ9P-RYqnIpLIOroWY8m9djSG55IWkmSkHGVA,cryptopunks,119.99,45.445847183665215
530215,8481,CryptoPunk #8481,https://lh3.googleusercontent.com/Apnv-c7G1puA1iOUWEiyGZU_Y48z8oP1a_yr38HAGqNlxE44i5eF7Wd4l0zlYnFiTdyhalxwV5QHN0TGkRFFrCdE_iPSUA48Ya4z,cryptopunks,155.0,63.14729888546262
528055,5011,CryptoPunk #5011,https://lh3.googleusercontent.com/PKKEKKJjL7mS37cISLGGaMMc4sBJnLU-UqwekM1K2GjQLdhKWF-0xRdWRJT9UmFY8FG7qNPxfNUHdkiiURw2nsgu,cryptopunks,83.0,80.57756149750166
179936,6788,CryptoPunk #6788,https://lh3.googleusercontent.com/4lz_mDfTxwmmEzIEzAILjWT_tFiKBk85avqzJdoiHVMt5oEK1ozmMZpRTAFROyvrOOPKxM5D04jZXkowU1tdGpq6C5GQWt32hjXa,cryptopunks,55.25,95.81401989636653
178856,7758,CryptoPunk #7758,https://lh3.googleusercontent.com/xhn-bSmqipCMHOgTe-OvNBHd2IYyByGK6IeVZz1PKCPjQ4cY1ehS1uEf1y_lDFKPn8LsYR2xUUwW-ga65dxMN6bLxtXf-nSaECHP4xI,cryptopunks,93.0,107.85130183121065
527336,3878,CryptoPunk #3878,https://lh3.googleusercontent.com/m5kRxD7uHODLLCsK0yvVln1vHyQNG8lGvbFmWDdfuHX6Syoverq31ZWFw9ldmF3PZYH2RQDtZbqDxruxss051Kj5rl7Ra9oLrsrT,cryptopunks,87.95,68.37595263334019
179218,5209,CryptoPunk #5209,https://lh3.googleusercontent.com/eu4IxRZJ9tyrSvoqxIwmia5yDdxRdBGmizwhhZ1RFFFb0miQEb81vgwJBLSJXlFvfYeNK1INNRBXmDOHl34T0tIJ,cryptopunks,3.8,125.9000453965325
177179,2450,CryptoPunk #2450,https://lh3.googleusercontent.com/jA1EphJl0381Tr4ALaEoa5A8dI7OXeGMk7qGFE8J9AX25l5OIcNS6tDoE37OjiP4Rw0nSWE6fSYe8oUb-_1fZkIJ,cryptopunks,129.99,216.8716638145371
176699,4826,CryptoPunk #4826,https://lh3.googleusercontent.com/d1oTuJVvtFoMuLsLD91zWOlR-QtPCtvvqOleJS0Q9F2RY1x4dJHhe8kOECllq3VA0LG0tIQntB3KTHrtM5KVtSIQclQtvLKL4QTKgA,cryptopunks,27.0,69.1189294613454
531059,9913,CryptoPunk #9913,https://lh3.googleusercontent.com/5ajiGIjiY5zOIYM_Iq2AHUTyyNJB6oPQeIL_qNBxq5BfhmKQeVU0uAgi4CwgCG-e0NiJdxgxi5wJP10_A20VWvRNQw,cryptopunks,0.0,73.77815262876163
178619,8326,CryptoPunk #8326,https://lh3.googleusercontent.com/ZxjurndiExz4NwovtzmSBfkfBdS_R27im6sprtbwuVDiXMEr4DyC-1ZaMMq4xXSAVQktE94nF3LUtH1GAe8U6JSH,cryptopunks,106.0,82.45442183926404
179340,7392,CryptoPunk #7392,https://lh3.googleusercontent.com/tA4ffqPut_M4WxKXavw_ahVHVDt-rJQihOBWgr4d_newNx6dnLnZqtYtkw9oF5fak_P38_tW8FFGZ__ppCEdtpS3o8PZa9sNo43h,cryptopunks,99.69,44.47658801235169
527100,3460,CryptoPunk #3460,https://lh3.googleusercontent.com/p8em0duOOqixXbZQ72olqeAZOnVtSEPHBn-phTTgk701fLmBldVcubWhyG7G9uBo5fV6fa9diMqldu1x61lwNrqRI1buJip-StPO,cryptopunks,74.9,115.73561360646953
176580,7013,CryptoPunk #7013,https://lh3.googleusercontent.com/o5TbGT0YZsZ9kBDRv2eaYnY3LsV_xcHDHujpXkMbf6V4NLg-r2RpeRMIbZgf7NIti7CW6-ivbjIbn6eKRAxZ8PVbhCwYc4Ild8habA,cryptopunks,25.0,61.302446643599595
179101,8376,CryptoPunk #8376,https://lh3.googleusercontent.com/12uO3gc8REVszUNv07rb0ZMz60dCJ2QvvR8IwGUBv2wCeC7LFMnW0xpc9BMASPuqqR6_EdfI5czuA_OeRR_T8etZ,cryptopunks,82.99,64.99137522856142
176822,6140,CryptoPunk #6140,https://lh3.googleusercontent.com/xL86OmpGlVsoGdp_MFzFTI3jNWJu0LSu5BVdlpZy_64YLe86xu6bp_4v8BKzFZszwVQOSlwEQb0nny9pp0dgjKcAcQ,cryptopunks,23.6,142.98660548402472
527702,4454,CryptoPunk #4454,https://lh3.googleusercontent.com/3aroTwW9a2q5t5_cRkxLRsXS8yVI158UkyWUps_9wCwNNkTmSSeBCQnJyoy3J7ragzG4ihHy73qCdDAd76Fxbk6tv1Q6P2kluHep,cryptopunks,55.0,59.792633164500224
530823,9507,CryptoPunk #9507,https://lh3.googleusercontent.com/xe_jTR1A0xkt5YE6B6hSUMa1vYxRtSebfjFbZP2Jo5-E5fUw92bg75V_ymPH-O9PQ2zOEKmJ495QSii8qIlxh0bsl5KigZDy0kzg9h0,cryptopunks,112.0,122.82421385647226
179943,3762,CryptoPunk #3762,https://lh3.googleusercontent.com/jgNWzmmNuTTN13fouFLg6Y0zRhvcjxDmCBMaKlSw44VAojTGB_B8hKnCdswAGjw4G23bUHvpTmR_rphZiunFZ90,cryptopunks,26.9,150.3566201411257
179343,7435,CryptoPunk #7435,https://lh3.googleusercontent.com/s3MPyBULVryJz5X6P4uO4K06c55xB08C9xyXpDcSR79efV8jAax0l3H-56SFtiizcQvH2JXmEcbA9xRhLYXGAJxZBQ9UCG54pekw,cryptopunks,19.95,83.61202825648593
527704,4458,CryptoPunk #4458,https://lh3.googleusercontent.com/H6V_RxK9Sid2iMwR8gnVpGlpvPdJJ-ATs7xc5_GXtsOQ0gyWlcryu877k-OFnivF_aRtK7hlBjwjrhbocadPYzGACGNELsoP7T3ab20,cryptopunks,58.0,186.4986687831743
530345,8682,CryptoPunk #8682,https://lh3.googleusercontent.com/YV7GiFi3Ib4a7ERNaEGmo9Y8T_l-ACZJcOjB1V67N0jYL8gp-Oyf7FZh8bRg2OBPPcIzan_6uploA4Kq6FxySBU,cryptopunks,129.9,97.12415671683156
159065,8819,CryptoPunk #8819,https://lh3.googleusercontent.com/JeZU1WAf3a-c_vgVtfewNYB-VxZKyTFczbST7oHKLeG1SjNCkJ57UC55mS0R-5aE4ESeS1_G3l96einbxjWhNyb1CQcd0UOtD9p_Bfo,cryptopunks,34.99,92.13209377143804
178625,6728,CryptoPunk #6728,https://lh3.googleusercontent.com/SSnHO762tzAqZG2WPN1kPyOdRowDZHaF2QvVCLhyWOCmVlPS8Dcpsv8Zx61loiOMrv02dLtLnxfds-zEbmwQTQomso7jlWFHkGEFkXA,cryptopunks,149.99,84.53955032618826
525425,702,CryptoPunk #702,https://lh3.googleusercontent.com/Q33qaspnJATHgw76Nf34SKEeHdXIbImS6Byb8iMpwUxgDLsqN4Wy5iWiWy6saIIQdRB7A4ioex-CFxDezdBvyZ6vzaKhhewDRVjls_w,cryptopunks,88.88,67.9925369586139
177426,6989,CryptoPunk #6989,https://lh3.googleusercontent.com/00SYd6VBFlmMWch3-FGYoM7-rMHUP6b1iCFLpsnhT3AF0mzWRjH9JUsPu8OYR2rGmLSWs9p6DfVD4gD8BSo-W3WvVw8VoTN4Xckt,cryptopunks,50.0,126.8444402484904
179828,7965,CryptoPunk #7965,https://lh3.googleusercontent.com/6ezklWvTBU4XCeCDf691niyNgJ_4dwAptOlioGmq7TKXBgASHwR9ynewjh5sgPq2ZT-Gz22Zv11Kx0ugncQClRmDMEM7iWJT3PWZ,cryptopunks,106.99,60.4673979257366
179709,2888,CryptoPunk #2888,https://lh3.googleusercontent.com/8DEYFerLhaiZB83fNx-N60nMaoolGA6QNpqqgvqb9wEXDJyHnub62p1AdA2eLs-AlBPQGbAPaCRZONs_-aqYWek,cryptopunks,99.9,52.52747266945498
179829,1469,CryptoPunk #1469,https://lh3.googleusercontent.com/QiEVyyHOhpw12YeixJek1WkNs5D9mQUD9jcFV_8xdw5mh4zOPc3DMowkbYoNyNK9h2zvhknAAoy_HEMCGuUR8_zVag,cryptopunks,9.99,75.23280783182071
180070,9225,CryptoPunk #9225,https://lh3.googleusercontent.com/i1nuBGDhijvkOZ0r4wwBveMQeE-bqPsaFy91k4uO6C8hhwPYhI4HI9FJbaLm4kpe4MKQnebp9i6UlfV5G_fuo-566Vyr4_G1w8nCCg,cryptopunks,100.0,86.99496574022248
178750,6531,CryptoPunk #6531,https://lh3.googleusercontent.com/0gVFz5gWldEp6dOuOEaukZGzEEZFPDlrLqF173yZe6DdcsmBidQoUziXncXb-85Vjy92VkxFuUM9QDS9zxhnhEge,cryptopunks,25.0,76.14513228447368
526750,2824,CryptoPunk #2824,https://lh3.googleusercontent.com/eHgjPjCOVOoDDB0dY0-vdOd_SYIzIlC3Sj-zcGUHWTCi7cnRG9DUj0laDP5-Ir8j9SqRrecPAkW7dW6dVRq4mHEIV1E-WxFllFNI,cryptopunks,146.88,60.24447396615713
178511,1859,CryptoPunk #1859,https://lh3.googleusercontent.com/hIPEFpmuN6q568hYeS5EZb0TyBHsIY6FebehOx_5Y71eeMWLaYlq9d4YoShKDhJQHyhHhgec3NJhYR7lkuzZm9ql,cryptopunks,80.0,64.92669496994506
179833,6068,CryptoPunk #6068,https://lh3.googleusercontent.com/echh1NhZ3Z5AA9y6a2aOYPg2bDehf7vYm3YsXnue8Y7PAPajqsg0MBXLEJVMfiObwDCxcz6z-w3KIr92xTjQosxm,cryptopunks,21.69,87.07381370401288
526754,2832,CryptoPunk #2832,https://lh3.googleusercontent.com/f5Ip_E6vPi87BFMXCjoGL7hpgQhjeTpjg7RZ83XRYEhF8SZV49LjTVRf3EgefRYS5TfR2-KwCIyY7mEJFZqM0HCm_Q,cryptopunks,142.69,87.5209210146273
176834,7715,CryptoPunk #7715,https://lh3.googleusercontent.com/ECq4zl_olmLSCNWfKtew8NbIgYUcA3pKNVMxp4dfohUvcwJ_xRFuJ3BX2Wf-tjB2qUR-nwm6Mskzk1yTM0zSJnE,cryptopunks,90.0,110.42171324842617
527956,4841,CryptoPunk #4841,https://lh3.googleusercontent.com/TMbP1T9rT7Lgd-DGmWdh4S01IyTPeckDo0BYCqase20VkHIOXOdzm9Py8FCJ_De2QAemjC_D_nCioaLv-AQh5dcX,cryptopunks,41.5,50.517186939139904
162916,2688,CryptoPunk #2688,https://lh3.googleusercontent.com/SVW973bwRF-KWZC-2zCA0sZfBdgd2f8Qv-SjvcyAlPFLz7Fpf_c4VJia_U55zaMPw3KYYInnJ6-67x6dlFI0gb46Mw,cryptopunks,124.95,126.97171536833676
159316,1605,CryptoPunk #1605,https://lh3.googleusercontent.com/MfEhWn85O-Wid_Ity7X3eCt-ZhoNbFtliqwqHoGyvFSL9kdSiSSsKPI543D7_9591oKyAkvubpkKYWK6Tgz3AiY,cryptopunks,89.0,126.50199542356744
530717,9322,CryptoPunk #9322,https://lh3.googleusercontent.com/Jw-bezwJzlzrfhHrkHAP-KAbzhc0QXH13FBwwZi8LHMzV7TRnYCj6rJTFxRC0h14zpe6GFRjFCz3-jkHcsUDXOhohIpU4kssglOBci4,cryptopunks,119.25,70.84931259901374
179837,1369,CryptoPunk #1369,https://lh3.googleusercontent.com/DMyIv-WU1mUKInvWNaujoeW736jg_D02KjC2Ol1_X2PI_dqZ2fvw1M6nObQy-Vh3FpZGOKoxoqMDAsiXtHCdK2zzcw,cryptopunks,100.69,52.51218178202069
529277,6936,CryptoPunk #6936,https://lh3.googleusercontent.com/K-j5ILbjFFOFOzBcL-pBjgYaOPLhY0pb6hw-iuMN3K-WVCLa1t2cGKBHTydboLvL4oK8hn2K0fKGVp_yAYrHGc7P,cryptopunks,52.99,79.34930448050677
528198,5254,CryptoPunk #5254,https://lh3.googleusercontent.com/S-dDW839i0D1FjcurA-lc-v9wsHy4LJvIZyTzMPxny7qLzSmIL6MOzfMDTPteos6Gz97f1Z67wI0Nb0ifQNK45ZF,cryptopunks,43.98,60.649932734829704
179479,2907,CryptoPunk #2907,https://lh3.googleusercontent.com/giV468sjNWPFgt_c73rhJqnnz5G6pUtdUe8r6w92_lgFoA2zwUqMkEQP2w4qRq5W8SJObe80MIgqjK7KqQ3NVR36XnLlHZHjXs5xag,cryptopunks,101.5,78.98531278440717
178519,7317,CryptoPunk #7317,https://lh3.googleusercontent.com/egaTbMfgTnmB2Z2HgN5xxVqX3KKv27l_nb228V3yAARBzvC00gMUIgu4aHiOC9_sW1ss7OmhKxRdNKqV9aX5eH-j,cryptopunks,113.0,57.74751919158614
179239,6550,CryptoPunk #6550,https://lh3.googleusercontent.com/_ezyTSowlIbm1gvYnteuBS88Yo5xmYuuJS7x8Yyhi2c-Guqbl9AszBGQRBHMRigoBbi2xzgeXDHr44cQC72Y7pfZfV85Awsr3c57ow,cryptopunks,29.99,111.48057647341999
176719,6226,CryptoPunk #6226,https://lh3.googleusercontent.com/xE4tR1-ULvLR14bOdY76BFZmxTUIQsolCo59Drhiw9xtfb-cYOs37RA565Hl41STp2TSnOhxp7MR8rjpOiZFeNfQ,cryptopunks,53.88,104.03165330841988
179721,2458,CryptoPunk #2458,https://lh3.googleusercontent.com/4SdOqDem4xiaX9TGs5OVMjyNQAibdrVJAij5oqgZWfYKKhIZQHqz7Id2-fl3STGWaM1xXvFmIF4Xt5sT2JAqzSu4fDZXR09rxwpmrg,cryptopunks,124.5,44.533658588041376
527121,3509,CryptoPunk #3509,https://lh3.googleusercontent.com/idvstluoUgmWvy1nuUIjcHR4Kb1edCNCnrizw2i3VVvIqoGtF2g45hKSVLU35d_seHiTyO9ebIb_MgtQ0CB35niXxfUwqHKnrB1lrQ,cryptopunks,82.95,63.26336582590487
180201,7922,CryptoPunk #7922,https://lh3.googleusercontent.com/ixyw4NIbYH28yhrXVSFL1wgXw_1az9P_WzNAJsrUs0dzIkI9ua3SKiT6CLNb2fKxtdIwI3Y-kWm4AoO4JcYoxk2qSg,cryptopunks,19.99,61.407677782715076
178524,9042,CryptoPunk #9042,https://lh3.googleusercontent.com/qADSubkjrDvqxEQg9m9SSvLn8TRPP4JFg7VFyse3EKUT0X3XoEDm8jfrrtAX_1xRHvrsZYJye_1knhgUIgKMCF0,cryptopunks,98.5,81.90338563279413
179724,2469,CryptoPunk #2469,https://lh3.googleusercontent.com/4yu0Rkqp8M5UNyhha5OeiL6fW5GJPqUoaO5JD73U2pGhDnzXkb5a5c1RJu5r1yOAS1-gZqTyZDBtd6_vUdRy-1ih,cryptopunks,26.75,87.22101337096268
330804,6676,CryptoPunk #6676,https://lh3.googleusercontent.com/hUVw3WpGFmGgkd9gYAqD7SY_XTB_8zNUuBIIbOH69ZRu3SEK1gAqxiR0ZKycdsOOq9wBmypd0heBnMH7-UFHnU7G-OGYNmEFh89jwg,cryptopunks,128.5,88.4342043592629
176845,7509,CryptoPunk #7509,https://lh3.googleusercontent.com/bigN90QOxJcFXbMXEDu-2ppvfMR6OzLr23UmPiImHdeYEH0ila2Wi9P2GudUlUT94Ts1QihMBFrw6EXOPWBMwrE,cryptopunks,25.0,124.43281794292399
179845,7181,CryptoPunk #7181,https://lh3.googleusercontent.com/Bfw0GG-6z5rY0_mKSLTvHbo5h-wGB1_rLrUxPmcqMfHln92u54WHg3dO_yncBZ_wJEMyM5aN8E5l9Ckdkmv7guCOkXaf50ECfIJoqw,cryptopunks,55.55,77.6905004095891
179726,1092,CryptoPunk #1092,https://lh3.googleusercontent.com/KkkbCvqLdv1-hQBqZW32vq34s7gNLaCFXCPFWsHHsesFgbLLja6CPWvU3oIdSZDg6zMbzAbU22FaeF5aeHaNYFOa,cryptopunks,90.0,171.1745350652179
179846,7575,CryptoPunk #7575,https://lh3.googleusercontent.com/71_om3CJGW0kDnzN-NqoqZDKwcsIfStZZmRI7ZOyQoN4GPTq5ISfueh_-jaG3unfiPB7M3OvtpRKqan9MD6cgbLa,cryptopunks,35.0,45.2042066482736
178526,4140,CryptoPunk #4140,https://lh3.googleusercontent.com/FnzcqDP3FwLCLhX8ygEyJ1jCvaTpU4nKka0uAsTKU6jC8ytw4N0wunv195L22obWh-e7JJZF8sJfxpE05gdagneH95f1waWxDioH5A,cryptopunks,27.95,122.37266860779215
176848,8924,CryptoPunk #8924,https://lh3.googleusercontent.com/8nz0L9D__sWYYZPsU37oN62zbKDLUqciKfiMu1geshnUeUgkweEC8BRAU-deFlG-a6Oi8VA9Qi5eAgXGteByJo7b4oVtRaC5dBQC9Q,cryptopunks,48.5,62.13375275313214
526769,2863,CryptoPunk #2863,https://lh3.googleusercontent.com/7RMFqd8hwMKhvX-KKn869oznTasyPXW-nixggIBcmWK71zQpy8Kjj_2jS4Nc9z0e7kVBEB4KZ7IvqkudEdIZ8GyF2Spb_YU-CabUmA,cryptopunks,96.9,115.01955114165402
529050,6583,CryptoPunk #6583,https://lh3.googleusercontent.com/Q8_MUqioufr1sNSJdprKtmvebay0cLS-jAItuXdn2cXv2V5NYYZQ4bkfJF9JAkwobisHXLeYLTQFAVSl5thvPoIECNcG3BThzCa950c,cryptopunks,111.0,90.93907477019985
527371,3941,CryptoPunk #3941,https://lh3.googleusercontent.com/X1hZDOCXjFYhol6nFcb8gpkTZ2in6LFlGJBDvSV4fiVEX1lToOdosHsLutINjEbOs3BcJnROpRLwOo_KV651xr0yZfeR9RdrmlXmAw,cryptopunks,40.0,84.9214322350644
180331,2942,CryptoPunk #2942,https://lh3.googleusercontent.com/mpyJiMolxXKoDDQFhHfZCV-XIf-t0bZljhaaewUvOaXwxR8O4srsg7MdNovc0B4o3aeBkhqD-Q72fOK0cISxc9Tx,cryptopunks,37.4,104.92549897471041
528092,5063,CryptoPunk #5063,https://lh3.googleusercontent.com/CbHKgT7pju6XCgVs2FM6gNn5yUFWyzdiMHG0_kVFRnXhkLUtpfV_NJH_VI4lTD_3U2gqYQbXE7UhkqCSf1koujn88INHKfdoiSgF,cryptopunks,47.47,90.93329257263684
178533,1324,CryptoPunk #1324,https://lh3.googleusercontent.com/4qxcvmlGL0372veA_ABE69CHNIyW1qAl2OfuEMn1xpc-Kk8gjH4py1BQ4OpTajSB4-nySwldA3RldXxsnM84LHA8vA,cryptopunks,1.3849,47.32236353065755
178535,1385,CryptoPunk #1385,https://lh3.googleusercontent.com/WYPa_z17xg3caNo47Dse3Tl7eB7LgsACHzW6VZuIVH4_VaE8eJhyqw6JVz5G6oa9JHVYtJFJM7QU9LwIY5ygEGTw,cryptopunks,18.0,95.01253516505278
528215,5275,CryptoPunk #5275,https://lh3.googleusercontent.com/mUkgiUoLVLmjI1ghwtwgXnoykeHF4xG7P1ZGEXZrILCeWaJcG0jIS-DWDlKqq5KJ1IvwiJjV5cWDRweKMokiJO1a,cryptopunks,87.0,76.95865370575659
179736,7554,CryptoPunk #7554,https://lh3.googleusercontent.com/yWq8gq6CcFvpvDtJu9lGUbStitoqsGw0YRj47eyEO_MPHmJcuTTOHt3y6iXxDIyV8kfJteDz4tjJqtKozpVGsHmOX2LlALgVOHn-,cryptopunks,180.0,88.13033630545186
527256,3736,CryptoPunk #3736,https://lh3.googleusercontent.com/BiuNTcGAEyXplCqDXwenCiV57e83zG88P0WHXJNTlbg9LDe_OXXHkydyWIArFj7ev8dqmb_P8GBMGOMW35somvDS9cfM5sFMpCBX,cryptopunks,0.0,93.98248296736307
177816,7909,CryptoPunk #7909,https://lh3.googleusercontent.com/E31MFs_yDu58idRGGxdzh09q0Y7nrUam-2zzw8gHDrJdzf_vbXGu9ZXpRuv9hwyqVo6YTE5qYBdE9HvF3BL3CKhT7TSDAO--frtXiQ,cryptopunks,29.47,108.07011428567512
176616,7233,CryptoPunk #7233,https://lh3.googleusercontent.com/dRumLpKjVkDuaArLEsa8NSozdNO9_v3FaYHtGRK4qJ3kZut2WwkMlFvSS_tF0U6ioz9pGIriOh_XoQXMmhx60qIPTUvPSXctD3JP1w,cryptopunks,120.0,78.09597614339656
179497,4463,CryptoPunk #4463,https://lh3.googleusercontent.com/HacAHhgB9TuNMgw8IBpTm3eAPUU14WL6VVnUuxlgL1c3Z7rSdv1Gtt0rmZrbLIPhvmeApjnS8wC1BB3HXYGI8EM,cryptopunks,49.99,55.87738158161994
528578,5860,CryptoPunk #5860,https://lh3.googleusercontent.com/vlG49OsbkkvnrS5IUVP8AMTOZ1Mk-t1gQMQ_DGXeVkCbMhBGUVDv83lfOBsEfYOJZ8kRep6fYAZjvAejkXI7DQnS,cryptopunks,32.5,198.36269276435647
527258,3737,CryptoPunk #3737,https://lh3.googleusercontent.com/VyZxiM7-5mg-cZXYIbL5ZMMrhC9alb_zrZXSLXZuWZ6viQqEdN1o6GDWhmhS_TpO30gFJs8nOKej5Y09R8DgQI8-lKiWFDwgrBKAHWU,cryptopunks,98.5,84.67423685353792
527018,3326,CryptoPunk #3326,https://lh3.googleusercontent.com/HzNguawpIEdItSP-BQJDN4-heR7ssT2xHCPrVwIEsRd5rYK-z6LDQl6BOt0a-kvrCUNmCZ5qxY6x5jwesQAryRDJ5Q,cryptopunks,34.8,105.14410708740272
528818,6230,CryptoPunk #6230,https://lh3.googleusercontent.com/lrmEbFE3WWB0gGPP5b9jsBBCqiea8qacRYCGoUT0ohDhaA6wi1S9Wt7rwPuijJMnbjKW4Jldv6pVo_ClVW0FID2R0mk1_jHGRyiP,cryptopunks,44.99,35.68573089138535
