id,token_id,nft_name,image_url,slug,last_sale_total_price,rarity
500040,489489,Gustav Quansah,https://lh3.googleusercontent.com/SHiDp3dmNKxONF2s22HRkDpfL4sm9vZNzjneHRdUDLtUBmnmHUaATzULF-OWr9BQejhL9YFTVCVEyoo24-8LlTjz-w,cryptokitties,0.08,2.394758182914035
130320,191113,Daddy Gato,https://lh3.googleusercontent.com/JWtXJgZkPEJypaZPCUGbpAR9iUJicr4J8Rimm5lvGY0poc32j-2zuaMGBKjsYIyxJA-_Tzxzw2PuAhxpRsikNgc,cryptokitties,0.001,0.7093183016843738
313440,131764,Windi,https://lh3.googleusercontent.com/iQAcJGthaa6gtSiYtN2jSMYh9bXXbG_0pE1ukuI-f72gIbtWjcp7PFlV_k73PPgnw3h-wtayoLrqLuzEn778qNHA,cryptokitties,0.01,4.5090743328643095
1105200,851358,lapis g0!,https://storage.opensea.io/0x06012c8cf97bead5deae237070f9587f8e7a266d/851358-1550785391.png,cryptokitties,0.17,1.3201061367935099
1623481,1016958,Gen 1 H1 Gene Swap,https://lh3.googleusercontent.com/N9FroR5egAAUmr7g-vN5vi5XJk331SecXTDqRKY1_e2sFCDUe2PM4MFKpb1FMfL3ynHHtLjEdm_PXNCdZ6TRJcM,cryptokitties,0.85,1.068373429323893
4152361,1610459,Peanut Snagglechimp,https://storage.opensea.io/0x06012c8cf97bead5deae237070f9587f8e7a266d/1610459-1559352167.png,cryptokitties,1.406,2.1594352164318718
533761,511605,,https://storage.opensea.io/0x06012c8cf97bead5deae237070f9587f8e7a266d/511605-1555775430.png,cryptokitties,1.5,1.1531661076145971
1495801,959096,Geni G,https://lh3.googleusercontent.com/CGDVt46cA3oVidqnmOy5qhqjcGn98We3cVV_WkN7B2zf95XD0sN7qCWCkK1YvxADUmtLfNcFv764W_ozlXyzxrn8Dmoo3ZedBH0PoQ,cryptokitties,0.18903621064814816,3.2108458459625493
15721,1198,1198 Legendary,https://lh3.googleusercontent.com/PZaIljLsnsnO2Z7p4fSZ5abwtCopCFGrXsNTr-0QKDRrS-88c3RKzmaKTZhbibHi-6BG48MgcxUGm_ddKhTE2Blsbw,cryptokitties,0.399,2.012092863245458
18602,11728,Gen 0,https://lh3.googleusercontent.com/BiHGRPZpINoJioZQSIlmHDMTGta2EDqR8hUluwt0IC_EGA9Y66ojVRqwjn1Vo1QomfrvNpRXnukqRg0JTVMVdC-v,cryptokitties,1.4715830439814814,2.2338644160067314
155162,465096,Gen 0,https://lh3.googleusercontent.com/Lp-jGH3cTobklN95VbF57d_VjVLdyVR2ZzerWv1y2ZdZ-SWygN-b6HxgEy5Jtq5W56POQpE6CwAHGs7Utx5d_D5J,cryptokitties,0.24064011605783867,1.0396968593326466
17883,9471,"Under 10,000 - Epic cat",https://lh3.googleusercontent.com/AJ_8y77NDWNBrqR_6Xlah_7WrS4jlJuJS1e9qdB5MddBmk61r9gViYr6t9FjZy2ZIPNChJ5s__vjiary-V4VDRco,cryptokitties,0.03,0.8399288382865587
197883,267046,Café au lait,https://lh3.googleusercontent.com/o4e7H0slQUyHz1OskXb2SlshXEFXChI9YR6Ve4i7kMYj0iKjsznGLVKh0gzhFvyaualno1eAUArMReqcf426ki4W,cryptokitties,0.06865601851851852,1.9908772846399199
523923,509896,Go Forth and Mutate! Wuvme,https://lh3.googleusercontent.com/14aBGZ4gbEaH4ZK8vdSZFVL5yDLiVBx6mHRijJMo9MjUhXxwMtWpk5whp12r3Fgl9qt56Ly75o4m1mve8WC2g51g1ynbDIEfZ_nToQ,cryptokitties,3.0,0.9080873720788051
1062363,829501,257 BROWNIES [bts hbf],https://lh3.googleusercontent.com/Ss_8DScs3l6ICBvq6swoVkZoTN2XFRicRI3Zt9GJqrslTJ8jLoNLQ3DW0tlAS3vFqKaE5j0oPCQcE5DDuJeMwnRqUA,cryptokitties,0.333,1.3506265608971373
80404,81712,Lonely Kitty :(,https://lh3.googleusercontent.com/Jofu-rIHCzw8ht1G5v1-KqDMRnk2BW96YaqT-ZXwQxmT6Twpea6Dhxj7FJF7dAy0r9k0-hvXNNe9ROPZSlr73TLX,cryptokitties,0.009850902777777778,2.1345461945232587
612364,581223,Missy Funnyclaws at xs2.me,https://storage.opensea.io/0x06012c8cf97bead5deae237070f9587f8e7a266d/581223.png,cryptokitties,0.005,1.9798240629641288
502925,491643,#491643,https://storage.opensea.io/0x06012c8cf97bead5deae237070f9587f8e7a266d/491643.png,cryptokitties,1.5,0.9108489326342586
102006,371190,Gen 6 | bc Earnie,https://storage.opensea.io/0x06012c8cf97bead5deae237070f9587f8e7a266d/371190-1555361055.png,cryptokitties,0.004,1.8796925702341776
671286,634840,Fingertrap,https://storage.opensea.io/0x06012c8cf97bead5deae237070f9587f8e7a266d/634840.png,cryptokitties,0.003,0.7799619679368109
494166,483956,Yrodec-001,https://storage.opensea.io/0x06012c8cf97bead5deae237070f9587f8e7a266d/483956-1554370974.png,cryptokitties,0.004,0.6947570815211171
23526,23107,🏆Virgin Sphynx🎖️🎖️🎖️,https://lh3.googleusercontent.com/kNBMb6ZTluSSqRZaQRXKzDV0YA3jJLg9iD809ZhHfIz0WgonM55xdV-B78c1Deei-TFnpvf4an2MscMK1NawV7fV,cryptokitties,0.999,2.179774303729172
25688,26933,Double Mew OldTaku!,https://lh3.googleusercontent.com/qzqKI4F0mCwjcFzzMf_ioYLluNcWS8n028DOtWWEUkI_3xBPABdURkT5Qn7iy5a8OJP1X50h-8a4wOWV5z3h4o3jTQ,cryptokitties,0.35,2.3877213476531622
1774328,1056288,Lily Langtree,https://lh3.googleusercontent.com/_opKjfzlWo24103wWWKVpE7Z5ooLAZPltGp4sMbPLEEhOsMFik2aDKwf82CcoTtp9EbdLyGZ1-SeeqCocL4A9QN3x9_JBK-RfW6D2lM,cryptokitties,0.26,3.5273074148974564
1930449,1088162,JC,https://lh3.googleusercontent.com/jjOvMFafkZOXmqKw-3mS3LXHvp0otuC2JPYEL-dEjXmKpzyPw16lvoTvBcCSP4rOYra7-Uyq7kyhD0qtYEpvhoM,cryptokitties,0.4,7.1924726920984465
1190049,876070,,https://lh3.googleusercontent.com/kGwa3A2sGaMe7T1EAGFkyToqz_1lPUDT_DINUQyoDDo3SMDht81UV1v2pA-5UjBw3K9PeioDt39t7pi9QYkNT8A,cryptokitties,0.34619936342592594,1.0722059458351696
13809,2187,2k Club -  rare OG Himalayan,https://lh3.googleusercontent.com/-wGDik0M8LivatdRdmRukOED8iCOmt0AXYizIoQBTenYhGxgayNqB2TlwyX6Ph6dgLGdQmcpf9QQha7AwOIcD_5u5A,cryptokitties,1.5,2.152128946622066
25450,27039,Low ID #27039,https://lh3.googleusercontent.com/tCXJYKBNfX01-3XdPDGc7hSyzY8cu-pqrA_9LVTd5B13RM-1WuAaobejqyblgmFF9HkFkyh16u8vSRmLQ499ZpgT,cryptokitties,0.004399074074074075,2.009001889291816
503411,491889,,https://lh3.googleusercontent.com/f9eBAU8KNVo_DiMHpYzYUk1KLCHhATCAkZkS4y24WJJe4uYrkvpDaMw5SGZwdj8yEuSy7PZiFLl7Ur55ca2rriqk,cryptokitties,0.22,2.351452318222754
16931,6884,ESKETIT,https://lh3.googleusercontent.com/wTZ0wB7SXloglWnQsI1Ke4HGeWjXKcJs06MA_wflDKjbr1j50DmRKKmVE1GlRvaEK3rnrfN4owufANceEjmZpY0,cryptokitties,0.049,1.8094340128849389
1691,449782,Thundergrey Icy G1,https://storage.opensea.io/0x06012c8cf97bead5deae237070f9587f8e7a266d/449782-1555643416.png,cryptokitties,0.0169703125,0.6579351619383162
13622171,1802279,Purrzival the Paladin,https://lh3.googleusercontent.com/M7dP_YAPcQWpdLAf1wtoTp0VsorcFIF_QuXXGRySjfBvp6rpc3j0_dZXV7Hl_XE0dga0YIgnh88tn-r7DtP6aqiC,cryptokitties,0.008,22.586503479793837
3395531,1502590,Miso Horny ⭐⭐⭐⭐⭐⭐,https://lh3.googleusercontent.com/OedrCt71hVE9v9rP5Yp3PerbY6_zmbaAoI7Wb0LvXodMXFyPhzeVUfBQLpiXKsZmgsInvTI3Wg8_gYuxzavexKHJ,cryptokitties,0.0033,7.292341966284654
479532,475296,Furbulous🎖️,https://lh3.googleusercontent.com/oEfLdflMRWh4yK_cGdfR6zLhYVA3tS_uzCQTgEFTes9101v80MNKs3VBWL8hngYE9DpSZ6qqJI0soWR5LpXD3e9T,cryptokitties,0.281,2.3823166037609766
652452,618797,Poster Nutbag,https://lh3.googleusercontent.com/uSHWByxACAkOJwOE7NnG7eJt0PCQZfB6Lha_BwRKIriNVq2T7leg4f18BG5ay4Zo4AdRODk1ZSwqavM204pibHSN,cryptokitties,0.14954499698756976,1.2031486905161748
590052,560011,Stitches #422,https://lh3.googleusercontent.com/esWDrSkgkcLWYWk1sg7bgguf18ZyPW2mSSrH6GAXD7o9MF7iUr1t_OAFHN2dkXTXmeoTZm1zZ5iYFxyc3YPW8U_P,cryptokitties,0.12,20.341331819091007
18012,9187,Mr. Paw pre 10k,https://lh3.googleusercontent.com/LbD5lily1UthhexJmMYbC20uuIPsVUIqWLMZXvjaK5k5-6aOVLvD2uJEHVJWu19KZJDQqkJD1nYfB_IY7c18QWwK,cryptokitties,0.19,0.9240678527849051
7092,338995,Cerulian Peach!,https://lh3.googleusercontent.com/Q2MLRlP-dFlJLCOgBDzPH2Q1Ts5EWhiUHsaJwadPNe0FniRuQMsXiJcm5HW5PM1KtPna_AY7kfOWGZU_4TDBSVkITF1sJ4O0P335-VE,cryptokitties,0.006,1.7247666885003758
150613,63878,G0 | Chocolate GreyMatter,https://lh3.googleusercontent.com/vIBU94oBQZ36J6yr1lm7CGqOd3oVRu2r4o7pYWOvUepUCvBvsZxSLwG7tIEYYTfa4gc6sBOByxPPjrz2BY-gXXuSww,cryptokitties,1.5,0.9297171330721682
1121054,853115,1st UNICORN ON ICE,https://storage.opensea.io/0x06012c8cf97bead5deae237070f9587f8e7a266d/853115-1549880756.png,cryptokitties,0.19,7.607595041522221
1812374,1067790,Noodles Lilbun,https://storage.opensea.io/0x06012c8cf97bead5deae237070f9587f8e7a266d/1067790-1549886839.png,cryptokitties,0.159,10.466045912671829
665774,629973,Tablona - Cryptonaut.org,https://lh3.googleusercontent.com/nufncvrTrxwbEWRDLeKXFVPinmfFlKY1ZTpDFm0C-0LvfqQxTo3KYNzGkUBnG2-Ay5L0YN-imcwvoJZoQmLuFdOS,cryptokitties,0.015,1.274651537874795
71294,181328,Gen 0,https://lh3.googleusercontent.com/x1SYmZWxteFw8DDO4UpT-5UnkLJ0sqYgsQ6YFq7GwmBtr-loYH95-hQ6wDPOTMkV4dl7BxbC566lMFuVZuxvA7b9,cryptokitties,0.1900995642513191,2.2831830621892357
21974,19538,Snappy,https://lh3.googleusercontent.com/HtBrzoLuSil7JzxorvNW-rK920WFHxzXc3DiWEF150LpUHCf1EIsAfpqy3cP4ip8CxyUxCy9cEMU5zYGDHL8uOM,cryptokitties,0.005,1.0522170287721522
241334,368868,Ragdoll Sandalwood,https://lh3.googleusercontent.com/NEXqZzSOJ2N-cB_6ysyspCXzbbzUSH4XWq0qOqF52Dm9MkvGQfmFXfigpN1P5SAjzRIGT-7URx0GFoyNQ4o2OIfW,cryptokitties,0.26738372685185186,0.909494148961354
734534,660255,DADDY,https://lh3.googleusercontent.com/fCs1x3PJD27-2IoV8pxOPRyWrlrylO8z6Obnbaa-RbjgMDCcjc6_hOY8xwMj_hEoFwuuZEaN_pHydDYbPWAmc5s,cryptokitties,0.005,0.8948895350046334
18854,2596,Collector's Cat #2596,https://lh3.googleusercontent.com/afbYxjDb0nECtz6qLxudeEbunJ-Z9T3-dN4kwpgWsKRTdljoZ15RGWn5lu5ALXO-YdcxuxAfPNAsZuWzU27q2xr8,cryptokitties,1.2,2.2527607520038213
29414,35707,Wendy Lam,https://lh3.googleusercontent.com/vpOjylYTtpvfwq3-VTJ8oC6Ao2XFrb1inykpTAF50QrItEQJDktdJ5VuEUmDkvC5wC4v3gcl29ud1RIMMeDiLJcz,cryptokitties,0.028301359953703704,0.8329684584523028
26776,30380,Galadriel,https://lh3.googleusercontent.com/QrUxYlhpyGqzREX061YaYJdDXTH9UFb_kNInE-qtoEqqhxWJcNiYsdK1kS2dI3dBjmRsSDB2jCGNWh3NnnwUlPc,cryptokitties,0.01007875,2.012443616842503
10456,246021,2Cym Ducat#3562 G5,https://lh3.googleusercontent.com/nufncvrTrxwbEWRDLeKXFVPinmfFlKY1ZTpDFm0C-0LvfqQxTo3KYNzGkUBnG2-Ay5L0YN-imcwvoJZoQmLuFdOS,cryptokitties,0.035,1.2886385385512464
2353336,1231467,Dreggo#1993,https://lh3.googleusercontent.com/Fnt--YNk_gq5kssJBBLYYX1rOqnToLEhCMthvSANZsKBeFGidpZ0L7-nBE5gpmNf1z5n_Bhs-wWToLm363aU0kfs,cryptokitties,0.7032203665509259,3.200406976070472
1384936,923038,Gen 0,https://lh3.googleusercontent.com/8gF2c_h4Clb532jMrAszJX6u6npWRIIU0i48WI7HHfNoqYvAR5IhH8Z04tfflNwpMJu-PcHfGw3E40c5-qJ2TnM,cryptokitties,0.13354081236163,1.5636292053542826
60976,45788,💎 Salmon Khan 💎,https://lh3.googleusercontent.com/PcuwX6oMOviAzfXyTQoJDjzGxb6L3JNn5p-Q1dt8QK-R70POW_g1gTmAN6gZiHRRv4Brj_gj9qYWMXkOR9gvxls1,cryptokitties,0.8,0.8923161031555996
550936,526339,Gen 0 Double Diamond,https://lh3.googleusercontent.com/eAIbqjGswKbrq1IkvPr8kibuyMmb97NZKlzyICaHm5AVG6SVxmKeulFgmCtbxamZ5p_fTtfKpS8IN7sZL628dB3W,cryptokitties,0.36,1.155935659211215
210736,191879,Selina Kyle 💛💜💜💜💜,https://storage.opensea.io/0x06012c8cf97bead5deae237070f9587f8e7a266d/191879.png,cryptokitties,0.003,1.3093334230744276
17296,2710,Orange Muffin,https://lh3.googleusercontent.com/iJFtO_arrvUdbk7Q5AvXxOjiz1rNxRX9meDaLkXmudvkVJLflYoSAylgxgeDiHnKHhoEmWz9YYAoq9QHrVfa5WI,cryptokitties,0.5,2.2633270362213898
180857,176757,Wolfgrey #44,https://lh3.googleusercontent.com/NKYkcIRJr63Stha4bf57Srq_pNWBIkGTQ1Fh4rIfrj6pk98tfKSAYBznKd1iIFCmaT2c_n18CiwTMgqQWmL_K7W5,cryptokitties,0.00808504050925926,1.4306952891562035
214817,92034,Gen 0,https://lh3.googleusercontent.com/UGi_O8nm6iyH9qiQd88EeBvL19G6lFJBXMjhhLetvhjA04Lys0cT5e6yBpk6_7rKU75sYzOOPiS1CzoQr16xlInu,cryptokitties,0.6842686262439724,2.26278227765296
208937,396822,Gen 0,https://lh3.googleusercontent.com/ks0X__AqAmRopCdVWj4WuLlGS_oejtB9bM9OteK9YYdSbGoBnUWUniv7zt-1eeEAibUdfZaog3FF1mgj4OmwMeY,cryptokitties,0.5,2.30884129564407
256337,226790,Collector's Edition! ★,https://lh3.googleusercontent.com/nufncvrTrxwbEWRDLeKXFVPinmfFlKY1ZTpDFm0C-0LvfqQxTo3KYNzGkUBnG2-Ay5L0YN-imcwvoJZoQmLuFdOS,cryptokitties,0.02,1.4101014898736275
25097,26314,Kitty McKittyface    ¯\_(ツ)_/¯,https://lh3.googleusercontent.com/fEX6K8I8IAIWQVuz93oicmtZMTOv5fEijlGSR7NuDBZ7OrD3zzoG0mdVHqyyWiKrKXXadsZiDKb2SwQFaVqVvlzI,cryptokitties,0.029348611111111114,1.968388686316503
789978,703018,❤ HiScore 100%Soserious ❤,https://lh3.googleusercontent.com/eUqpm4yo8AOjHTL_6wO7DUqYHQtrhw4nfEvETJDGmM6h_gMmqV8vTt8DY3Ff8AiPvLaLhy54kRnq06knylXM5pcNPteu40vMur9h,cryptokitties,0.005,1.4353493260734815
392658,350380,♥Hannah♥,https://lh3.googleusercontent.com/2octUlz_Db0-w5fzCXwEyx1ykpnTFfmb9em0f8mNVeRaqEnVkBpZPwPxMTy43MxvwRVOKE8H28x1ICRao-qTB202K3j98psVcHNc,cryptokitties,0.069,2.366476197397224
18618,11804,Pair 2,https://lh3.googleusercontent.com/HqbUO0jRq0xU9kOJCSY75ldYrRjs-ubV2FwRMK4lUdiVzFGJabWl-_45NH7ERG9JwaSn5dXI7mVIuUe9f_VXC6g,cryptokitties,1.5,0.8887286519467547
13578,458907,Gen 0,https://lh3.googleusercontent.com/Dp1OR-slfSma2-LSWCxWBF4OgBAWilhYKBWWR-B8JMY5cCt4c7NQgCPP7uUh7BbVUeADg0cEHqCvbxceIF4UBKw,cryptokitties,0.28526390642536475,2.217929860629522
33978,2486,Katmehameha,https://lh3.googleusercontent.com/r9tvfF22_oWuQZi6IfmovHMjZxq2ULabaWRu-ZM2g7g7zKNVYqrUZj3kJMrpFKyeLvED_7_jMnV3TPj3hH7w20KYcw,cryptokitties,1.6,2.155325045148374
67819,227365,Se18,https://lh3.googleusercontent.com/n3Ze3FQeMqO3C8OdcTeBKVHjgWfxwQNu0JBKOczheKy5xT0SFWdT1cXnsp4cwjYt0w2VCVD80h-xXEEwx33t3TnE,cryptokitties,0.005,0.7112022595357781
557899,532598,Gold Tiger,https://storage.opensea.io/0x06012c8cf97bead5deae237070f9587f8e7a266d/532598-1555846435.png,cryptokitties,0.001895703204218107,0.8721559066077542
55219,39182,SE19 Pure Crazy,https://lh3.googleusercontent.com/prS6TZYsjVMoTyisOLxCPe18tBqUMpvTbstgOJ7cBMUP-8THrtxyS3MOjd_sEWk4GSG0uXJACQ0Nh0IMyuMKC7Yj,cryptokitties,0.01994975,0.6679216814195034
114139,57923,Kittiesville #57923 G12,https://lh3.googleusercontent.com/BHzL81TkKvHaZT-pruG-gkAK2TFBb2iKWo3K7TsozBRHFFksPWKO6hArh23RQle1MNmnFvHqXMzYdRcPLNKpxz0r,cryptokitties,0.004399305555555556,0.9306113324603801
1265899,879098,,https://storage.opensea.io/0x06012c8cf97bead5deae237070f9587f8e7a266d/879098-1551180799.png,cryptokitties,0.069,2.4618149505892917
516739,503509,Gen 0,https://lh3.googleusercontent.com/HgjzgoBmONTIgmCjxLK_hOCuMLSUqzoT1rAAbWOr8m_AYExetld23rUhTmDyly5EvqUZAxjq4-qv3qGDSclzdrJWOg,cryptokitties,0.129,1.1386258856579894
16820,2612,Gen 0,https://lh3.googleusercontent.com/ZHXRzwyGrVg4bs4PmNg-xx_6nvdmQU4-tOb3E_xRuLzGdhRsIX6S0znlshockY0sP5qsJUd_NSUvngw8HRLlTo4X,cryptokitties,1.95,2.2248612834850334
10100,52,napoleon bonaparte,https://lh3.googleusercontent.com/CdgzI_JrAONGTbIIEPSDJeMYxA-x-vlAgPb4URXjz2jN2o57WqkmMqKPm5JLXYSqIL2mK6rXU210KuvAi0QyZP4,cryptokitties,25.0,2.387599474897964
1489220,956572,Page #467,https://storage.opensea.io/0x06012c8cf97bead5deae237070f9587f8e7a266d/956572-1550949024.png,cryptokitties,0.013,2.996795867569076
312140,328749,#869 Virgin,https://lh3.googleusercontent.com/on8838x9KxJVAbUELZ1SqD8thQn5uN0g89XpAHBSYSDu9mOr9EPez2gGqHDa68BnELrb2db8-E62f73LhwfVHB9ghA,cryptokitties,0.10701994967793882,5.372608996395104
1281981,882455,,https://lh3.googleusercontent.com/wWyUN_8wHRMxhanvt9jm0ZYFfv72jLArs3AgJVBmSRODdaZ8I9vr9CRxtB9LNWV5uYfw5Yxaqktc7tgDm_sp6V7aNA,cryptokitties,0.085,5.324740614153044
1712061,1037945,"kuril candy poison spock 0,8%",https://lh3.googleusercontent.com/EQSk2Twvo08XmNFzkEiWfHTi8bBghdFtWOhbLmWZtlVabt3fehm8S9Dbbc1V1AcjEHAKVt-wd8QAOvABItgZn9Cki_K7Gm_i_alLog,cryptokitties,0.052,54.357959745559036
5061,391697,🕶 real lady 🕶,https://storage.opensea.io/0x06012c8cf97bead5deae237070f9587f8e7a266d/391697-1555445268.png,cryptokitties,0.002954099794238684,0.7676521540159602
1087701,847441,Lapis,https://lh3.googleusercontent.com/3HmUtmeYM__W_t9XyxkzEFyDNEzZabwD7VUBRkBHML0WqCJXk48RLzxB0R1xpaPpUOy-QDANP3l4eUAV-jm5jcQN,cryptokitties,0.3,1.3732333978307458
25888701,1998559,Fluffy Poopgah,https://lh3.googleusercontent.com/JLLonXv0OBWET1etNP9Qy_k37ihjCtiP77QA5s_BEBW69PEBWbtPM4esLLcvo2GxOlK-7ElKK5SUVtf60S8fl0FfX7KWSzn47sKmAAg,cryptokitties,0.09,26.587527734241725
494661,484431,🔷Morng+Spangl+r3 hint+r2nacho,https://lh3.googleusercontent.com/x7nETY0cgsndFcn9LRhCLj6zgWqHSsg95ceAV6KHiXoqxrZHpaL0Q6kFAerfHytgBFfGQFLUxiOGDy5TYLYZ-HzbSp481AbvhjR9KC0,cryptokitties,0.21147681571815719,1.1777734251670222
1599262,1010032,Blanche,https://storage.opensea.io/0x06012c8cf97bead5deae237070f9587f8e7a266d/1010032-1549884029.png,cryptokitties,0.096,5.986842926224232
1539862,981877,Mosi Hornrum,https://lh3.googleusercontent.com/7WGXl8t2KuusBaciJPm9x0lBXhrRgMUhO7JiKMRxk355A9qaT6FVNI5RyErvy_bxf_d9sP4PvLQrsmcHTK2Tg8FRo9-hGGBaMxmi,cryptokitties,0.137,5.31910402270755
793102,705347,"Wild F,F,3,A! R2 shale",https://lh3.googleusercontent.com/0o_cZsfojnCAVairIzfnNmoNWxmjX9Bs7NOJPPdYPt3FGjl6SyZeTMxy3nFVdqKh7O52Rt4wp2px8aCL7Jd_RcgcLA,cryptokitties,0.3,1.1479913492885583
394462,225983,Ducat,https://lh3.googleusercontent.com/nufncvrTrxwbEWRDLeKXFVPinmfFlKY1ZTpDFm0C-0LvfqQxTo3KYNzGkUBnG2-Ay5L0YN-imcwvoJZoQmLuFdOS,cryptokitties,0.018,1.3415258850454057
1851023,1080953,Fuku Sunnytoes,https://lh3.googleusercontent.com/HrOL_0UYELQxDcoX5UVE-0W_anqtkBejxokSdXyX-Ub5_whgqY7MVFF0BOXDHsuPydjGALN3P7qI_f3SEg49shRWdw,cryptokitties,0.21,4.969278239499871
19583,14472,LIMEGREEN RARE,https://lh3.googleusercontent.com/uZImzjuFIahYRY1AEcApQrqxFYb8AxG3mRqbvdbDriGI1XVXZwP2LqwmQLwRiO7ol_x3fjki4rn3lDdYVI7M_RRC,cryptokitties,0.03576680555555556,1.3501503828970403
662183,626896,,https://lh3.googleusercontent.com/6XlVSC4H6Lr6JsaZA7hhqh4p3qA1cWFGKbQWgVvWHfTLDVUBXB97votmIKhTjyJBepwyPmYXAct0QwOOe2w6vjflvzTy7xJYoX_7qWQ,cryptokitties,0.22659212962962963,1.1595224526573984
2082383,1137602,SPECIAL EDITION Lil BUB,https://lh3.googleusercontent.com/X8_i5nPDlhz9tEZ305zNdAV47FD4tSMdvDnSr986bfpTuUcn95poUnttY4C9nG5b3-NWEWACUoHRK3myPr-6AbUo,cryptokitties,0.275,23.592716194915436
2499863,1284637,Ora Lublater ⭐⭐⭐,https://lh3.googleusercontent.com/HMSlvUOAE8eTkWlHIlV3Lib_m0jmWVQlGQRFY-zDnS-2kF0cY_hFQsmiLAd21O09F9fi67ZfXm3vTboPl0vqhsc,cryptokitties,0.001,1.8272720518417866
29543,37004,"Shipcat, Gen 3! (#135 / 2,000)",https://lh3.googleusercontent.com/on8838x9KxJVAbUELZ1SqD8thQn5uN0g89XpAHBSYSDu9mOr9EPez2gGqHDa68BnELrb2db8-E62f73LhwfVHB9ghA,cryptokitties,0.25,5.4024194293077015
1623384,1016910,Nala Hornbaloo,https://storage.opensea.io/0x06012c8cf97bead5deae237070f9587f8e7a266d/1016910-1549881421.png,cryptokitties,0.079,6.587395243907015
496704,486368,VIRGIN SANTA,https://storage.opensea.io/0x06012c8cf97bead5deae237070f9587f8e7a266d/486368.png,cryptokitties,0.09,10.51253335087758
2250264,1196879,Gen 0,https://lh3.googleusercontent.com/aq2Snf72mqqMQeF6huLr8UIDV4qLHeo5fNHa-q7g8FiqoQmVrri87dsUUxMYibKwqvN6GEYDt8vdemvMZQNU0FuO,cryptokitties,0.1274170065857706,1.7520541025920129
19104,10546,Gen 9,https://lh3.googleusercontent.com/6JJKMUKOXozT51X0LyqoRisuoo4L_ApHd4xSSmgXeB7gMShDxVl7IRgN3kHiiEb2eMoC33XnJd0w-9XhauacDFM,cryptokitties,0.07,1.0231141430840487
301944,74045,Dali Tiger | Snappy,https://storage.opensea.io/0x06012c8cf97bead5deae237070f9587f8e7a266d/74045-1554181636.png,cryptokitties,0.004994907407407408,1.2458557680385989
17665,8629,8629,https://lh3.googleusercontent.com/WiDP34PcVIxeLXdsBi3bnjmdU2M7TqpO4QFnOLmK2QbZkri2Wf5akCaNPSBLD8AGsY1pGyMcK8XWiolquSrNmmw,cryptokitties,0.09,1.116541993622019
681025,643090,Gen 0,https://lh3.googleusercontent.com/LJqnhFnU8M3Q2RAZPxX3-JidqL9RosyOOLVh5WxqAU3fdn1zKihCCpn-FHxc2ewfSAJKa1PcALagiofagjbXnjA,cryptokitties,0.19009742558275505,1.134954795058207
28585,34441,Codeine,https://lh3.googleusercontent.com/UVW3N-7IAm4xn_BR3FiqUP3nFm5s8WC9B36prYq5DZzcFI-2DXrB-QC0p5QI8lX-fwiUYR7c2zDXOOS8CNHi3UFE,cryptokitties,0.02989207175925926,1.4808007547407236
1596986,1009482,Catsup Khanfu,https://lh3.googleusercontent.com/vzrQgnvZDpHeLroXH-OP2lecKmGYhqNn-D7ajYncew7t0N3H6t8QGXHax0R7XKZFJhP8KXl4hEP78lrZajY7fCJ0JZrvzuHcHetoGg,cryptokitties,0.265,11.929053838523652
1134987,857510,Dina Fancyfeast,https://lh3.googleusercontent.com/e8nvPzrDGf1AzQRbU-8iJ8DIkND0QD1mEuon1FRKELNXbM3hBSMl6AOzYPuKL0g_a8wfH0qZYjKa-9CZgbSR_qa_BvhW2Vy9rrUbcA,cryptokitties,0.02,4.6159432725599965
1464388,945435,Tzar Mcboo,https://storage.opensea.io/0x06012c8cf97bead5deae237070f9587f8e7a266d/945435-1550070128.png,cryptokitties,0.102,4.969497011468852
132748,436789,Purr SE7,https://lh3.googleusercontent.com/5_JenktlvQiiYTGHg3Xjtdgv89J_z4LZp2png57snP2UNZBLk6eyx8MbBvnEd29PISFMZeswTey4ItoXNSzK29OZ2YOSe_pMt_Qg4qU,cryptokitties,0.1761500062988158,2.244520085703402
116428,200455,"💎Shipcat💎 Sphynx, Bloodredx2",https://storage.opensea.io/0x06012c8cf97bead5deae237070f9587f8e7a266d/200455-1554656688.png,cryptokitties,0.01587369791666667,5.28095647798532
16228,4290,I'm 4290,https://lh3.googleusercontent.com/lIkq8OqO0SL_reeZU2m-DpyKCZDL-WZrEMbQMKSk7P1R-2WKG3OX3jGLbLEsRUTHO3KHC1CYK-2Y5wSLk7LnF4Ap,cryptokitties,0.3,2.1146869938450257
215428,198203,Putin Cat -_-,https://storage.opensea.io/0x06012c8cf97bead5deae237070f9587f8e7a266d/198203-1554652580.png,cryptokitties,0.03751870370370371,0.7186668767195878
18149,10682,Peaches 💯,https://lh3.googleusercontent.com/eIeYjWPWk8qjIghQo0p0p0EumDTQDUYGhZQVj7iImWPfy9lL5l0NiNyZ1jgP_PS3dn1GX1Gbud0JbOG72nFJvWbG,cryptokitties,2.0,2.2304772576702883
87149,271776,Himalayan Aquamarine Crazy,https://lh3.googleusercontent.com/DtQK6OoFFFjoNvLSErZw1z_gU3XwHq-sI0m6C0JCMA1q--ihASZ7a4j8bbu6V1Xc_Jzee_AopkTtTj421jhO7e9G6jPj8lH3UUjiAA,cryptokitties,0.01,2.0269229684147785
995310,803560,Craig Bustos,https://lh3.googleusercontent.com/Zj_dhWxxJWRnAXQui3rXA0-1AHLYUWFtxiGsq3-sUCAqw8pTBbndkaQti1w86xjkS8XdcM1wNVPTfR5demJRmXY,cryptokitties,0.1294911789021164,1.3717202072050885
115470,435063,Elk Jaguar,https://lh3.googleusercontent.com/-HGuSZ5oUScI4bFti_uQP6yd7S4RaZE5_fwE_1NbVeqtmfgTRPHDzUGqHqR7k3H1zf5Q40UjSzGo_IoADeOanY8DUw,cryptokitties,0.05,2.568285156492239
203191,350212,Henna Sanadlwood Outider!,https://storage.opensea.io/0x06012c8cf97bead5deae237070f9587f8e7a266d/350212-1552991255.png,cryptokitties,0.002,1.006149884565969
4831,350508,amur rare,https://storage.opensea.io/0x06012c8cf97bead5deae237070f9587f8e7a266d/350508-1555315010.png,cryptokitties,0.10778125,0.8998495660066694
116551,58490,Shipcat,https://lh3.googleusercontent.com/on8838x9KxJVAbUELZ1SqD8thQn5uN0g89XpAHBSYSDu9mOr9EPez2gGqHDa68BnELrb2db8-E62f73LhwfVHB9ghA,cryptokitties,0.1226087962962963,5.363912675188753
28592,34607,Gen 4 swiss,https://lh3.googleusercontent.com/XXt-hvR0rIblBF5KElAvzNJ3N2_QeK0uI9FhpbSNHpxMsM4H-rW41n5uslNHcnIvqjyMSsuJzlaZR6MnN6VXVGzT,cryptokitties,0.09,2.9388293511753787
27153,2221,Michael Scott,https://lh3.googleusercontent.com/lHJKzZBsDyRIDhlCFDdvEvlvp4upujQKioO7NLwFOJF1QVyCMrkhiQbl06h2fBP5Qu85bZB4Lwcx68ckxK_ZMvkN,cryptokitties,1.277778008643617,2.0828355801848515
53313,36463,G15 Scarlet,https://lh3.googleusercontent.com/kPXznEj-VPy9xuFnjIUB264TTVWwJ2nPi-KroxNEFlwpDfBuFpex4L1HDKHUWy1TlfCa1okBAsPWR7-v6gdb5IwQ,cryptokitties,0.036908391203703705,1.0088847717399156
1234,94432,Coyote,https://storage.opensea.io/0x06012c8cf97bead5deae237070f9587f8e7a266d/94432-1554218048.png,cryptokitties,0.021,0.662897066574921
86314,358252,绝版古老基因！,https://storage.opensea.io/0x06012c8cf97bead5deae237070f9587f8e7a266d/358252-1555332219.png,cryptokitties,1.5,0.9217309512219761
2164594,1167086,Poster Nutbag,https://lh3.googleusercontent.com/T70Yvzjs6EWvCRvgy_QIoFViFcEKdEUrFNXsMrQebDcFVoyBoh3lMt4VFzsCAjRuNIFkwDHk_nNI2ZDUaZFbo3hxtcVAhn9ywc0Q,cryptokitties,0.085,11.531119184395072
9034,1364,Famous 1st day Gen0 Snappy,https://lh3.googleusercontent.com/f9m4EXD0Qovu_Ka4JwOG_YzcleS9voJ2M3OTkMEONb_qlc8fJWv01_Bp7A1cgZJZyDHpCACyQESBcyWvrRh71mI,cryptokitties,3.0,2.168749514697829
18155,10696,ALLGREY,https://lh3.googleusercontent.com/H3mTcgLMKtB3aQZ7cPCCcJ7nw5nNhAYH9qjws7MyZVg0DVjCh1g0Wx40NX3FUKJDBB4LsOeEIdgg2juOqxJjqnc,cryptokitties,0.038,2.100610602831263
30155,37992,5% Rare Limegreen,https://lh3.googleusercontent.com/OKahX3YcSX-MJ0i-3H2EGJHQtfXmi68pt3WyWmV5L8ElRg0MrCk3PTHyXS9faT01aklPKcE2CMLCwGEm4DgSrRCG,cryptokitties,0.0211196875,1.0710707982832939
1509156,965763,Ashes Squeenana,https://lh3.googleusercontent.com/yeqH5r517R1hEsotL3Yfk00ntwFdxmFf5s6gU9fui9d1BSnJVojsWkWbOqRN2JlaCt3oRKcbEMfaHKwJATRgHIEy,cryptokitties,0.234,6.0967508959404775
376956,473295,103 SAPPHIRE 472 SPANGLED,https://lh3.googleusercontent.com/GZiBL12nTwWUcOIdEk45WPc9QDQJEPvcBMW2mF8liSFdgZ2NGTUciWswMJGZzsZldzwEljSdVKMlSGMTgfe-jo-X9mGA0loI9YJpNw,cryptokitties,0.5,2.3302272253978797
613236,582043,,https://storage.opensea.io/0x06012c8cf97bead5deae237070f9587f8e7a266d/582043-1555988308.png,cryptokitties,0.00192207175925926,1.5252282551374006
210877,326188,,https://lh3.googleusercontent.com/on8838x9KxJVAbUELZ1SqD8thQn5uN0g89XpAHBSYSDu9mOr9EPez2gGqHDa68BnELrb2db8-E62f73LhwfVHB9ghA,cryptokitties,0.058634184651138406,5.281486394082396
160597,466088,Kitty 466088,https://lh3.googleusercontent.com/zMqcPDwp8AaKiIuaJX5Vc4rPQtWG88aCj7A0rMfODuDPmNrN8JbvtpZPenxPFWVZdCMZg-lYW6SK8KoaVs1NOHTPToSxa0K5A34R,cryptokitties,0.27,2.4656400881546707
136957,297158,Persian💎,https://lh3.googleusercontent.com/ptjDPvc5G6W-3j9ZLaOkARqQGm0KATT9XN7JwFj8zYO4-UPCKdIYZgki67y5Vo9lgXebGkkpRqfl9YQCRHxiP8kIXg,cryptokitties,0.027995780423280422,1.6068641029487178
1963718,1095454,Hime Bufftime,https://lh3.googleusercontent.com/xm6sl97C1l_9guzzSDaUrVdtZBgkw7y0y0bZu4A6dxi7BgEXW0s6U7oQN474pvKpbyAl4lkyr6COhJNHp7VdKmNkecvZNtRp_zRsiP0,cryptokitties,0.26768882440476194,3.532423670672898
738998,663356,Puss for Progress,https://lh3.googleusercontent.com/1C89xx7jyG-KZz6XH2ud6R71Dy9m6Rvm6hOACoPEioir7WeXMyGy_o9T-mashlQ54dL-FKWgq7a2LEhLdk7mFgU,cryptokitties,0.026,5.552775950383826
17078,2544,# 2544,https://lh3.googleusercontent.com/EGGlGiC8qqMvp_MQ8MNPcQf31ukgXu7y9kgsTpRn4VCTb_gMsJaYz-ZZ_PNmc91FER_PUGr-EoFwNHN7_yeUs_c,cryptokitties,1.2,2.284265544722151
3289599,1489138,Clover,https://lh3.googleusercontent.com/goWLaGd2PrPQ7_D_jffZgYOTvnPySm6QAw3cYvxjxzPZTTT3dBwwrd77SYKS0-m4UFPuHRmsPRdlghM9VKUDs6Kw,cryptokitties,0.1,4.711681013036067
1147239,865454,Lulu,https://storage.opensea.io/0x06012c8cf97bead5deae237070f9587f8e7a266d/865454-1551137436.png,cryptokitties,0.098,10.26969056674258
494201,483989,Gen 0,https://lh3.googleusercontent.com/ewi3q_n77_dViDHNJH-KA9amVtnaskKo1yT2CAndsov9ucTDbJUcCYYQOnZks7n1y5fNfC-bP17Fg7k13FWDqBM,cryptokitties,0.138,2.2438993659422364
1049081,820897,,https://lh3.googleusercontent.com/YtZoyvAhIxJXCTH6uIjxIHKQ0QGureSGbwEMpJgqYcD3pWANopnKhLO-gSUN3OqEvMTNTFkxnZck1spXv8QWWTa2tw,cryptokitties,0.138,1.1586000191642412
3157002,1459126,Frank Ministertummy,https://storage.opensea.io/0x06012c8cf97bead5deae237070f9587f8e7a266d/1459126-1552694785.png,cryptokitties,0.417,4.223118004260956
317802,104388,Gen 1  Miu Aquamarine,https://storage.opensea.io/0x06012c8cf97bead5deae237070f9587f8e7a266d/104388-1554309394.png,cryptokitties,0.10147870370370371,0.7678236649036243
25482,27096,Flippy,https://lh3.googleusercontent.com/qGI62PNwHbVbRVNjJZRGqR9uLRK_Rm4kn74KEnQlnN3DMbdiHCDVZ3ERzaQMZdzaQeMhb7QqYWLcsBNN4984LT3x,cryptokitties,0.14583564814814817,0.8012948303344013
549043,524748,Dracula#1341 G12,https://lh3.googleusercontent.com/ARbG423dxuekvT5NGdnxC-lr959dOvU-f-9wu1sotkz5b3x3mCOOSpMVJzJkpbKDSak66npf4JTeQpqnfwICXUaDOg,cryptokitties,0.088,5.373272222116917
978403,796068,Gen 0,https://lh3.googleusercontent.com/MlNuOgxzmOqbv8oxuTbsLuczFlNXQJU6AGjmbW1oIPeSmDtbaVWgXbC9PUXMOQVXfptAVCB4Ragi0PQjnUFpT8AM,cryptokitties,0.09163659336419754,1.134629064963503
13021723,1760882,Shoopadoop,https://lh3.googleusercontent.com/VnG6stL0kcwZ_6LMyoiCq2y4HumTw6mRMbRLBRTMhbxOI2feu0IvBb8DcG3dAJQfYAQWrV7qvi700NEWIAFLjWgr,cryptokitties,0.0485,8.385355096946572
18404,11226,Genesis Farther Gen 0,https://lh3.googleusercontent.com/Cs2UrVMI5RjrMq1M149svPL31Q0xBE0_BjDZWjyF-wc9ILF2S8HjdRm0-vqY6lhPx1LZ7J79kkqNAEDe2TN6_vmQ,cryptokitties,2.07,1.043663862188835
928724,780035,Gen 0,https://lh3.googleusercontent.com/5y0mAzaHl2CZuPVcoOe3fJpnD085MSWVuGo8fivYWhz1K8g2kutFUh9Ox6I-_ASw5B7GQBBlKjjKcYiMKxMlAYP3,cryptokitties,0.2978784944444444,1.0745995290504884
18885,12508,Lime,https://lh3.googleusercontent.com/HhWoQm2nwjBSVQMrWak7ubHVXlrhYbC_h-armRyPa7Si9JLNCED1lTf-AolYoEKZjKH64YWyP6f292_D83EkX4I,cryptokitties,0.005,0.9918436928749687
16005,1458,Top 2000 Gen0 Kitty,https://lh3.googleusercontent.com/_T7KbehUltzvkUi2meudGk7VTsM_CNWtT4-EtGBFBvxw6HmzqXdP_24ftrCY7mu0dgXrHNxVV0KMz83ui2nVrJEa,cryptokitties,2.0,2.190527858002199
319005,96997,好消息不断,https://storage.opensea.io/0x06012c8cf97bead5deae237070f9587f8e7a266d/96997-1554294814.png,cryptokitties,1.5,1.0221506733760148
563686,537452,Gen 2 | Cerulian,https://storage.opensea.io/0x06012c8cf97bead5deae237070f9587f8e7a266d/537452.png,cryptokitties,0.009193246698441068,1.3867897156099818
1475567,952051,11.58,https://lh3.googleusercontent.com/PKCASjRMmNCYenn6rczpjOmXqnmC827ax_aEUCvaKQh_XwB2cPDnbvm470ur2wQYAH72jybEyhmK8XgF-lfLP_KyJugDhTLlPO3wIcU,cryptokitties,0.2704955902777778,3.403769516741319
2567,27890,Gen #0 Peach Gold,https://lh3.googleusercontent.com/48p2PtYji1ZF8Am0BwaXJDGov0Guje0V_f9UyPMTHXy4tP1F9OZswEX-U9mFVGGvCFTiQu7O7eLYPJk9YqJaw8fB,cryptokitties,0.20824615740740743,0.8856355094190949
25727,28354,"🐎 Gold - Salmon ""Ella""",https://lh3.googleusercontent.com/ntJS6TC6ISUneK5WIL_tGn4R1ADYzAGzVUjlLGCvZvYOhFiC9IM3SnpKZdKQ371jG5lbsjWU2BKN0A08hOLM6n_2,cryptokitties,1.115,0.9212526108133885
42767,19266,what are you looking??,https://lh3.googleusercontent.com/Q8N5HA3zBIoj7LtZUvwnDmxx_GAVW5vmY4S0ZGWXbwV7MSRmkMzY3ZpAOiOHPDYm_Kvi4GjxFB1yqD8FJdvADhg,cryptokitties,0.005,0.8833514457939874
21527,18723,Gen 0,https://lh3.googleusercontent.com/Jjr3J0tSu507ejY8YJ2MX3aDDvPYRjmQXkDVIrvEZAXRQlqiiBfvw7Gj5PDirzT_P1mkHyDyR3cTAyrzi5-0sWk,cryptokitties,0.64786794005544,0.8817241998637108
21047,17834,Mint Crazy Hemi,https://lh3.googleusercontent.com/qMnl7Pyo4IgVjxRmOeVqbUTbJee2fJnZrWQRZJt9zk0NaduuTSsaCX5BZ_n69u8SioH7EHlH0HPRUlqZFeq-rik,cryptokitties,0.1932534722222222,0.9036012902365544
2672687,1326539,♥Arun Slippypaws♥ Drift,https://lh3.googleusercontent.com/qQT9BBsG7CjgFp2CaoILJVtvUS-qSpIA8m3x15FQp7lOlfo2AL4i8iXarPOZJ6mfF5zHxG3xkZoPVRgnlzS2ealy1hk7TdTOvmzRSQ,cryptokitties,0.01,6.475121902214464
56448,40762,Nutella,https://lh3.googleusercontent.com/SicueZHVZUXZz-I9R9qDN2CZzrz7vq5KPKoZdDUnroax4Ouk9TVHSCvPtPg6eNYQLw9coVfml7VeHdKr90eA8r-n,cryptokitties,0.004,0.9753122439316054
19488,14309,.8 Raga/SGrey H2Peach/Beard,https://lh3.googleusercontent.com/K2f1RGgBuRwa7uQ6dmHO2Osk-ukI7KFdT2H1ObewsL16SCbWKDIL5senhn9Fl77adg54ZAmuwt7XQtU9ddvDnIKR,cryptokitties,1.4818527777777777,0.9100884193072312
15168,460465,💯Azaleablush 98 Crazy 94 Amur,https://lh3.googleusercontent.com/A8_hgHCIkfb_N_zK_epfsnsX-Ge5rgKfI8raMhdldxnn3iWQJVyVdcrOGrbJqp9DD3hMRCsQHRDA1DwsnwNhz4PF,cryptokitties,0.8,1.039066518802933
5928,2338,Uncle Rolly,https://lh3.googleusercontent.com/Zdhvbq1FJBEbLTjyrM0wyRA3CDT9ZU09iD1kgNfWa1Tje9EDjog2VeBW9-3MkWyf4i2pVhOxOWUG96GzJ-YcwZRR,cryptokitties,2.75,2.235515489362478
2126449,1153188,Dr. Michio katu,https://lh3.googleusercontent.com/4LV0EvqTMeV4CrTPy6QcJJkC3imukzQgq-S05l3HrbciwORnQU1R7VvdXY_mG9gn0zH35xxDdfCqUdMpBArR3mZicw,cryptokitties,0.22977757936507937,1.4914344636691923
97250,384428,Gen 0,https://lh3.googleusercontent.com/auQmHxLspgfP4YxeUkkRWby9itNs_gLvtnmI6QO_1TlZKaUzYjLg8vsZ3lykvkzEIQBZAiR80u9BWELDPajmfXEv,cryptokitties,0.2705632641907522,0.8155397381877099
20210,15626,Mac,https://lh3.googleusercontent.com/BESOskp6Qmb9OD5ByaBGrlyUO93ruifGK0s3N5iTtuXKoGqlrwGVZKhUVmmv7Bh4SpjCEmxcYcsQzJCUyymVJjqr,cryptokitties,0.03366342592592593,1.00159668376572
1088810,847682,Kalahari Mewtation,https://storage.opensea.io/0x06012c8cf97bead5deae237070f9587f8e7a266d/847682-1553035371.png,cryptokitties,0.19601712135416666,1.257887070939671
19610,9839,9839,https://lh3.googleusercontent.com/_Lrf1d3w26ZNfv2UJr6qJUTX7qzJgpFc2OPiBNs157UB8FHSGsFBH_M-xOB9bz6VNNfph-dqe9FghF7skMEUqsgU,cryptokitties,0.05,1.7137862059907536
8330,370597,Chin Chin,https://storage.opensea.io/0x06012c8cf97bead5deae237070f9587f8e7a266d/370597-1555359790.png,cryptokitties,0.01480800925925926,0.7235766864628501
105771,426266,Gen 0,https://lh3.googleusercontent.com/at1immbSsvZUpYY2WKZlvdbVuUwh0VCz-8NbLyfDcOJgwl0Rm-HBDOp30n0m5eoLIF9BKXJ9NOkF0CcOrA5ziE4,cryptokitties,0.2981619762891345,0.9710463024959166
2082291,1137518,Lil BUB,https://lh3.googleusercontent.com/X8_i5nPDlhz9tEZ305zNdAV47FD4tSMdvDnSr986bfpTuUcn95poUnttY4C9nG5b3-NWEWACUoHRK3myPr-6AbUo,cryptokitties,0.22589120370370372,25.190603630284354
838611,733674,,https://storage.opensea.io/0x06012c8cf97bead5deae237070f9587f8e7a266d/733674.png,cryptokitties,0.006,1.0960345399012061
234171,403936,Gen 0,https://lh3.googleusercontent.com/V0tVf85F8nes5h7esDH32fW37hsjKUx_5MldtI48ppHEj-iuJrzkeo3g1vtufsNsSNlxL4gXDFjtT9C6-bQtKXNt,cryptokitties,0.20833910451547435,2.321513641515486
21891,18992,SILVERSIDES,https://lh3.googleusercontent.com/5rLj3yCIwUdpzTZ7cUQIidUKgPeaec0ABUwDh6qddkzFEOMdMkGMF5y3ZkwYvLrsVUMjWCE7KNvMctxEWZKaMbs,cryptokitties,0.009,1.0250762485097409
15771,1243,Wolf X 1243,https://lh3.googleusercontent.com/PqogaGqjhXw_gBDLpnyDG5LZJF8K_2QQPl9nQoalnPT0T22pJvsGlTusOB8H61UyB12d2XYrz8m3SBgjJCehb2hu,cryptokitties,2.9,2.004460550809161
207051,290839,Charlie,https://lh3.googleusercontent.com/nufncvrTrxwbEWRDLeKXFVPinmfFlKY1ZTpDFm0C-0LvfqQxTo3KYNzGkUBnG2-Ay5L0YN-imcwvoJZoQmLuFdOS,cryptokitties,0.03,1.4151337465368958
86331,221765,🆁🅰🆁🅴,https://lh3.googleusercontent.com/PK8qCB-_zcHwrqKDtJeNMlU7fAPBGj-iYSKt_I9YWEx8q7jnjIQ4eqYQoR-XOciL_ZrESsxjNEtVasATmBqflrFIGw,cryptokitties,0.01,1.0774605197841325
28732,33942,Gen 5 | Brisk | Cheese,https://lh3.googleusercontent.com/SeSzXwJtcFft0zdRbL7ZRJw9aDcvi1meTm4oEtvedWJpQHNlf2rCeHKlWgKRCaC36bGXkhvJPaSpzZKy-DeJrL5V,cryptokitties,0.09,2.9600602730030174
23812,15081,Gen14 -cloudwhite PURPS,https://lh3.googleusercontent.com/N25gzppXluIgXsBJ4ufAyAiEJCYaZuF5W4kNzVNEQ5F211pMyyuLWcaJEIICU_sxmhnCZtRX4xdVnRt4faf7l2Lu,cryptokitties,0.028711666666666674,0.9886824986205895
1633972,1021331,Queen Rhiata,https://lh3.googleusercontent.com/aQmvf9T9agKFeQj1bpSLZFHauHRK2lPHEqHMyHU4SZr4kdh21rVSVSXXN11wjG4RYdIKua3VYpbNMFGdR_U7dLIL,cryptokitties,0.17179689814814816,1.28080613467743
9413,33503,G1_Breeder_003,https://lh3.googleusercontent.com/TN8DLj36e2PpdHxxMb0NpbCGKQn8dlXZDdw6pPgiPgsciH9fpw40rJlaFIKSjPC2NTEJPF_MmNbEvnU6B9uJZC2O,cryptokitties,0.014890162037037039,0.6786987199677145
70373,225572,Marin,https://storage.opensea.io/0x06012c8cf97bead5deae237070f9587f8e7a266d/225572-1554401529.png,cryptokitties,0.04,5.279085661314145
76133,380878,418d/4a4f/6557/aa99-P2garnet,https://storage.opensea.io/0x06012c8cf97bead5deae237070f9587f8e7a266d/380878-1551274013.png,cryptokitties,0.22,0.963731281914412
13133,458331,1818/Mfa46 -calicool r3,https://storage.opensea.io/0x06012c8cf97bead5deae237070f9587f8e7a266d/458331-1551089355.png,cryptokitties,0.0884611111111111,0.9815368401908912
1343333,907354,Gen 0,https://lh3.googleusercontent.com/hsYaqQgNi_HYLPeF0cEX6B2ksudoX1JaNb79pAfFnrIU367yA4Bnld7XLN2g3EGLXxmHFiHqtJNXCZsCPaLFs5M,cryptokitties,0.09894078317901235,3.084740917840909
546054,522201,Gen 0,https://lh3.googleusercontent.com/QZy5Xrh95NtLufOnMeMR_knJOJBiCh-LAc_egHYu-ZAeebtysbYUVt7mKAuz0H-gDUnew71Udqw2InH6ii8JmI6dMw,cryptokitties,0.15,1.194466804169961
9414,454760,Couple 44 1/2,https://lh3.googleusercontent.com/tIqpZyGLzdy1FFRmQH4SbPg8Pa3C5kYxX1Jgx3-1BvxNVjXiJtU4nCqZaEyp1bd3i1SZPgzI794e_79VH_8kYERd1w,cryptokitties,0.11962621527777778,0.8697531460630539
25134,26514,Rare Tiger 1% | G10 [R.B.C.],https://lh3.googleusercontent.com/ktuatCIILRaxMwSy7Z4a0qazEbpn8B37Wt3KsfP2lZpl43-RU0-7-5Q8zHpUG0tKawPZmS_kFoYaXzzMSgMT17ZZ,cryptokitties,0.03707114197530864,0.8237475635259556
63534,48321,"Cloudwhite Lapis, OG Pouty",https://lh3.googleusercontent.com/eJF9GADBBQtF_7IhN8q8xGThUsAnxixY6aEWZUuPAr1VkXbM4NvPx7MQMWdmANLZPbd4lfhei7u3-69g6xSHXYbVNg,cryptokitties,0.005,1.01354073861
1783974,1059781,Gen 0,https://lh3.googleusercontent.com/RK2piQba_9WcehgvWEa0cBhblfVdiJp2MWRMEGodgGYiwxd8VfmL9ZRYT5-Kru23JejZShCcCLsDpu11wPd2CE8-,cryptokitties,0.1171534716624121,1.4444030958795684
318174,207311,Gerbil 💛💜,https://lh3.googleusercontent.com/57JiKG3HGhgOP-MTPRflrtxbjuZgzCuOeTllBSzI0_NJyegD3hNCg-CuzEcpRBMrbBDLjuYoNf693GIThy9GVEt_,cryptokitties,0.003,3.6053208579247826
535134,512815,Purple Ruvme,https://lh3.googleusercontent.com/L2HxzSuyJ5ukGl2VsJxBSXVtA7NS-V5hy_Z6lCpWRMHL8myiTdF0-N86xMAVGh0wIc6WUUSDsj_1CBIxSGl_OmZ6OqtW19fetz5r,cryptokitties,0.03,0.7746450769745535
1495,449507,Gen 0,https://lh3.googleusercontent.com/IXvXyA2Gf5jt5WBMCEgGKs_O4kUNWo-6eWZN5X_pvbJeY1lzGDrY4QrfxXsnzLQ3cr44byearkxxc9WW6PK_pHSO9w,cryptokitties,0.2692487897648686,0.8803829578690917
3775,374955,Gasper,https://storage.opensea.io/0x06012c8cf97bead5deae237070f9587f8e7a266d/374955-1555369601.png,cryptokitties,0.1458701388888889,0.9117128212395311
24776,5173,#5173,https://lh3.googleusercontent.com/fCx-H26ES1xlMUl_BmsrgaaX0hrehv6PFLsf4YyGN32URNFOhF11zi9PieGY9zKgOkd3AT0W7gO89Su0brOTR8zA,cryptokitties,0.09600780996182585,0.8332513495736311
31856,40105,Eden | RARE | Lemonade,https://lh3.googleusercontent.com/qg5ZQUzvX_QhFtwrKA5aJIkewCOZu8G3rEKk98_8JXVWaWIMBFZ7BGYu4zGB1Hj_OQ5clI5usNCS7JfQ5J9vcBBKrA,cryptokitties,0.007787006172839507,1.0667560974021506
119936,188815,Xmas Beardy,https://storage.opensea.io/0x06012c8cf97bead5deae237070f9587f8e7a266d/188815-1554556467.png,cryptokitties,0.004705596064814815,0.9271374572008668
139496,360964,Count Catular,https://lh3.googleusercontent.com/ARbG423dxuekvT5NGdnxC-lr959dOvU-f-9wu1sotkz5b3x3mCOOSpMVJzJkpbKDSak66npf4JTeQpqnfwICXUaDOg,cryptokitties,0.2,5.305500656417121
1065777,831634,,https://lh3.googleusercontent.com/Xg-u8Ufhl3rwXPYecKSB68dGw7uTTDittl5xAuQbdkR3OPoGxRtHgQ3cpxLQWGeM6Hme7pC-fCzHffZhHD4w0B_gewyygNcUTS_l_Q,cryptokitties,0.16,1.1379311758640438
20577,14119,Neo,https://lh3.googleusercontent.com/IjlPceJ7QgBDPes2Hylr2p-uOQbNFF28wuE28o42VbqHoRBVgZcS52TsRn1w4bQRBAFcvknK8IW5YbbEf5HVLxn5,cryptokitties,0.00894519675925926,0.9389426287370778
18417,11264,Scooby,https://lh3.googleusercontent.com/vQ6F4TFIII-FPWIkRwL5S-r0SlPSxSuvJK0b87xeVySXxRSAC8lyvhxlZAagGwg-dmuE4uk0prM-y39R5DOId4pMcA,cryptokitties,5.659548611111111,2.2464586096748618
2094177,1141669,Gen 0,https://lh3.googleusercontent.com/z0R2J53nUaFEbv9w1Q4UVUKvQ-5YvUReZvmQdQHeF1f3utLqV3Y28eDaxCRs_mr5uUygKyvTGZX0EGxZU6H0nP0FOP_kpuk1RQVhoA,cryptokitties,0.005023090277777777,14.163225278944113
18538,11564,Gen0 Cymric Mauveover RARE,https://lh3.googleusercontent.com/KcxLQDXVlqeuuGbHdU-l9hDKn_KCiSavmw8Ig7fbsnxtU1ybk0uzsIHq9L8A-glaGsaBEfeVkjosu6XwI66qaOR8,cryptokitties,0.95,0.994317428095514
2338,436850,Chocolate Gold,https://storage.opensea.io/0x06012c8cf97bead5deae237070f9587f8e7a266d/436850-1550118598.png,cryptokitties,0.02,0.7621640388601374
