id,token_id,nft_name,image_url,slug,last_sale_total_price,rarity,predicted_price
500040,489489,Gustav Quansah,https://lh3.googleusercontent.com/SHiDp3dmNKxONF2s22HRkDpfL4sm9vZNzjneHRdUDLtUBmnmHUaATzULF-OWr9BQejhL9YFTVCVEyoo24-8LlTjz-w,cryptokitties,0.08,192.01532645237063,0.32389780437525534
130320,191113,Daddy Gato,https://lh3.googleusercontent.com/JWtXJgZkPEJypaZPCUGbpAR9iUJicr4J8Rimm5lvGY0poc32j-2zuaMGBKjsYIyxJA-_Tzxzw2PuAhxpRsikNgc,cryptokitties,0.001,0.0300007093183016,0.3235901505703884
313440,131764,Windi,https://lh3.googleusercontent.com/iQAcJGthaa6gtSiYtN2jSMYh9bXXbG_0pE1ukuI-f72gIbtWjcp7PFlV_k73PPgnw3h-wtayoLrqLuzEn778qNHA,cryptokitties,0.01,2.5004509074332866,0.32359410943234956
1105200,851358,lapis g0!,https://storage.opensea.io/0x06012c8cf97bead5deae237070f9587f8e7a266d/851358-1550785391.png,cryptokitties,0.17,722.5381510673535,0.3247479597969254
1623481,1016958,Gen 1 H1 Gene Swap,https://lh3.googleusercontent.com/N9FroR5egAAUmr7g-vN5vi5XJk331SecXTDqRKY1_e2sFCDUe2PM4MFKpb1FMfL3ynHHtLjEdm_PXNCdZ6TRJcM,cryptokitties,0.85,36125.77189980268,0.3814811477384291
4152361,1610459,Peanut Snagglechimp,https://storage.opensea.io/0x06012c8cf97bead5deae237070f9587f8e7a266d/1610459-1559352167.png,cryptokitties,1.406,59309.34884927551,0.4186325062150468
533761,511605,,https://storage.opensea.io/0x06012c8cf97bead5deae237070f9587f8e7a266d/511605-1555775430.png,cryptokitties,1.5,67502.59462374213,0.4317620682113531
1495801,959096,Geni G,https://lh3.googleusercontent.com/CGDVt46cA3oVidqnmOy5qhqjcGn98We3cVV_WkN7B2zf95XD0sN7qCWCkK1YvxADUmtLfNcFv764W_ozlXyzxrn8Dmoo3ZedBH0PoQ,cryptokitties,0.1890362106481481,1429.5022960259691,0.3258808599717653
15721,1198,1198 Legendary,https://lh3.googleusercontent.com/PZaIljLsnsnO2Z7p4fSZ5abwtCopCFGrXsNTr-0QKDRrS-88c3RKzmaKTZhbibHi-6BG48MgcxUGm_ddKhTE2Blsbw,cryptokitties,0.399,3980.3453271959215,0.32996855032580846
18602,11728,Gen 0,https://lh3.googleusercontent.com/BiHGRPZpINoJioZQSIlmHDMTGta2EDqR8hUluwt0IC_EGA9Y66ojVRqwjn1Vo1QomfrvNpRXnukqRg0JTVMVdC-v,cryptokitties,1.4715830439814814,64971.537219967286,0.42770608404905264
155162,465096,Gen 0,https://lh3.googleusercontent.com/Lp-jGH3cTobklN95VbF57d_VjVLdyVR2ZzerWv1y2ZdZ-SWygN-b6HxgEy5Jtq5W56POQpE6CwAHGs7Utx5d_D5J,cryptokitties,0.2406401160578386,1737.290170107808,0.3263740857440304
17883,9471,"Under 10,000 - Epic cat",https://lh3.googleusercontent.com/AJ_8y77NDWNBrqR_6Xlah_7WrS4jlJuJS1e9qdB5MddBmk61r9gViYr6t9FjZy2ZIPNChJ5s__vjiary-V4VDRco,cryptokitties,0.03,27.00075593595445,0.32363337082919463
197883,267046,Café au lait,https://lh3.googleusercontent.com/o4e7H0slQUyHz1OskXb2SlshXEFXChI9YR6Ve4i7kMYj0iKjsznGLVKh0gzhFvyaualno1eAUArMReqcf426ki4W,cryptokitties,0.0686560185185185,117.85060626685954,0.32377895644631255
523923,509896,Go Forth and Mutate! Wuvme,https://lh3.googleusercontent.com/14aBGZ4gbEaH4ZK8vdSZFVL5yDLiVBx6mHRijJMo9MjUhXxwMtWpk5whp12r3Fgl9qt56Ly75o4m1mve8WC2g51g1ynbDIEfZ_nToQ,cryptokitties,3.0,360008.17278634873,0.9004981745685913
1062363,829501,257 BROWNIES [bts hbf],https://lh3.googleusercontent.com/Ss_8DScs3l6ICBvq6swoVkZoTN2XFRicRI3Zt9GJqrslTJ8jLoNLQ3DW0tlAS3vFqKaE5j0oPCQcE5DDuJeMwnRqUA,cryptokitties,0.333,2772.374769628712,0.3280327943675632
80404,81712,Lonely Kitty :(,https://lh3.googleusercontent.com/Jofu-rIHCzw8ht1G5v1-KqDMRnk2BW96YaqT-ZXwQxmT6Twpea6Dhxj7FJF7dAy0r9k0-hvXNNe9ROPZSlr73TLX,cryptokitties,0.0098509027777777,2.9114157030891072,0.32359476799769854
612364,581223,Missy Funnyclaws at xs2.me,https://storage.opensea.io/0x06012c8cf97bead5deae237070f9587f8e7a266d/581223.png,cryptokitties,0.005,0.6250494956015742,0.32359110412776304
502925,491643,#491643,https://storage.opensea.io/0x06012c8cf97bead5deae237070f9587f8e7a266d/491643.png,cryptokitties,1.5,78752.04941009842,0.4497891624921573
102006,371190,Gen 6 | bc Earnie,https://storage.opensea.io/0x06012c8cf97bead5deae237070f9587f8e7a266d/371190-1555361055.png,cryptokitties,0.004,0.4800300750811238,0.32359087173616574
671286,634840,Fingertrap,https://storage.opensea.io/0x06012c8cf97bead5deae237070f9587f8e7a266d/634840.png,cryptokitties,0.003,0.2250070196577114,0.32359046306527894
494166,483956,Yrodec-001,https://storage.opensea.io/0x06012c8cf97bead5deae237070f9587f8e7a266d/483956-1554370974.png,cryptokitties,0.004,0.5600111161133045,0.32359099990466766
23526,23107,🏆Virgin Sphynx🎖️🎖️🎖️,https://lh3.googleusercontent.com/kNBMb6ZTluSSqRZaQRXKzDV0YA3jJLg9iD809ZhHfIz0WgonM55xdV-B78c1Deei-TFnpvf4an2MscMK1NawV7fV,cryptokitties,0.999,29942.205416934896,0.37157206875679927
25688,26933,Double Mew OldTaku!,https://lh3.googleusercontent.com/qzqKI4F0mCwjcFzzMf_ioYLluNcWS8n028DOtWWEUkI_3xBPABdURkT5Qn7iy5a8OJP1X50h-8a4wOWV5z3h4o3jTQ,cryptokitties,0.35,3675.2924958650874,0.3294797074213775
1774328,1056288,Lily Langtree,https://lh3.googleusercontent.com/_opKjfzlWo24103wWWKVpE7Z5ooLAZPltGp4sMbPLEEhOsMFik2aDKwf82CcoTtp9EbdLyGZ1-SeeqCocL4A9QN3x9_JBK-RfW6D2lM,cryptokitties,0.26,2028.238445981247,0.3268403262952053
1930449,1088162,JC,https://lh3.googleusercontent.com/jjOvMFafkZOXmqKw-3mS3LXHvp0otuC2JPYEL-dEjXmKpzyPw16lvoTvBcCSP4rOYra7-Uyq7kyhD0qtYEpvhoM,cryptokitties,0.4,4801.150795630736,0.33128387963257805
1190049,876070,,https://lh3.googleusercontent.com/kGwa3A2sGaMe7T1EAGFkyToqz_1lPUDT_DINUQyoDDo3SMDht81UV1v2pA-5UjBw3K9PeioDt39t7pi9QYkNT8A,cryptokitties,0.3461993634259259,3595.748485266104,0.32935223925462864
13809,2187,2k Club -  rare OG Himalayan,https://lh3.googleusercontent.com/-wGDik0M8LivatdRdmRukOED8iCOmt0AXYizIoQBTenYhGxgayNqB2TlwyX6Ph6dgLGdQmcpf9QQha7AwOIcD_5u5A,cryptokitties,1.5,67504.8422901299,0.4317656700653677
25450,27039,Low ID #27039,https://lh3.googleusercontent.com/tCXJYKBNfX01-3XdPDGc7hSyzY8cu-pqrA_9LVTd5B13RM-1WuAaobejqyblgmFF9HkFkyh16u8vSRmLQ499ZpgT,cryptokitties,0.004399074074074,0.5805944591843746,0.32359103288918767
503411,491889,,https://lh3.googleusercontent.com/f9eBAU8KNVo_DiMHpYzYUk1KLCHhATCAkZkS4y24WJJe4uYrkvpDaMw5SGZwdj8yEuSy7PZiFLl7Ur55ca2rriqk,cryptokitties,0.22,1452.113810292202,0.3259170946077766
16931,6884,ESKETIT,https://lh3.googleusercontent.com/wTZ0wB7SXloglWnQsI1Ke4HGeWjXKcJs06MA_wflDKjbr1j50DmRKKmVE1GlRvaEK3rnrfN4owufANceEjmZpY0,cryptokitties,0.049,72.03434445106494,0.3237055365262335
1691,449782,Thundergrey Icy G1,https://storage.opensea.io/0x06012c8cf97bead5deae237070f9587f8e7a266d/449782-1555643416.png,cryptokitties,0.0169703125,8.639934670168053,0.32360394786938745
13622171,1802279,Purrzival the Paladin,https://lh3.googleusercontent.com/M7dP_YAPcQWpdLAf1wtoTp0VsorcFIF_QuXXGRySjfBvp6rpc3j0_dZXV7Hl_XE0dga0YIgnh88tn-r7DtP6aqiC,cryptokitties,0.008,1.601445536222707,0.32359266878879006
3395531,1502590,Miso Horny ⭐⭐⭐⭐⭐⭐,https://lh3.googleusercontent.com/OedrCt71hVE9v9rP5Yp3PerbY6_zmbaAoI7Wb0LvXodMXFyPhzeVUfBQLpiXKsZmgsInvTI3Wg8_gYuxzavexKHJ,cryptokitties,0.0033,0.2723294136040128,0.3235905388987547
479532,475296,Furbulous🎖️,https://lh3.googleusercontent.com/oEfLdflMRWh4yK_cGdfR6zLhYVA3tS_uzCQTgEFTes9101v80MNKs3VBWL8hngYE9DpSZ6qqJI0soWR5LpXD3e9T,cryptokitties,0.281,1974.21311010135,0.3267537514485167
652452,618797,Poster Nutbag,https://lh3.googleusercontent.com/uSHWByxACAkOJwOE7NnG7eJt0PCQZfB6Lha_BwRKIriNVq2T7leg4f18BG5ay4Zo4AdRODk1ZSwqavM204pibHSN,cryptokitties,0.1495449969875697,559.1195599640445,0.3244860837855983
590052,560011,Stitches #422,https://lh3.googleusercontent.com/esWDrSkgkcLWYWk1sg7bgguf18ZyPW2mSSrH6GAXD7o9MF7iUr1t_OAFHN2dkXTXmeoTZm1zZ5iYFxyc3YPW8U_P,cryptokitties,0.12,360.2929151781949,0.324167466862453
18012,9187,Mr. Paw pre 10k,https://lh3.googleusercontent.com/LbD5lily1UthhexJmMYbC20uuIPsVUIqWLMZXvjaK5k5-6aOVLvD2uJEHVJWu19KZJDQqkJD1nYfB_IY7c18QWwK,cryptokitties,0.19,902.5333588494856,0.32503639960511205
7092,338995,Cerulian Peach!,https://lh3.googleusercontent.com/Q2MLRlP-dFlJLCOgBDzPH2Q1Ts5EWhiUHsaJwadPNe0FniRuQMsXiJcm5HW5PM1KtPna_AY7kfOWGZU_4TDBSVkITF1sJ4O0P335-VE,cryptokitties,0.006,1.260062091600786,0.3235921217265849
150613,63878,G0 | Chocolate GreyMatter,https://lh3.googleusercontent.com/vIBU94oBQZ36J6yr1lm7CGqOd3oVRu2r4o7pYWOvUepUCvBvsZxSLwG7tIEYYTfa4gc6sBOByxPPjrz2BY-gXXuSww,cryptokitties,1.5,67502.09186354942,0.43176126254516156
1121054,853115,1st UNICORN ON ICE,https://storage.opensea.io/0x06012c8cf97bead5deae237070f9587f8e7a266d/853115-1549880756.png,cryptokitties,0.19,125267.274634181,0.5243291616772182
1812374,1067790,Noodles Lilbun,https://storage.opensea.io/0x06012c8cf97bead5deae237070f9587f8e7a266d/1067790-1549886839.png,cryptokitties,0.159,83933.18459210673,0.45809185930560065
665774,629973,Tablona - Cryptonaut.org,https://lh3.googleusercontent.com/nufncvrTrxwbEWRDLeKXFVPinmfFlKY1ZTpDFm0C-0LvfqQxTo3KYNzGkUBnG2-Ay5L0YN-imcwvoJZoQmLuFdOS,cryptokitties,0.015,6.750286796596021,0.32360091973504485
71294,181328,Gen 0,https://lh3.googleusercontent.com/x1SYmZWxteFw8DDO4UpT-5UnkLJ0sqYgsQ6YFq7GwmBtr-loYH95-hQ6wDPOTMkV4dl7BxbC566lMFuVZuxvA7b9,cryptokitties,0.1900995642513191,1084.2178391703171,0.325327546448964
21974,19538,Snappy,https://lh3.googleusercontent.com/HtBrzoLuSil7JzxorvNW-rK920WFHxzXc3DiWEF150LpUHCf1EIsAfpqy3cP4ip8CxyUxCy9cEMU5zYGDHL8uOM,cryptokitties,0.005,0.7500263054257194,0.3235913044013564
241334,368868,Ragdoll Sandalwood,https://lh3.googleusercontent.com/NEXqZzSOJ2N-cB_6ysyspCXzbbzUSH4XWq0qOqF52Dm9MkvGQfmFXfigpN1P5SAjzRIGT-7URx0GFoyNQ4o2OIfW,cryptokitties,0.2673837268518518,2144.886744982449,0.3270272535662354
734534,660255,DADDY,https://lh3.googleusercontent.com/fCs1x3PJD27-2IoV8pxOPRyWrlrylO8z6Obnbaa-RbjgMDCcjc6_hOY8xwMj_hEoFwuuZEaN_pHydDYbPWAmc5s,cryptokitties,0.005,0.7500223722383751,0.3235913043950535
18854,2596,Collector's Cat #2596,https://lh3.googleusercontent.com/afbYxjDb0nECtz6qLxudeEbunJ-Z9T3-dN4kwpgWsKRTdljoZ15RGWn5lu5ALXO-YdcxuxAfPNAsZuWzU27q2xr8,cryptokitties,1.2,64803.24397548288,0.42743639647372034
29414,35707,Wendy Lam,https://lh3.googleusercontent.com/vpOjylYTtpvfwq3-VTJ8oC6Ao2XFrb1inykpTAF50QrItEQJDktdJ5VuEUmDkvC5wC4v3gcl29ud1RIMMeDiLJcz,cryptokitties,0.0283013599537037,28.03451131324526,0.32363502740775807
26776,30380,Galadriel,https://lh3.googleusercontent.com/QrUxYlhpyGqzREX061YaYJdDXTH9UFb_kNInE-qtoEqqhxWJcNiYsdK1kS2dI3dBjmRsSDB2jCGNWh3NnnwUlPc,cryptokitties,0.01007875,3.047640473315675,0.3235949862959915
10456,246021,2Cym Ducat#3562 G5,https://lh3.googleusercontent.com/nufncvrTrxwbEWRDLeKXFVPinmfFlKY1ZTpDFm0C-0LvfqQxTo3KYNzGkUBnG2-Ay5L0YN-imcwvoJZoQmLuFdOS,cryptokitties,0.035,30.62657858220973,0.3236391811593778
2353336,1231467,Dreggo#1993,https://lh3.googleusercontent.com/Fnt--YNk_gq5kssJBBLYYX1rOqnToLEhCMthvSANZsKBeFGidpZ0L7-nBE5gpmNf1z5n_Bhs-wWToLm363aU0kfs,cryptokitties,0.7032203665509259,19782.33801896668,0.35529102305796456
1384936,923038,Gen 0,https://lh3.googleusercontent.com/8gF2c_h4Clb532jMrAszJX6u6npWRIIU0i48WI7HHfNoqYvAR5IhH8Z04tfflNwpMJu-PcHfGw3E40c5-qJ2TnM,cryptokitties,0.13354081236163,445.8565985870234,0.32430458147086005
60976,45788,💎 Salmon Khan 💎,https://lh3.googleusercontent.com/PcuwX6oMOviAzfXyTQoJDjzGxb6L3JNn5p-Q1dt8QK-R70POW_g1gTmAN6gZiHRRv4Brj_gj9qYWMXkOR9gvxls1,cryptokitties,0.8,16000.571082306022,0.34923079432600024
550936,526339,Gen 0 Double Diamond,https://lh3.googleusercontent.com/eAIbqjGswKbrq1IkvPr8kibuyMmb97NZKlzyICaHm5AVG6SVxmKeulFgmCtbxamZ5p_fTtfKpS8IN7sZL628dB3W,cryptokitties,0.36,3240.1498092614333,0.32878239733960174
210736,191879,Selina Kyle 💛💜💜💜💜,https://storage.opensea.io/0x06012c8cf97bead5deae237070f9587f8e7a266d/191879.png,cryptokitties,0.003,0.2700117840008076,0.32359053518478564
17296,2710,Orange Muffin,https://lh3.googleusercontent.com/iJFtO_arrvUdbk7Q5AvXxOjiz1rNxRX9meDaLkXmudvkVJLflYoSAylgxgeDiHnKHhoEmWz9YYAoq9QHrVfa5WI,cryptokitties,0.5,7500.565831759055,0.3356096545508723
180857,176757,Wolfgrey #44,https://lh3.googleusercontent.com/NKYkcIRJr63Stha4bf57Srq_pNWBIkGTQ1Fh4rIfrj6pk98tfKSAYBznKd1iIFCmaT2c_n18CiwTMgqQWmL_K7W5,cryptokitties,0.0080850405092592,1.9611299226089272,0.323593245177999
214817,92034,Gen 0,https://lh3.googleusercontent.com/UGi_O8nm6iyH9qiQd88EeBvL19G6lFJBXMjhhLetvhjA04Lys0cT5e6yBpk6_7rKU75sYzOOPiS1CzoQr16xlInu,cryptokitties,0.6842686262439724,14047.766073811794,0.3461014515561757
208937,396822,Gen 0,https://lh3.googleusercontent.com/ks0X__AqAmRopCdVWj4WuLlGS_oejtB9bM9OteK9YYdSbGoBnUWUniv7zt-1eeEAibUdfZaog3FF1mgj4OmwMeY,cryptokitties,0.5,6250.577210323912,0.3336065652317461
256337,226790,Collector's Edition! ★,https://lh3.googleusercontent.com/nufncvrTrxwbEWRDLeKXFVPinmfFlKY1ZTpDFm0C-0LvfqQxTo3KYNzGkUBnG2-Ay5L0YN-imcwvoJZoQmLuFdOS,cryptokitties,0.02,10.000564040595949,0.32360612825896257
25097,26314,Kitty McKittyface    ¯\_(ツ)_/¯,https://lh3.googleusercontent.com/fEX6K8I8IAIWQVuz93oicmtZMTOv5fEijlGSR7NuDBZ7OrD3zzoG0mdVHqyyWiKrKXXadsZiDKb2SwQFaVqVvlzI,cryptokitties,0.0293486111111111,21.535219807609447,0.3236246123838342
789978,703018,❤ HiScore 100%Soserious ❤,https://lh3.googleusercontent.com/eUqpm4yo8AOjHTL_6wO7DUqYHQtrhw4nfEvETJDGmM6h_gMmqV8vTt8DY3Ff8AiPvLaLhy54kRnq06knylXM5pcNPteu40vMur9h,cryptokitties,0.005,0.750035883733152,0.3235913044167055
392658,350380,♥Hannah♥,https://lh3.googleusercontent.com/2octUlz_Db0-w5fzCXwEyx1ykpnTFfmb9em0f8mNVeRaqEnVkBpZPwPxMTy43MxvwRVOKE8H28x1ICRao-qTB202K3j98psVcHNc,cryptokitties,0.069,119.03626679317584,0.3237808564507571
18618,11804,Pair 2,https://lh3.googleusercontent.com/HqbUO0jRq0xU9kOJCSY75ldYrRjs-ubV2FwRMK4lUdiVzFGJabWl-_45NH7ERG9JwaSn5dXI7mVIuUe9f_VXC6g,cryptokitties,1.5,78751.99963946687,0.44978908273541496
13578,458907,Gen 0,https://lh3.googleusercontent.com/Dp1OR-slfSma2-LSWCxWBF4OgBAWilhYKBWWR-B8JMY5cCt4c7NQgCPP7uUh7BbVUeADg0cEHqCvbxceIF4UBKw,cryptokitties,0.2852639064253647,2848.322855960261,0.32815450011586367
33978,2486,Katmehameha,https://lh3.googleusercontent.com/r9tvfF22_oWuQZi6IfmovHMjZxq2ULabaWRu-ZM2g7g7zKNVYqrUZj3kJMrpFKyeLvED_7_jMnV3TPj3hH7w20KYcw,cryptokitties,1.6,76805.51763211559,0.4466698724866686
67819,227365,Se18,https://lh3.googleusercontent.com/n3Ze3FQeMqO3C8OdcTeBKVHjgWfxwQNu0JBKOczheKy5xT0SFWdT1cXnsp4cwjYt0w2VCVD80h-xXEEwx33t3TnE,cryptokitties,0.005,0.7500177800564884,0.3235913043876946
557899,532598,Gold Tiger,https://storage.opensea.io/0x06012c8cf97bead5deae237070f9587f8e7a266d/532598-1555846435.png,cryptokitties,0.0018957032042181,0.1078138534130008,0.3235902752648657
55219,39182,SE19 Pure Crazy,https://lh3.googleusercontent.com/prS6TZYsjVMoTyisOLxCPe18tBqUMpvTbstgOJ7cBMUP-8THrtxyS3MOjd_sEWk4GSG0uXJACQ0Nh0IMyuMKC7Yj,cryptokitties,0.01994975,11.940041579711531,0.32360923624464877
114139,57923,Kittiesville #57923 G12,https://lh3.googleusercontent.com/BHzL81TkKvHaZT-pruG-gkAK2TFBb2iKWo3K7TsozBRHFFksPWKO6hArh23RQle1MNmnFvHqXMzYdRcPLNKpxz0r,cryptokitties,0.0043993055555555,0.5806346920830352,0.3235910329536603
1265899,879098,,https://storage.opensea.io/0x06012c8cf97bead5deae237070f9587f8e7a266d/879098-1551180799.png,cryptokitties,0.069,190.4517207009798,0.32389529871886275
516739,503509,Gen 0,https://lh3.googleusercontent.com/HgjzgoBmONTIgmCjxLK_hOCuMLSUqzoT1rAAbWOr8m_AYExetld23rUhTmDyly5EvqUZAxjq4-qv3qGDSclzdrJWOg,cryptokitties,0.129,665.6589478733632,0.32465681166769883
16820,2612,Gen 0,https://lh3.googleusercontent.com/ZHXRzwyGrVg4bs4PmNg-xx_6nvdmQU4-tOb3E_xRuLzGdhRsIX6S0znlshockY0sP5qsJUd_NSUvngw8HRLlTo4X,cryptokitties,1.95,114083.46003503044,0.5064072548802379
10100,52,napoleon bonaparte,https://lh3.googleusercontent.com/CdgzI_JrAONGTbIIEPSDJeMYxA-x-vlAgPb4URXjz2jN2o57WqkmMqKPm5JLXYSqIL2mK6rXU210KuvAi0QyZP4,cryptokitties,25.0,15626492.249671811,25.36482582573566
1489220,956572,Page #467,https://storage.opensea.io/0x06012c8cf97bead5deae237070f9587f8e7a266d/956572-1550949024.png,cryptokitties,0.013,4.225506458501619,0.3235968738097927
312140,328749,#869 Virgin,https://lh3.googleusercontent.com/on8838x9KxJVAbUELZ1SqD8thQn5uN0g89XpAHBSYSDu9mOr9EPez2gGqHDa68BnELrb2db8-E62f73LhwfVHB9ghA,cryptokitties,0.1070199496779388,286.39327466616123,0.32404904371998716
1281981,882455,,https://lh3.googleusercontent.com/wWyUN_8wHRMxhanvt9jm0ZYFfv72jLArs3AgJVBmSRODdaZ8I9vr9CRxtB9LNWV5uYfw5Yxaqktc7tgDm_sp6V7aNA,cryptokitties,0.085,27274.413471250944,0.3672969693995626
1712061,1037945,"kuril candy poison spock 0,8%",https://lh3.googleusercontent.com/EQSk2Twvo08XmNFzkEiWfHTi8bBghdFtWOhbLmWZtlVabt3fehm8S9Dbbc1V1AcjEHAKVt-wd8QAOvABItgZn9Cki_K7Gm_i_alLog,cryptokitties,0.052,9896.78698392315,0.3394495655019444
5061,391697,🕶 real lady 🕶,https://storage.opensea.io/0x06012c8cf97bead5deae237070f9587f8e7a266d/391697-1555445268.png,cryptokitties,0.0029540997942386,0.2618078669039779,0.323590522038123
1087701,847441,Lapis,https://lh3.googleusercontent.com/3HmUtmeYM__W_t9XyxkzEFyDNEzZabwD7VUBRkBHML0WqCJXk48RLzxB0R1xpaPpUOy-QDANP3l4eUAV-jm5jcQN,cryptokitties,0.3,2700.1235910058044,0.32791701286226627
25888701,1998559,Fluffy Poopgah,https://lh3.googleusercontent.com/JLLonXv0OBWET1etNP9Qy_k37ihjCtiP77QA5s_BEBW69PEBWbtPM4esLLcvo2GxOlK-7ElKK5SUVtf60S8fl0FfX7KWSzn47sKmAAg,cryptokitties,0.09,364.71535897464736,0.32417455376691057
494661,484431,🔷Morng+Spangl+r3 hint+r2nacho,https://lh3.googleusercontent.com/x7nETY0cgsndFcn9LRhCLj6zgWqHSsg95ceAV6KHiXoqxrZHpaL0Q6kFAerfHytgBFfGQFLUxiOGDy5TYLYZ-HzbSp481AbvhjR9KC0,cryptokitties,0.2114768157181571,1788.950416357221,0.32645687056759687
1599262,1010032,Blanche,https://storage.opensea.io/0x06012c8cf97bead5deae237070f9587f8e7a266d/1010032-1549884029.png,cryptokitties,0.096,32486.45517474441,0.37564919348230796
1539862,981877,Mosi Hornrum,https://lh3.googleusercontent.com/7WGXl8t2KuusBaciJPm9x0lBXhrRgMUhO7JiKMRxk355A9qaT6FVNI5RyErvy_bxf_d9sP4PvLQrsmcHTK2Tg8FRo9-hGGBaMxmi,cryptokitties,0.137,563.1698342634023,0.32449257429363126
793102,705347,"Wild F,F,3,A! R2 shale",https://lh3.googleusercontent.com/0o_cZsfojnCAVairIzfnNmoNWxmjX9Bs7NOJPPdYPt3FGjl6SyZeTMxy3nFVdqKh7O52Rt4wp2px8aCL7Jd_RcgcLA,cryptokitties,0.3,2250.103319221436,0.32719586165789244
394462,225983,Ducat,https://lh3.googleusercontent.com/nufncvrTrxwbEWRDLeKXFVPinmfFlKY1ZTpDFm0C-0LvfqQxTo3KYNzGkUBnG2-Ay5L0YN-imcwvoJZoQmLuFdOS,cryptokitties,0.018,8.100434654386753,0.32360308332814225
1851023,1080953,Fuku Sunnytoes,https://lh3.googleusercontent.com/HrOL_0UYELQxDcoX5UVE-0W_anqtkBejxokSdXyX-Ub5_whgqY7MVFF0BOXDHsuPydjGALN3P7qI_f3SEg49shRWdw,cryptokitties,0.21,157437.21914517035,0.5758810487438877
19583,14472,LIMEGREEN RARE,https://lh3.googleusercontent.com/uZImzjuFIahYRY1AEcApQrqxFYb8AxG3mRqbvdbDriGI1XVXZwP2LqwmQLwRiO7ol_x3fjki4rn3lDdYVI7M_RRC,cryptokitties,0.0357668055555555,38.3796585887596,0.32365160536187465
662183,626896,,https://lh3.googleusercontent.com/6XlVSC4H6Lr6JsaZA7hhqh4p3qA1cWFGKbQWgVvWHfTLDVUBXB97votmIKhTjyJBepwyPmYXAct0QwOOe2w6vjflvzTy7xJYoX_7qWQ,cryptokitties,0.2265921296296296,1540.3793308156626,0.32605853887244896
2082383,1137602,SPECIAL EDITION Lil BUB,https://lh3.googleusercontent.com/X8_i5nPDlhz9tEZ305zNdAV47FD4tSMdvDnSr986bfpTuUcn95poUnttY4C9nG5b3-NWEWACUoHRK3myPr-6AbUo,cryptokitties,0.275,1892.4091991622408,0.32662266182301536
2499863,1284637,Ora Lublater ⭐⭐⭐,https://lh3.googleusercontent.com/HMSlvUOAE8eTkWlHIlV3Lib_m0jmWVQlGQRFY-zDnS-2kF0cY_hFQsmiLAd21O09F9fi67ZfXm3vTboPl0vqhsc,cryptokitties,0.001,0.0250018272720518,0.3235901425597497
29543,37004,"Shipcat, Gen 3! (#135 / 2,000)",https://lh3.googleusercontent.com/on8838x9KxJVAbUELZ1SqD8thQn5uN0g89XpAHBSYSDu9mOr9EPez2gGqHDa68BnELrb2db8-E62f73LhwfVHB9ghA,cryptokitties,0.25,1562.8376512143318,0.32609452801742567
1623384,1016910,Nala Hornbaloo,https://storage.opensea.io/0x06012c8cf97bead5deae237070f9587f8e7a266d/1016910-1549881421.png,cryptokitties,0.079,22748.48611193372,0.36004423397691465
496704,486368,VIRGIN SANTA,https://storage.opensea.io/0x06012c8cf97bead5deae237070f9587f8e7a266d/486368.png,cryptokitties,0.09,243.0851515201421,0.32397964305711907
2250264,1196879,Gen 0,https://lh3.googleusercontent.com/aq2Snf72mqqMQeF6huLr8UIDV4qLHeo5fNHa-q7g8FiqoQmVrri87dsUUxMYibKwqvN6GEYDt8vdemvMZQNU0FuO,cryptokitties,0.1274170065857706,405.9057839442482,0.32424056084800873
19104,10546,Gen 9,https://lh3.googleusercontent.com/6JJKMUKOXozT51X0LyqoRisuoo4L_ApHd4xSSmgXeB7gMShDxVl7IRgN3kHiiEb2eMoC33XnJd0w-9XhauacDFM,cryptokitties,0.07,122.50501325930117,0.32378641506855405
301944,74045,Dali Tiger | Snappy,https://storage.opensea.io/0x06012c8cf97bead5deae237070f9587f8e7a266d/74045-1554181636.png,cryptokitties,0.0049949074074074,0.623758583194488,0.3235911020590939
17665,8629,8629,https://lh3.googleusercontent.com/WiDP34PcVIxeLXdsBi3bnjmdU2M7TqpO4QFnOLmK2QbZkri2Wf5akCaNPSBLD8AGsY1pGyMcK8XWiolquSrNmmw,cryptokitties,0.09,243.00904399014837,0.32397952109586453
681025,643090,Gen 0,https://lh3.googleusercontent.com/LJqnhFnU8M3Q2RAZPxX3-JidqL9RosyOOLVh5WxqAU3fdn1zKihCCpn-FHxc2ewfSAJKa1PcALagiofagjbXnjA,cryptokitties,0.190097425582755,1084.1519502925871,0.32532744086295706
28585,34441,Codeine,https://lh3.googleusercontent.com/UVW3N-7IAm4xn_BR3FiqUP3nFm5s8WC9B36prYq5DZzcFI-2DXrB-QC0p5QI8lX-fwiUYR7c2zDXOOS8CNHi3UFE,cryptokitties,0.0298920717592592,22.339722000232783,0.32362590158736904
1596986,1009482,Catsup Khanfu,https://lh3.googleusercontent.com/vzrQgnvZDpHeLroXH-OP2lecKmGYhqNn-D7ajYncew7t0N3H6t8QGXHax0R7XKZFJhP8KXl4hEP78lrZajY7fCJ0JZrvzuHcHetoGg,cryptokitties,0.265,257024.33771780584,0.735468016268739
1134987,857510,Dina Fancyfeast,https://lh3.googleusercontent.com/e8nvPzrDGf1AzQRbU-8iJ8DIkND0QD1mEuon1FRKELNXbM3hBSMl6AOzYPuKL0g_a8wfH0qZYjKa-9CZgbSR_qa_BvhW2Vy9rrUbcA,cryptokitties,0.02,1416.0018463773092,0.32585922568963593
1464388,945435,Tzar Mcboo,https://storage.opensea.io/0x06012c8cf97bead5deae237070f9587f8e7a266d/945435-1550070128.png,cryptokitties,0.102,37038.29170264691,0.3829434479859864
132748,436789,Purr SE7,https://lh3.googleusercontent.com/5_JenktlvQiiYTGHg3Xjtdgv89J_z4LZp2png57snP2UNZBLk6eyx8MbBvnEd29PISFMZeswTey4ItoXNSzK29OZ2YOSe_pMt_Qg4qU,cryptokitties,0.1761500062988158,930.9343863925033,0.32508191185534224
116428,200455,"💎Shipcat💎 Sphynx, Bloodredx2",https://storage.opensea.io/0x06012c8cf97bead5deae237070f9587f8e7a266d/200455-1554656688.png,cryptokitties,0.0158736979166666,7.560559231723191,0.32360221818531276
16228,4290,I'm 4290,https://lh3.googleusercontent.com/lIkq8OqO0SL_reeZU2m-DpyKCZDL-WZrEMbQMKSk7P1R-2WKG3OX3jGLbLEsRUTHO3KHC1CYK-2Y5wSLk7LnF4Ap,cryptokitties,0.3,2700.190321829446,0.32791711979747973
215428,198203,Putin Cat -_-,https://storage.opensea.io/0x06012c8cf97bead5deae237070f9587f8e7a266d/198203-1554652580.png,cryptokitties,0.0375187037037037,42.23060546186603,0.32365777645048915
18149,10682,Peaches 💯,https://lh3.googleusercontent.com/eIeYjWPWk8qjIghQo0p0p0EumDTQDUYGhZQVj7iImWPfy9lL5l0NiNyZ1jgP_PS3dn1GX1Gbud0JbOG72nFJvWbG,cryptokitties,2.0,220008.92190903067,0.6761513290780621
87149,271776,Himalayan Aquamarine Crazy,https://lh3.googleusercontent.com/DtQK6OoFFFjoNvLSErZw1z_gU3XwHq-sI0m6C0JCMA1q--ihASZ7a4j8bbu6V1Xc_Jzee_AopkTtTj421jhO7e9G6jPj8lH3UUjiAA,cryptokitties,0.01,4.000202692296841,0.32359651276365203
995310,803560,Craig Bustos,https://lh3.googleusercontent.com/Zj_dhWxxJWRnAXQui3rXA0-1AHLYUWFtxiGsq3-sUCAqw8pTBbndkaQti1w86xjkS8XdcM1wNVPTfR5demJRmXY,cryptokitties,0.1294911789021164,419.2221362934892,0.32426190011678535
115470,435063,Elk Jaguar,https://lh3.googleusercontent.com/-HGuSZ5oUScI4bFti_uQP6yd7S4RaZE5_fwE_1NbVeqtmfgTRPHDzUGqHqR7k3H1zf5Q40UjSzGo_IoADeOanY8DUw,cryptokitties,0.05,87.50642071289124,0.3237303303124915
203191,350212,Henna Sanadlwood Outider!,https://storage.opensea.io/0x06012c8cf97bead5deae237070f9587f8e7a266d/350212-1552991255.png,cryptokitties,0.002,0.1200040245995382,0.3235902947994449
4831,350508,amur rare,https://storage.opensea.io/0x06012c8cf97bead5deae237070f9587f8e7a266d/350508-1555315010.png,cryptokitties,0.10778125,348.5143889173801,0.3241485919385189
116551,58490,Shipcat,https://lh3.googleusercontent.com/on8838x9KxJVAbUELZ1SqD8thQn5uN0g89XpAHBSYSDu9mOr9EPez2gGqHDa68BnELrb2db8-E62f73LhwfVHB9ghA,cryptokitties,0.1226087962962963,375.9035584843288,0.32419248270046547
28592,34607,Gen 4 swiss,https://lh3.googleusercontent.com/XXt-hvR0rIblBF5KElAvzNJ3N2_QeK0uI9FhpbSNHpxMsM4H-rW41n5uslNHcnIvqjyMSsuJzlaZR6MnN6VXVGzT,cryptokitties,0.09,486.0238045177445,0.32436894885773004
27153,2221,Michael Scott,https://lh3.googleusercontent.com/lHJKzZBsDyRIDhlCFDdvEvlvp4upujQKioO7NLwFOJF1QVyCMrkhiQbl06h2fBP5Qu85bZB4Lwcx68ckxK_ZMvkN,cryptokitties,1.277778008643617,48984.89986150627,0.40208772081570443
53313,36463,G15 Scarlet,https://lh3.googleusercontent.com/kPXznEj-VPy9xuFnjIUB264TTVWwJ2nPi-KroxNEFlwpDfBuFpex4L1HDKHUWy1TlfCa1okBAsPWR7-v6gdb5IwQ,cryptokitties,0.0369083912037037,34.05710786357883,0.32364467853466955
1234,94432,Coyote,https://storage.opensea.io/0x06012c8cf97bead5deae237070f9587f8e7a266d/94432-1554218048.png,cryptokitties,0.021,13.23029233760636,0.3236113038534796
86314,358252,绝版古老基因！,https://storage.opensea.io/0x06012c8cf97bead5deae237070f9587f8e7a266d/358252-1555332219.png,cryptokitties,1.5,67502.07389464026,0.43176123375023545
2164594,1167086,Poster Nutbag,https://lh3.googleusercontent.com/T70Yvzjs6EWvCRvgy_QIoFViFcEKdEUrFNXsMrQebDcFVoyBoh3lMt4VFzsCAjRuNIFkwDHk_nNI2ZDUaZFbo3hxtcVAhn9ywc0Q,cryptokitties,0.085,252.9583123361073,0.32399546465952195
9034,1364,Famous 1st day Gen0 Snappy,https://lh3.googleusercontent.com/f9m4EXD0Qovu_Ka4JwOG_YzcleS9voJ2M3OTkMEONb_qlc8fJWv01_Bp7A1cgZJZyDHpCACyQESBcyWvrRh71mI,cryptokitties,3.0,270019.51874563226,0.7562926124855147
18155,10696,ALLGREY,https://lh3.googleusercontent.com/H3mTcgLMKtB3aQZ7cPCCcJ7nw5nNhAYH9qjws7MyZVg0DVjCh1g0Wx40NX3FUKJDBB4LsOeEIdgg2juOqxJjqnc,cryptokitties,0.038,43.32303328171049,0.3236595270508229
30155,37992,5% Rare Limegreen,https://lh3.googleusercontent.com/OKahX3YcSX-MJ0i-3H2EGJHQtfXmi68pt3WyWmV5L8ElRg0MrCk3PTHyXS9faT01aklPKcE2CMLCwGEm4DgSrRCG,cryptokitties,0.0211196875,13.381713744633943,0.3236115465041709
1509156,965763,Ashes Squeenana,https://lh3.googleusercontent.com/yeqH5r517R1hEsotL3Yfk00ntwFdxmFf5s6gU9fui9d1BSnJVojsWkWbOqRN2JlaCt3oRKcbEMfaHKwJATRgHIEy,cryptokitties,0.234,206156.6738336921,0.6539532948801665
376956,473295,103 SAPPHIRE 472 SPANGLED,https://lh3.googleusercontent.com/GZiBL12nTwWUcOIdEk45WPc9QDQJEPvcBMW2mF8liSFdgZ2NGTUciWswMJGZzsZldzwEljSdVKMlSGMTgfe-jo-X9mGA0loI9YJpNw,cryptokitties,0.5,6250.582556806349,0.3336065737994096
613236,582043,,https://storage.opensea.io/0x06012c8cf97bead5deae237070f9587f8e7a266d/582043-1555988308.png,cryptokitties,0.0019220717592592,0.0923646309355741,0.32359025050770235
210877,326188,,https://lh3.googleusercontent.com/on8838x9KxJVAbUELZ1SqD8thQn5uN0g89XpAHBSYSDu9mOr9EPez2gGqHDa68BnELrb2db8-E62f73LhwfVHB9ghA,cryptokitties,0.0586341846511384,103.1571858702678,0.32375541044521056
160597,466088,Kitty 466088,https://lh3.googleusercontent.com/zMqcPDwp8AaKiIuaJX5Vc4rPQtWG88aCj7A0rMfODuDPmNrN8JbvtpZPenxPFWVZdCMZg-lYW6SK8KoaVs1NOHTPToSxa0K5A34R,cryptokitties,0.27,2187.1797451624266,0.327095027508719
136957,297158,Persian💎,https://lh3.googleusercontent.com/ptjDPvc5G6W-3j9ZLaOkARqQGm0KATT9XN7JwFj8zYO4-UPCKdIYZgki67y5Vo9lgXebGkkpRqfl9YQCRHxiP8kIXg,cryptokitties,0.0279957804232804,23.514171047045224,0.32362778362557415
1963718,1095454,Hime Bufftime,https://lh3.googleusercontent.com/xm6sl97C1l_9guzzSDaUrVdtZBgkw7y0y0bZu4A6dxi7BgEXW0s6U7oQN474pvKpbyAl4lkyr6COhJNHp7VdKmNkecvZNtRp_zRsiP0,cryptokitties,0.2676888244047619,2149.972325302508,0.3270354031377163
738998,663356,Puss for Progress,https://lh3.googleusercontent.com/1C89xx7jyG-KZz6XH2ud6R71Dy9m6Rvm6hOACoPEioir7WeXMyGy_o9T-mashlQ54dL-FKWgq7a2LEhLdk7mFgU,cryptokitties,0.026,16.903753676542458,0.3236171905240029
17078,2544,# 2544,https://lh3.googleusercontent.com/EGGlGiC8qqMvp_MQ8MNPcQf31ukgXu7y9kgsTpRn4VCTb_gMsJaYz-ZZ_PNmc91FER_PUGr-EoFwNHN7_yeUs_c,cryptokitties,1.2,50403.2893423844,0.4043606701616321
3289599,1489138,Clover,https://lh3.googleusercontent.com/goWLaGd2PrPQ7_D_jffZgYOTvnPySm6QAw3cYvxjxzPZTTT3dBwwrd77SYKS0-m4UFPuHRmsPRdlghM9VKUDs6Kw,cryptokitties,0.1,300.0471168101304,0.3240709238114493
1147239,865454,Lulu,https://storage.opensea.io/0x06012c8cf97bead5deae237070f9587f8e7a266d/865454-1551137436.png,cryptokitties,0.098,432.278630108203,0.32428282296588734
494201,483989,Gen 0,https://lh3.googleusercontent.com/ewi3q_n77_dViDHNJH-KA9amVtnaskKo1yT2CAndsov9ucTDbJUcCYYQOnZks7n1y5fNfC-bP17Fg7k13FWDqBM,cryptokitties,0.138,571.362732819525,0.324505703299215
1049081,820897,,https://lh3.googleusercontent.com/YtZoyvAhIxJXCTH6uIjxIHKQ0QGureSGbwEMpJgqYcD3pWANopnKhLO-gSUN3OqEvMTNTFkxnZck1spXv8QWWTa2tw,cryptokitties,0.138,571.342064378765,0.3245056701783272
3157002,1459126,Frank Ministertummy,https://storage.opensea.io/0x06012c8cf97bead5deae237070f9587f8e7a266d/1459126-1552694785.png,cryptokitties,0.417,15650.744353766642,0.34867020187622455
317802,104388,Gen 1  Miu Aquamarine,https://storage.opensea.io/0x06012c8cf97bead5deae237070f9587f8e7a266d/104388-1554309394.png,cryptokitties,0.1014787037037037,308.94572615380724,0.32408518370872014
25482,27096,Flippy,https://lh3.googleusercontent.com/qGI62PNwHbVbRVNjJZRGqR9uLRK_Rm4kn74KEnQlnN3DMbdiHCDVZ3ERzaQMZdzaQeMhb7QqYWLcsBNN4984LT3x,cryptokitties,0.1458356481481481,638.0581300912294,0.3246125817424415
549043,524748,Dracula#1341 G12,https://lh3.googleusercontent.com/ARbG423dxuekvT5NGdnxC-lr959dOvU-f-9wu1sotkz5b3x3mCOOSpMVJzJkpbKDSak66npf4JTeQpqnfwICXUaDOg,cryptokitties,0.088,232.36161062008804,0.3239624587325006
978403,796068,Gen 0,https://lh3.googleusercontent.com/MlNuOgxzmOqbv8oxuTbsLuczFlNXQJU6AGjmbW1oIPeSmDtbaVWgXbC9PUXMOQVXfptAVCB4Ragi0PQjnUFpT8AM,cryptokitties,0.0916365933641975,251.9274850830701,0.32399381277323674
13021723,1760882,Shoopadoop,https://lh3.googleusercontent.com/VnG6stL0kcwZ_6LMyoiCq2y4HumTw6mRMbRLBRTMhbxOI2feu0IvBb8DcG3dAJQfYAQWrV7qvi700NEWIAFLjWgr,cryptokitties,0.0485,58.8259744515268,0.32368437029766517
18404,11226,Genesis Farther Gen 0,https://lh3.googleusercontent.com/Cs2UrVMI5RjrMq1M149svPL31Q0xBE0_BjDZWjyF-wc9ILF2S8HjdRm0-vqY6lhPx1LZ7J79kkqNAEDe2TN6_vmQ,cryptokitties,2.07,107126.97199528308,0.4952595798917657
928724,780035,Gen 0,https://lh3.googleusercontent.com/5y0mAzaHl2CZuPVcoOe3fJpnD085MSWVuGo8fivYWhz1K8g2kutFUh9Ox6I-_ASw5B7GQBBlKjjKcYiMKxMlAYP3,cryptokitties,0.2978784944444444,2218.385287245057,0.3271450339543549
18885,12508,Lime,https://lh3.googleusercontent.com/HhWoQm2nwjBSVQMrWak7ubHVXlrhYbC_h-armRyPa7Si9JLNCED1lTf-AolYoEKZjKH64YWyP6f292_D83EkX4I,cryptokitties,0.005,0.7500247960923219,0.32359130439893774
16005,1458,Top 2000 Gen0 Kitty,https://lh3.googleusercontent.com/_T7KbehUltzvkUi2meudGk7VTsM_CNWtT4-EtGBFBvxw6HmzqXdP_24ftrCY7mu0dgXrHNxVV0KMz83ui2nVrJEa,cryptokitties,2.0,100008.762111432,0.483852747905351
319005,96997,好消息不断,https://storage.opensea.io/0x06012c8cf97bead5deae237070f9587f8e7a266d/96997-1554294814.png,cryptokitties,1.5,56252.29983901509,0.4137336278448841
563686,537452,Gen 2 | Cerulian,https://storage.opensea.io/0x06012c8cf97bead5deae237070f9587f8e7a266d/537452.png,cryptokitties,0.009193246698441,2.535590751373176,0.323594165743459
1475567,952051,11.58,https://lh3.googleusercontent.com/PKCASjRMmNCYenn6rczpjOmXqnmC827ax_aEUCvaKQh_XwB2cPDnbvm470ur2wQYAH72jybEyhmK8XgF-lfLP_KyJugDhTLlPO3wIcU,cryptokitties,0.2704955902777778,2195.284977338016,0.32710801603015155
2567,27890,Gen #0 Peach Gold,https://lh3.googleusercontent.com/48p2PtYji1ZF8Am0BwaXJDGov0Guje0V_f9UyPMTHXy4tP1F9OZswEX-U9mFVGGvCFTiQu7O7eLYPJk9YqJaw8fB,cryptokitties,0.2082461574074074,1301.032269127253,0.3256749885467813
25727,28354,"🐎 Gold - Salmon ""Ella""",https://lh3.googleusercontent.com/ntJS6TC6ISUneK5WIL_tGn4R1ADYzAGzVUjlLGCvZvYOhFiC9IM3SnpKZdKQ371jG5lbsjWU2BKN0A08hOLM6n_2,cryptokitties,1.115,37297.89532427708,0.3833594591662297
42767,19266,what are you looking??,https://lh3.googleusercontent.com/Q8N5HA3zBIoj7LtZUvwnDmxx_GAVW5vmY4S0ZGWXbwV7MSRmkMzY3ZpAOiOHPDYm_Kvi4GjxFB1yqD8FJdvADhg,cryptokitties,0.005,0.7500220837861449,0.3235913043945913
21527,18723,Gen 0,https://lh3.googleusercontent.com/Jjr3J0tSu507ejY8YJ2MX3aDDvPYRjmQXkDVIrvEZAXRQlqiiBfvw7Gj5PDirzT_P1mkHyDyR3cTAyrzi5-0sWk,cryptokitties,0.64786794005544,16789.684798694143,0.35049533804245286
21047,17834,Mint Crazy Hemi,https://lh3.googleusercontent.com/qMnl7Pyo4IgVjxRmOeVqbUTbJee2fJnZrWQRZJt9zk0NaduuTSsaCX5BZ_n69u8SioH7EHlH0HPRUlqZFeq-rik,cryptokitties,0.1932534722222222,933.706359859746,0.32508635390413365
2672687,1326539,♥Arun Slippypaws♥ Drift,https://lh3.googleusercontent.com/qQT9BBsG7CjgFp2CaoILJVtvUS-qSpIA8m3x15FQp7lOlfo2AL4i8iXarPOZJ6mfF5zHxG3xkZoPVRgnlzS2ealy1hk7TdTOvmzRSQ,cryptokitties,0.01,3.000647512190221,0.3235949109904272
56448,40762,Nutella,https://lh3.googleusercontent.com/SicueZHVZUXZz-I9R9qDN2CZzrz7vq5KPKoZdDUnroax4Ouk9TVHSCvPtPg6eNYQLw9coVfml7VeHdKr90eA8r-n,cryptokitties,0.004,0.4800156049959029,0.3235908717129776
19488,14309,.8 Raga/SGrey H2Peach/Beard,https://lh3.googleusercontent.com/K2f1RGgBuRwa7uQ6dmHO2Osk-ukI7KFdT2H1ObewsL16SCbWKDIL5senhn9Fl77adg54ZAmuwt7XQtU9ddvDnIKR,cryptokitties,1.4818527777777777,87837.50465223356,0.4643484777073835
15168,460465,💯Azaleablush 98 Crazy 94 Amur,https://lh3.googleusercontent.com/A8_hgHCIkfb_N_zK_epfsnsX-Ge5rgKfI8raMhdldxnn3iWQJVyVdcrOGrbJqp9DD3hMRCsQHRDA1DwsnwNhz4PF,cryptokitties,0.8,16000.665002572036,0.34923094483191564
5928,2338,Uncle Rolly,https://lh3.googleusercontent.com/Zdhvbq1FJBEbLTjyrM0wyRA3CDT9ZU09iD1kgNfWa1Tje9EDjog2VeBW9-3MkWyf4i2pVhOxOWUG96GzJ-YcwZRR,cryptokitties,2.75,226891.90608588836,0.6871812151521841
2126449,1153188,Dr. Michio katu,https://lh3.googleusercontent.com/4LV0EvqTMeV4CrTPy6QcJJkC3imukzQgq-S05l3HrbciwORnQU1R7VvdXY_mG9gn0zH35xxDdfCqUdMpBArR3mZicw,cryptokitties,0.2297775793650793,1320.0221438349265,0.32570541955594906
97250,384428,Gen 0,https://lh3.googleusercontent.com/auQmHxLspgfP4YxeUkkRWby9itNs_gLvtnmI6QO_1TlZKaUzYjLg8vsZ3lykvkzEIQBZAiR80u9BWELDPajmfXEv,cryptokitties,0.2705632641907522,2196.19409904904,0.3271094728850044
20210,15626,Mac,https://lh3.googleusercontent.com/BESOskp6Qmb9OD5ByaBGrlyUO93ruifGK0s3N5iTtuXKoGqlrwGVZKhUVmmv7Bh4SpjCEmxcYcsQzJCUyymVJjqr,cryptokitties,0.0336634259259259,33.99792238775808,0.32364458369077065
1088810,847682,Kalahari Mewtation,https://storage.opensea.io/0x06012c8cf97bead5deae237070f9587f8e7a266d/847682-1553035371.png,cryptokitties,0.1960171213541666,1152.729687351707,0.32543733572942013
19610,9839,9839,https://lh3.googleusercontent.com/_Lrf1d3w26ZNfv2UJr6qJUTX7qzJgpFc2OPiBNs157UB8FHSGsFBH_M-xOB9bz6VNNfph-dqe9FghF7skMEUqsgU,cryptokitties,0.05,75.00428446551498,0.3237102958136537
8330,370597,Chin Chin,https://storage.opensea.io/0x06012c8cf97bead5deae237070f9587f8e7a266d/370597-1555359790.png,cryptokitties,0.0148080092592592,5.482087119382791,0.323598887462763
105771,426266,Gen 0,https://lh3.googleusercontent.com/at1immbSsvZUpYY2WKZlvdbVuUwh0VCz-8NbLyfDcOJgwl0Rm-HBDOp30n0m5eoLIF9BKXJ9NOkF0CcOrA5ziE4,cryptokitties,0.2981619762891345,2667.103249703336,0.32786409822621065
2082291,1137518,Lil BUB,https://lh3.googleusercontent.com/X8_i5nPDlhz9tEZ305zNdAV47FD4tSMdvDnSr986bfpTuUcn95poUnttY4C9nG5b3-NWEWACUoHRK3myPr-6AbUo,cryptokitties,0.2258912037037037,2297.493012779802,0.3272718029803778
838611,733674,,https://storage.opensea.io/0x06012c8cf97bead5deae237070f9587f8e7a266d/733674.png,cryptokitties,0.006,0.9000394572434364,0.3235915447953384
234171,403936,Gen 0,https://lh3.googleusercontent.com/V0tVf85F8nes5h7esDH32fW37hsjKUx_5MldtI48ppHEj-iuJrzkeo3g1vtufsNsSNlxL4gXDFjtT9C6-bQtKXNt,cryptokitties,0.2083391045154743,1085.230327480961,0.32532916894735
21891,18992,SILVERSIDES,https://lh3.googleusercontent.com/5rLj3yCIwUdpzTZ7cUQIidUKgPeaec0ABUwDh6qddkzFEOMdMkGMF5y3ZkwYvLrsVUMjWCE7KNvMctxEWZKaMbs,cryptokitties,0.009,2.0250830311761288,0.3235933476619628
15771,1243,Wolf X 1243,https://lh3.googleusercontent.com/PqogaGqjhXw_gBDLpnyDG5LZJF8K_2QQPl9nQoalnPT0T22pJvsGlTusOB8H61UyB12d2XYrz8m3SBgjJCehb2hu,cryptokitties,2.9,210266.85751323227,0.6605398068587166
207051,290839,Charlie,https://lh3.googleusercontent.com/nufncvrTrxwbEWRDLeKXFVPinmfFlKY1ZTpDFm0C-0LvfqQxTo3KYNzGkUBnG2-Ay5L0YN-imcwvoJZoQmLuFdOS,cryptokitties,0.03,22.501273620371883,0.32362616047158543
86331,221765,🆁🅰🆁🅴,https://lh3.googleusercontent.com/PK8qCB-_zcHwrqKDtJeNMlU7fAPBGj-iYSKt_I9YWEx8q7jnjIQ4eqYQoR-XOciL_ZrESsxjNEtVasATmBqflrFIGw,cryptokitties,0.01,3.5001077460519787,0.32359571136848075
28732,33942,Gen 5 | Brisk | Cheese,https://lh3.googleusercontent.com/SeSzXwJtcFft0zdRbL7ZRJw9aDcvi1meTm4oEtvedWJpQHNlf2rCeHKlWgKRCaC36bGXkhvJPaSpzZKy-DeJrL5V,cryptokitties,0.09,445.52397648821136,0.3243040484485893
23812,15081,Gen14 -cloudwhite PURPS,https://lh3.googleusercontent.com/N25gzppXluIgXsBJ4ufAyAiEJCYaZuF5W4kNzVNEQ5F211pMyyuLWcaJEIICU_sxmhnCZtRX4xdVnRt4faf7l2Lu,cryptokitties,0.0287116666666666,24.73160911344292,0.3236297345530832
1633972,1021331,Queen Rhiata,https://lh3.googleusercontent.com/aQmvf9T9agKFeQj1bpSLZFHauHRK2lPHEqHMyHU4SZr4kdh21rVSVSXXN11wjG4RYdIKua3VYpbNMFGdR_U7dLIL,cryptokitties,0.1717968981481481,1033.033899401774,0.32524552489988506
9413,33503,G1_Breeder_003,https://lh3.googleusercontent.com/TN8DLj36e2PpdHxxMb0NpbCGKQn8dlXZDdw6pPgiPgsciH9fpw40rJlaFIKSjPC2NTEJPF_MmNbEvnU6B9uJZC2O,cryptokitties,0.014890162037037,6.651658243670095,0.3236007616841654
70373,225572,Marin,https://storage.opensea.io/0x06012c8cf97bead5deae237070f9587f8e7a266d/225572-1554401529.png,cryptokitties,0.04,48.008446537058106,0.32366703536016794
76133,380878,418d/4a4f/6557/aa99-P2garnet,https://storage.opensea.io/0x06012c8cf97bead5deae237070f9587f8e7a266d/380878-1551274013.png,cryptokitties,0.22,1452.046644594045,0.3259169869756828
13133,458331,1818/Mfa46 -calicool r3,https://storage.opensea.io/0x06012c8cf97bead5deae237070f9587f8e7a266d/458331-1551089355.png,cryptokitties,0.0884611111111111,195.6418853624644,0.32390361588529104
1343333,907354,Gen 0,https://lh3.googleusercontent.com/hsYaqQgNi_HYLPeF0cEX6B2ksudoX1JaNb79pAfFnrIU367yA4Bnld7XLN2g3EGLXxmHFiHqtJNXCZsCPaLFs5M,cryptokitties,0.0989407831790123,244.76216179008813,0.3239823304426698
546054,522201,Gen 0,https://lh3.googleusercontent.com/QZy5Xrh95NtLufOnMeMR_knJOJBiCh-LAc_egHYu-ZAeebtysbYUVt7mKAuz0H-gDUnew71Udqw2InH6ii8JmI6dMw,cryptokitties,0.15,675.0268755030937,0.3246718236409726
9414,454760,Couple 44 1/2,https://lh3.googleusercontent.com/tIqpZyGLzdy1FFRmQH4SbPg8Pa3C5kYxX1Jgx3-1BvxNVjXiJtU4nCqZaEyp1bd3i1SZPgzI794e_79VH_8kYERd1w,cryptokitties,0.1196262152777777,572.4297018101252,0.3245074131021302
25134,26514,Rare Tiger 1% | G10 [R.B.C.],https://lh3.googleusercontent.com/ktuatCIILRaxMwSy7Z4a0qazEbpn8B37Wt3KsfP2lZpl43-RU0-7-5Q8zHpUG0tKawPZmS_kFoYaXzzMSgMT17ZZ,cryptokitties,0.0370711419753086,34.35787123504499,0.32364516050377445
63534,48321,"Cloudwhite Lapis, OG Pouty",https://lh3.googleusercontent.com/eJF9GADBBQtF_7IhN8q8xGThUsAnxixY6aEWZUuPAr1VkXbM4NvPx7MQMWdmANLZPbd4lfhei7u3-69g6xSHXYbVNg,cryptokitties,0.005,0.6250253385184653,0.3235911040890516
1783974,1059781,Gen 0,https://lh3.googleusercontent.com/RK2piQba_9WcehgvWEa0cBhblfVdiJp2MWRMEGodgGYiwxd8VfmL9ZRYT5-Kru23JejZShCcCLsDpu11wPd2CE8-,cryptokitties,0.1171534716624121,343.1432224038272,0.324139984719149
318174,207311,Gerbil 💛💜,https://lh3.googleusercontent.com/57JiKG3HGhgOP-MTPRflrtxbjuZgzCuOeTllBSzI0_NJyegD3hNCg-CuzEcpRBMrbBDLjuYoNf693GIThy9GVEt_,cryptokitties,0.003,0.2250324478877213,0.3235904631060273
535134,512815,Purple Ruvme,https://lh3.googleusercontent.com/L2HxzSuyJ5ukGl2VsJxBSXVtA7NS-V5hy_Z6lCpWRMHL8myiTdF0-N86xMAVGh0wIc6WUUSDsj_1CBIxSGl_OmZ6OqtW19fetz5r,cryptokitties,0.03,22.500697180569272,0.32362615954784874
1495,449507,Gen 0,https://lh3.googleusercontent.com/IXvXyA2Gf5jt5WBMCEgGKs_O4kUNWo-6eWZN5X_pvbJeY1lzGDrY4QrfxXsnzLQ3cr44byearkxxc9WW6PK_pHSO9w,cryptokitties,0.2692487897648686,2174.911146979384,0.3270753672513697
3775,374955,Gasper,https://storage.opensea.io/0x06012c8cf97bead5deae237070f9587f8e7a266d/374955-1555369601.png,cryptokitties,0.1458701388888889,638.3623220981409,0.32461306920588684
24776,5173,#5173,https://lh3.googleusercontent.com/fCx-H26ES1xlMUl_BmsrgaaX0hrehv6PFLsf4YyGN32URNFOhF11zi9PieGY9zKgOkd3AT0W7gO89Su0brOTR8zA,cryptokitties,0.0960078099618258,276.5326677039415,0.32403324223495966
31856,40105,Eden | RARE | Lemonade,https://lh3.googleusercontent.com/qg5ZQUzvX_QhFtwrKA5aJIkewCOZu8G3rEKk98_8JXVWaWIMBFZ7BGYu4zGB1Hj_OQ5clI5usNCS7JfQ5J9vcBBKrA,cryptokitties,0.0077870061728395,1.5160013137816797,0.3235925318656162
119936,188815,Xmas Beardy,https://storage.opensea.io/0x06012c8cf97bead5deae237070f9587f8e7a266d/188815-1554556467.png,cryptokitties,0.0047055960648148,0.5535863873957009,0.3235909896091296
139496,360964,Count Catular,https://lh3.googleusercontent.com/ARbG423dxuekvT5NGdnxC-lr959dOvU-f-9wu1sotkz5b3x3mCOOSpMVJzJkpbKDSak66npf4JTeQpqnfwICXUaDOg,cryptokitties,0.2,1400.2122200262568,0.32583392303379216
1065777,831634,,https://lh3.googleusercontent.com/Xg-u8Ufhl3rwXPYecKSB68dGw7uTTDittl5xAuQbdkR3OPoGxRtHgQ3cpxLQWGeM6Hme7pC-fCzHffZhHD4w0B_gewyygNcUTS_l_Q,cryptokitties,0.16,768.0291310381023,0.3248208584573879
20577,14119,Neo,https://lh3.googleusercontent.com/IjlPceJ7QgBDPes2Hylr2p-uOQbNFF28wuE28o42VbqHoRBVgZcS52TsRn1w4bQRBAFcvknK8IW5YbbEf5HVLxn5,cryptokitties,0.0089451967592592,2.400571482801034,0.3235939493769657
18417,11264,Scooby,https://lh3.googleusercontent.com/vQ6F4TFIII-FPWIkRwL5S-r0SlPSxSuvJK0b87xeVySXxRSAC8lyvhxlZAagGwg-dmuE4uk0prM-y39R5DOId4pMcA,cryptokitties,5.659548611111111,800834.2172093571,1.6069157579243374
2094177,1141669,Gen 0,https://lh3.googleusercontent.com/z0R2J53nUaFEbv9w1Q4UVUKvQ-5YvUReZvmQdQHeF1f3utLqV3Y28eDaxCRs_mr5uUygKyvTGZX0EGxZU6H0nP0FOP_kpuk1RQVhoA,cryptokitties,0.0050230902777777,0.75730043667248,0.3235913160580502
18538,11564,Gen0 Cymric Mauveover RARE,https://lh3.googleusercontent.com/KcxLQDXVlqeuuGbHdU-l9hDKn_KCiSavmw8Ig7fbsnxtU1ybk0uzsIHq9L8A-glaGsaBEfeVkjosu6XwI66qaOR8,cryptokitties,0.95,36100.89737147885,0.38144128665397653
2338,436850,Chocolate Gold,https://storage.opensea.io/0x06012c8cf97bead5deae237070f9587f8e7a266d/436850-1550118598.png,cryptokitties,0.02,10.000304865615544,0.3236061278436383
