id,token_id,nft_name,image_url,slug,last_sale_total_price,rarity
978000,23479483317544753978972847912792006590445,Near to Battle Racers,https://lh3.googleusercontent.com/RjaqBLa9-tgvBaiYh2w9atkvZDUPoYclSLiLS_ropSIBYPllQI9pXvKT9FDv5twwrST2Sxif1894FzD4f_shXJOUbRbim89pnVwOvw,decentraland,4000.0,0.10799369316831897
2567520,49000660836615138738725943470174622449599,Boardwalk North,https://lh3.googleusercontent.com/RcZsBWUXylfGTddp7CB7M1RGx-wIqZVHXqGQWViOmbTnGGNlPhrGVg27EvGdQV_S18y_5M96wKEuGQjMWUvFgSBf0-S0Q3b39EAPsg,decentraland,3488.0,0.10799369316831897
1002840,47639531368931384884872445040447549603850,Cosmic Portal,https://lh3.googleusercontent.com/NqE0P87d2CacjHaOGtWq4I46Oip1iHTuvGB9tTLTRmYoIjCZJPHUUN3n1-ZPTnwi8jJblXmbYO7Fj0LhU_aYo_WTzWmF-BQk9wbAzQ,decentraland,9800.0,0.10799369316831897
2546521,115792089237316195423570985008687907827068242412728302352777739235666977357786,Little Bondi,https://lh3.googleusercontent.com/aSEXd3odzenJiUpERaylDSA9gboj1qMWkVFleWc0i4eTiUbO79nw9dDfbagbj0zMG7QITAkuTR0ligvQUNN1ireVkQ7IwtNhX21OwA,decentraland,1.39,0.10799369316831897
965881,115792089237316195423570985008687907806991582764392933008438637397192652881870,"Parcel -137,-50",https://lh3.googleusercontent.com/gurRmj37mEIjg73YVYzpSXUJQu7L0HQTUxzcLNnY8GoJzUR562f4IzPvA-9seDzXFAIt9fOcGGOwFVag5_rYEnAomkZpQTQ41D3P4g,decentraland,17777.0,0.10799369316831897
965522,115792089237316195423570985008687907806311018030551056081511888182329116458955,"Parcel -139,-53",https://lh3.googleusercontent.com/SjSrSwum8DDq6lclqWFiyo7_QA_UAGToDmerIJGcK6CAZc8OoHUiAumUvFAUg6KTrfupzSxrKtFz1YNf1UFqk7QKYZJPu-oB0pyu,decentraland,4999.0,0.10799369316831897
1005363,35729648526698538663654333780335662202914,👀Republic Realm Gallery! @Dan#7492 on Discord for discount!,https://lh3.googleusercontent.com/2G8CXbOaLPW9a_fyNE9LWV8FVQ27BRG_oQEWW9mPlJanK1BFM9K4OiEGHfVnkXXLdGlEsYGwzPAPEULhkqdt9YQxpPlpX4bov4xrBfA,decentraland,5929.999999999999,0.10799369316831897
969603,115792089237316195423570985008687907837276713420356456256678977458620023701475,SoldJupiter's Tower,https://lh3.googleusercontent.com/_b0zUYnQ75fH3T4Q5asWpT9evEikZ4KB4oQ4_Rxctk_TjR-Glrsrr5_V1KZ4P0vYZqWDTRhjR7ssMrizJE12b3L3qcPi-Igcmo5cvg,decentraland,16000.0,0.10799369316831897
938523,30965695389805400175167089276290907242347,"Parcel 90,-149",https://lh3.googleusercontent.com/iYAgkJKXSlxBaNcHEBDBCXDfPyJyotXh_BWIY7X7cu4PKIxmblT8kyIKIjqdUOEHiLNtJ5xwkybz-d8L8HJwar-4DT0Jk4rhHCGGSQ,decentraland,4777.0,0.10799369316831897
1009563,18375247813730677027022228801315483418729,Rare Exclusive (Near Voltaire & Aetherian),https://lh3.googleusercontent.com/2GArqGg3ytNdvBimgysmoziY2vnMI1tqaL0R8WxxtBagK9EVn4olv0sEEK3uLpsp55kEwl42cHMqR52Ui6EkYPsaxXbIzyXjNr26o90,decentraland,12800.0,0.10799369316831897
1009323,115792089237316195423570985008687907838297560521119271647069101280915328335973,Coodz house,https://lh3.googleusercontent.com/CX6XEtbUZDXOu2KsAGUylpDxKb2ge_pOVXwt02rJnO6wHd1qPT-4KYyqteuoQAiFt1K9qX-AVJNqtV52qANkiNwz8SqdXcILA52oDQ,decentraland,16800.0,0.10799369316831897
942364,8166776806102523123120990578362437074816,Visit https://www.portal.network,https://lh3.googleusercontent.com/9IDFHHV2vGlhmuQL_Z2gOJH7BrYd7hH8TVuH36tNDxx1fKn0EKOxFq4IBRfTuICd259TgpBaNNpB7pX0-Rc9oaVaaY-oycNBdTlyHw,decentraland,7999.0,0.10799369316831897
1002485,51042355038140769519506191114765231718403,Galicia,https://lh3.googleusercontent.com/Sm6s5g-QbGOPBRizBUQo6KaPIwgb7b8585rUaUc289eZBcP7Ywwp___7c1AekiIHLdvR3cpmFz8NvSKxi6185lUOVrcm8bl716d1Sos,decentraland,15500.000000000002,0.10799369316831897
959165,115792089237316195423570985008687907845783772593379917843263342644414228987805,👀2Rd+Mario Gallery! High traffic area @Dan#7492 on Discord for discount!,https://lh3.googleusercontent.com/b0o1FXNJbKlYxmg7TOUIPjZARlAwcV3j7hNUFqus10o0x3IOr-OxykDvwGbVkH0o_q8i9zLo-F53WJ4z8hdez6GmEuoGg9pYOeYN,decentraland,8247.0,0.10799369316831897
940445,15652988878363169319315231941861337726835,Bora Bora overwater bungalows,https://lh3.googleusercontent.com/cmjlTU5wcvqg9rRbxpKrF7ymIq7Gk0hvlyFdPxcMjEkDuoNiZIrdJBF6Ntq7e6GG6ppHxXyPMqgdcGdc5tAtLadQl2WQZu2t9iAa,decentraland,10999.0,0.10799369316831897
1011726,115792089237316195423570985008687907839998972355723963964385974318074169393299,Near DCL University and Vegas City,https://lh3.googleusercontent.com/eWptQvKhV0o4IerGVtUGTTh3hB-64YCcXKXQFLdyRkYBv7T8QMxnnop0JBJv44BB1jN62wyMyEUNEBSnfLEM9cYWx9-vkZ-epMyA,decentraland,8999.0,0.10799369316831897
960366,115792089237316195423570985008687907818220900872783902302729999442441003859878,parcel,https://lh3.googleusercontent.com/-E6HjHyxdlroYLN5q98NtjbvxV8luaf0ZCkJE8unpU1qydty1Z5vbdN7H8xwhrNfwrqiv7d6CqJj9X--b_EzCIR6Svv3AAGnHtQf,decentraland,12999.0,0.10799369316831897
2566687,50361790304298892592579441899901695295458,✮ Near District and Road ✮,https://lh3.googleusercontent.com/aR1Q8mFx6T-kWks6z3cTYkguGFwrjq7PB7vbmPNK0g4sU9mezWmRRxgnqrqwuXPMMT8hFyPxJpXUJ6eOwyp8ZZzXuEWqphgr1F-e_b4,decentraland,11000.0,0.10799369316831897
967087,115792089237316195423570985008687907828429371880412056206631237665394050203605,"Parcel -74,-43",https://lh3.googleusercontent.com/dmqWUMDd3Dgi2kuREdQ5HZd1FP4vpWn2rgjeD2JrtUjbut4giJYMUJJ2BCkkevyFqjxYqR3A03HmhUczLr_dEhxNu2izatuGf4h3,decentraland,2.37,0.10799369316831897
941767,19396094914493492417412352623610788052860,Kooly Gallery,https://lh3.googleusercontent.com/3cqA5NkC7uLj0QglTYsdVbI9D0Ud_AvVkHoHTzyOmbypa_P1T4vRXsLxo2GALHTcv7KQWaM7ByexjHr4J2Z3HjmyQQSTPy-n7jctuB8,decentraland,4099.0,0.10799369316831897
951368,18375247813730677027022228801315483418537,YZ Hooker Grave,https://lh3.googleusercontent.com/IYtIgPd2fNoDJ0XrH7m72elIrZwgr1BwAyVf5FF0PK1jwIbwuAbr-d7ELWXu22AReOWtFY9w8BCkZWN6VKet2MYKlSVBS0VDC2q9dg,decentraland,4.0,0.10799369316831897
2566688,49681225570457015665652692685038158872545,Oregon,https://lh3.googleusercontent.com/iJcx6y1rmM7Kz0YxnleORYQUmepeqOqRzfkCJFtQvY1X2tOk9hEyW7STnPzOauIVJYbjFvgMmIE5RhEJdWATsTK-aKcKyCTrLzDOCAg,decentraland,14499.999999999998,0.10799369316831897
1006208,115792089237316195423570985008687907831491913182700502377801609132279964106793,GODART entreprise.,https://lh3.googleusercontent.com/NLUg99azOwB-kKFD2QiIIaGlxGODAnwPiqduVeitcC8kJz-CqLI3DRAqUb1ZIn3mOMsUIRTJ9tJ-2SlCJXRTco06jYl2AkntCEOdSw,decentraland,28999.999999999996,0.10799369316831897
941768,19736377281414430880875727231042556264316,"Parcel 57,-132",https://lh3.googleusercontent.com/XTemYreNJQUvsfWcORhpCznmE20qyU9PKVAJ5FlIN1D2u7TksM6wchkWCgz772DvjJ5Ox2uo_tnRzWzM-bdpKrryQC5jrYyLDWcI1A,decentraland,7999.0,0.10799369316831897
969008,1701411834604692317316873037158841057247,50:50 Fish,https://lh3.googleusercontent.com/GWa5twQJRoJUmrccjebMXBxSjbtz4BCa8e-kJaR9McseYuDT0z7MaadLx1J0-ZMvEddH2ZuhgqKrVtyxyeV5voQwirHjudnT93XQ,decentraland,19900.0,0.10799369316831897
969610,115792089237316195423570985008687907839318407621882087037459225103210632970211,"-42,-29 Prime location! Next to Central Plaza",https://lh3.googleusercontent.com/k42EyMAeryBwblTa04zl93xymziXuWHxIxLuL_d7nhbEviwMv00CmuHqiNo04jRi-MFf6iPSWzbt46nJ_4Z7t6ZFd__3B1BkpFzHu2w,decentraland,4610.0,0.10799369316831897
1009450,18375247813730677027022228801315483418727,Art Space,https://lh3.googleusercontent.com/Pln7sDltN046n8BwtqNRSvmtfwmyj6WDOmSqsZi-sa5LY5z5BhWOOXN_ih0w40ca7O8BoAmwSLmNnv_-UTQBwIWGJzcdjpXXq-V0iQ,decentraland,2.0,0.10799369316831897
1005850,115792089237316195423570985008687907833533607384226133158581856776870573375526,"Parcel -58,38",https://lh3.googleusercontent.com/jcJTNKwzwIHU7uJeG1PzWKSot46RvvwvvGjE-rMZKq_N9SpDak3Uao-gIJkHki7Kji-kz2xuaqEleWPt6rKMSSdEfVcWe4vGyadn,decentraland,20058.0,0.10799369316831897
1007890,115792089237316195423570985008687907839998972355723963964385974318074169393222,Best Price North West Location,https://lh3.googleusercontent.com/ehxQzQWcZ5hUxMbIlQ4oVyiNBPeSj4gzEpszREF8HLtxhBcAyON4I41WLVEmAKa40v1KY5X1lm2qAc6Mrc2WmwMpLpvQc83LvXRmLlY,decentraland,9950.0,0.10799369316831897
940690,115792089237316195423570985008687907829450218981174871597021361487689354837877,"Parcel -71,-139",https://lh3.googleusercontent.com/hObYLTrRgKn_LxfVFJN_6-7S0No1EAx7T10nPQCBGFDNIEEGZi9zUgogmCZzm5Vy0PZsUYANzhfCJqDI2qSUnwjTMyawXkctcY6gEA,decentraland,5233.999999999999,0.10799369316831897
966250,3402823669209384634633746074317682114512,Synpat,https://lh3.googleusercontent.com/6Pima_WSJdC3t89xa9pqkC73ryd-uw798TJrJ9Avf0oY8QzqEL_S75dXFtcdhFHZ2nX9AXeCSm9D7i6s-62BJbl8cKMoAgnTlkr_gQ,decentraland,1.12,0.10799369316831897
2563331,115792089237316195423570985008687907821283442175072348473900370909326917762978,Cedar Cross Building Z,https://lh3.googleusercontent.com/1_rxWOqag4MyU2blM8z628qfxeJfZpWUjqpvoy0oB8EknFbzoQivVdslYnuedNV3ZK9zB4vLx90Gk6uI3-mv2evgc5ATEwbmxYp4,decentraland,8900.0,0.10799369316831897
2250371,1158,Under Construction,https://lh3.googleusercontent.com/1uJ2DnnqnzxF37R-rjEpnxvLPfYU3yo3WD4qencDhfKciRMxqDU-gpQ-uj9TycfLEpaps57IWiFytmVa__F1kz3n6S2j7XxDjHaM,decentraland,33333.0,2.2036139268400174
969611,115792089237316195423570985008687907839658689988803025500922599710642401181667,"Parcel -41, -29",https://lh3.googleusercontent.com/W0eF2xbT547by8Z2Q5HjvzTvxRt1p31hxe0A2jex3ij2knuvMSGJMesMZSLgtwmOkuYFGtUq-28D4cJF4OraE7P1V8PWvb3dy-2Q,decentraland,3.25,0.10799369316831897
955932,115792089237316195423570985008687907843401796024933348599019720392391851507592,@@@@@@@@@@@@@@@@@@@@@@@,https://lh3.googleusercontent.com/MAunahtZWgS99QRnB7P61Ep4FsaU3bixqDJsYQdx8V521jLjYOclkQOKPSPMnOG9gZxTK9dcjjz03kosefsG5mHDpGU0bGVWX1Cv,decentraland,3.3,0.10799369316831897
941052,3062541302288446171170371466885913902967,Corner Sale s Plaza,https://lh3.googleusercontent.com/RE5LJnXkONZHoWEAuqtc6Amawx6L2YcfqAkQKGbePuk7yJqEfdmqY8TfKb5uuBFLJpELGyWUiKkFPubWg-K3yjiuXgeNsr-Apv7eig,decentraland,9999.0,0.10799369316831897
1007413,6465364971497830805804117541203596017727,UNIQUE district connection,https://lh3.googleusercontent.com/Ehz0gVZ0_Bs6F4VRgFFchyo9JtcgWWgcw4xsUqM8_EvefZhcWvQo27KPuAoA6DuKp_9f-jHHBW6ubbyJVxX0DKINosjlNj8OlvBnStA,decentraland,13250.0,0.10799369316831897
1009333,14972424144521292392388482726997801304165,Satoshi Enterprises,https://lh3.googleusercontent.com/LEqUGAL6ulalHRTOlU_b83BeQtK2tGuz0RcWMQdANYMhhW0CQQ6iaEXSeby847p8oH3nGY0mAi_jDkJ9wT-gloP42lPgHXr8n0nfZQ,decentraland,7777.0,0.10799369316831897
966373,115792089237316195423570985008687907833533607384226133158581856776870573375441,Bran Castle,https://lh3.googleusercontent.com/SAFNHcA02zyQUh5hMXcO_sp6qVmIU9qYPj1vGYvMZOJ18Zb0A3YKx27VfVqCvrShMfHjeOWmogwY8OgB4sECOURTuPuDCCtwEDT22Js,decentraland,6000.0,0.10799369316831897
1003934,43215860598959184859848575143834562854935,"127,23+Free NFT Gallery! @Phergyson#2572 on Discord PRIOR to purchase for details & discounts.",https://lh3.googleusercontent.com/kz3Zu3s7cApTAUiihPA6NUVVUzzYLXRfZM7mzAuDHguI-Xj4r8PBHLzF6XSrCWmb6Ei4QrY6Olzkvyg53Qi9vWQSKET788aW0ZiE-w,decentraland,5000.0,0.10799369316831897
966614,9868188640707215440437863615521278132178,AlphaQ,https://lh3.googleusercontent.com/K5pv0z4-Lb72fIGrSQfe1h-iuGbUJ_RdiIKnYRRXAVJHFR_MOCBJJ_tQFMvK5OUBoLK941ZtAmyl5YT3ljxi6xGIQ31aUWbgF_cOJfU,decentraland,9999.0,0.10799369316831897
2562615,50702072671219831056042816507333463506947,Near Road & Dragon Kingdom,https://lh3.googleusercontent.com/AeHmjromYJW93T0MXKCj1Ef1FpxQCHo79CYmntwOGRo8oXTO_VB_q3nY20mcb0FUzUiBGWwqbol6jI6sPaPdRATljNjLmWl9L2tsOw,decentraland,1.2,0.10799369316831897
965655,13271012309916600075071609689838960246731,Fantastic location,https://lh3.googleusercontent.com/_dKz10TJFy-_I9TRdLiAopa18Wv2SoQuqD4e--THuIcIUzfDpTX3e3KhOA7ef_aasnnz2UuOTKK946chJRLuVPih7Onct5XLBERsFyk,decentraland,26999.0,0.10799369316831897
1005376,40153319296670738688678203676948648951842,Dragon Kingdom Oasis,https://lh3.googleusercontent.com/3xNKdXbFVjYIEUeV42DGVosqwPWL5JD3LqIic5eA93TNsFM8a21-_fHI-MpBshRaJbOxrlIQGIv1Y1tdtpvNZkGPwQ3gRPzJJjcWuRY,decentraland,4580.0,0.10799369316831897
963496,115792089237316195423570985008687907848506031528747425550970339503868374679481,Rare corner plot overlooking Plaza,https://lh3.googleusercontent.com/MTPLf1NJTeMRKqDDp_M5rNwB3QPkMVkQ4RnJIv18AsfoNeeABKniynIMYD-moyopB5X-k2vrlXbh8JxoA2KlxBVxAX7qYDyr0_e5uaU,decentraland,45000.0,0.10799369316831897
963497,115792089237316195423570985008687907849186596262589302477897088718731911102393,Rare SciFi Plaza Corner,https://lh3.googleusercontent.com/HW5hIk9FQwrMuvbWgVvtbuQbRiJ1jRUvmxTEhvGO_i-0Uz4CwmAXgdmzNwa4oDUYxzDPaEwun7kV6CdKyLegCYTZVhb81dhMErS6ag,decentraland,24000.0,0.10799369316831897
1001057,21778071482940061661655974875633165533174,Parcel,https://lh3.googleusercontent.com/KLwSzZXMbSJJlnu8cE7HlcUq-FfCrpqNlt5Y3jRX4eGvsDk9CAZ6LI2SV7p8-PqjlIOPOscUmPgJ3z1JttsdymP6cnN1W0dqTNQ-kA,decentraland,13500.000000000002,0.10799369316831897
1002858,115792089237316195423570985008687907839998972355723963964385974318074169393163,"Parcel -39,11 + Free Gallery!",https://lh3.googleusercontent.com/4dXIl6pQdAbknaNF0D3Q-GCsFSlVHWCD5pnkkUfwcIE2Q5MCdpMm3tAl__DCPEI8zsXmVxSxGA-GwVMVE4c6SkcRvk7moLC0dbDt,decentraland,7419.0,0.10799369316831897
967938,115792089237316195423570985008687907806991582764392933008438637397192652881882,Premium lot,https://lh3.googleusercontent.com/yoRJ36KvH7pBqoXMZJcjA0GOmjeAYyP8jdaOLPnbjgvWBEDq5PE7fIvggC8ruuEr8hNUylLmOrN9SARunYM3MxLu3ZtkOe-KulXlL5A,decentraland,11699.999999999998,0.10799369316831897
976938,115792089237316195423570985008687907826047395311965486962387615413371672723432,Bullpunk Gallery and Event Space,https://lh3.googleusercontent.com/FVTyxNKaT2B8Tm2srzWIadPJWXqQyXdtHZElo8SS-quUbcx4xdQ2C67ng30mf0p1Xlkm52ucRFUb8bntESvnrIX-1drgUgExWHJgbw,decentraland,4250.0,0.10799369316831897
958579,115792089237316195423570985008687907846124054960300856306726717251845997199257,Roadside Estate.,https://lh3.googleusercontent.com/w-QsFjfUX5JGdBlvOufitUqwb-Gh1AYI0YIke8thYj_CrDM6mo9qMlcza2WMkhUNupBZ9lW1m1uFRlvmlmre4sEmedJaqtJTIxkjREY,decentraland,12950.0,0.10799369316831897
940459,115792089237316195423570985008687907806311018030551056081511888182329116458868,The Seed – The Startup Journey,https://lh3.googleusercontent.com/pSJPs1L_ciH4BYNXpMNHAXdlAAUQlR-BfGl4npBlAFgqU0hQW3sczrZgqgAsjTN2NjegFvJ7sRI2feTPpWWmRcVcMelDYX0-nutUKg,decentraland,1.4,0.10799369316831897
968901,115792089237316195423570985008687907809033276965918563789218885041783262150623,"Parcel -131,-33 + Free Gallery!",https://lh3.googleusercontent.com/5DQ5gx6ogTLXmh_Lwaw5us3WrTvK1JBQmym6O4O92h8qzy8aMObQRdR4KhxrW_xJghXMqZHXWNsl9SYAZmG8ayLhh7-4Z71-Dnlv6w,decentraland,3.0,0.10799369316831897
1010781,115792089237316195423570985008687907834214172118068010085508605991734109798534,Bitkota,https://lh3.googleusercontent.com/Nyw-T0beVSVgSvd0SvH-xgu7kcY8hjtGwXquzU-z3qmJJxLSlV2Ct3UwIiue615qBrZ1lhVKZ7wepnw8G2iT31wA1xPRoZhCj2Fd7w,decentraland,10899.999999999998,0.10799369316831897
957262,115792089237316195423570985008687907848165749161826487087506964896436606467984,"Parcel -16,-112",https://lh3.googleusercontent.com/_WGXluyWMGY9gHZlA_Fv1V5KUwzF-_ziHwhJU9A9G8Z8rzF9TgdhSTAEfUpRIzZ_o8R_JagHly3nODqbtpG1WHTn2CA19QsMxDK14g,decentraland,11000.0,0.10799369316831897
965303,6125082604576892342340742933771827806152,Immortelland,https://lh3.googleusercontent.com/c6d2ngR3tiNlM7r188lwxUCUfVmj8M4PvO_imuUc2NjaFHg6ggWM5UlUwbfQ_GkgcAvBO-lyiKzGq9RC13YQFEAccsHkl8uh2JJlbw,decentraland,5999.0,0.10799369316831897
2729903,1935,A2  (@favid#5317 on discord),https://lh3.googleusercontent.com/LYDPn7yQQkQxPpttfOoP4VHbBj-6lEKdk8xCT8Dyayz4-jfFEgCqAF9VNYPTk5_7R5NVjok5bXKm4bsEfjujiWo59Tgr94zl6BUZNw,decentraland,39900.0,2.2036139268400174
2553504,115792089237316195423570985008687907805970735663630117618048513574897348247427,"Parcel -140,-125",https://lh3.googleusercontent.com/-iXSB89D9RgMd4RM5tgEE4RfoeWfoFIrBfNmzZGzwKWQo1ow5TxgTm5kJsDRy9iobkG7GN7kXHkBBwR3_0rJFTn76ZWcjKx6SZHgSgs,decentraland,2.3,0.10799369316831897
939864,115792089237316195423570985008687907849526878629510240941360463326163679313774,Rare Road Parcel,https://lh3.googleusercontent.com/XtM6Tob_2mceQVahkCDAL9RgVYYW9tMTQfu5RnaCq7LrlukmyEaUwBOAxblNjc9-HAZFjWBMREfHwF5Hr1EyzyLx078k2nLxZ_yMOrs,decentraland,4888.0,0.10799369316831897
955104,115792089237316195423570985008687907805290170929788240691121764360033811824516,迪士尼乐园,https://lh3.googleusercontent.com/_ET1SEwTu1GMb0GE9hbwG06xquDu52WHq7XWaO7IsOq4ECltZJFuL5gv1Osjk4V78wxpEeOA-FRDZI-UMbgDEL9THvo93HmLwaIt,decentraland,3.79,0.10799369316831897
991344,115792089237316195423570985008687907835915583952672702402825479028892950855675,CBD/Genesis Plaza Prime Real Estate,https://lh3.googleusercontent.com/xpwE7KZeHo_9rZ6Gdm_Raj3Kn-iVXlvfvDvrAi-UvMvFxE_GmPpZEAtW2Cnpc6iR5SZ1GWN2EQAhWftdrmhoFwBQrhmFvpwMc0DsBA,decentraland,18000.0,0.10799369316831897
1006225,115792089237316195423570985008687907847144902061063671697116841074141301833769,"LUKE, I AM YOUR FATHER",https://lh3.googleusercontent.com/PbvuhRPsTeJpDIxAVLqtTtLVfSbRc-BIZHySKjmWLGo6YGB7r8DREU9ZAQu9Kopbb9cHW3qAR2Hx8VCIAvsjYktnw14SuMpjzEMjYQ,decentraland,34000.0,0.10799369316831897
969385,35389366159777600200190959172903893991393,Close to Dragon City!,https://lh3.googleusercontent.com/1tpm53RMCDgcj72cH3AyWNDPVi6TStnYBVlUWWPFyO_kM3SZ41y3uny3pCUMGFFB_yaLorYkvvJI3q3RaBAQVBmc5aM7uIXvIJVHCg,decentraland,7499.0,0.10799369316831897
969026,8847341539944400050047739793225973497823,Best Center Deal !,https://lh3.googleusercontent.com/T_55ipIYreAFM_-FZYqAbVO2Uz_1_p80zFDWf6nQ7xUX-4U6PNW2jUNGlOvTdas-oT_32ST6B6HPeX1gbvu0zAPbj-eU0WuQvnLB188,decentraland,14899.999999999998,0.10799369316831897
1006226,115792089237316195423570985008687907847485184427984610160580215681573070045225,Trading Shack,https://lh3.googleusercontent.com/SdGlRbALyMxznTmaSS9y1kDdcz5-2KhQE3mnEOLzsHTyuxO5saYNDbIBbP691Vtgz5Tj7TLgTY0_PisQ-KPMznSZuGTIBrCK4qegxA,decentraland,4950.000000000001,0.10799369316831897
965546,115792089237316195423570985008687907816179206671258271521949751797850394591179,Luc1d's Condo,https://lh3.googleusercontent.com/DdmuEoxjAd7FTRQpx5_9_BuPMEgqktxd_wYi02OYMjEBbiSJ-zxhKquQVVR3_YLdLEJF4r8AMvnWlq-AxTnix4T_JNljnyXqB2yS7g,decentraland,10499.999999999998,0.10799369316831897
960628,115792089237316195423570985008687907817200053772021086912339875620145699225512,Nice starters ground,https://lh3.googleusercontent.com/cYGATwi7VFoB7i4IDGaI8sCYeAvyjKMBwnlzdedXCGdR62BDp-VT_1FpAS4cE8HkjZWlnZg4DKTrVzV1c-f-eBdN4exYA-cNwKjJPys,decentraland,3.95,0.10799369316831897
957629,115792089237316195423570985008687907850888008097193994795213961755890752159634,Cerberus,https://lh3.googleusercontent.com/_UTAKuR4tB10uE3vwsoEmDtkESgU8hbP3LVrAdvi_ghboMcjwFchNd3TigDvPRvGATxXxKJRmHn_BTVbhochVVVKWc7M357xYKFSxgE,decentraland,17800.0,0.10799369316831897
960629,115792089237316195423570985008687907817540336138942025375803250227577467436968,"Parcel -106,-88",https://lh3.googleusercontent.com/hVmZe8T-CbHrnR407msxktonKfl53-LcjbeW_41mp13PEd8v71pPobIZ62_QKNbGk0AVrWkLyZkoCqa2C5VO9X-6gMDOJJu1yjIA,decentraland,3668.9999999999995,0.10799369316831897
975749,15993271245284107782778606549293105938430,"Parcel 46,-2",https://lh3.googleusercontent.com/miI2zejW5fVad1B8hfquYRacz0h--_s0lt8jQL-lV6yWvMlv3-IxiVZlAqn5ZJE4BRWvlGKKBW6UB3kUfNeRlQSQ7ypFYsF6f0dxYEQ,decentraland,19000.000000000004,0.10799369316831897
970109,115792089237316195423570985008687907822644571642756102327753869339053990608870,King's Landing,https://lh3.googleusercontent.com/74Pbll3KIryBLpqRjFlTbtCKPscCqiq6M6_RQ4SFEaKsV-XF5J1IePpn2d9aPSZA9AIMbBYXJS8x23S43BPWyEs7nRaNmPKyz28xvg,decentraland,3.0,0.10799369316831897
960630,115792089237316195423570985008687907817880618505862963839266624835009235648424,"Parcel -105,-88",https://lh3.googleusercontent.com/oCLcX8KTymYdkNktoSXFzZA8Il78ooiyQFq0kr0EfAdzP69-mBHnYEUQP2MFuOadJMJfkCUXjtwlc4FsMPh70evydQzXjr3qJ96N3K4,decentraland,8000.0,0.10799369316831897
2559150,43556142965880123323311949751266331066332,"Parcel 127,-36",https://lh3.googleusercontent.com/18QQgT5-iMUzTpGJzHULGHuUTnkiuur14ISten9804WXvrM6_l0cnSjphiaXCLD2vyw5EAruj_MOUl6_rv9MEi2vXj1l3ZA2_EZbKg,decentraland,7899.0,0.10799369316831897
2567310,115792089237316195423570985008687907845783772593379917843263342644414228987788,"Great bargain at Art District ( -23,-116)",https://lh3.googleusercontent.com/YFFFs0_pEJvcFs_KgwXD4GLOx8mm019wHVB8CIJ_k8vAfhZJis6UvLSrSXoDugRfwTf96Fhbl9H58nUSG_ou9831Kau1EjypRXYJiA,decentraland,4999.0,0.10799369316831897
2567551,50702072671219831056042816507333463506949,near borderlands of DCL,https://lh3.googleusercontent.com/5qrPKeyWtg95aQUVoXRQ0nZSjyyqXvRnA1nJUmlc6j2ZSMfdDwyZYoLTreBXQlWQtTukoTaP0gAr51zsTypgiz53wNyKmftA5wpw0ns,decentraland,7999.0,0.10799369316831897
928111,115792089237316195423570985008687907838978125254961148573995850495778864758855,🌟🌟German Place 🌟🌟,https://lh3.googleusercontent.com/kXvynpB7caQDYjqXK6FJQUbs11AXHX6gEzNF646ngug5DqGk5MdY8A35M6Ku0eU9s1ZQvPoDarB3V9PX68W0RkyMFCkT4TpugZgDSg,decentraland,13200.0,0.10799369316831897
942391,19736377281414430880875727231042556264320,"Parcel 57,-128",https://lh3.googleusercontent.com/v79Xb8HpjhhAo4UeCy7FyBt4DXAsteEOqmWKQPc6LWkTwfM7gXCjwX03_emK7SQIcB4aTFlPHfjjW196kQ1vh6_VFmTiQ7Y122Og,decentraland,4.6,0.10799369316831897
938312,115792089237316195423570985008687907834214172118068010085508605991734109798250,A lot of unclaimed space around,https://lh3.googleusercontent.com/jnD1EM9wUSg3DZ8uzsVf8Dx679RcxzZ83haZzj4FgUCx-kQu1wrgeWB8MWOmKgmSxFOUR35srJb8McEYiNf8rEyJgVei0tc1GZyCdQ,decentraland,19000.000000000004,0.10799369316831897
1011992,115792089237316195423570985008687907841019819456486779354776098140369474027670,*** Could have amazing Northern views ? ***,https://lh3.googleusercontent.com/gnpmFcqr-s7nkIimF45SF83Q6y-nlAq5qyPlsqSrRKyJ3NNcFAfFOj1g9iVE_kSchvUT6ebWFcqkTHZcQWxWfOixY5Qy4zzjRGBI,decentraland,3600.0,0.10799369316831897
1008392,115792089237316195423570985008687907838297560521119271647069101280915328335953,distracted globe,https://lh3.googleusercontent.com/uuPtEzjObz8sa7kblIosnrDZLn5ZHw6RHNfrUMqZbuM2D77BCdsDBkp9cWmE6sxB0YmvVpFY8uVoDzIZ6mOCX6Utm4rkl7AxutG-_A,decentraland,6939.0,0.10799369316831897
942392,19396094914493492417412352623610788052864,The Nook,https://lh3.googleusercontent.com/uxRXuXxlvIb2EuxLhZOi0DUspBsncuPuXJTXg-c7fwDKO-bw5L5i5CQjYHDvj3Z0DA3-wLXpslM9KQ7RjLBZtbryYB5qLL_AjcyKGQ,decentraland,10650.0,0.10799369316831897
991952,115792089237316195423570985008687907834894736851909887012435355206597646221306,Grand Location,https://lh3.googleusercontent.com/SPEQSycVI0XI1HEsKrbUBHUjf6ZavEMV-SNjJ0I_oswcKNV3H49ttspFpCN5SASC9_F50A3t1XRR4QbfxyvBpusapLemUzRKVHPrX94,decentraland,3.42,0.10799369316831897
2567793,18715530180651615490485603408747251629942,Los Banditos,https://lh3.googleusercontent.com/n8Kz8uKJjTi9e9XQHjzxSPWYuDf_BvvrSSWZ72Bmd4qhl8bLkCxL041Vl3pPCkojzmsDbhf2ATjzVYHBEvtlgw6KmTPRB0Sy3z9pMg,decentraland,12490.0,0.10799369316831897
942393,20076659648335369344339101838474324475776,parcel,https://lh3.googleusercontent.com/kC7-xBMHjm-XJ6JUjMA1IBkmoiGxYr9YQe00euIQ5EAeUIxTMH7vWb1Y8ctq89fkYFVHx3xRx1MayNKyBPvjyMaCoHMrmGQ6rkM,decentraland,13949.0,0.10799369316831897
2567794,18715530180651615490485603408747251629941,Nice starters land,https://lh3.googleusercontent.com/dEyJdpU0NT0i1B69EkDnC4HygMOrooFE_6rYFSjvAz7-caedkhMQ73V8hiIV2YoQqhMK3qws1CbGGrHlVSCwDG4_uQFuRV7q4ENW0Q,decentraland,9850.0,0.10799369316831897
938795,11229318108390969294291362045248350977901,Parcel,https://lh3.googleusercontent.com/3tvmDXH0SUQJTOm2uJeRLL9t6QN1dKyxmwVvsnu4bC9iMS8leJSNT2wRZvMxOxurq2Zd0MXp80ZZnYfTaEz6tNumKeu2fNwssgX_vA,decentraland,12899.999999999998,0.10799369316831897
976955,115792089237316195423570985008687907834554454484988948548971980599165878009832,🌟🌟 VinceLandia 🌟🌟,https://lh3.googleusercontent.com/v8V_SwU-LWMc07SLOCf3_5IJPifrn9jOziLRn27Hz-KgmdIRPb5d7dlkc3LEF5HVXtv7DzWhd2jBGjVOYmBlWwing8WxXQ706ltEAIw,decentraland,14999.0,0.10799369316831897
1005395,115792089237316195423570985008687907826387677678886425425850990020803440934947,Great location - District X and Virtual Reality Shopping,https://lh3.googleusercontent.com/QDJD-AVJhVozW2e9bGqVbvVMMJEPUc6jTlzEXYIcpYUgh0yCMl6WO5fjWSwgkWteqk92nckQVDQGqUf_ocTaoxcbHbMedP4GcuFA3tY,decentraland,4991.0,0.10799369316831897
959196,7145929705339707732730866756067132440477,Zarathustra,https://lh3.googleusercontent.com/5SfJiIVSdJJ30oMLyGFscTVVnZYVrcNM8cXI_bSLm6YOjTbNdX4QXMAkVnbVndXS8hTRV3YGOP0LnqZI7MrLRFi8JMsIDZKBC0PPkg,decentraland,12899.999999999998,0.10799369316831897
976956,115792089237316195423570985008687907834894736851909887012435355206597646221288,Sambo,https://lh3.googleusercontent.com/8e15y4ijMcXg72AE_9yHPZ_gGwR116ce2uowTb4rGa_-q6yzkbo0DZGuHER8J4iUSMy6qSBRqp1UKrcokZX3EpvW_2utKUp2SUi7,decentraland,4450.0,0.10799369316831897
14425716,50361790304298892592579441899901695295452,"Parcel 147,-36",https://lh3.googleusercontent.com/yT1CHfassebL4Z4SCF9JLgmmEMyQqAVyXou43srGXqNgKPkKLll6CdBj_H0C2e7EhTuM2sw4T3LKDdbyLmqOuZ5Nwc1dJCF6R1y79Q,decentraland,3640.0,0.10799369316831897
964236,10889035741470030830827987437816582766527,Caspi,https://lh3.googleusercontent.com/sTr_TVGqgzjpvG7rLLxZ9jmtdvmrIOBU9txqmeG_zHbfx-rkxmW1Szi1_-Te4c-DGjtQ9yG7TcF_4gWoXlYBkJn7WZCLZ9IfJiDXVg,decentraland,25799.999999999996,0.10799369316831897
961476,10208471007628153903901238222953046343598,Rare corner plot ⚡️,https://lh3.googleusercontent.com/m30F2hgTlQhyPPh_A9Z0oEwgI_9OFsgJ6woKG13Zr-KjlOvKoaJHaZKBTzCSAc2hvvg85vJc0NiS11h48zALRzCj5i3ZH_JvOgIVb-c,decentraland,2.0,0.10799369316831897
956196,19055812547572553953948978016179019841417,DCB PYP,https://lh3.googleusercontent.com/jz2kmqES4OpyMbvHIG-1y9o7g6fWd7lV-A5s3uYqpmCuKQgCvrJOSKCtC-IZwuhLiQqiyHfaLSA0JM5Bh8DiX7Ohsj3sXrvcIGu8I1Q,decentraland,2.47,0.10799369316831897
2534437,1397,👀Road 2x1+Gallery! @Dan#7492 on Discord,https://lh3.googleusercontent.com/dZjzVHRKxmEc3E7dhBOeOfv-XwzUuHBZFvRyQuHgFJzBihlmMTNmAhkRlb-CBtJUDDuR00YhprdrEEIVK4xrohqC6Bsmz1O6fKYdRQ,decentraland,15497.0,2.2036139268400174
2567797,18715530180651615490485603408747251629940,18 문 개 재인 십 새액히,https://lh3.googleusercontent.com/Wwuck0dotlPb8Lb9jRccruLF6bvkNXe4AC3QKLNSD0vOLjGzi6xXAk9zc7tTXUliy_xPyRhTWay_3SNGW-mP2WDi9nnL73Vo3iKGXA,decentraland,3999.0000000000005,0.10799369316831897
941077,21778071482940061661655974875633165533047,NFT Art Gallery,https://lh3.googleusercontent.com/c__VhKyUliuMGCd8Em-GBb5WhiDlJ-LK4AlV3dhqneK9M2or4ok59o0lxVR_luVzEQkg3RFMtU-OCzrPA9FI2313oeZkrLr50Ms40g,decentraland,3999.0000000000005,0.10799369316831897
1003838,115792089237316195423570985008687907806311018030551056081511888182329116459031,✨Cheapest Road District X/Fashion St Gallery,https://lh3.googleusercontent.com/uHZg8yuAXc4_EitxrgfeXl53eqAIvhmA9hFmOw5iZH1lg1fHHEyHN3UhehZabFAPK18PMruCGEWKq_HuxRp0P8zxoyH35hf8s4AYXw,decentraland,8900.0,0.10799369316831897
961238,8847341539944400050047739793225973497772,Parcel,https://lh3.googleusercontent.com/wVLGHmbv5CSocJyj7NQvAg-DueEAU-rZ3Bj4roCqgvgCQSMRbPNYIGSc4NHNr14vwBw5SdOEtX42fx99XkIu8Q-MriMftfDNxl5ajBg,decentraland,3.4,0.10799369316831897
1010078,20076659648335369344339101838474324476022,Great Northern main road  location,https://lh3.googleusercontent.com/-CPdeNqBsp-l373IGOYcwTFBHCv0MXioAwYV2HdunvsJGUIJQG0Puavo04KTQujbTY4IxgZ78ZUawjmIMrL70ly4D61KfwO4dCL-4A,decentraland,15000.0,0.10799369316831897
969758,115792089237316195423570985008687907824345983477360794645070742376212831666148,Fashion Corner,https://lh3.googleusercontent.com/FuYFX_k2fsrXdAcX6zDNf_f6FP3_o9I5J35bZIcTrthH-GfWJPiahN-LF1aGhIsmjJxd1Bt3dd-xNO67lHDKvBzzlifSTxBRYy46,decentraland,6997.0,0.10799369316831897
976839,19055812547572553953948978016179019841511,The Mufasa Theater,https://lh3.googleusercontent.com/eoBlYeVpoKL5iw5WS-_2wRgI3sMMGzrl60z9-jOapMgkzk4EprR5HBSzp_jUS5A6qHLviei9YzUTEUXyOKFA9s3W2IPTCRbqaUDJ,decentraland,8740.0,0.10799369316831897
956199,19736377281414430880875727231042556264329,CH'PEST NEAR DCL SIGN,https://lh3.googleusercontent.com/alep3aWtUKdf1x_Xp5KNU_LTZlJeRw7DzdOJq4ZDSGq_b2izScEIg-lLGOb4p2pFFVgxLEGs0vxENqF6PG_TSnP_kNNKPGrTrVJCFA,decentraland,12899.999999999998,0.10799369316831897
1001799,115792089237316195423570985008687907837957278154198333183605726673483560124412,"Parcel -46,-4",https://lh3.googleusercontent.com/7lkI43BiV9bnlnjdoLy8qdyxdNoqmrmqT8CPM1GqUBjglc0Y6L8wALth8_wYW3GE7rpE9Xw-wKQVw6mj9o0w0snnR7LtAbCJ5Ix-,decentraland,4.2,0.10799369316831897
940000,5444517870735015415413993718908291383151,corner lot,https://lh3.googleusercontent.com/-OO6PqYPY07olHtNZ1hAqbumdb7yW55iD5gRi6OVUQskfZNfWXYfqsUInjUFsi2srsVSw3tpIl5Dlf3uoep8htXOuCLwZ-zZ976w,decentraland,22000.0,0.10799369316831897
941320,115792089237316195423570985008687907847144902061063671697116841074141301833593,Double Road with Good Value,https://lh3.googleusercontent.com/dxLSpCYbHYYsm-Wrmo7cbmJNzd3gRsiFYENn7XqsQHxtAeVCJIYdozZKL83SmApuNuj2f4AlZ14SaSaxawZlP561esRa6DbOEkUWUg,decentraland,23232.0,0.10799369316831897
1005280,115792089237316195423570985008687907833873889751147071622045231384302341586978,"Parcel -57,34",https://lh3.googleusercontent.com/j0q-jUKNjVg3uaBxTQLM8CbPs8UyHu3UW9wYxy9jju4yl7dG1NrMIO9-bpsTtlfyva-87_tG-2zVbR25unn7XQs4xxPnFiTb-BongyE,decentraland,8900.0,0.10799369316831897
976840,19396094914493492417412352623610788052967,"Parcel 56,-25",https://lh3.googleusercontent.com/xBrIHSH8JDThfeWUeC80nF3bfmFwZm841zvPKnQ7-VNa-55N2JUFQhrDS11b2XulFRFUDYY7B-voIZfH8QWGHG-FgNkQ0YIbdHZaEw,decentraland,12185.0,0.10799369316831897
2547880,51042355038140769519506191114765231718324,Perimeter Gallery  -- bleeding edge experiments,https://lh3.googleusercontent.com/nmgBd6MhwGo2G2yHTFQkwNxKkc2XamAshvGdBFzO3pc5XbZy_jaXgqOSQj5HPzS0h-JodmyzXsjid9QNmqohIx7ZuGoHzPI-g-UkMA,decentraland,4887.0,0.10799369316831897
970241,36410213260540415590581082995199198625766,ATARI 3,https://lh3.googleusercontent.com/8gQu6bvpfunKTlLpIJh2uo0mdqB5OG2AGb7JqDsGIQwBXHXs6ygTiqQva_rItXtkZHJWWKvSMcUolLkZXFi2S8UJuDsM-TNxbNgzJg,decentraland,9890.0,0.10799369316831897
964841,10208471007628153903901238222953046343620,Bidi's Land,https://lh3.googleusercontent.com/t1lAUUhahsM1FksTQOhEp-XbgUqCwet94m0yyWKMVbWue2q3ggpu2cNX9IsSC8Hv4xweLm5J1XzQER6HEl13Hty6k5ElVHVB4os-,decentraland,23500.0,0.10799369316831897
2558562,404,Dragon Towers,https://lh3.googleusercontent.com/VWeYrxZKqcP0I503UI-EXD9v1OKE31MQvRPVAMNj8fpBwfPMNMDnVSNpehFrPBDd_KiFlpLI6oAcdGpaP3Imtq927nCce1Lk36nq,decentraland,37750.0,2.2036139268400174
1003482,115792089237316195423570985008687907803929041462104486837268265930306738978836,🌟 Fashion Street,https://lh3.googleusercontent.com/1Qb_a96zQVUHiypoH_67BKX0laL8YAYMuGOnYGEh1Wv8dF6AOpr43nFyd_l1Kbuv23v65OADpplZ1Cpr2_7TAlP0YMea9YpSXAorHg,decentraland,4600.0,0.10799369316831897
1008043,115792089237316195423570985008687907839998972355723963964385974318074169393225,Ethermon Training Ground! Fast Spawn! Max Grass! Farm Emon Tokens!,https://lh3.googleusercontent.com/1VdoHZPh2zm5YOHdBTA107FxSs9TuM9wwYpIaNBan8eKT0Hu_GlwulqDAN0p2IbhfgUxILawQUOrS9j02seFvrMY4D3XLXf1tZyP,decentraland,2.39,0.10799369316831897
969044,36069930893619477127117708387767430414303,Dragon CIty Red Light VR Pavilion,https://lh3.googleusercontent.com/bBuBYAJ7y8kk5XkoO98JUZvh4QoBzX7jAw7kj4FY9xABfj07ZUgTnyXrXLDCZQFf6_UFXrY8_FtY7u00835fTq-2LFqqqufFsl2L,decentraland,6000.0,0.10799369316831897
961244,11569600475311907757754736652680119189420,Cube advertising - visit the land to see the cube!,https://lh3.googleusercontent.com/BXhA0RICyexkR7Xbxhu_YcTIf67ojFiH9hmYRWOvCIta1VVtB_XB3Y-HLhpR9GM2FfN9MejUAy8K-xuMjtWrURid11AtTAGIv5l5ZQ,decentraland,23000.000000000004,0.10799369316831897
968564,115792089237316195423570985008687907825366830578123610035460866198508136300509,"Parcel -83,-35",https://lh3.googleusercontent.com/NpkmpcQRXlVV0Yak2Jj2l80-Gxq40X8XyegAmK5NuDt-6sf4SF5yp1VZKihkCsZ2bp0RoNqJxPjK5yOehvQm0uAfDZb3jMAb3NDEAg,decentraland,5769.0,0.10799369316831897
957284,5444517870735015415413993718908291383184,Road Plot South Plaza,https://lh3.googleusercontent.com/7x-h7XcpSX5EHR0XyjIgL3bIfUz-zz0S4u7KZbc57aPCh-mZplQlhrPni7pvRuWobHvvS_R6gImhII0PDR_9cxYd3lyCkRXreqcOuz4,decentraland,20500.0,0.10799369316831897
1000365,115792089237316195423570985008687907835575301585751763939362104421461182644210,Ready Player One 4,https://lh3.googleusercontent.com/IqNuIqEuMaJP9FSd6Rf3rHimqmFhsOw0HfA8sV-8BNe26opBG2diTPr6KplWI0M7r8a1pmZ4sUWkl39T47X4SaWexYrzQqMXExm0JQ,decentraland,5999.0,0.10799369316831897
1003485,115792089237316195423570985008687907804269323829025425300731640537738507190292,🌟 Fashion Street,https://lh3.googleusercontent.com/GhG75BEZ6cJYMXvBamTA9A62igR5i1XtzMh2xZaVD71VF7SJu59XufYHM1HHOCvaYu2FdalU3tOj0ISo4YYjcNGNtRQ0W0LGg4lD,decentraland,19950.0,0.10799369316831897
1005286,115792089237316195423570985008687907835235019218830825475898729814029414432802,Near Center Mainroad of Genesis City,https://lh3.googleusercontent.com/42OnQPp9-qP-vl0FhVZaWTxrOIxRI6VN907MD0STR-xfLDHijTvqQ07AwZTq1luiEGGbB5cy8N_cMj51T59ep_b73XMSVDRiB0-ji_I,decentraland,2.25,0.10799369316831897
964486,10548753374549092367364612830384814555073,"Best Corner,Best Location,D'ont Miss The Best Deal",https://lh3.googleusercontent.com/Gxfr0H47cUfAHNuVVQSiHdvQ4gmddMc-opNu9tzfzQM5RQFjWjs0jM6WuMQSmYdtfHoYF1xpYxkreJPtjPZjtSCz4oU1LgcEo_Xolw,decentraland,8200.0,0.10799369316831897
2567207,48660378469694200275262568862742854238150,Nifty NFTs by 🐉Asgandavorp™,https://lh3.googleusercontent.com/71MyXtmTU35jiIv_lsvOsESMXdHNtHF_OSFyK4zMxjCxAsIDZxYesE1XYw7I2Kd8rkjQMw4adIOx6ynbj8nj4u5pQd5ZrfUmM-9-dA,decentraland,9200.0,0.10799369316831897
968207,4763953136893138488487244504044754960347,Roxel,https://lh3.googleusercontent.com/jssM4ycAGgY5LCSBJ34Vz0hj3PND-3qYMuWb19RDy_4tR0AojZvVY8uRbeT4NgXcSYbB8Wqd5eBqxXZVhDlIWZ3b4Og-mHX3dieJfTE,decentraland,2.83,0.10799369316831897
967727,6125082604576892342340742933771827806168,Spot On  plot 50:50,https://lh3.googleusercontent.com/pKnr41VtaqSarojpG8wqgmmsAHIrqx6AWl0hp7IfEOxBhB5_A0kt7PogbHfA7qK-3HFG1AGAiMsgAZ06uvSVAaUovmUNTobv6QFikg,decentraland,13900.000000000002,0.10799369316831897
960767,115792089237316195423570985008687907803588759095183548373804891322874970767273,parcel,https://lh3.googleusercontent.com/VmH0nNIZU4B8Lr5GSCsUeGEiUhD6iBsS4JXznVRrRR2jyOBiiaBcjFwDLwDjAtJs2vIMLg-9IalfBiwAqiVp9Bz6Q8qGYBRKvyCPYQ,decentraland,13880.0,0.10799369316831897
955248,20757224382177246271265851053337860898692,Lot 19,https://lh3.googleusercontent.com/sqg0miH67h8ykgROu9ASGj7cE5Upm82ugSHFiLF-Ul7RZ_FTASpg_4dEsGwHWdycjgJ3kXZOYugqgE5L4ApMHSKhqfXWcOh6BAALHA,decentraland,4200.0,0.10799369316831897
2566489,115792089237316195423570985008687907834214172118068010085508605991734109798548,Great land near Vegas,https://lh3.googleusercontent.com/ZcoZrWxcZA5jjl9PvLrdHQlMtRbOF4e12ZTBadzRWuInHs7z1HR0G5hl2r-EvgLo4nnJf7U44Jx5kQ2mWF1uK7m7lwtlUZekTyf6LA,decentraland,2.2,0.10799369316831897
2567570,49000660836615138738725943470174622449600,DRAGON CITY NEXT DOOR,https://lh3.googleusercontent.com/k3VDC4NWV53pOK_-NNlwPf_52NH_HKZTpZ1lJJneA__R2FW-8h1o0D0SgylYIk_1W6Pl85oNwYgFAhdgKcZ3rqTg4F8Ac2KL38fnnQ,decentraland,5099.0,0.10799369316831897
2566251,115792089237316195423570985008687907822304289275835163864290494731622222397366,"-92, -74",https://lh3.googleusercontent.com/La9Vz--_1yiVmaeyHaeCRzoYr1n-NrHZ42DGMK9oZKuaDvm8LbqqCU6W5E6KqMe8Oo6q4iHvT6Oa58Zv_QbpoxY_Ij_93_o5-8b3,decentraland,4485.0,0.10799369316831897
1010571,115792089237316195423570985008687907834894736851909887012435355206597646221442,best,https://lh3.googleusercontent.com/h_ABJQzVwJOgpZWmzu6YMfTfhJqTe2_w_p4mr-1H65QrGmmTyDB7hRasYDTLWohcPd4ilErCKsZtCYCkkHtbSuTZbENrznUTNHwqjpE,decentraland,9600.0,0.10799369316831897
1007091,48320096102773261811799194255311086026805,Casterly Rock,https://lh3.googleusercontent.com/nHLQjCfGWeON7VibkLDdioNcUK8kuaZh0-NEjFnk59HxDgf2srsVFLVqWX9cNpX4HGELJC0cl3kUIDK9A0ot9Ej5Y_OGPmPjY8gDAA,decentraland,4492.0,0.10799369316831897
931252,10208471007628153903901238222953046343689,DCL Data Hub,https://lh3.googleusercontent.com/elwwNQczXdvrDMsduReTV9RiGehN-TmvTpn1iXzRn1MnSMSzTQtDbU0ZxLcBh9wxezZP6c0Qgu6o8l3TbvFFwkBaxi8DdZKEyi9_Fg,decentraland,4999.0,0.10799369316831897
1011892,115792089237316195423570985008687907841019819456486779354776098140369474027669,parcel,https://lh3.googleusercontent.com/CwaTTVId2embDrnyn-uJPSq22B2EJPQjpNHpXP9o_fkBQ1vHIMb7sfLR5kngeOR-HoVEM7E-tcrvCIks9jfKj1XCPMGKbiaNsdBhZg,decentraland,3.4,0.10799369316831897
1011652,115792089237316195423570985008687907839998972355723963964385974318074169393298,"Parcel -39,146",https://lh3.googleusercontent.com/HPdfgt7BpeYYLN_izpjzbnD-_c2I1TSCqr5FxBAiMbc2Lg1rpKE6JcFrAKHjY-JuoYxvwnuvvkfQQIoAenkR5AJkYgEV0sKJZyh6Lg,decentraland,6100.0,0.10799369316831897
969413,115792089237316195423570985008687907814477794836653579204632878760691553533922,Great location for sale...next to road,https://lh3.googleusercontent.com/r0vnUcUk-FBkga49HLSe4YTND3I_DTcbjroh60z-8mp1EKR3xX6GfZUETORhokszmEsfZOnoKEy0IHpxDNK7zhsRJtxgfscAhvDF9g,decentraland,24999.999999999996,0.10799369316831897
1011293,15993271245284107782778606549293105938573,Manifest Futures Studio,https://lh3.googleusercontent.com/duVdENqv6FIACe4a0jauNpHu8qV_adFMSvVg5fBitwwwMLyKBytaHX9x_8uu60Jjhl_tOtThXr20hj1S1Xmue4yUAnzYPN_o2vnT,decentraland,3250.0,0.10799369316831897
1000374,115792089237316195423570985008687907838978125254961148573995850495778864758770,CENTER CHEAPEST Premium Location,https://lh3.googleusercontent.com/FrGCmtGBlDYXUV_6uQt5UKdU990EznvWmuGjjkYOu0ficLQjnH-ozWQtl89RDxnFPQNvbUyBDFuhIVT0NqsevKHzMi1cNwYNQf5W,decentraland,3.19,0.10799369316831897
968214,7486212072260646196194241363498900651995,Second best centre deal,https://lh3.googleusercontent.com/Br1qZynvEDFfmMldPXzQclANhnTAEzpgjOi4oTLDJS45iTDjYCiLyOHNc67SGN3UW6bBg6vobar0ObAYYjXn2FpKrF4XigBW7Azi,decentraland,16500.0,0.10799369316831897
969056,115792089237316195423570985008687907806991582764392933008438637397192652881888,,https://lh3.googleusercontent.com/An1R5CzjGL2mUKKBkwqWuOG4ToEB9NWdUQQjru0q40_9LK_OHoT8W6AKuIEH7-EB5dYJGidOon0PbMINmhrbPvmTX5iMJJ1HCbObu5g,decentraland,10998.0,0.10799369316831897
1001696,10208471007628153903901238222953046343675,NEAREST  to GENESIS  PLAZA,https://lh3.googleusercontent.com/yCj3S-XY81b2IidLtwPctbms_OOkxhrLSUYuUkOY2pZzFzt08gANPXWiCl0jhK265aADrHQLTXp-PLvW0zhhl5D3HjcqFsIXZnTx,decentraland,6000.0,0.10799369316831897
3077937,2232,Great spot! with 30m build height  as it is an estate.,https://lh3.googleusercontent.com/Wj8jqcnL98_nfthkV2p5_PCGILEgFr0Pl9rOJtten87INMoGtE4wh4QoaZqiVCt5JcrfUdRziPgXiYGxZvZwn3pNr2od2dQAfhIPNA,decentraland,17950.0,2.2036139268400174
955978,9527906273786276976974489008089509920648,"Parcel 27,-120",https://lh3.googleusercontent.com/_XnDLGxkfpRVXiCyYdB5-3Pc1fNJ1-7aC4RGEzlJQ-l38PBBxuxYQkMNA3cV5zMWOBLsWCh23ELuEkP-XZu6NmEXBjsLMk0wjGGF,decentraland,10950.0,0.10799369316831897
1003738,115792089237316195423570985008687907817540336138942025375803250227577467437078,House of Elon Musk,https://lh3.googleusercontent.com/RIt9cSNWDtXVydMwg7YomtTqB9NWM2_uhFgBjeNLKyWnKTcASxhzIL450lD0poTSWwKM0TTrOQR6sLR3uArLPyZR4JbM7-1_y_WJ,decentraland,6869.0,0.10799369316831897
968938,115792089237316195423570985008687907825366830578123610035460866198508136300511,🌟PRIME ESTATE in MAIN-PLAZA CIRCLE🌟 FASHION,https://lh3.googleusercontent.com/VFtz3H4lTJ76WTjF-Jz2vXYev0aQSMhFmTUVM8o3LMBYDaYFqmgtqlKgQlMPZ5jGvXxf3xOlElkGAZEBC7a6Am5HKduUK5e6eq7B8g,decentraland,4.75,0.10799369316831897
1010578,115792089237316195423570985008687907839998972355723963964385974318074169393282,Gateways to Mars,https://lh3.googleusercontent.com/qyiUByB8iLYZ5CoRz3MCVS5R-iR9_HEuin7HBmnmdJhQa6WjcpUE5y9mrGxhJ4EzzL69NQWtlBiaHpS3IOSDsXy17LRqN2lkHigqqes,decentraland,16000.0,0.10799369316831897
942539,19396094914493492417412352623610788052865,Non-Fungible Land,https://lh3.googleusercontent.com/jQ5u0d3lW6W8IEOjahvdvHBahpK2tjNBWZTTCbxXKvi-Kr0s_HUONfRCLzpgWaETe4sAK8zpUdKXyHl651RDIXVsKriS7C_tI8G0,decentraland,1.6,0.10799369316831897
965219,115792089237316195423570985008687907807331865131313871471902012004624421093320,DCL County Sheriff's Department,https://lh3.googleusercontent.com/ky0m3NbUGrwsr1gTwqC6DtcyYo0s2GfR4U_B9QJGnChWUoSTYt92_EQx_EUedL80Sk4b8H6PNGV_1Da87tETxX1Z9c4uizwtmzTIKA,decentraland,6499.0,0.10799369316831897
1009619,19396094914493492417412352623610788053098,"Parcel 57,106",https://lh3.googleusercontent.com/JRK2m3Y51zbGJkrznWlPCZI9BB7osdUECPOvuNKOyaNjPtl0tooy2NzDEfyXE-RG7CFDAxZkP9HHMLFant1j_VGvpgf-kid_uuyyGXc,decentraland,4888.0,0.10799369316831897
993779,115792089237316195423570985008687907838637842888040210110532475888347096547348,SPACE³ Gallery ft. Jan Frank,https://lh3.googleusercontent.com/BxXzvfjUUfHSOzh-wa8Pa2hHrknPc6isOidb7sjYjyIQJYlYWf5HKGXho6OSrvsDSRGXF0M7BDXZLa25bVS-ywk43jM6r_DqUQuv,decentraland,30890.0,0.10799369316831897
965220,115792089237316195423570985008687907807672147498234809935365386612056189304776,Crypto Cola Industries,https://lh3.googleusercontent.com/vIjiy69C3kFlCJ2t1yM5o-vYHHSqbzVLzJNTIFocewUKjVoddqOA-6p1vNTZBa_53uOZa3l2X-IP0HYG82cX_b6rX0Wga1jr0MR1sw,decentraland,11985.0,0.10799369316831897
1008300,115792089237316195423570985008687907837616995787277394720142352066051791913039,Rare parcel. Touch music hub,https://lh3.googleusercontent.com/Lf5SiA5L3njbQNODrL5Odn0hD33F74rqxOP8ZJesxbCPwNCk6c-pz-dg5MmtDUuYbAuPDToTXX_nWY-u4vD2pnY6vGsiL0IXfaBEEg,decentraland,1.157625,0.10799369316831897
941100,115792089237316195423570985008687907802567911994420732983414767500579666132856,Rauschmonstrum's Land,https://lh3.googleusercontent.com/H0aia6x2BJTfPl2jtY_aO2D2K-hSJZhgH2oOFB7xaAPzk6j4WkzWF7lsUP97-EyslSYW0ZOBRB8kPLwbcfWH1trp_mbvfEhhD7XR,decentraland,5550.000000000001,0.10799369316831897
942542,20076659648335369344339101838474324475777,"Parcel 58,-127",https://lh3.googleusercontent.com/XIQb4YD-DaDD0s6ZYWchYzmyffbeh_7Q7o9LnxaLm5Yerw7wglV5cnB1NuYVuBYLi7esCFH12pZ9e9kUsjYE6Mkpqr_pmhgKyDZ3ug,decentraland,14999.0,0.10799369316831897
977702,115792089237316195423570985008687907824005701110439856181607367768781063454700,Art Project,https://lh3.googleusercontent.com/BFjfIbnr1ReC7q_K0SesmeLCL2-9MW1vDnuvhDwcxI6sXCyj8KChBisPe6v3IXBT0P0ubXRvulu_WAWpxjgIHIWXOYPUSjAkLOx7zHQ,decentraland,24999.999999999996,0.10799369316831897
967023,24160048051386630905899597127655543013332,Dragon City,https://lh3.googleusercontent.com/hepJodMCPzh3V0ZYQ5f7Hwj58SfUlSPj8ffd4SIdGY7MfhchOAwbzEYP6oHPXpCX1MraMRJYT6JjJj8_rAHbCefRvgG-NWNic43vguc,decentraland,13500.000000000002,0.10799369316831897
932343,11569600475311907757754736652680119189536,Premium Location,https://lh3.googleusercontent.com/Vz2-aaDySiA5Rj43CucSADQ5MsUppDFujGeb7Pfk-Zq7i5FRU_GFe-AHSTW1ua3GJ_jJ1SAcPCfzavB0WqfI2X52aX2zzGN8RpzkWA,decentraland,14499.999999999998,0.10799369316831897
2542863,115792089237316195423570985008687907815158359570495456131559627975555089956785,"Parcel -113,-79",https://lh3.googleusercontent.com/6a9fPG-F5HjgxMbFdD7mJPd9lmxQDL0sxG2wi5kwH38CGCyt6MmIK5VkqmEHL2IBs1KKdQjOvQOTontpA4OrbDEMZ2va7PlXy9EbJA,decentraland,14000.0,0.10799369316831897
2567464,115792089237316195423570985008687907821964006908914225400827120124190454185893,"FOR SALE -93 -91. Near Ethermon, MANA Fever, DappCraft.",https://lh3.googleusercontent.com/AYAVy1uSNwKV13e9oVKzj9PJs8r_LeDga2GcLG_nVnDxuWKmZgUZkXdkoG_nGu6W-KieUuA2slJQpf2yorgMDhCB0EfcJ7E8q21lpL4,decentraland,3.289,0.10799369316831897
961144,115792089237316195423570985008687907810394406433602317643072383471510334996396,"Parcel -127,-84",https://lh3.googleusercontent.com/tXwCHXn0Sm9V2aBFCR-K8aqNFHV8eh8WM9avkgpng4R5JhaWRGeSQyP-QOVbzAurVE-NOxSrEdMEVZmdG_xUy1EGnnwhkY8KmVWRDA,decentraland,2.1,0.10799369316831897
976984,115792089237316195423570985008687907845103207859538040916336593429550692564968,"Parcel -25,-24",https://lh3.googleusercontent.com/pAYND0O5LRJLIZxp9iZIrOQzihHB-_JyPA7OmDkvW7PKcIPLXV-9DOYAqSRTZaLP0J6tPTF66kAm_im12h9fADhrm9Y37dTVHHE-,decentraland,6497.999999999999,0.10799369316831897
957665,20757224382177246271265851053337860898706,My Cats area,https://lh3.googleusercontent.com/PS5wKFdzKbE8psRSGNy-7DIReAaL4pGJkbKaH91KF5173QQYv5i9hom6qjM2gdRREiHQn5pYJ3di_DwTC9mv3VcnmFEdAGB3BDOT,decentraland,7588.0,0.10799369316831897
1002545,51042355038140769519506191114765231718404,领航猿加密电影院,https://lh3.googleusercontent.com/mB-E59K2Ub4ryJOFNwvDrt_8oBnUvLMLLKvaUwT5ibOruqv5zcOFMTz7xyALumzV2OeCnCPHMRIsdNEckdRFClQmt6KOTiDtBKwU9A,decentraland,12000.0,0.10799369316831897
958265,115792089237316195423570985008687907827748807146570179279704488450530513780631,"Parcel -76,-105",https://lh3.googleusercontent.com/dlxSF-4OxxyOsYoaFclHnjBmsN-gThsDHcY8vQ2mw_hgPRrO9YrmpCT_hFAkZgwi7A4cpZOBYkJWit0sg_W6-TdLRMxsv6mnPmqMyg,decentraland,3.25,0.10799369316831897
968945,115792089237316195423570985008687907829790501348095810060484736095121123049439,0x594c237@gmail.com,https://lh3.googleusercontent.com/s4A0p33ARCCFA6_SoeuxvPPYFwHA5BrTN_2Fx6J7wBURUUw2R-lc2BE47tUJhlowzcqV05fhbP00pLydPiDI3dUEoxFiDZbATEGU,decentraland,5798.000000000001,0.10799369316831897
958266,115792089237316195423570985008687907828089089513491117743167863057962281992087,Gwei Gaming Parlor,https://lh3.googleusercontent.com/MPBTyd8sslDQPqI-YI_6hd0YY-NDbVKE1HpDMY1fd1UJnE3oTZGazKuoiChmHWEb-azkq_NJdQVhVa9PYy29yJwDfhiK9OD3ggsK,decentraland,4649.0,0.10799369316831897
1006386,115792089237316195423570985008687907831832195549621440841264983739711732318251,Chobury - Democratic City for All,https://lh3.googleusercontent.com/UlpBj2NnfigXkYUIhA-IA2nKxOrXU7FpeHtqSv0MHBoDGRDGFx7EmGmTIqubtUZ5w4m0z3g9Fe8M3LhvElJgOfHoaJhG-7k9Q8_x,decentraland,7999.0,0.10799369316831897
1009506,18375247813730677027022228801315483418728,WizX,https://lh3.googleusercontent.com/EYnLP0xqoDx2hJ4pf3226FleidjbKZPhE3n-VYb0CoQIBaXhLW1iU1W7Xrwcqn-S_CN8p62qbtWDgrmbTePvTZoADJO4S-SlXdyv,decentraland,7777.0,0.10799369316831897
940746,23139200950623815515509473305360238378869,POLOTMS,https://lh3.googleusercontent.com/5-gpqp4LCMZ_Z7TsvEMQZ2zDY1qKn7LUNHhc_57d6Ckm_kStQagfMUUv2iZhFeXeJ0T7WTDbFLrxxkxZT7AVUHZI2EJFxsgCaV1zbQ,decentraland,3924.9999999999995,0.10799369316831897
957427,115792089237316195423570985008687907848506031528747425550970339503868374679441,Parcel,https://lh3.googleusercontent.com/tB7QLJESaI17qXoAjFGhyFf1LsFw2zMnbTlGvTn-N9B_ir8CfL7lqw-rNM_ML7kc2rXtlo28R4Fei7MQj_2J9IHaObvUyZSy3dWC,decentraland,16000.0,0.10799369316831897
994747,115792089237316195423570985008687907835575301585751763939362104421461182644256,Highway  Place,https://lh3.googleusercontent.com/h7ktpTElAUmkb4nnDOemcNliXjH4eZ-UjBPBQamUryyPO_mPtQWAwj9RiLCMXFQMZ5WPgTexyrUIxfgKoKKJNzwh648tpa9Z6IeCcA8,decentraland,52500.0,0.10799369316831897
955387,115792089237316195423570985008687907849526878629510240941360463326163679313797,Premium Spot - Central-South,https://lh3.googleusercontent.com/Yb1I1gmLPY8GXBl2_nt1fffTajDdlzoa3bwNBlOCSwj0bLt-i2JlRDT6vrP4UAkFn00AygUygR1zOajboVbqPq44jusCcWPBEmjc,decentraland,23900.0,0.10799369316831897
1010107,115792089237316195423570985008687907837957278154198333183605726673483560124535,Corner Lot,https://lh3.googleusercontent.com/qxyWalNSSK1PtkXaayew3HdHsDOhbt1xpYb1I1XQP8CK5to6Vljs7zywhLaMQ439rXA3E1TydrAFQk1oauTDg17lZc6YWxbc-WLgc0k,decentraland,21500.0,0.10799369316831897
977708,115792089237316195423570985008687907824345983477360794645070742376212831666156,"Parcel -86,-20",https://lh3.googleusercontent.com/e_6OxVQlWQ8N2brjDf3aaEiDLifzOAilvFq8B5lF7vlITmFFufis8YkdIpKRIAL7kt5vA2rUwYigapEgQlgS-KvTU4QcuZIJoi7a,decentraland,4969.0,0.10799369316831897
957428,115792089237316195423570985008687907848846313895668364014433714111300142890897,Traffic road >> S Plaza,https://lh3.googleusercontent.com/sWh9TEYrhghwwIJkn8qcX3wGisJgEteH_Lr7ywd-w08Uwlm96NYBvMcrcfOpthNCD_VrWmyjcW34Mjp3Nymn5BILZmUXW-WJNAJi,decentraland,20500.0,0.10799369316831897
963429,115792089237316195423570985008687907808692994598997625325755510434351493939129,Roadside Countryside on the Cheapside,https://lh3.googleusercontent.com/kVoQl6LVCScF3syxXJNGCYYfnXB8gFQORq3H-Xp36BsHsxMx0kTrroHwm0HfJiRB7N0kgbquwUzxa42cWs6_-51vCo0smOUWLR3Kzvg,decentraland,14499.999999999998,0.10799369316831897
957069,115792089237316195423570985008687907838637842888040210110532475888347096547215,Power Parcel,https://lh3.googleusercontent.com/pii3ni5f7w4t5kYZt1VJ4Cl8X8Oae-YfBRqUxs6ZxwdgM0jh4kJWMGScGChcdpJ96BkpG0yn__yOsT1oy4aY6EJXJzrl2zQ22E9YoEo,decentraland,3332.9999999999995,0.10799369316831897
1005909,30625413022884461711703714668859139031078,✨CryptoValley Art Gallery,https://lh3.googleusercontent.com/7U_jl4xj4862zfoNHVhArWqVZ1stASGzN1AS6OziNHZCdjD8flT0ZKy510n9oL6oR7wtPPMUnLEMuHvT_f5dJIqwsSOhycnW2xFdZw,decentraland,7494.000000000001,0.10799369316831897
977709,115792089237316195423570985008687907822984854009677040791217243946485758820332,"Parcel -90,-20",https://lh3.googleusercontent.com/UoKbvTagziJ_G8rq9ydxYZZwBFO56JpW4v-xu8VfKnmRxbKxT0HSgsE2Z_p1_SncahyK6qT-q2gCaGoBDasoMIl5PqYWTAWfCUUYdGg,decentraland,4.9,0.10799369316831897
940750,24500330418307569369362971735087311224693,Great plot on the freeway overlooking the district,https://lh3.googleusercontent.com/X8j-hmIg2_QPIxrvQNepa-J60ZFC2sRWf019PAUoah-V0XzOp3q9CXa-vcL_j0ZhOyy74t-KfwSZTz9SM9mp0JpuLv2QglQVuESlRw,decentraland,5494.000000000001,0.10799369316831897
940630,115792089237316195423570985008687907806991582764392933008438637397192652881781,LIMITED OFFER,https://lh3.googleusercontent.com/4SecUSaqIAEKUQqDMf_3jIA0Uv742q6jjiZJK0TgDHGApPgUySfob-CH_Jc96NNOoy3oKfYimJysLsXf8duSLp-6tBSqCW08o7wqlQ,decentraland,3335.0000000000005,0.10799369316831897
2564350,49340943203536077202189318077606390661086,SpanishMuseum.es,https://lh3.googleusercontent.com/Q-suXWzRx7HCYUpnAcE_G4JEjH4sFP2Na0ONVEkxfnHSrDDlWV01j4RksIrBS9cOjItJWoAetbEN-tHyADMHqfBIK6e7QWBVjG-IdY8,decentraland,9000.0,0.10799369316831897
1010711,18375247813730677027022228801315483418756,Future Site of GGG,https://lh3.googleusercontent.com/nuYGn04Yhw7_u_KV_cpt5g157hH3b_D1CD_hOyAK5JLYCXiFniXQPyu2LJM9O8DI75e5OlGGsEQ61Rbryb1jfQnEQb2x3K8rDwg-e2M,decentraland,6800.0,0.10799369316831897
1006031,24500330418307569369362971735087311224871,Ethermonland District,https://lh3.googleusercontent.com/_T8r1drVNturRbXXaU3vXFTqpKJ-drjhJ3jkQN06vruLCwzePN142iKe3RsS59YKl0kYpuAvCRRW5knCbGqE_pKljHKOy0d3goXv,decentraland,9999.0,0.10799369316831897
991391,115792089237316195423570985008687907835235019218830825475898729814029414432763,Golden Plaza,https://lh3.googleusercontent.com/m6DXeb7XtDIKjBi79vzX_daVAqpluL6Ooe_AZ4-vYq_RmAJ0A-kgfEiDeMzMT-Rox83X22qWRj3P__CP3M3HcplmpQ4aF6WZsWJZ2g,decentraland,6400.0,0.10799369316831897
931751,6465364971497830805804117541203596017684,"Parcel 19,20",https://lh3.googleusercontent.com/2VO3JcLZHU_DjxidRlOXeYWwBHAFauulHoI5wG19Sp3O_vGIi3HM4PwaTQ-P657dMO57KeVVsHBWiP2T1Nfzltc74V_1RakndX1qDA,decentraland,5.0,0.10799369316831897
977712,115792089237316195423570985008687907826387677678886425425850990020803440934892,Amazon,https://lh3.googleusercontent.com/30gsXpxu8EZ5taH6M_0CdTf-eB79zAJNhjutSiMQNn2n5MpSPd4XXkuiEtS_0IODcuBQpqekxN6YB-76qP77encMOWYflMaiacHtCw,decentraland,14899.999999999998,0.10799369316831897
960313,6465364971497830805804117541203596017573,Good Area Sale,https://lh3.googleusercontent.com/33DQvHgnOejxn9P0ap7QIXsSeQWXgEQ7VpSLc590tNxewSFNFhd31AXmPeofOLcTDUchPrsy0aa-nGLqm9r5mLBbHeeTpb-VKAo_Og,decentraland,21990.0,0.10799369316831897
961274,115792089237316195423570985008687907814137512469732640741169504153259785322413,Polar Bear Park,https://lh3.googleusercontent.com/lhrmUYfHBBvBFicGOj236Bs3fUVsdihA56tUGUsQLmsLp3kh9lshAthsveTHGo6-Adz9y09_OoaC8iCX-Ab06E-Mjq3z7zPCp3Xk,decentraland,3490.0,0.10799369316831897
1005674,115792089237316195423570985008687907826727960045807363889314364628235209146405,District Hangout VR X,https://lh3.googleusercontent.com/fqHY4qzgax649qKh8T0G3Cruua_qhtaEBBeo_i9Vpbp5ejgFyJLMqtdnJYgIh2RPY6cjVTYVQQ902hmAiCyy45G_AKDLwgxvBr91mA,decentraland,22000.0,0.10799369316831897
2566274,16673835979125984709705355764156642361458,Big Nick's,https://lh3.googleusercontent.com/MnQqLZ782Gl6Iwp6vU9LqvxNASPM7-WolGjdlfvGBqRl4Hz3J03atDLkDh30bn3Ry29CRGXwNdugWa5zTQyaVlCm15Tw918z1yqufw,decentraland,11995.0,0.10799369316831897
2474234,1295,UC Foton,https://lh3.googleusercontent.com/s8poMNB8AaO6_FlCiZdHEgqRj1YkG8rYfIWzoinYVvWA5M66QFtPr_d5cDS3Z1qYQOHHiH744LcogHycicm_KClmv7Il5fnEpq4Eug,decentraland,199999.99999999997,2.2036139268400174
955394,115792089237316195423570985008687907851568572831035871722140710970754288582533,"NFT Collective (-6, -123)",https://lh3.googleusercontent.com/O5XXzJFHv0bwxlTBuEQ_X3_qDiP0xndRDtOuM6SjsHk8URvvpob7172NAK8Fy83deIH03pnnZ5fTmUiKWgb_57vxZKjOIS3Y1kSSUg,decentraland,6420.0,0.10799369316831897
961755,23819765684465692442436222520223774801840,Dragon Plaza Land,https://lh3.googleusercontent.com/8aIz7ElrErisRqrY0NjHbAAwVNl18B1XRYghXAaRIvZ9CjLTCJbYh1FJ1P4qlBdOqJpa3JVzxZbjNxYZhSNJFIR4URPkckRrmv-t,decentraland,2.57,0.10799369316831897
1008555,11909882842232846221218111260111887401044,"CGH Metaverse (35,84)",https://lh3.googleusercontent.com/FcW0qK22MZJl3FEZVJv4KGNJf_Cw-vMU7HJT7LbIZBZyFFMVn-Z_zFFFbyUjEWZw0XrIGBcfypFa0de2-gS9yl2ZMcTpSsPuXtolWQ,decentraland,7249.999999999999,0.10799369316831897
2566155,47979813735852323348335819647879317815345,🌟 Odysseus 01,https://lh3.googleusercontent.com/_49d8F35oDnD8DX6G8l0p2ciSEVEUGpguuh_G-8906c_eLir29R-Z_nKO702b0X3tq6ikNQVTq1Hl02PoP87MvWdmEiaX9i70BC1CA,decentraland,3.4,0.10799369316831897
1004716,115792089237316195423570985008687907815838924304337333058486377190418626379806,✨Fashion District x VR Shopping Center x District X✨ FREE NFT Gallery! Contact @may#5776 on Discord for details.,https://lh3.googleusercontent.com/A7_x_havsJnQ0NG62B-sCVWr61e6qT0KMuVi-rsRHx6yBhHYXUygFTvTwadZ6UhXDhZ-Gj-_ociSnfw33FH6TX0EDa8BAlxBdNngmA,decentraland,8000.0,0.10799369316831897
1012036,3062541302288446171170371466885913903254,Wishing well and DMT simulator,https://lh3.googleusercontent.com/CkT8E5RRTuK9awUeE8jyEcI3e0mi8DJg6RWz7nOLoeo_-DHu6SLZrxj8xnxHo3ZmiyK3b1tRg_9h4ZmKsHc5-JJ5XEuzgGJQEt5cPQ,decentraland,2600.9999999999995,0.10799369316831897
977716,115792089237316195423570985008687907826727960045807363889314364628235209146348,Prime Location,https://lh3.googleusercontent.com/gTL1q7fFM8G06VdjuFPrYMP93oGGI3es2x3Q10PXGWPbVNtnHOxgwUsYCl_O9b21HZH6QkGYMPCix0FoXRksMFqb08M4CXsVwZFgIQ,decentraland,5140.0,0.10799369316831897
958876,5444517870735015415413993718908291383195,"Parcel 15,-101",https://lh3.googleusercontent.com/bYBwB4k9beMAxwaqk5CzVOIe769eq3FlwB5l4f1D-vQmzR_gF7ns1DYHrM86L9562LbwaeBdXzV4tKmKooTDUWJpG_xg3098JlDy0wg,decentraland,7899.0,0.10799369316831897
