id,token_id,nft_name,image_url,slug,last_sale_total_price,rarity
74050080,2488,Doodle #2488,https://lh3.googleusercontent.com/ohekwBcqinSG-BmerCEzbNAbwXgld-utQcp-zccAt1ccGENAat_v2lMcXGeH31vKm65eUNpwUl2EACtfjf6Lj2LHrs4NPn-5FwERcg,doodles-official,2.65,104.2134350862601
74041560,537,Doodle #537,https://lh3.googleusercontent.com/-zpz7fGyvYN1o3nfO7OR6aoKrv8Uj9hTdBf0aFewgb1eu24xk1LVleVp290Epve36hUO61ygTOVQ_RPY2fNyGNZvtU8kyA7-zO3Zwg,doodles-official,2.54,120.72627987344359
74070121,3536,Doodle #3536,https://lh3.googleusercontent.com/diz3xCRbM_XWsa49mJ6X6EQJu45n-xpfjUr-3J1y2YP_ln2a7EnXhvsqHrLMKCB9idurTejjKC37cKoy-HxumfzVP2tUYY0rMMKs5w,doodles-official,3.31,171.38746543541143
74180161,4919,Doodle #4919,https://lh3.googleusercontent.com/AgDhVWIlXTTnw1VP9IOpm6SZ9sD-kq3N4asB1o4fJaTPy0flsuTdBk94wnKQbLhdqNZmIPcZglXmPS5hZXugJZ58ZF2RLYsZVzn0pEE,doodles-official,3.0,104.76121217934629
74417042,9752,Doodle #9752,https://lh3.googleusercontent.com/HerfYNtvWZaZhJPq0OGGMr2VVG_UYu0segn1jpLOXX40S972Kn5cAYXhZPXZUbFpnSz36klTI-GA0OC_Z66562kv71BUqQkcbaPGCQ,doodles-official,2.89,99.6191129045705
74412362,6613,Doodle #6613,https://lh3.googleusercontent.com/FgFk45IhkHp6zGWIYUl10TLEYFMkmZQZX_o2-f9afSaTisVysKsGXwHHdAvHEP8pB9onIL2Vbe8k06jy0lNTvYFD2yVq7nTZC8cqQw,doodles-official,3.849,148.81023909717257
74125562,4432,Doodle #4432,https://lh3.googleusercontent.com/US5SS-akk9eWkJjAZ47dQu1eS7VvXOfAW9xChawHQ61-pDQXL8ATxHG0INVhGRZoRnMqwB-DGWJe_k77UnK0Qab-iw1NvhR0a9QyuQ,doodles-official,3.5,114.42966624062177
74413563,7375,Doodle #7375,https://lh3.googleusercontent.com/aoe69qO7wqiLDFYLWnGNUlBgvYTm-P4DilB26zgZw570gSL0FRb3kbg4V6C8AQiIxE7ysQsmBbfIyJgzF7SaXQiD0KhXqc-zW3cZL5s,doodles-official,2.6,105.09145983376963
74128804,4480,Doodle #4480,https://lh3.googleusercontent.com/8lCkJAh2HE7V-zZeji1-bJ-NBGyjZfuS1NfJT9vnQo0zWUeF7Fohs4iZQ6i4L27uSXdj4vgbR1As3Uq964IBEtcDnOxLYq_ly-5F,doodles-official,1.89,148.51565698851357
74411885,6286,Doodle #6286,https://lh3.googleusercontent.com/bt9nX134aaA6U-6JdSQZs8xpagtu9m5rlYR90lBnmBIGi_6ffM0z8boof1v0nfBwY9jV93uMiGjlBMkZ3FHqsKU-Ba94wcGQ-3U9Xg,doodles-official,4.4,122.88476622574461
74256246,5244,Doodle #5244,https://lh3.googleusercontent.com/ayUgPPd-vvUTZytCft2Yaj0ktZ9Xi1yRmBsZYGrsoTPVeWq5xxcIsMBXGIrYim64VjUn2EaTKPkbzGkwk985t2lePQXQtKR_S7sa,doodles-official,3.4155,103.2038637808781
74042286,876,Doodle #876,https://lh3.googleusercontent.com/2FmED-A_2SpMU32TcrDfLfBkWavyI9dvNRtHvS-wCdjmPMnkgavK5aJL2SyWjaDuktceekEiNvEYJDbNwfqDg6GMEZxY0Qh9CUiG,doodles-official,3.4,104.02502016119686
74047926,2196,Doodle #2196,https://lh3.googleusercontent.com/FSp5BO06mPOXwfkQ-CtPOVMevR3ui_B7b9N65U_0WfRFrhDF_JNTU0hf_1yBRlrnlR-R6IzvpktrVpjUEXqCC4sU2vZ5E23PYyjGUw,doodles-official,1.6,148.5953691697756
74108167,4209,Doodle #4209,https://lh3.googleusercontent.com/Gph1im5Olvposnr9n6PeXGrChbGkNIfe6A2Tf5Exk_sbeLZ2wiEnMglono2tS4TdmE8MsuuTptrrWR-b0R2x4q35pQqvpymlGhlMsw,doodles-official,1.36,117.56990884421631
74048407,2280,Doodle #2280,https://lh3.googleusercontent.com/DJ2d5662Xius_ursBDi0y7dkCMDyMHPTzHpxaBr3mZJEvopEbdL686jj23F_GyqmWQ0ydMIvZQPwWkA2CAMcL53pomR6rXmg0-PH3Q,doodles-official,1.05,105.79437996498669
74140928,4711,Doodle #4711,https://lh3.googleusercontent.com/DzcFdKOPp2ReSaj9BgMlIHPlWyVsnv2NzzJWan44DEsRU7zd_INeQD4ngn9Olh4EwwgXFGrOIjdNkc1JIbWKEow1GLsmor3t4BQxMg,doodles-official,0.98,109.57208022725223
74413088,6904,Doodle #6904,https://lh3.googleusercontent.com/lF8x03IrL1znADh-_vrKLI9GuFeyLwSaj_putuoWfRqvod3WW7Eq8zY59nuXtqIeuG5YfdT0XaLvVA2Vs4ixH8f987ZlyyMYgMwMjg,doodles-official,1.6,100.67624242184704
74047088,2080,Doodle #2080,https://lh3.googleusercontent.com/D8TPstYeKj1nZuNTFKceU0Akr9sgmxTA4U6tJHVVnUFXP4JhF9lKM4UK4t41WdpnD5tT1_HM8uNMHTAokLMmVnhVRkT9DVzDMPVr,doodles-official,1.065,104.00945146922382
74411888,6215,Doodle #6215,https://lh3.googleusercontent.com/CtdpOb3PmYX8pUv6qy_3MUXGbNaVs4kI5ulZpAbSNiiXW5__FIz-inFZKTHsKBbDryk-GuhYkoZJeHGe-4SGGxOtTnB3LKGVj8GQ,doodles-official,2.995,113.19814834950245
74047089,2061,Doodle #2061,https://lh3.googleusercontent.com/3Vhy3d_JU7qPelx6CGHpouVTY482VphoYSjjfnDq75V8d1rR4eRa6gr4x1G68Mj7CpiVORvIckoq_jg8ZeT9y4KEXhR4NgtjxOUs,doodles-official,1.6,107.88148403410474
74137691,4606,Doodle #4606,https://lh3.googleusercontent.com/fvWakznJxU3dE9d8akjViuCbgwUbWPd5GXul52kBvL-DFskFxxBkPlaLAOGNRGYw_jeMmAz6YSV7OwQ12OMFkeZCzew2FjwZXS8xxoQ,doodles-official,1.23,119.41121535454235
74069412,3500,Doodle #3500,https://lh3.googleusercontent.com/lkd7Fhw1lQMcRwtRCFsdy0YvPP5uszdDA9YUhdHgXnDrWpFwa3IecKFob4zN3t_y7PxcBruSGG_HJltKzm2txR_UzRnd7jepicHufEY,doodles-official,3.99,121.7244468771501
74115973,4314,Doodle #4314,https://lh3.googleusercontent.com/Fy8j8J5pOkiE7hq0MYcEqZR9SEzebsIJGjXiqne1CKm5BcjtI8FrasnOwE5R8fTIs83pzp9n3t1t7jnHvH9DBJ9z6VJW3jb0rrQ7unM,doodles-official,1.8,111.92539302110458
74042293,905,Doodle #905,https://lh3.googleusercontent.com/MpD6CVThhdLgJbdKy9oDk1vz6fo9ihRbOJt7dKQG8jsTd522s7jb18vqcBOnY4i2BpJPNmvs7eI4O4t0tuV_D-j-89H2rb_SYzoaSw,doodles-official,1.9,110.94716244969956
74180175,4920,Doodle #4920,https://lh3.googleusercontent.com/jWmRISqV1lHzwktPQDaROCUoiYjRF8G8GleePE3H_ay4G9wqZbP3SwGTqm0WZN1NgBAbVM6q0GYCbiM-TKHLvwk86MchCRC7Y-0Fqg,doodles-official,4.39,111.12335098800425
74041935,729,Doodle #729,https://lh3.googleusercontent.com/eMmAUFFOqFGsfveaWxYft_rev9_Elo-m7mRQQ5zkxzwmaOfoqNHGA7lalDPPqh2ALvRkzzMgFfE0FBrYqJ-Ksrjd4wz1wzL0u8wQtaA,doodles-official,3.8,107.27699323063
74042295,927,Doodle #927,https://lh3.googleusercontent.com/SDRtA4Of-epOV7gEWMAaiOGQ4by-kHoodoQqH3gt_kSjam2M0ERUwVYXepTqXa__DrfLCjN4FYBA7l5JJv5y2tbdFIwnWoWxe_NODA,doodles-official,3.8,118.95315012732686
74411536,6052,Doodle #6052,https://lh3.googleusercontent.com/nTRm9TYnFTCdYXoWTZQYAYsvX6ofroc5ww35zKACawCr-PRkfvE63w5P5T3MIilbUKDIsG8Pm3_ZvvpfNqNDgjTvbINHWZPXD5hO,doodles-official,2.9,299.23609651801735
74071577,3568,Doodle #3568,https://lh3.googleusercontent.com/mg1xRAVU0OXz0iqGPMZzAv2owBPMinwC-kpVaPkikb86RB-742vPZY1I8Paxcli5cEHEh-A9RFG-kfneYtbU-amWBf2e8hYigUGywa4,doodles-official,3.32,114.68071827404334
74043017,1068,Doodle #1068,https://lh3.googleusercontent.com/qo3BVr7iHLJQ6snBht0lczPxOFOsRnuMW8TW52MzakOImml5J33xY4LUIGR-djhqD1gXDmFuCrvrWkbjJculNX-8StUGcMph45gsVg,doodles-official,3.2,168.0710368576144
74115977,4315,Doodle #4315,https://lh3.googleusercontent.com/hoUY7bTiJSNPjsPo9GDZW0yRyvL1mJvIGPThcxyBJ3lKwEORWCckqxt5tXaGwu8Ye0aieFBE_NJ2MVJxCAwNoIz1xDOhbcN8VWczjQ,doodles-official,2.65,105.01422398301841
74044578,1527,Doodle #1527,https://lh3.googleusercontent.com/SBvs-rrvIyMY2uEIq4thI7PcLMO3K1BJOxcCQIWON8iV-3x72z2XKaOYSBe3KHsyUnyMgXKEicWHKvOn7EkATMbEH76C8Q60DeekQqI,doodles-official,1.915,109.11054830541764
74043138,1128,Doodle #1128,https://lh3.googleusercontent.com/jqJsXFVcq1ijKSB0dbiTV9RcHJuuUnmyPqk7VJwIzaxzcsmRPzn8KVFGJiZ91pvNE3-Xor88AZ-gBpLopqY_boUapMRyG2H7gCAGAA,doodles-official,2.5,126.48658911573433
74416819,9664,Doodle #9664,https://lh3.googleusercontent.com/jRRcEHo_mSN28_BDsAOMcvy6J-3UHmgkTtLzxiQXdZr0YzW8-RLv_V5J8L8ESkJ2PSTa8ZkeI_hqlef6LUyG1_FkvEvGNF8uckgAog,doodles-official,0.88,108.19419505773728
74046380,1951,Doodle #1951,https://lh3.googleusercontent.com/AVR_mbzlsDfuqAVkYUCumLUrcFFmqaa1rUFwdnOu0HrOlmY3Zh7H_SjEIGd7t0rvW_qvbagHkAfvryMxEBQsVPWVocQT3MgX7hv7FXQ,doodles-official,3.99,329.7868034180055
74414421,8026,Doodle #8026,https://lh3.googleusercontent.com/OAjpg_TbFe4JxSIlW7_VmM5cGqIN1F9nHHfrXpELEJFfveJLWBIDQOx8ixBVi7_IjlVP-n8J5Yht7I86XQBAijkzpMe2qrh8UcED4w,doodles-official,1.35,104.04685729879218
74412981,7054,Doodle #7054,https://lh3.googleusercontent.com/aELhAXIgwPHCN-AemTvJ3h4aYC5mxSiaZ6h35ZEI7L5cFlmMO2CILHNQDAEsbFJzoTi4iyYxJRXdMQc_7PnIkFznIOkITmdIPa7-Yw,doodles-official,1.85,115.61303252234168
74196741,4988,Doodle #4988,https://lh3.googleusercontent.com/WvQhrXUihYUGotbR-CNudHkAS4gZNtH0xDcvjFzoRArBJG_Gt0CU4ws6qLOdJQcu-1k0sAZsmfB3ASDBhEumwlc5N4uC6mCnGgfExQ,doodles-official,3.2,111.96185749262686
74047222,2104,Doodle #2104,https://lh3.googleusercontent.com/p_B1TKY-WE4HxY_7mps3B9Ls820TYE-Lucx80qalRbSs8_qyWqxTYZbHKICGmiMrBClfCid0yAkw240adXZjeBJrHKioSlsTMrrhig,doodles-official,1.449,121.51671663536966
74049864,2483,Doodle #2483,https://lh3.googleusercontent.com/iCbRQk1yytyMiAPF7XWxWMxPVsmOef-eYbNnVnd5DXsTMjbOTnsQp2ilHV_Fp-HZJSrphKa87N3d_4p8JA-kEHMMBkkARa3grOi_AQ,doodles-official,1.35,130.3757239520736
74042305,918,Doodle #918,https://lh3.googleusercontent.com/fXkiNkLxyOzzP7XscuEx_67ejN7yvCg6djOkxUgBD5j2S27w3eLMBLLrk3GHP9xB76hfJCdLKEMIZnQyLU2KEWgleAaBrN19DAg-uQ,doodles-official,3.8,107.64435723385338
74048186,2276,Doodle #2276,https://lh3.googleusercontent.com/uTCpAtveDvbX-S_6a6i_FePpBqLPyB7eHqwPo4oOljynMeKQe5eEaY93qosioX3GNC4yQ3p4hDAZMUeqWMfoPPCmui5MoCs6JPpCRHo,doodles-official,3.2,162.6227738068675
74415506,8679,Doodle #8679,https://lh3.googleusercontent.com/O8r22qaW9CzkxwKSBOD0bRcu0bH-qZiB2aHAmkpHzw06fGjmtXgVuny8O6jIejsuEBoeZmhBwa3-A68mOnjHNeTcxnghssf2EwHp,doodles-official,1.4,140.29863036474978
74116586,4325,Doodle #4325,https://lh3.googleusercontent.com/_SdQjSl9hCwFYmJ-jBjowti1KdowonAMNRb-RglulvVunmTK7gRr4FZnxz4FoeoBfCpP8spFxKjVE1dCf_jSIHn4QAo15vUft3ak6HA,doodles-official,1.954321,115.8820586162591
74412987,7024,Doodle #7024,https://lh3.googleusercontent.com/sOZ1AlPnzkbJqR0eg_f8dBStb_dq4b8aYYgtBDtpdGZC5j9ah37vYD7UU-8VSGU-3VHLd-W6mA_AfvPucKpF1w_Dj0974ReJJ4u0,doodles-official,2.6,133.8050373578971
74041707,615,Doodle #615,https://lh3.googleusercontent.com/XGD5wxw_i3HofQFCtkIb8tc3wENvcRU9nS1fTLChA6LRkVBJ5B2UfhO78nBFZI1BxDB3t2e0ECeP0Za2shoPdPRsJG6Q2H4nuLp0fA,doodles-official,1.49,163.52897440391985
74041587,536,Doodle #536,https://lh3.googleusercontent.com/pht3t2RXuc9h7Jk5XoxOr_eoNb6WNBOg0vePvlQms6ZMydyOaKcFHytXN0JwUdAHAe5gjJEW3_9FELKEc_Rf8uUQSBn7WJDO7WZinQ,doodles-official,1.779,118.07324278059286
74041468,439,Doodle #439,https://lh3.googleusercontent.com/2YYLIwUdkP9-GftAXInwBVnwv84D14qF0TLdYFF3XwFT5rB7Tj0Z593HleHhe1xjSVOaWQlUQZrUrrIof7eefhUGhUsfIQD3khCyDg,doodles-official,3.92,100.84542411636646
74041948,705,Doodle #705,https://lh3.googleusercontent.com/LSyOs1q7zj3RNBi4EjJ6Wx8n9EBQ8T6Mqhk0QX7d6kBnOXm1PblHi6gqMleWCkZHJGRL2Y3GSQ9DTqTDneCKiDEVXwePzzyqmrIK87c,doodles-official,4.2,106.35990694031173
74046148,1832,Doodle #1832,https://lh3.googleusercontent.com/Cb_WOZBFqXECis66jNxzbzrNHMmiGB0Ggy_atYaWsbXCDXhsTUvH3kTl2IytStqeIP7ElWOjp7wYyyXrUh3ZNomhGEMuKhn-K13CXA,doodles-official,3.18,107.52311470970653
74046628,2022,Doodle #2022,https://lh3.googleusercontent.com/E62QHnyMUyp2G3IX4hZiMtUx9ylWjvGUfw49yzaxa0mm_qqhWUKi1s6DSizQnEINx_k06wsDt5IWdJ0sDdp3uWQsSlw0b_goI_9DJQ,doodles-official,2.9,128.71432500054374
74048189,2264,Doodle #2264,https://lh3.googleusercontent.com/4BEjGeaqaYzA-0KjzH1Ct-4CXhS2a79LDu4tqd_Zq-g7WG_nkTESGOvSavtmpv44LQUsn4SHjUPCBAOavDRTnBawj-zURpwepm1WeUY,doodles-official,5.25,293.59304168772434
74042909,991,Doodle #991,https://lh3.googleusercontent.com/Szf1Q8yNwB__Dt6OSuqopsHqNcPqf4fu0SI_qm-pjVDQpefVfvx7-6V2w60n8VAr5BxrsVJb8EOnSmvsNzfZJXfP2Guo1jh1VWii,doodles-official,1.9,159.22149905473233
74041950,675,Doodle #675,https://lh3.googleusercontent.com/PPFfUiM3D0Kh8WlKe_OmjeVTA3RNEtHcf_c26HGukQdYJfsTCQm-ijYOnsVuchyV-BiPReh4ASecR5SiioMZfWIsBbJo1up9fvLnKI0,doodles-official,1.5,104.20592045123577
74041110,229,Doodle #229,https://lh3.googleusercontent.com/LTgBQXY-DSIy4Ai2zQuZkddj0cwZ4-6iCoJziBi7FB9NjrAaadQ0B_aG_MSguLpN7-9fBrH9qtzwA2Udb9aa5JFcY3FU6pj4ttDe,doodles-official,3.2,150.2000998443547
74207791,5079,Doodle #5079,https://lh3.googleusercontent.com/h0sVdzF42DLH0Vrjh1vLpg5lmKMxaOzKKqxrclSNWpjlzaAQ67jaV5JXSGHFJSwVFXtfag4y-LISQBaYuBpz0jpuMChEBGURd7p7,doodles-official,1.596,105.0510252383185
74414432,8003,Doodle #8003,https://lh3.googleusercontent.com/srYqwtt5mRozWJD-21yolLwciAh-TOAHim_0Vk_vre1XLq_3Y93TlDcnxE_qQkFwUp2jxHW5qU2X952sTcEUDFNr-itFArqvm7xZTw,doodles-official,2.8314,178.97647804928704
74135553,4557,Doodle #4557,https://lh3.googleusercontent.com/lvxGqMP-jTagxRASi2gxO0ottg_M89uqc3WHyWlYVE5-5gWaN0udQ6Z-rGyIiGjZrkTYHRtjIcmUx7e8fIpayzsusjSbyYJBbqDnmg,doodles-official,1.97,175.73032047050557
74047954,2198,Doodle #2198,https://lh3.googleusercontent.com/lELSm9GGw8y7OHUDpgFDg8t0DNbjruZ356eO3xzXAfNv97_vY-mPr97cdY1W1OvDTwH-mZtFOpthk29j_EMFZtzLWcj-qKjRQcmrMw,doodles-official,3.5,118.28461016544253
74046154,1861,Doodle #1861,https://lh3.googleusercontent.com/wWOu4xDBdkJ5e9Ak4VhvNXbu2fG7RV9FTCEMyeWGGWLZDDsojXL4p04dCXvdBjlsaoEDvY3ghuMJ6acJyfzS1iV7VeTWNG_yLH4wog,doodles-official,4.33,108.21906026639073
74047955,2208,Doodle #2208,https://lh3.googleusercontent.com/i7VsHE7Ez02jPI6v6h6w2JSla7B_jVd4BT9souNKc0BHzJolc9fwWW_5Z6M3z9WlQBlZv_GIqwbgXFduLDjCqztZu_X_qzPBFueO8w,doodles-official,2.4,119.63440445501132
74041355,402,Doodle #402,https://lh3.googleusercontent.com/P7BkXs7WQHknjbDIOmOQl-6PdzVDuPJV_jcummyKfOWUyg_3nX_gXVTgVXdZriSGG-v9-b0ouvwiSR4ybjmpV2h5naaJsOJMtRzJHQ,doodles-official,3.4,108.07978519283894
74112155,4259,Doodle #4259,https://lh3.googleusercontent.com/wG201R-rAf-N0XO4YZIJuNaBMfA_aHTAlMcJWtzmgRZMIRbdnGffi28UW3mAvfYSqitKFqk8spLglOhzODC1aUd6n7BefuQkchXZtQ,doodles-official,2.5,111.70097748069337
74412155,6470,Doodle #6470,https://lh3.googleusercontent.com/EfEyjPh303VNvy9s47B3_vSbu_SaOxUKTwpwk_KzonPv06z1lHGGrfa3QScbNwUULkNzFQvy8kcn0Zrsl6nfLU5Pmn3FgM8Fmr4Y,doodles-official,3.19,114.23104856299594
74047235,2106,Doodle #2106,https://lh3.googleusercontent.com/ObGiGj9OYfn9xjFI-ujHIg-TivhjDTK9MzPCS2VSzBUZdoO0GJ6PLmfc7ywVQ6YuoT-UwF1FLpaJ-7ilJJoq90_4ohVNMRKgYCbw,doodles-official,3.15,118.13405377172576
74052877,2723,Doodle #2723,https://lh3.googleusercontent.com/ppAvaLwvl4Jekhz6QqIo_SdIhygcLE0T-0gAw2JkHHOIaVRWidUFEujUO9YKEPWElUyOXtCfPTWaqmlsOlKKD_Eh2cfsstmtDx_foNs,doodles-official,2.9,104.81234456666567
74040637,94,Doodle #94,https://lh3.googleusercontent.com/xlObYQ2fKwgY0QuYmcGEfP2vx2dwIXDMTvj6t6S6vD4I7YoPoIvnnuqmSp4wtpL_W6rPsSzg1UGrE4Il8BuOLVIDbveRMtQLVBcdsQ,doodles-official,3.57,105.64332145417266
74412277,6463,Doodle #6463,https://lh3.googleusercontent.com/Eir2onA2ceYGZE1nUq78UkoaXJdGnVcUQDvc7ICpmsI_eoNNUmEwMIlAxSL1oDD797-JheQ3QNGlyutfnVMfOV2gOxlVAR3w1BfX,doodles-official,3.15,175.32344171935526
74043279,1217,Doodle #1217,https://lh3.googleusercontent.com/l-tuG9C4xem7nMPl1M57t61YXmGp_E2Etw0GnYyVH6vkjfQ2rNuicujnyQiN-H21RzwUP75SrSAixd0uHXmkLNpWo9BnnH7UFPRdqoY,doodles-official,2.975,106.97229413012218
74230119,5181,Doodle #5181,https://lh3.googleusercontent.com/iuC8Qr6ln4rbliKB2j_8uD1ejDShQq_E4er1JqQJIBFz6AT7g5ywK-71jnFeDHSj3pwC0YCDJFQ9L1oolDzSyml9kErNpk_CMB3Y,doodles-official,0.878,115.23134560459852
74044600,1530,Doodle #1530,https://lh3.googleusercontent.com/Dw6cnIVAZ1D4m9jN0mUmSsddnYx97QfQ-q7qhJKRme7EP2qTHBTb_4NutWtahUDbYBdX4M8ww05U1MyMIIcpuDSFaG9u-jiy71pIcd8,doodles-official,3.33,105.77224408669233
74121040,4383,Doodle #4383,https://lh3.googleusercontent.com/ZAvijQfRGig1cPk9lj60LIAq9G6IH-Kvjv4mO4qJAFTKOmNyB3Ei8DAvjuGRnUZCCMMJ1Gkfet2n8Dz6LnIM9LL39d7s0FXXFW_J4z4,doodles-official,6.44,270.8875718473156
74121520,4386,Doodle #4386,https://lh3.googleusercontent.com/-Ry8jd6Tv9HwmLgIhTR_XMEOmXThVnjAzXMgF6LF_EXXc2MbcKRsrHWH0JiGaMGzHw-rnkt7BFUIdOFYGcla4Rqql38RHPKZWIAPVg,doodles-official,5.0,108.93983396474428
74041121,230,Doodle #230,https://lh3.googleusercontent.com/Vnv_V4_idYyfxb2eapGv_3OnSYtY1Ib2jYCdzMHdHV8vB8HQn_W5gDOmH6nSJXfBr69NOZYp5-7iqhRG98YVEPReeUi7N1QLqfcn,doodles-official,1.0,128.34236352939416
74199402,5030,Doodle #5030,https://lh3.googleusercontent.com/9Gj-g8gzNaaUh-ihEELzcRGVCDdNlH9xs82MY6zlrVmKdRsyjM-GhHnFcMG1iJahPfaGoYTlW8gasNHC07Y6NpzbParkXmHX_nt-,doodles-official,3.48,117.24479049648475
74142042,4732,Doodle #4732,https://lh3.googleusercontent.com/WOfODGRdqgkYZYP6VIdy1lQttu3jQMcUy5mya0pBUBnspWaqncCvOabYWAkgI-CGFMjE97OT3VPYOrnxbJ7e2oxW81FQ8fYTnjLJ,doodles-official,3.1,215.24977552565335
74047962,2240,Doodle #2240,https://lh3.googleusercontent.com/PMqcRkjKItQLcA4mHgH0WaWo0P_AiICEd4f32sfaZjqh_0_Du3XbiLBNd5k0m8ahWIyBaFx-kwToTuM6EIoSR2F2xqOzHYf7-8NlTQ,doodles-official,2.2,191.51073019015513
74064405,3285,Doodle #3285,https://lh3.googleusercontent.com/386eoT4U4vCqdry7_6cj78WDgY_zp65O1UY3sQtKdsbbSogAMhF6aa0OO9ah2tnss8sfEFSS-oIoy4na49iW25Uwhigd9Oc-DUfoeg,doodles-official,1.5,153.52813485635662
74046405,1963,Doodle #1963,https://lh3.googleusercontent.com/IcnxIJqCl1BEOrd1rNlfHSliOWivv4AiWDltdUSGxaQ1ZFjVcmGUXBGNTkYuZRG3LTjFBJcofS_paqEX9mmMAX9W4Qg7bqO78iGH,doodles-official,1.2,116.39277882356141
74041727,551,Doodle #551,https://lh3.googleusercontent.com/7Id-sQvtTLPy9T9WxLl72Q7l9eNeBG-EqQpUe1srNZ7pJVey7F1AXUyqc5alLr_aItm_xqKLUBvFEtY3bqZ1cQr0gQmE9Sp6aqfaQmY,doodles-official,3.2,143.74329938409016
74124167,4421,Doodle #4421,https://lh3.googleusercontent.com/409__XHuvuZw5ODil8Bvw-uCzBavYpke01jaboIaT2PUxRwfmXsYgLvBNCUsdJEHxxmzxJuio58qgyE12-rVRzP5an3gL_OLDD5jqQ,doodles-official,3.29,123.41246181607322
74045927,1808,Doodle #1808,https://lh3.googleusercontent.com/O0dTcrDjelwSRqArrNgjyxlgiBLm2FuBcvyoxGrYeCtJhQHZm2riOwhbE-qfMizWeIo0euFzkmsuxzUTwOb2AQBSAWz-dA1dCioR,doodles-official,2.18,172.05854040064494
74412288,6589,Doodle #6589,https://lh3.googleusercontent.com/41Lk_NDT7Pso3oOZ_eHlDDS4-a17nL-Ft3C_Pfjm3yjJUH-ZFa8nXg6HknTFO80G4kY4P2oRNKrYKNxQxr8pLvkfIVYad3Va7JvZeqc,doodles-official,2.5,111.90635174508263
74412648,6702,Doodle #6702,https://lh3.googleusercontent.com/in1vWe4pUgmMJnw3t2YaDLAT9GTys1HKyFL3l0z1OAuI2lSS1mnizCqMW4bfce37-840B3w1xY2Jkjv1ZjVoK8FK4hJXhrShcwoK,doodles-official,2.0,164.18710695004165
74058169,3040,Doodle #3040,https://lh3.googleusercontent.com/mMc0KHKVsOSWMXq1X8LW-M8ZNRPaflz7XNSngzu0XufCgbXTfzcpTx_iu2rMs7XVMfSJYnA-ZRbQtREC_6rJ-uJzDLAh01ZrSKHSWwA,doodles-official,4.2069,115.75322525595979
74047970,2224,Doodle #2224,https://lh3.googleusercontent.com/4WnLeB25moR3sbWOO5QhDAFgE4_kpR9Vz4LztpgkC54dBone4V42s-FhIUzOehjmqbTO6y2m4rwsmM_rzL5ZQ6-ulDIakOSj1XYTtA,doodles-official,3.43,103.54655737338229
74043891,1454,Doodle #1454,https://lh3.googleusercontent.com/f6NLQ5UGWx4WnMU-h0TMah3vDQ7XOtqnUnAQyJmgEEIj7tDia1X7CZ4JmyttFAu5J_L08E2nfmhfmhWsr8-LqABcjFpMienJAjZ8O9w,doodles-official,2.69,114.29130317189257
74075211,3671,Doodle #3671,https://lh3.googleusercontent.com/aSDWOFudXAerTx2rVHpWmVNMVzH0sj0txmdC89KqRZaCuno8PLkhcSoVzRWKuhg5iLHvW_EgP8FRZ2MpzhwyTf0bmJ9pHzN5qHcM,doodles-official,4.15,137.9548333276533
74141091,4722,Doodle #4722,https://lh3.googleusercontent.com/0bw-7DblrbNQ_55zo99rTX6h0GR4o5P8Bd9lz_2SO0g1EqFsE-wAME7FIozUJBFWfMJiJs425-9gkHU_tw7IPG_lfqBsjRudI96NaQ,doodles-official,2.99,149.1217349492398
74102814,4142,Doodle #4142,https://lh3.googleusercontent.com/9lmx4_UnQ1STVUKM9AUoD4gCYfvqXBvHRnLjeqFzIcrsGKGBly6q3-dDV6fn7521YkS2qECh1MVykINsfqhpgTRVZpV1q3L5NLqgXA,doodles-official,2.8940625,157.76716476078576
74050734,2526,Doodle #2526,https://lh3.googleusercontent.com/WC-pGlVrmio701ulxdVC4MHZOL54UcFOvZ4QzkvI7dD4p70NSZwoQl-RIC6wC8Y5YZUlcxeNS5I-ex9xIJwdcQTnQMCDzJssT1pwlko,doodles-official,1.925,121.10729121611804
74045454,1733,Doodle #1733,https://lh3.googleusercontent.com/UDYT-3bd3Z2j__PHBXrku3YJmWar9P_l9z62xbxpDloD8JZX4D-U9rfa-8FosfAhbUYxcJER_OVgZuBZVnG8BG2S6DeP4CU-fG-CZ8I,doodles-official,1.45,169.5969170262154
74107614,4197,Doodle #4197,https://lh3.googleusercontent.com/GwhqSVdgPB7xpb3jTdJhkBWotSMQP9Y8GfgaebI6eAHVxuI9ZhMHu1AuF8LvR6kVqjbBDjgV6qutBkgq24HeRTGL-HrwSPER4Bg6ZA,doodles-official,3.275,106.1279564069317
74044974,1616,Doodle #1616,https://lh3.googleusercontent.com/kb-w0DJRBO4kftkQ-aVQS5uwZjNddfAqxPCwGD2E6IFjZdV7FsHD0Ut6TwBYJ85Nystpq9oZn6GF-vA41oWQzyAHJqqfW-26Rka26w,doodles-official,1.49,111.0222820798592
74044975,1648,Doodle #1648,https://lh3.googleusercontent.com/9YV9KCym_Jk72PIGWzuMhikNOh0vJumWoNfSeKR62gHOmWuqPejXjX28h0TlrQYcvE7hLwfYgFRX0BxgUMq0JcNdOCHo1uJNpY01,doodles-official,3.29,143.83916946510908
74042096,797,Doodle #797,https://lh3.googleusercontent.com/m2XpqXWEaKu75uAtnTq01QKLqHoB_OdYTx85b-jKGjN8uSVy83i_gVPHbbVHFGoB0cIKC-Lvq_5W0CXm1pYCvgWDKPBpe6LD6VhN,doodles-official,1.56,105.53503621654417
74101497,4130,Doodle #4130,https://lh3.googleusercontent.com/boGSw8AxBel6oBFlkoa7vMg27ukVvzBv3PUH2EsKKJ1pjNqJhLxA9WvX-R5GcLF1CKa0iXq-rfJZiKtH2xEH3u9STvjuhJLp3nae9w,doodles-official,2.45,115.28729854684846
74041017,194,Doodle #194,https://lh3.googleusercontent.com/jO11tZXqZ3LQl43PS1vr5nS8VkClLiQP0GprB0pB5FxREnF06YPxbCl6b0DQmq3VKbUrJg5Lc19coY51wol1ccQHRX7CYkZZPx6d,doodles-official,3.7,103.09668403076661
74415538,8721,Doodle #8721,https://lh3.googleusercontent.com/xQAN_rMQDKIHV4Kt3a6valfqfi5fIRYQmuYsACumF4oibcolJuHtGIlVh6PJpSl8Ed_NUiLz_s62RNrGwJOh2DUmD0nbW5EYPAqhRpQ,doodles-official,3.5,103.46806191359275
74132578,4517,Doodle #4517,https://lh3.googleusercontent.com/RDMaBoNBuE-3z-MmAPIVBI-KeSK2tieBHSO6ZYwyN1WnEVMJgmbX96z1u3tpIk9e9-IP4oJaEOmcI2Oe02jx1LicA_gJCNSCMVADzQE,doodles-official,3.29,126.74213928789632
74129578,4482,Doodle #4482,https://lh3.googleusercontent.com/IMeRCp0OhaSZoJIqrFdbCRF5HIuoVCf3wVj7OPgfsa4ZbQs-ZM-PF7UXMTL0rkIQyhjjMN6rn_ruk-CLAj9gi7GEfpw_XBs1n41P4zM,doodles-official,2.8215,122.20646490364689
74041258,351,Doodle #351,https://lh3.googleusercontent.com/w3U7o9Oi-pzhdzpN0BPf_ccktwbrsGAE4cDa11BsU1ZPOUSiT-bHHO3vStcC3_eUBSiYPf8xEkiLhvdG-LBEWAhDHWAOY_Yb2u-9,doodles-official,1.8,183.33386007284693
74067299,3411,Doodle #3411,https://lh3.googleusercontent.com/U2dHuYE7DfCor-iM2D2W93suTRFMFGeHqNJ5cIMp5Uv8GXjkHzPM52vBHAenvdg36HQbNvkJJyQtuaXusQaioxb_qrN25qarrOhdGw,doodles-official,2.63,109.38897273252701
74123459,4405,Doodle #4405,https://lh3.googleusercontent.com/vr7QxHNhejNQkiYsAkVbrfd0OckJ9tYDlHsag8fa2FdN1DZCNHvdc9a9syqXOWCLiJazkTPRZ218HmtKCXU6VWZAQg-QKLAQrjRlHC8,doodles-official,2.9492000000000007,113.52265838784261
74412059,6369,Doodle #6369,https://lh3.googleusercontent.com/yV8oyi2gaIyJLYZ-d4QxPi6tRUhzz6R5tefqwM3QEHTpHytwL6KzeSz-MOzGjxxhD0dEzQFIBiY7RJZF1xo0mK1VyJ4wVRpzUWqIKUA,doodles-official,1.38,147.45676472313176
74249100,5236,Doodle #5236,https://lh3.googleusercontent.com/3pDIFoh1WUiqtZdbFitdi0gN7Xmy_kUWpSRV1zEhhBqZoEQxW9reY_HH86am1MpzIWDCOIV97qMbUjVJjpQenWHuX8RjG7qBEHL_aQ,doodles-official,4.5,115.65576844931967
74040661,61,Doodle #61,https://lh3.googleusercontent.com/r_5OeOD0eE4y7vJXZD1ZGEpkXle9dIVh50T903VWUZVQFnpn4aW_EwOyQ3VkwrQArn7EeUc7h8fefMfiYWV5RLLocKoc1ZsdJvo_,doodles-official,3.89,111.73511060500927
74413261,7218,Doodle #7218,https://lh3.googleusercontent.com/a4uneu9z-Rlk0X-Ljy0Lp0Fy4QziN9fgW9NeImKYXnxXaUIfYkJ7K90M56HrqGicu7kBsi6j2BmT5w6sqwv6qalNtrwMvfJb6HeIHQ,doodles-official,3.4,190.5246137040162
74041982,753,Doodle #753,https://lh3.googleusercontent.com/IHfOxdlPADSeVszbblTYdOMUuccCKMouk0wpBV37mwzmqGvINByafnCVyP1Vcorvcx2rDjFe5PO5Mw6iYiGIvsbFzwJtz9KnzsFuZms,doodles-official,6.5,383.6329116119604
74117224,4340,Doodle #4340,https://lh3.googleusercontent.com/XtEx2tujjOdh7yeL8qA6wOw5PQI-wuqNs6Dh4DNKJ_cx8lgbSfKnYT5C8UUDWCcQexsELqZtyuSOmOALHBbOrrkbKyZdHZcDY6j8,doodles-official,3.95,131.55459010793896
74132224,4510,Doodle #4510,https://lh3.googleusercontent.com/KE9NZ1edXjOjESVs41GQuDERP1AdgJd1IAGxz2uIXCF0kBxwFMcak0jhQW8B7ixxXhkqg36XWLXKGu2PrzUN3hxTKuL8bfvuvrQK,doodles-official,1.3563,109.97209570726457
74414704,8213,Doodle #8213,https://lh3.googleusercontent.com/fs4HzMUOlbcpmrCYduDpVIg5N-wTm_F8veQokUkB7bDdHVsDPTiIDEAANoZMkDYfrzDjbekaxXJqRafMUjAlRL15PdEhZR849k7dEL8,doodles-official,1.188,103.95779147043348
74041024,224,Doodle #224,https://lh3.googleusercontent.com/QmqxvIhAsVR_5DyPFVnVm-f5JSNwexkQC1ZOXfQKv3Eks4DhSDejBYY7TXzXxNl4gaLfX1CU3W4aDDFNVB8UT78iLhQOBaJZY6P5Yw,doodles-official,2.58,121.0674900583036
74115186,4298,Doodle #4298,https://lh3.googleusercontent.com/TMim7-VTKPOxGh3uT_qMiJTLKplMxcQevGDrVkizQ2yv2EDQdpRdm6lzWQEuNPBKNASK2IkhlVmYF5KvfLD_RvTwVHSp7BcaphZ-FBo,doodles-official,1.24,160.68058806328045
74106186,4177,Doodle #4177,https://lh3.googleusercontent.com/2QDSqHPzE4mpobPwTqNETqsEvKMig-gZ7vgklxgX9_iR75o4N7hY2b9-T8a-c9w-Xc9I1onOE3d07NGAQHljG8i7Di6ActRCKmMa,doodles-official,3.0,105.27488245334611
74041026,160,Doodle #160,https://lh3.googleusercontent.com/0NVl04BsawPxX_G2APf9g2Jojt3Q9PKCvEsP-JqVOJCoaGeczYNQNFQD2pmVJ9Pfwrj4_uNxqxhN8I6iFrAeCpfg7AcDY8DPrrDuMro,doodles-official,1.378,140.21818510468916
74040666,134,Doodle #134,https://lh3.googleusercontent.com/E2EpYbWgy8c-V_CM6aN5FUshavxsRbRNI0HJEThm9xOCmqM7e6DegU54OlUU7pQHmc0YUacpljKQC0DlTPyJnM_V-C2MVDomlRdu,doodles-official,3.0,123.05977200981411
74044987,1649,Doodle #1649,https://lh3.googleusercontent.com/pM1CphKtlJnowcoK5dLuMbt0dH98WWOGt9lk8zIPvVjGlw2sYTABXhM5FRNqYfGDLhbbnUKbCJHpQloyLAt70Ci63pjQm421iABdyA,doodles-official,3.0,108.73782907113088
74054827,2852,Doodle #2852,https://lh3.googleusercontent.com/BBZP3VXb74Hkq_0be9scqKRtIWr6GtaV-dRrijktkBvMjZfs9M0N7HAlUUWB4T4vVGbFDdXFWSTh1TTjQV5ytzjXNcPhIQWVg2KY,doodles-official,5.5,132.96104901886798
74132227,4511,Doodle #4511,https://lh3.googleusercontent.com/DJKVntTGr-uoV1YehiRBvKYuuCS8uN8jxsBoemP3PVsumdfIYJCHfO4gM-OrmxQus7dMEjYctC16dMATNN-zCNtx471eWYszzcyTIg,doodles-official,2.789,122.23275018284727
74042108,826,Doodle #826,https://lh3.googleusercontent.com/8J2OTY6peBSc9VIyHKrLa6MU4W6ityqNdwH2ljx5KlhLlczdVJuPgqU9B0b6uSA5V93ZhrDI3_M_cu5u_a22z9dYxTBBM08bMc9Q6Q,doodles-official,3.39,117.8075806270276
74079789,3762,Doodle #3762,https://lh3.googleusercontent.com/P-tMJFomffBF_08nDjPU-sV6vqLlEb9BG4DXeu6pKI9U705dyBCeRZvQYfA92zAjoBGXjzTj2A75dzqJIRu5x-XW4uBubTzDiQei3g,doodles-official,2.89,113.51799674701961
74086749,3926,Doodle #3926,https://lh3.googleusercontent.com/vFYhD8_2oseCxcpLW0dVwuDbnzXEfbjSEsZq61_-XIlkbzpbsIWzfaded450QxEwneYPL-Kp3vCDi_nlb5fCbbtqgYPgBNQlEVlXt_c,doodles-official,2.8,116.26782933192585
74040669,81,Doodle #81,https://lh3.googleusercontent.com/yg1RQYJp69qWOC7qzA0tr9FPAcQgsM62J6l9Pt-3QHslpQS7bb4MfK_JwGd6kbV_k6PkOAGIEnQ3pWS10OMvM0kuoXYRsmsQx4RN,doodles-official,3.3,277.94387109076376
74041990,720,Doodle #720,https://lh3.googleusercontent.com/qTqkxYhmto4d_eyRvWZKebHaQ2GTMuUCAS82b-FQSJ9UTrRZJhznqFaN3p8YidgeH1yNha5f96syDgwBL4JAi0FnzOz6bg9nnrlv4Q,doodles-official,3.369,105.41300468946018
74106190,4180,Doodle #4180,https://lh3.googleusercontent.com/UH1rvLwO466HiVMRBHqSgmOL4whq-Guv_oqGbGdxFsCIcVPsR9JYy2vkmIOLkMxR9zMWzXM5tqLd3FIsRi3LWxj7WEzjSAWUR5am5hw,doodles-official,2.84,111.78064714072494
74042110,827,Doodle #827,https://lh3.googleusercontent.com/RGxq8KCNRGZa2TnlO-plmR8vtjkJBrPdDzzKfqf2RwHhEojIq6MXEg4jmqNmaEUX-8wAL7levfbdfbpRKC4JuKSIpkMHkz7SXv0UBag,doodles-official,1.95,113.84849244760417
74046071,1825,Doodle #1825,https://lh3.googleusercontent.com/h6o-ghzCRDGBLW7tcCXssJGhSMxCcsdKM17hLaKq3B1QEFRi1BcJTcpKdkf_7U_hxVfBpY0dRbKpCWQjkrIsv_unBUZUOHocHYml,doodles-official,3.78,105.63927076134763
74144352,4772,Doodle #4772,https://lh3.googleusercontent.com/qxhWacf7NkSiIq_gJiHzfbhxFNK8BF3ubL3WheoYymoqf1DmRjOeH3IIrEPkMC-2TQ4JX30HPBY2zk6QlKPkk8vUbcgCt8TRPsvAaQ,doodles-official,1.799,107.47456410281319
74041992,725,Doodle #725,https://lh3.googleusercontent.com/DHTof64-W9PW8Uuc6tqTNGCBDdYFGi90___8NtUaIPqQDBUVhLCj5jS_LAtRjymItcgnX0etO1eOsKanfkTxMG-1U_Itf8k8JiGPMA,doodles-official,3.5,130.56951657238406
74044993,1658,Doodle #1658,https://lh3.googleusercontent.com/jwH-u_nRIbeJkCVWAcC0bIEZ7WZZJbJo7FMXbRnzVdzpAWfExHq9ExbjxvsiTdp7Rk-md2N5LjXOd6M3OnPNSmRgx0T8iUIHJ-yXcA,doodles-official,1.09,147.07095841779665
74413393,7306,Doodle #7306,https://lh3.googleusercontent.com/A4v6zrJ5v62nzp-SEzIxknoMUUxumlk6KNhGpS9Qps0RlTiBDnhd4hLG-xgF9FgeMCGl5flwrFzyFlDHQmH1kgWv4QSL75nuWp14XQ,doodles-official,6.9055,395.9397875112076
74123474,4409,Doodle #4409,https://lh3.googleusercontent.com/U6qQVAaB0gTzUR6cjG8T6J_TVg7Bd31dWT0BSseswAx3cIMFCeb2fXHPPFF7iGdhXIZ62gE_tO6DBMx8QmfDZ_bjd7boLAv25H9McZY,doodles-official,3.7499,128.28900364666248
74414715,8198,Doodle #8198,https://lh3.googleusercontent.com/6SgFGM4QV6TL3K97mj_YgOwInNbLr0NX0tRn36XlBHXQ0O-kjmr9nqeoVLHordcX6kjONVpWrS9s3GRECz8H7HANL1eoWyQCb8w3sw,doodles-official,3.1,198.39925547948937
74138595,4630,Doodle #4630,https://lh3.googleusercontent.com/grMkgFmZ8kQpqJwndu1AogQOILnWPQxyi0-iZ0kEUN1cESCDY32ijGcWGNsr_8xm0xFgETBas84cEqNEeM8U0JvzWgQf3Y3gcHBjxQ,doodles-official,3.65,108.98688707791908
74101516,4137,Doodle #4137,https://lh3.googleusercontent.com/JMkz79ujN1KgYxO8P7jMQDC7QkUlKioMu3g1o08ov31LD9I-XJ4amId18815XsczhWGz9B5P6YP3-DjtrEAxl-m-_fk-pb1JP2JB,doodles-official,2.75,110.41068808299639
74307436,5342,Doodle #5342,https://lh3.googleusercontent.com/eq6YKCZOzMOdu6VPQy4rlcThaAmJzTwedsJim-K41Q6tvZWBMBFiKSR1j_e6O07-51E1jRbFDBKJU1r4ks0eaHLb8EO_UFt4mK4BNA,doodles-official,1.2,114.92239267514853
74068158,3447,Doodle #3447,https://lh3.googleusercontent.com/Nzt9rHnHUXqLo9zJt2aM-uGXjin3iOz5tjeqoMRxn0d8FI1uIz2mK_WEXiV8ZfhWzA_53XgGDmAFOOXCb00tBPJnBf0Vj1DfRMp0Ceo,doodles-official,2.95,120.0148747532926
74120239,4369,Doodle #4369,https://lh3.googleusercontent.com/SAJ4S5hkBGXKDdY-tUy4iWiebJqHgMlTUbK81tdS_sVBUZiZV7epVByGLS0NUOrwGnSTy4sDQ6mpsUrQPgXGQz-SfZudgbIFc-frqjQ,doodles-official,2.1,119.76036464978972
74412559,6631,Doodle #6631,https://lh3.googleusercontent.com/QNUzXjQCelhGDtV0PqzChMiNJUBTAcKUHCyIPRnw-SuyNSSYVQivkraxRv2Yx4fcLg-anwkPFr0tO9HUcxNHuc5pM14oRt-mBl48SQ,doodles-official,1.238,107.75081470313866
74040679,62,Doodle #62,https://lh3.googleusercontent.com/_yn0mbiF4ILR8CHHn3Kcy1Gase_hJvTGND7lcbTQpL_Nsk3Gw9XZvCfiotfAqW9akJTVHfNasZD8YNfJ3xwKVStyoeJygMuQO6Afsq4,doodles-official,2.96,131.75667179492353
74188039,4934,Doodle #4934,https://lh3.googleusercontent.com/sCpR9tdbM0fx2Xm5YEKylMSk9zVfVxjIFkiSauaRWvUFZ92byQOyXAUAw-fe9Yyzeg9zOKwhJp-mTyhawDyKcQZ4uoKpinjwUO1ad3E,doodles-official,1.89,120.16067621568129
74048480,2298,Doodle #2298,https://lh3.googleusercontent.com/BY7Ra3l_IqsSM9a2vEwMno6gWpoVpQAwxAa_C1oIS4m4o0vstRFd6lrVaercwiR5MAJZ8jo9NvHGZQucK2rhHzo7vQhp0ElQHaxK_g,doodles-official,1.5,117.81708268373151
74113880,4283,Doodle #4283,https://lh3.googleusercontent.com/RizTz-rTBPWkyVJ8tLscTIvpHB3QSAAuqFBg3itx50NmC0GyI5AvAexlQkeedYuW3y1b6LqPrgEhTiA15rfkxr79H17Pth1bkvDJ4Q,doodles-official,3.15,118.97433087169718
74046200,1879,Doodle #1879,https://lh3.googleusercontent.com/RoYbAhKpgFry5mHXkHS6hI24dj8xNClkfwHg1cC_DvVLPs2yibiVm2Q1XoDTylNc4Ww38ABNXRYR9348z_qkt5mYNPZP32xRHKouICg,doodles-official,1.5,107.156466593608
74041040,181,Doodle #181,https://lh3.googleusercontent.com/f3eP8Guajxtf7pz0JjUA1Jv2pSZPeSaC1RIdVyp2s4uFeRd58A33rYhVvhwGLzcaFvAD5mDKzdV_sBn4Yl5iIPzdm3ph8q6sxjgQEw,doodles-official,1.7,113.48674369152957
74043560,1396,Doodle #1396,https://lh3.googleusercontent.com/ISmtGAHUzyWhQ0XtP9bMskMv5u_OPoqQLWngLeyyKlWE445CVppL3wjRkv-gvSc61tD4Vo_tBLkPApht_pnTfxBnGr_mUvTNHN7lUg,doodles-official,1.44,105.6830378612989
74138721,4646,Doodle #4646,https://lh3.googleusercontent.com/QuExFwVzSJdQOcRth322LaPx8dRn947sAne5BvpeYn4G45R8nVmkyi03urovJdjfAJOqL-1_uZnjSeNUrk8xIwWRTj1sXnzGiuKskQ,doodles-official,1.16,175.66174516563646
74144601,4781,Doodle #4781,https://lh3.googleusercontent.com/9AsnNeDqIEVJ40mztzyTBKD2hLUOeAbFCHpkny8BdfuYgjCT7sJzM9LRl26vMDLDWv5n-Wl9jKWVwUI18V8r366XTVxASGGgPcM,doodles-official,2.98,113.90584021881776
74041522,442,Doodle #442,https://lh3.googleusercontent.com/SA_RSMOYro-3SziMWpe8Nb4g4suXfolRAh9aJmi2pxjsy32elyN1G9u2Iw8rOEwMZXyit1Ry8lOBezDKFgxyUi94jIqB5C23LieNVg,doodles-official,0.929,126.24323443429138
74287284,5298,Doodle #5298,https://lh3.googleusercontent.com/uT5NsrC7dAt6UdlUyu9nTXnqkoysCTugy1J4tGsuZFsd6K2_BWNltdBIHJuMDt3PBt7lJ_LEE79g3a3Peifet2bRLdKq8tQwEHGcwg,doodles-official,3.75,106.82737552412179
74045004,1659,Doodle #1659,https://lh3.googleusercontent.com/_oz9gkzQUI0BrfPPSjxB7R2YKdYC6cHTQAGxFilZhnZyp894muEsk5ifW8JLYITvp51TcGr0sCKzLirpnmooS7KFonawMKr8tQI0ug,doodles-official,1.22,109.41447173310941
74046204,1880,Doodle #1880,https://lh3.googleusercontent.com/2goTy79K0wmsS12W7TIATFjK6SheMfpDmCI2Pe_hAo3lSPIBB9EV_t2249rfNhCUSW1YBGTR8Nqae1sWjJ7lKNuiCeXD-VV22aeG,doodles-official,1.84,107.78291525065501
74412565,6684,Doodle #6684,https://lh3.googleusercontent.com/OH8TYpBAt_7g28IAZBu1YJEAcx8xNzffEjNl72mXcSbhtlx8ze5BlXCO3LVSh5UVZ5eoALH-058ccTaYcnHxvTqVJhdxpLNEAADpTw,doodles-official,2.8,148.28775089917985
74041045,253,Doodle #253,https://lh3.googleusercontent.com/idYm1_SXRkw1A6MsoltzLmqmGqUPFQVsYUCCaPRkwzYx8POXtO6wZYxgOy3la6cl8BJsSchUNbRsdqtS9lrdMcrr-28HrhzCXkWn,doodles-official,1.34,108.72999601739271
74052566,2692,Doodle #2692,https://lh3.googleusercontent.com/9g8_Xp1MHlTdoOGlPoa1gGu5vNSvAqUflm4uL8dBt4oYb7XtOXtnvH6zBxMWdPAdz-iE6MrGIl8F8YZ37cQh1UJmsFvwKF9bYTMo2Q,doodles-official,2.9,111.28284115568236
74414726,8193,Doodle #8193,https://lh3.googleusercontent.com/htDH2-WTuXyaoVn0dr0ghc4gfO_CqTM_bCjmqqPTnVHlVP2-v5D02MU7jwRzMi81nWMHV92HGrS_ffzPkKFVSmlVMRm7XzWTdV_GqA,doodles-official,4.4,139.9080979742596
74042007,745,Doodle #745,https://lh3.googleusercontent.com/b1TzcPWljCQlZAaZgdbUtLxValMX6q6R4ECuPQUb7Gi1JBpjc_7Qoge1S-Z40sFJvQ14_fbNoz4_cbVnWtXfHYW1LcuHnEMl89BaS_g,doodles-official,1.829,107.13032886338141
74114608,4291,Doodle #4291,https://lh3.googleusercontent.com/CIou1ndwUNMAVN1ZMvPv58NdxoSqtTTUkVhfz8zyfdzhG3NpIGtvurMe6CqoWvt-gpfIekD_91xIxpbwtooeB8ILsm_REv_8-gSCIQ,doodles-official,3.29,102.10110585001598
74044648,1569,Doodle #1569,https://lh3.googleusercontent.com/GfJlZdRdf1HhmMGPtjtxLDqWB2jqzze3go5NWlIIRhOG7UJfAfBQAEBwZOoW-kFvTC4dNwldT9PxfThpPafXKnsivlns4eHWBzsBSg,doodles-official,3.0,108.11574296300147
74041530,486,Doodle #486,https://lh3.googleusercontent.com/_2z3XYJ2jA9QYLuUupki0ZXpWRcc3yCyJj0gdQc5oQCOCPrGq4sYr8b9rbSkKNoEoaFIsiVWUD9Nspkpn8QpmZWehxitUrIJgR79vQ,doodles-official,2.7,110.39320335936046
74046090,1822,Doodle #1822,https://lh3.googleusercontent.com/j27_2Cm4xLoEh9Ewj8STBigDoRtdsTYg-h06Wrf9ueo3aYPWVKVskb2CybFuRcSQelGcppdv4ragQPimAsyeDxH1Jkex-1pQovROVA,doodles-official,1.19,163.37482840366272
74043452,1283,Doodle #1283,https://lh3.googleusercontent.com/07V4q1UALSg6YQT3-ejrGh_jvNxlhgmxU37x2LoESVPqsUG62VFGEiWaPkQqtWs_zF9EVXDvsQsdd6bLsLYrmVJa3LTHdLFyYWai,doodles-official,1.35,157.5918528561355
74127573,4463,Doodle #4463,https://lh3.googleusercontent.com/hWLw4b96lNWRpdcAdK_-i2TH56VkMqbF9PXSlsrMYYANJaMnvYhmUez4PBKEq4k7oEYwJ8cz4pTWnn2lpE1HSdlYfAPmHXYpyVPx,doodles-official,3.1,165.86160245411617
74045013,1651,Doodle #1651,https://lh3.googleusercontent.com/Sb7Y7vQpBp1ELHJ_G30ZjhclaYaVB10KmBGFaf4MIT6a-zJ6obEGZ-B9Sh0vB2ZsBEhTZQtrkM-N2E8rXqFvUyJKTVsBEbti94cKaA,doodles-official,1.44,115.61090830038458
74040693,58,Doodle #58,https://lh3.googleusercontent.com/oXUzoROwUzW9y5giTkvQORobf6UCVeTNyElkP_PkxHPnRRWzgoNM9I6lhbvwcP_nB3FLlNY_zByB0pxnMM0up32_gSig8CyvuTUNntU,doodles-official,3.78,118.353283129556
74085094,3891,Doodle #3891,https://lh3.googleusercontent.com/IrO34XeddTfPDUckVdjPAtXvBIfmVdZaynWnEDWQf16AXDY-Yp3_xGq91cXuHpZGKzG58G7XfQ5n0yPy3cPWbwXNEHG5Y2ARVqet,doodles-official,2.86,106.73440829723927
74412576,6715,Doodle #6715,https://lh3.googleusercontent.com/6GQeel37q_yKvyt9_k74eHOD9HPHulT3F1mzmxTvnthOSU0FPMAdRIdmFW7dpu7JovbDgUvnYc9BQ9n8qicU9ZLFV58EeEeD-M8a8Q,doodles-official,2.87,118.8540934716844
74045018,1642,Doodle #1642,https://lh3.googleusercontent.com/ZvMhm6AJ4RcUBf44T4IerlNStyodIOvYVNOht7jTYjKX0tMjSXwl8OHgVbdO-pXYscmuVB8JFWYX8P92lPbK3aPn7Z10C2xvrzzXYw,doodles-official,3.8,111.30085757049125
74414138,7750,Doodle #7750,https://lh3.googleusercontent.com/Ou_XgtnZRrFI21i3dgirEVbfmlGmBG8bPp5gr1QQ2nYRtOnPKIazEqbL_bQuweoJF1ek7t9QoDd55dtSCz3zk_5Fpqo2pNQ2pHDe,doodles-official,3.75,120.00484525545176
74045019,1652,Doodle #1652,https://lh3.googleusercontent.com/m_NZtxhNDrAr6QsR-maLrlGvQjY6gg8wSJ2tZVxnUiqPnpP10Ms7v_BFsp1WAoxA_x-0buiVSBv63w6P7JX_K7B5aj7-FglawoBr,doodles-official,6.7,178.59040259762364
74412219,6514,Doodle #6514,https://lh3.googleusercontent.com/uoKKQdnnv7xUCwwrmkBe1ko8XvWqKyMT51TpnDHN48Nfb72ntipXCng4eQEinUaVbfK5UVQ4sC_CBtIKX-y5Zvu9nnZaHuNfZsSyYw,doodles-official,2.0,168.88733371374607
74092180,4007,Doodle #4007,https://lh3.googleusercontent.com/Xa0EW7zkR-mltl_5YeC-V-Nb6gj9iJUvrIZFivHH5sRc3eTR_BxElSe6PSvq3-TKtgiyo0CLnL7yqnHsI7jobEbnYv4brJpOJ4-U,doodles-official,2.65,103.99910117022122
74203900,5069,Doodle #5069,https://lh3.googleusercontent.com/rt5_1LIfwE-aIiBTmoFTSTfalMx4X8Zqg4sjy1LyA2y8rgoFk6X5MsANabgjeqftlbRDuliMFZqMZiRulD16zc9r7kM0QbefSUbwdg,doodles-official,3.5,130.90623422292887
74413061,6984,Doodle #6984,https://lh3.googleusercontent.com/hrotQHnuBSCaRdDNg3XfFuEhIVXY1PI3S6AqiLTFMmKbX8QorDJzLDvbdjw0hy7p_4127W99sYNaJ_uPtOT91F3sPddG9zmCaMcK3Pg,doodles-official,0.96,122.2556770946029
74411981,6172,Doodle #6172,https://lh3.googleusercontent.com/fAlgEyRaczUEf4evNjSwJjDRHDEjY9xLVTscCt3D4bThoYrLJs4_Vv6ntM96Js-7ezIIYU81bD3k5cpiXGUWE3r7Gdu1R6spx_nbtw,doodles-official,3.3999,172.62807518118257
74415823,8969,Doodle #8969,https://lh3.googleusercontent.com/G0Vl3CuLSXJ-ySPFbau-_MTNCi8ZHj0xFbVaSCvwJlZwZACCb3WMbaNtd1vpZi3taIXzsqpHuXnT7P6IfPnSZm8z_GJZrWhJXxWY6A,doodles-official,2.48,108.28074200286193
74196463,4977,Doodle #4977,https://lh3.googleusercontent.com/4Oa8LIzUY7SRrhmo9eXvMn6f1MyMU14hDqRH0uJodlLDZX6Be2cce3J6m8tfmpsDe0JiuvjMDEiCRrEs86PONeKIMQoTs2ike9lUrw,doodles-official,1.69,113.38437849449974
74411983,6311,Doodle #6311,https://lh3.googleusercontent.com/_s7lLYA_M8C53Oa2Pevl-zmnW6RYQhTnVEagkp1726YTeV_5K6TWe4kBt-12bsjQy3hEnV9j2fQpe683ZSrAfXBvjYKjT-K2OysB,doodles-official,3.5,140.44997076381074
74414989,8402,Doodle #8402,https://lh3.googleusercontent.com/2A8f_HAVzpQNJRyjii1gQ9ENO9D2iGX32e6nA7t1ey4sU_eBKjKHqKL3GcP8PBHEtSv4e47tDxp4Q3V_llTQHawfXtw7jkRdgzyVew,doodles-official,2.99,114.91423817784386
74095429,4058,Doodle #4058,https://lh3.googleusercontent.com/GWGgWathECEabQOGLnxlvy_k2P5d7w0GHFvZQdLyAE_fiWpcTJl3XM7gG6uQSkemNVciukIcHRVQRZOKp7bFEPQLZ8RR7n10Jro_,doodles-official,1.19,104.19745167154953
74411869,6273,Doodle #6273,https://lh3.googleusercontent.com/LCTRnME_aa-9uxALVUMzBpon11pTMJQBqE2KAzP10_Lw_d7j74nfkN82HubgTy5_P5uc5A9MV5GOGEfmf4ChKujWMjqW4pSqrq_wqg,doodles-official,2.3,185.17983719447955
74045030,1668,Doodle #1668,https://lh3.googleusercontent.com/e9IPgBEKBN0JajRoqhHw1OG3HNPY8q3SjyoD1taCP3ekBok0jWw9Tvj-kKgSfm3lWBt5aiCbl-cX1J56dxSS14116yxmnCKPmTZKsw,doodles-official,1.92,109.03309444340816
74411870,6159,Doodle #6159,https://lh3.googleusercontent.com/Y5GvytqyYAdMymS9ND87PR27fVyU_BzV8nkNZFtQTTryMW26x5FDnGv07vX6V28JhJ-JVBdEDMItr1A2oukpoO4zRAAE6vdoobLW,doodles-official,1.85,120.31348050562119
74092191,4009,Doodle #4009,https://lh3.googleusercontent.com/QUKIMbVkajMpMt_eGYOZt7BJ3yWQwdqGpdy5DCAMubl6Plka1Ngr_RaLnez2tgzw0U4MVtp72miyL8koMhFxJoc2MAPUD_y17Am2,doodles-official,10.0,478.483081538086
74167191,4874,Doodle #4874,https://lh3.googleusercontent.com/KTaObwfC2KeMN94a43OsFLWIGAMJeSbXcV9O5NHhp6B3wATUJX3tGfGGc1Az2xgO0cIqqRTOSPzMMMvzczH_x2HDa5UG0zcxDeMfMw,doodles-official,0.97978,116.3532788510845
74087511,3939,Doodle #3939,https://lh3.googleusercontent.com/CMfN1CZx5oAvixTa1nJ9uELctS8Z986efUqIrVHXtnri2RPNVAnUUAfQKpLx5o35s8o64dWAtvvH1sIWT6d1j4Gd4NoFVSNaS_eaV5I,doodles-official,1.69,141.15162132691046
74414751,8272,Doodle #8272,https://lh3.googleusercontent.com/Ya7lNn0HT8mj9_E2VIn9jlg5s2xgjJZyqdBwQwH2xCnUcuhj4m1AamtBV555SKSBoYdNY84xbZMCCxSbJ92_dqaWM-NoJnWbUXf0MQ,doodles-official,2.9,107.44493721127716
74042271,872,Doodle #872,https://lh3.googleusercontent.com/8BuFfbpHiHJEVyW_GMWG1IjzYXIShzpungxr4Rc1NJzoCBjhwUsbJhhFn3RhvRbyfasDQJ60fGU916R0MYShbhorY_1_UIhIdj7_gw,doodles-official,1.32,187.58344493234605
74412231,6437,Doodle #6437,https://lh3.googleusercontent.com/RpJNbQDH6M6TnJs3o1qJHwSJKlOFuj97_AeCZY2oJSFMpKd48550a-DX1mvN9wO6Uj-sPSvWgTO9JI_62dBaL7D_Fy79YUspWIco,doodles-official,2.98,123.7427392096742
74045272,1704,Doodle #1704,https://lh3.googleusercontent.com/5vw0AgJf3axpz6I48gl4ZpUaJ_ywXHtvkzMcUe1GFZmXCZPQExj5tPirE4s-jYY5DZTb3UI0pY5bN_lrut7KoIHAUGSE2VyWWIl4xFM,doodles-official,3.6,121.91608586234656
74046114,1843,Doodle #1843,https://lh3.googleusercontent.com/GCYuN4q2LzUPwkv7QTvZvKl2hMV7jcPYbki9biH-FKtNyGGr2act7P4xfPfXkYKtseckuQmDoh8pVeUWMES2QeKKwffDSZ67WEQCOg,doodles-official,2.5,173.1184528145043
74045634,1756,Doodle #1756,https://lh3.googleusercontent.com/zI303r3DJ5qKxitFcLuwrdSzO45x0sp6BceZmNI1247_2r2V5ONv5GQVPpg9Z67y4AxYoeUHHHawwZpHWwx07_X_wpKLhQZ_sD5a8mM,doodles-official,2.799,121.14532424603277
74045874,1787,Doodle #1787,https://lh3.googleusercontent.com/B2G46Whjv8jqMkrI6-fMNnf5EjX5zM23OLJTGJ_1AG6aEtKfUthTN6fMdEM2WQ38LeJqfnkjLMX7-Vv1Wh8qT_UG3VXwu5Ur6dE_,doodles-official,3.1,142.91724941310454
74164194,4851,Doodle #4851,https://lh3.googleusercontent.com/etiZeKEWae0cH_AzRgzdqozGoRwlJ5WqveP4k7AkOenoPUBj4XVCPXaPQX6sktZiEiV4BvbY9ii-MIdYDndNtV4ewELtu2c-Z5aZiOI,doodles-official,4.0,160.42383963356377
74415835,8936,Doodle #8936,https://lh3.googleusercontent.com/bF0siSYkZmEWYuB3NmLIBJ-ory89RZLueK4hwscNsUk6Na99vYF7AeSAc8X2bHIlo40XLhHl1DYhjlgtYEFG0Z-1shR3RTr4j3kTAg,doodles-official,1.5,148.74036487706314
74413195,7143,Doodle #7143,https://lh3.googleusercontent.com/AK5yEa5heGdIiSUuuBEB7MQhAjYQhRqp5fPTtHoSiKLf9HjdbfS3To-Oy__xeOftEEFtEB2FT5XjB22-0197ilDKx5PktRO3PhuuyA,doodles-official,2.999,111.34460002409136
74098435,4094,Doodle #4094,https://lh3.googleusercontent.com/XN3_hUJdURLmWogmEnYXsA2dvD_zZAUUJ3SMOvK_aOueKXJmwiqIABzecFq97rm4wj0KvqTD0YOKIhOuLukLQDX0Rd_puL9tqxzhAg,doodles-official,2.3,151.08607581294615
74082235,3804,Doodle #3804,https://lh3.googleusercontent.com/g6tU9pmbjzjNdk5zJGmtd64toqVHASPHy2Zf3lMtr3WI6-uQMW0Wr1qLmGTNF1xoLAjWyXSQUBL_VTQG1Ayc2kt3eWHSCiMI9xAdJA,doodles-official,1.489,104.41072398945433
74041915,650,Doodle #650,https://lh3.googleusercontent.com/edNQDB97yKskqq0IcWFQZw-nua4bmX24ALVTwvSCiUZv-8zhLLdZbyDi-5V5Hs4gAbaUAZvMtnTPYD51oF95m5LW-NbRSmqllvoGwQ,doodles-official,2.97,117.43848632185042
