id,token_id,nft_name,image_url,slug,last_sale_total_price,rarity
26680920,78000125,Fidenza #125,https://lh3.googleusercontent.com/HA8S6js3f29rsy4B4qjzkZbOiDXlLnWWrM7afvf6QZAHfiLe8COpvE431udX8AVNpnq26Ss3zM0oYiKonwxihPIVDXjwlaaxaXqoTA,fidenza-by-tyler-hobbs,51.5,163.50314310988034
26681040,78000243,Fidenza #243,https://lh3.googleusercontent.com/mD0FjoKVChcraRul239hAAikhtOzZHVb9SHX3xNYLoFT5A1TfiH0yjg1uNArkOQWJD3-rHU7CKcjtnwP6gc-mGY0if6d5hk0PHvRhA,fidenza-by-tyler-hobbs,0.5,240.99878367973793
26681400,78000553,Fidenza #553,https://lh3.googleusercontent.com/MjygTcUlIs4OmMj170IgsIcxlBf5zCeQSf7GeW94i52eF7IdXhi_NV9YebZ8jYxrBJqu96nnxOPcTeel4codkqfdpWzj71F0j0egLQ,fidenza-by-tyler-hobbs,125.0,1928.33184839678
26681401,78000554,Fidenza #554,https://lh3.googleusercontent.com/g5_BxAqUmYgd0UzXgi0CYmVP1tLWSYYDhj72FJbYu0wonm7oYaYEzA2ORx-d46ZX4O-ETwgq80ovVOQrvD-JUkuaCkbW389nGe1Y,fidenza-by-tyler-hobbs,28.0,163.50314310988034
26681041,78000244,Fidenza #244,https://lh3.googleusercontent.com/VKLzV5ms2yOQxhauwVaQuv4o01h686tk_3tOSFz4xXuXdkE8b81aAr8z-7T7LKMXM5cGpdktS1fSmE8WEJMBb4m69nEkNn6LjJQ4pA,fidenza-by-tyler-hobbs,1.4,185.69106516274545
26681161,78000349,Fidenza #349,https://lh3.googleusercontent.com/sRwA6gqhA9O-3DlvyJSNPknVMi6FzlCiizV5WxfY0i4-JwXOk9lcEKK-m_P8hhADaVpUJ6EV0nZw3-b3Fx27wGBQMqoZ0c0oTqVu,fidenza-by-tyler-hobbs,0.7,988.0595602984048
26681402,78000557,Fidenza #557,https://lh3.googleusercontent.com/FYcdRyJw0bPQBIDayCoaJBn3ZoMGd3SV2mVjSE5i-4NKvEuqwnAFgBSPXB0jNA8SIibjIzo6pIbHZUK1lEBxjY4WItS7RlPZs5dTiE4,fidenza-by-tyler-hobbs,3.0,300.2880718969238
26681162,78000350,Fidenza #350,https://lh3.googleusercontent.com/-QQEIqBig1tozbIiwbMNk7l5cUp1-xVoQgosqHPSJZWRgAFszwx8Fo5jnU0-Dc1YYKSgV3PW40Y3bRjIpxoXAWaebrfV7LvGBEpT,fidenza-by-tyler-hobbs,2.0,413.110927789956
26681163,78000351,Fidenza #351,https://lh3.googleusercontent.com/LAWkq4-5QuBkh5gtQS34qpn5bzi04k-q2ZO28KeypP6cxPd6KJUFLdTZBAfygbtMhYoSLTg7mMR-FmM-bcOxIXeVObDMQGFPjSOm,fidenza-by-tyler-hobbs,210.0,222.6872926359294
26680923,78000135,Fidenza #135,https://lh3.googleusercontent.com/_4Gbe4ChdoXp161sjMDlj8o4wZLnmrYj8U-6skQo-FNYLRyyXL5OxtJoh4CnBCzkcePAmhg6h6MR7hsbuImH53LDnvh_v4PXvvhP-A,fidenza-by-tyler-hobbs,437.5,571.5250822710827
26681044,78000242,Fidenza #242,https://lh3.googleusercontent.com/I38gjhAIFeZMCrpcH_Qo2aIj5vi3AwPlB72mfsj9vWBWdMdHP326XSk2LhToE1XQjN4OaYyhKWJJTtudiz7yBVAmLgFzT5ewbI-axg,fidenza-by-tyler-hobbs,0.4,278.3732009154597
26680805,78000021,Fidenza #21,https://lh3.googleusercontent.com/DiB9SaWp4MQ9F0h6l_eYssX7EOyv5-ig-nAB7KZImteK3f_njmA04ROc3lbKAVZuh6HhbDOnAYr22P300ZufMdGfrCK4G52Dt-_ycg,fidenza-by-tyler-hobbs,60.0,1277.0070123118305
26681045,78000246,Fidenza #246,https://lh3.googleusercontent.com/RD8i4QyRqfgFdnw_tAQ_JmAgiBn4qq3fUiz8Xsvlg51VAEfwvpw-9hhkOSchMKIwJDZyHdsmHfa6NeKvXaHoWhYDJprSQzWPpt6ZjA,fidenza-by-tyler-hobbs,6.25,240.72028930951905
26681526,78000640,Fidenza #640,https://lh3.googleusercontent.com/hI05jNwQMCGpctBiefnanI41xdDg93_qP_ETddEohjkNYDSd1Oncw8rDDlJAmB7zw58XJOsBZWCmT1NFAZj-cIoGagDUsvEJoWJacg,fidenza-by-tyler-hobbs,128.0,524.1894797150072
26681046,78000248,Fidenza #248,https://lh3.googleusercontent.com/3hwDV7JJ7aGtwkiHFHFQJDGVWREk7Az41udWolS9hGth8hYnbuPL8W8HUEg-AuHMbSL0GWfU-fXGJneY9N1HXeLLeGw9OmwWKG5nNA,fidenza-by-tyler-hobbs,18.0,556.7358967829749
26681166,78000353,Fidenza #353,https://lh3.googleusercontent.com/SqpiObfXCTHM6VS75P1AdDVkcfz_LBbmaRNGdFOcx5Uu0xMtPeFF2uzH7LLFenICLN-rVSbp1oHGfQSKHcftcJY_dqpUv_swE5JwBYc,fidenza-by-tyler-hobbs,0.6,185.69106516274545
26680807,78000025,Fidenza #25,https://lh3.googleusercontent.com/F-bAkuQs5QnGxSXC8Y9jm3yYGK7vPIIUZlmKT1102huB8TSKOhBR4GYC6dCUfqLD9FlZ01Sn60D7IjDyuepl_3l32Cd5s_ygYr5DtA,fidenza-by-tyler-hobbs,68.0,508.49808270660503
26681047,78000249,Fidenza #249,https://lh3.googleusercontent.com/GRteSTvxDwcWOy_fQKWTsnjuzNMeM6DycTQjcBER46X-PX4j99DJCia4qjjPUeMAWEdplvKLqKcntYkxxzN-0Ejwq0rSQUdJJYjoNw,fidenza-by-tyler-hobbs,0.4,277.99501115292185
26681167,78000356,Fidenza #356,https://lh3.googleusercontent.com/8vW-muoYITVk5wkhntWUpQATYfSpdEyaNL4mjc9WBwQ0yJhwLsEjKySNGMIhHmKdNB32bvDz3a__RYPom5zvpvvomUJ3B7ktNIjZ,fidenza-by-tyler-hobbs,185.0,521.501059930878
26681048,78000250,Fidenza #250,https://lh3.googleusercontent.com/z3beCe4mcxOyyvuUjWmyuRYC_hXc7ynMnXIMtEKY_qyiMxvaLUXU0WP8XSJB5dSWkf7EVE_wZ0m4MUb_IaPWHzgaogluV3flnSORHA,fidenza-by-tyler-hobbs,295.0,548.9430487232346
26681049,78000251,Fidenza #251,https://lh3.googleusercontent.com/3M6AchKmhwhwymwq3jx-il1xKOEzlcG8Xeh-gfcbTshk6wF0Sgp7W1JY1MEDI7kbalnpzShXD8xTVg-Miht8S6x5t7rddTGM8EC7wRw,fidenza-by-tyler-hobbs,8.0,252.18966453692573
26681529,78000647,Fidenza #647,https://lh3.googleusercontent.com/2FKExhvosf5aV7YzbPNeM6Q6vGT22jxaHvFZHY0JMRfqdLGjunS1aSvLhzsaqNs9d6OfeTUb7Jxcl8OXPZrI2GckPZOSiAZSQu5L,fidenza-by-tyler-hobbs,291.0,634.7983230835293
26681169,78000357,Fidenza #357,https://lh3.googleusercontent.com/UUKsC7jzoHHefbbo3W3S2WUB7GXdkln8dMYl51-UyV89qrNdiqKqT7WajMWhnEof97_gmNwmd1jQYxCTXfBsS9IDpBYvFuUnq7gA,fidenza-by-tyler-hobbs,0.37,235.58221210500943
26681410,78000558,Fidenza #558,https://lh3.googleusercontent.com/DdBlq2IVh3Pu2KF9TtEEV0VFlCaG-Ntx8Byz0-Nh5_zZNozQBVIWPjSTnkn4OuX-lryRRQBk3ft9Z6uSqqGir7zPqlTtz5I-TWJSAw,fidenza-by-tyler-hobbs,0.75,216.58490445806956
26681170,78000361,Fidenza #361,https://lh3.googleusercontent.com/fv3hC-jE4DzTvNrv4UE1u5O3ENxp8qUfVOdHCnwB1PPnwHSOn8td8QGLCRF8pifJGJMqZz0DKnF5px4NMs2uvDJ2KtEPCe9tfqWzvg,fidenza-by-tyler-hobbs,3.38,678.7374866985549
26681051,78000253,Fidenza #253,https://lh3.googleusercontent.com/N64d5FiIn2kkLDGsfiSA9kv_41ylRNVe9FYlpnUDVMSee62rsv5iIak-fDuOOspmO9HxjVmnlvfGyd9eW30U-hUjNbB7ajTWVSLaKg,fidenza-by-tyler-hobbs,3.1,346.8978853277035
26681891,78000829,Fidenza #829,https://lh3.googleusercontent.com/UZQj30DBDFeajw_pHq75Rgle-ENofK9b-9DXq7pl-RfEmJDYdCSIX3KDjHoWl7rOT0J5AkG8JBgMSp1DCny-ZG4mCblMxllHT7olng,fidenza-by-tyler-hobbs,69.42,163.50314310988034
26680931,78000140,Fidenza #140,https://lh3.googleusercontent.com/MwPUQb-Kp6DB_umVM8RurAgHRMWU8E4AUO7KFXF8_5nNtMLb3FOtr2jyyA--sJ_H-foIhh5VaWSyDzsUKuIinjhXvncwmne3LyUVSg,fidenza-by-tyler-hobbs,4.5,198.04468472689365
26680811,78000029,Fidenza #29,https://lh3.googleusercontent.com/ea3HQyvEwwcNi220IX9_Zfu6iOTVqcl81qkRAoxxdc0MGbrp5zGDjfoylJL2iJJWybV53KprizjSdI52etQHnzCYthU8ce7mtqEQzA,fidenza-by-tyler-hobbs,155.0,295.98234438014174
26681171,78000358,Fidenza #358,https://lh3.googleusercontent.com/paQm-n_wpVuDJEnl-E1NHkvWA399ucbBZu-T-LyguOPYsiqiTgeukgpTJF2kMxzdbkFyLtjOe8JwDgMP4YoDrceDBgSDygs2ZQ3qQw,fidenza-by-tyler-hobbs,0.92,260.6486732229528
26681052,78000252,Fidenza #252,https://lh3.googleusercontent.com/Cls2La366r6E9QxO6eKd7o80QCEYALxY_hMF_BTXamxYE3slszh53dE8a5k5_c4jVi6OmTJnN1Gt0fEnk8rwPk3bMADEY_GpaXY2vA,fidenza-by-tyler-hobbs,100.0,289.9256196486517
26680812,78000030,Fidenza #30,https://lh3.googleusercontent.com/b8YBv3GLUSrvJ92ypGhe6MXiZwZbaJX36V4YBvPrgclP0aSeGVJOJFx5Ua7Ff5y_oMvtzr3J4_A4m8-dSyx1-fYQsDQYQ1ckuOtF,fidenza-by-tyler-hobbs,199.0,258.4448170020259
26681172,78000359,Fidenza #359,https://lh3.googleusercontent.com/S9UA6nozMdiWK8q-p-Q-J2IaKTtyRUVA81cSyTxsrT9swcNlZlkC7__OPIoct3xoM7NwswKMOxoU3E3BPauFPjcXc24og69heklGdQ,fidenza-by-tyler-hobbs,2.2222,487.07994573271355
26681053,78000256,Fidenza #256,https://lh3.googleusercontent.com/cvjtCfTzzkVegCVpGlJKmdfCqyswX_0SaazUJuEcHFE92yj_KZsrMSBERzogaD3KI3O8SoyrIufbzVGEoQIjYerC4bdEjuY4o_y1pg,fidenza-by-tyler-hobbs,100.0,321.3791945173179
26680813,78000026,Fidenza #26,https://lh3.googleusercontent.com/3D_5XTzrJnZjPOC-yQAmGngZlIQHqKC9_e1m22MxhbIWKs5yCEPSsItMW_u5fSJWZEHbdummvCDIINn_xE2S5mA5Tvv9B_YJk_GHoAw,fidenza-by-tyler-hobbs,0.3,371.2976912275659
26680814,78000032,Fidenza #32,https://lh3.googleusercontent.com/7ZL_XbM1Xc39hIExe0xLp_fQsU16-WZ-YOgm1X-6Fywjdzae9XI7anYQ0WJmaIavtYN28UD2ovHPgLFK_DyDSd5KCpXNowZMip6_,fidenza-by-tyler-hobbs,190.0,263.0570545708126
26681174,78000362,Fidenza #362,https://lh3.googleusercontent.com/dDN9c78t8ersFSQMbx-eAIKNUeb7rTmYrzas2dmBuXZc6G3x_54MiE2tP_2zhjov7b43FlWJtcO-V8KNX0qRRpyh6f1Pb6z7NonEaA,fidenza-by-tyler-hobbs,3.4,531.3921972065386
26681895,78000832,Fidenza #832,https://lh3.googleusercontent.com/cot9wj1m4xBAKPPn8-IEY1jaCkzvNWNEoQKy3yu238MEtVtoZhTwGqVwQSNf3TnrBEja2652EQ6WM2eYw7qUQsjMqVnXkpDrTE70_wo,fidenza-by-tyler-hobbs,8.0,908.8266743421304
26681656,78000730,Fidenza #730,https://lh3.googleusercontent.com/IynWRv2EAlgxAGrpvrnbrDBlg166FpiwxC4moTus1QYHcPU_Ts_I1pXwvJfDSxmowKuJV4B86CZEU7qrusvIsaUyderbCp1HK0ipTg,fidenza-by-tyler-hobbs,49.0,198.04468472689365
26681897,78000833,Fidenza #833,https://lh3.googleusercontent.com/nw9or04XRAyPl9rFnpG0pkrUFwPKct66nv6DuFGAfDo8o79z6-qUzcgDFcOvMEKqkWmkb7nGdpdIAehhgU3f6F-YvEd_ZV1rZsHIzg,fidenza-by-tyler-hobbs,200.0,387.08015569866234
26681177,78000364,Fidenza #364,https://lh3.googleusercontent.com/uuCQPDMC6hMz2nWsW4dtPeMvzJ0awjGHo7sZ62ggrEA7yjvnusZ0RiWrsaGVdfF-eogpkPayPiJGqwFIArowsZxfWU13gM9Z0uVrBg,fidenza-by-tyler-hobbs,100.0,567.8310754410826
26681298,78000471,Fidenza #471,https://lh3.googleusercontent.com/Eg1IRWy3SxLRyE_u_jtb3mGVJ8Re8Sp7f4-MSrQpZ8tBbujc9nKMRzh15a3WJrF8YUNPlkJ8nDYby97XG0E-9lWslVoGoeSRRvB_,fidenza-by-tyler-hobbs,12.5,278.2578166876349
26681299,78000473,Fidenza #473,https://lh3.googleusercontent.com/GALS1ZSDovBcYWdG2YYoCHGw0EpsaGC5ctDV6UNt1Ul1c-SPyZVKHjDPVqSb3TwtonhtqaKzF9sVjq-Gadg_A_klz_vvOqniPEA1,fidenza-by-tyler-hobbs,166.75,227.81775889616088
26681179,78000367,Fidenza #367,https://lh3.googleusercontent.com/xL8oxXI4JFRsnzWxzBtcssnA2hmRH3ocxBFLvdqhgtvFP-i2M2uQwbetfTSv_y0siaYDq2WxXlIhyatm3CeMxmzpnil4keuHbDi0GOo,fidenza-by-tyler-hobbs,6.0,695.889481086248
26681300,78000475,Fidenza #475,https://lh3.googleusercontent.com/zpnrKP87HLLEEGD9vOjeI8UgEYOAkoKbMgzCs7HByQakhf9UYucUvjBKo-J6a4uETKE_XMIJ2L1EfkayOlSRYjrCQ4YogchaLbkejt8,fidenza-by-tyler-hobbs,50.0,1238.6624004980906
26681180,78000368,Fidenza #368,https://lh3.googleusercontent.com/whWpyG6t-iJpPADzH1S_dGscVLJZqf2eAtyqlYHqpWVP1xjqrkLFe9ziTi4gkQ8ceSNULS5s4qAA8XMRZa2el7O_QA3Mt_wFE6lGZA,fidenza-by-tyler-hobbs,0.65,498.9848699913732
26681181,78000369,Fidenza #369,https://lh3.googleusercontent.com/Km_mtCKnt4OHQWMvCXvioh659gdkdLigg6X3MxjdJY2yEHVGjbWVPbs_bDSSXWNyKoiP2rCaN1Yag1h7OyicFIPJ6USMXfehgc7f,fidenza-by-tyler-hobbs,0.3456,386.3790764156163
26681541,78000653,Fidenza #653,https://lh3.googleusercontent.com/t703owimjZdbOtE3Mke9lJdPhjlNE4qGEIetPhuWWlsLY54Llw3aJtBLJrJac2iohbBRo7GjW1Y9Q9PQKZn95gxrbUkXNFeaYdnf,fidenza-by-tyler-hobbs,114.0,266.3272081919051
26681662,78000735,Fidenza #735,https://lh3.googleusercontent.com/wYyque-sLddUJNRknCsE0hmAAw3M8Mqy9fNz1z3XjFOQ13ne_qDGTbmDK8mRdQ_DhYzArX4s0hbRmu478iJ1G2HHVP6wgVYNwsYTzT0,fidenza-by-tyler-hobbs,1.25,317.5363444788894
26681423,78000573,Fidenza #573,https://lh3.googleusercontent.com/03-ZaTxnkLqd17EpAZCM3eiftyQKx_wZ2C0GQylshIPGBNsSbDPg4-s1VX3VjSs956HOqDrSFqMiRcjWXKxtEXmvnOMrmBsMn_Wz,fidenza-by-tyler-hobbs,1.59,602.3581120198892
26681544,78000657,Fidenza #657,https://lh3.googleusercontent.com/xIuN9qCJ1No0XAGw6GJgSbTQqvlNYZ2-2mcf3vWqw6cTBFGzYctwgNydZpuUybrgcaWsR18aHc-4DBQU23sUIAW8zlXYFyTa0apM5Q,fidenza-by-tyler-hobbs,7.0,533.4278693378204
26681424,78000571,Fidenza #571,https://lh3.googleusercontent.com/3P0wUBK3IXt7Pu40GPP-fD1JKMp0CfRXJV7DY5t0rLurDaLtDQHgMlxS-mpFIfjphaE8G9EaiWFtIuHErNzbgdXe7imB0BKLksvc,fidenza-by-tyler-hobbs,0.99,534.7759753280978
26680944,78000151,Fidenza #151,https://lh3.googleusercontent.com/jEU_lrwK8rodZL5KO1RovYL9ZBNEjvub3UMtQkRBqLTiT3mpXVdygO4-laA9eA8tUAXos4okHUwTKehAYr7UCbvQ_JMFbW6F4eK9TQ,fidenza-by-tyler-hobbs,180.0,777.9768273204068
26681304,78000478,Fidenza #478,https://lh3.googleusercontent.com/Mv_YXuzXxocom-mEeAsW2q_p7I1Sprb8PbX11eDZjS6WQBsRussf63lJe5KIZVOYJn4K9dE4Iucgo5ivVaqkNn_JwTBc5AWMa2rDOw,fidenza-by-tyler-hobbs,3.3,185.69106516274545
26681185,78000373,Fidenza #373,https://lh3.googleusercontent.com/wcVxiAjNwmItbXdD1mForJF7LTf8vmewGBzRvb5C8Uri9bKNmzYJKcwsyFRhsWAJ6WLKQSpw561mwtMZrUtvR3U10HNXpYeQfWrlhkE,fidenza-by-tyler-hobbs,7.0,244.84163371816643
26680946,78000149,Fidenza #149,https://lh3.googleusercontent.com/9oiTWIWSjV0i7RpOZqPYRVusfqFMTIJofI4SEbfNKAwTzGA0pyp9gM84-NLkEpQFl6fe7R-vpa_KqdTvMA7RIWFxwo4hYDs1JdTVaBA,fidenza-by-tyler-hobbs,135.0,195.63630337903385
26681426,78000578,Fidenza #578,https://lh3.googleusercontent.com/-jA43VUIvYj35SD1ODTDHlAQBp1czwVapAY5MiTGJ41wKEEz5VTL2o5j7VkYH9H6exk-dtsdnC0Vyq53jMLw5Oaz08OipV_14K6eiw,fidenza-by-tyler-hobbs,0.3,163.50314310988034
26681430,78000579,Fidenza #579,https://lh3.googleusercontent.com/uYBMY0d3R7Ma5Q9e1q_APCF4GEp8L-gf2ZM29dzQOVNQi4mxRfnABL6KEv57lb0y7euPhi6eDrKiw-tAlPJDzKC7jiHpC0RaxUjW,fidenza-by-tyler-hobbs,49.88,353.0002735055633
26680950,78000155,Fidenza #155,https://lh3.googleusercontent.com/bLw5kVnIFSHAa-7uTubRNcZScM2ANnFnDbpIE8yJ43onThwt32UZSKOi0F1ghdR0jTKPsyYzWqZ1nKXj4-ObbkXpu4doMyxOsyUD,fidenza-by-tyler-hobbs,9.5,449.38913726230237
26681551,78000660,Fidenza #660,https://lh3.googleusercontent.com/rwmhJ19gUwzhERpSWje3W-yKCKJW42Bq3-vrPwRIYT79VvXA4OSFR2j8HSsP-w8czo99o0hjIjuv1anLS6n3-LjzMgh1E0it6QmEqw,fidenza-by-tyler-hobbs,26.0,536.2083162827375
26681311,78000483,Fidenza #483,https://lh3.googleusercontent.com/upKunOhN7VPed5cvV5MtV5eMFWb7dbzPIDNzFjNEI0mMl5rMUILNc7FzedLVPRuL5SalZUjlPsvh1sEVbceHW6h5H2krA6oWnFEtMeg,fidenza-by-tyler-hobbs,6.0,191.94229654903376
26680951,78000157,Fidenza #157,https://lh3.googleusercontent.com/36j1CrR8U4llmbRwbD5vrJRJOZJ9XhUn7FGj2f2aoyHs5i0Inux1wb550cALxLUeuQT-_cSxY5k8QpvWW5jbVV1lF1CYMa3hrk9TXQ,fidenza-by-tyler-hobbs,3.6078497629980744,324.42149781929515
26681192,78000376,Fidenza #376,https://lh3.googleusercontent.com/FYIBFUmFi2HqiRsO6nFZQO4ltEUZYpeO3N1QZ0vAzFBAZdHZz_RiBZgh43CrA3Ij2iggheiEIyedH5EABhtFFUUdeYSpe3c65ZUfBwc,fidenza-by-tyler-hobbs,0.48,163.50314310988034
26681314,78000487,Fidenza #487,https://lh3.googleusercontent.com/jCxTGfSocQaWSOmB0yoFODVgoWYdwZfyYAGvJrsJZtqawH7XcYPEVqO93gU3fOsVwpoYTFGr05t_JwoJPRKgQR7WVQ2NI6sDS4oV,fidenza-by-tyler-hobbs,0.64,421.6216973156757
26681434,78000580,Fidenza #580,https://lh3.googleusercontent.com/XkaRtSaSImtl61-6FPMS7w0_uSrS2w5qgJnXOERl3Nzk8HNhucQWgyiWmomvsllpkgLM1Xh8nAGWpADxWDrOUZh4fqYp2z6qxY622Mk,fidenza-by-tyler-hobbs,0.33,191.79345334060534
26681915,78000840,Fidenza #840,https://lh3.googleusercontent.com/HSQ7R9CyIjTXATTFbCUTfEtkwTzTjH8c4JQIVGwULm9vMBfWPDtA5PrNsZfOTB-mvU_gBLrfBnvpJm-cfiFwmJbcdKgSqmjUD1sUfA,fidenza-by-tyler-hobbs,4.75,306.6712858897182
26681435,78000583,Fidenza #583,https://lh3.googleusercontent.com/9D_pU8SdwW518eUsA2eL_MiCa2riFMhvWe5nqunnTFexOgxOYMFYAPSDkDlqfnKz5rZevneljZsxU-w3LAgR_XSKrXMQB8cUh0-X6Q,fidenza-by-tyler-hobbs,3.69,311.4339563010295
26681436,78000584,Fidenza #584,https://lh3.googleusercontent.com/XngVCEHvopECtHr77hS4FSi54hZHXWf6XgMXHqVWqZjMVD4j5iIvcIvfgjIVYp7hzNBrcnZvWctblQsn05F35bcScFZ-0hZ2Jtg9eg,fidenza-by-tyler-hobbs,0.5,224.91324980473266
26682036,78000890,Fidenza #890,https://lh3.googleusercontent.com/bAqgZ5pZMnKUUu9kAAG-RiZetFCfx2_mVVoayv5Zr-sSF6fmXDLEwNkPY0t4dVZ8eB3CPWXShXNRCRVI7drCOkHQ0-iPRznTjAkS,fidenza-by-tyler-hobbs,3.89,268.97271083740776
26681437,78000581,Fidenza #581,https://lh3.googleusercontent.com/f4s_OPpH6kdfCm7R7Zl-uKDzQAN2Q0j-UUSJsohuN6txZVIo_4bjt_P9WKMhqHrqXVCnhYn7exiTuQB827zfT8E00upsSmKW7DadLc0,fidenza-by-tyler-hobbs,99.0,652.4925696147474
26681918,78000841,Fidenza #841,https://lh3.googleusercontent.com/lZFX4TV3FBPn2WNnLMpjWFvL_0g4gFGgKzU-WAkUpn59RIq4R7Nefxt-7p5ovBNh4QpfpVe1JR8L18y8QcJ3FfwbkKT--KOhptIlEA,fidenza-by-tyler-hobbs,15.0,556.7358967829749
26680959,78000163,Fidenza #163,https://lh3.googleusercontent.com/Org9I6R6MnLqxpd696Gscw-HayHUekuWZRM-yKTdri9Il51sQkoazjnwSFFsfxlIMg-Wg0pWayrKn7lBqx23dR4XK6yqTvG8bqdg,fidenza-by-tyler-hobbs,7.77,302.9695043161846
26681439,78000585,Fidenza #585,https://lh3.googleusercontent.com/qHo97li4QM5fEdebG73-IRz7aMnhGT2vNFHl25LAgrww57qxrC9GdOu6FFBBfmIJykfLoPvkDA3LwDOmF4MfTrsaFHT_fRlA7zYOsw,fidenza-by-tyler-hobbs,0.39,163.50314310988034
26680960,78000165,Fidenza #165,https://lh3.googleusercontent.com/Oua-SnzXjnq6cUvrKEulGZJOekkolOZeHEULOCSeS4AiVC_XBQ99h5JG7e7E3-8UEaWfblZYXazCj6DSIAfO9vtE0rr23bPaFFz23Bg,fidenza-by-tyler-hobbs,39.0,234.6179011316592
26681440,78000586,Fidenza #586,https://lh3.googleusercontent.com/0OLX-Rywpd_5Ddb_Lip2_8G31zYSz7etp4wCfJqfii8F0IFHGt5KIQng9VB16tL7sZJ4PRWqfcKhL8efYW4LcP7cjJlc9uJwFaUDJg,fidenza-by-tyler-hobbs,10.0,1039.9033145484436
26680840,78000056,Fidenza #56,https://lh3.googleusercontent.com/BKitodpvOREhBkg26f1i28Ia1ALI7APrdtGIKu_ELb0S_JJbiwqIDZKyCKVxk6EuN78NnBhX5wGeYrdK4kKRakw3_xOR4L-JB0UPhQ,fidenza-by-tyler-hobbs,0.52,297.9233950663556
26681801,78000800,Fidenza #800,https://lh3.googleusercontent.com/z0Fn1V7UyptNoOWjiU_zHEQh2CdPJJvv2d3sn8fG1UyzdEHTqc1kIHXHFgx71fu0NzeA0gVuNzi2w9fI0PPTl02_McV8hKQby4XXGw,fidenza-by-tyler-hobbs,9.96,499.13144099613794
26680841,78000057,Fidenza #57,https://lh3.googleusercontent.com/PO5HahoLpdtqZ6yXNQrJ8lDa9OsS7QpqDTfW6lBAQ5nrSwPnsT1jEV9w7acF72VXrewxqJTeElTRQm-RlYPzh512npO6j42GsLujLg,fidenza-by-tyler-hobbs,0.7,577.2283239245698
26681441,78000587,Fidenza #587,https://lh3.googleusercontent.com/OF2NEWy59_o0hxuPoRBnG7p6ZX89JLaDiKsBoKRTPTjs1CFT-xlAJscpRXENuDercs5q9EYfHX3iFONon0Ud43QKyGooYv2_OpK8Ml0,fidenza-by-tyler-hobbs,2.1,479.358940042847
26681802,78000799,Fidenza #799,https://lh3.googleusercontent.com/sttPE5DnhtKHmjA7cZ3VnPhzPN_J1YjIWH3fZIFGs6lkR4Azg8UZ_900mSvdnufGjBYJ9zMkq5suJQIoYXqohqMc1tQ5oDyVtV9v,fidenza-by-tyler-hobbs,104.99,318.78431856450453
26681082,78000280,Fidenza #280,https://lh3.googleusercontent.com/j__BecCp-2_UA7cOyp1IP0jGm61yc0d6hbupiIrc6eQigbJM2tJqQRSQTz6-kv6huBiD1kgTqnRZbTlboe1RkzLigmG7y3_IN1V-d_Y,fidenza-by-tyler-hobbs,95.0,562.8382849608347
26681442,78000588,Fidenza #588,https://lh3.googleusercontent.com/mvAZA6K0oxD1XsL-0MJmvuWx102_-gSSrTPZDjtyjuP573ylP6MzJPdzNvcH0tL7yhPoBxD1A3lpWplZW1-rjcHu2V774IAzepRhpQ,fidenza-by-tyler-hobbs,13.0,559.382059162245
26681443,78000589,Fidenza #589,https://lh3.googleusercontent.com/SlKeWFaZK9YzjnRdDA8i2BIIG7Audfnye4CM0YBlT33NvJUa5DtmQdm7E6y_N6RWvmWCZo1VVluwuUJSnNJDCoMKigcBlhThdGGzvg,fidenza-by-tyler-hobbs,169.42,1027.6034481087381
26680963,78000167,Fidenza #167,https://lh3.googleusercontent.com/66giH4IrGfnVHd7qyBMA7Wdpo9vLRQJQpWykUX7pFAwvPcMMvDC2jvEWYpCSTmYFu2m12PxBV0_Oqx_6qUEmi1BR6LjNS0rSCbUU,fidenza-by-tyler-hobbs,199.0,169.60553128774023
26681923,78000846,Fidenza #846,https://lh3.googleusercontent.com/h_x6G902cInk-vebhritvh6DI8g6z99L5REy8MP2y_9HURWhZIy-GNnTPPmFPmYczLAqYN0DjTLUS2ilEMG4z2JuOVcBbdbeyFrZFA,fidenza-by-tyler-hobbs,36.0,306.6969701267883
26681323,78000490,Fidenza #490,https://lh3.googleusercontent.com/c9rpLEG838N9Ks3TRslzN5y2PdWMo2mheIzfH7_f3Ub7jx818a_w_Uiivm_oI_QD-lQWhJ75Mr_Vd8F1gEhx0bmZFuJCCU7cwjMl,fidenza-by-tyler-hobbs,98.0,707.2416705970195
26681563,78000667,Fidenza #667,https://lh3.googleusercontent.com/YCwWD72Y9LPbphFP8byiDTLQKABsXLGNwgMB8NZ0CJYgy08xkV38FZi4EXsZsAP4Fp13GYN_zDFR0_N0XjOGb__kArQlV3FLo8MR1Q,fidenza-by-tyler-hobbs,5.0,697.6795500380813
26680844,78000060,Fidenza #60,https://lh3.googleusercontent.com/K0q4CiEYZpKmSamvDD1_KjctlhwulAiOWAa9_8VtDeqqtBuR29rNhcLa4lsC7eCVTCnbNG_cA3uF5F7GQYX3-aVnG5efA1Y_OZ4V,fidenza-by-tyler-hobbs,175.0,559.382059162245
26681084,78000282,Fidenza #282,https://lh3.googleusercontent.com/yqNuLTP5_ItcDi4q0M3zxp3Wdw3X12W0ss1u0_jf4x8GhFXg64fPQEHn9pEKfXSV4JgsCZkqO5chNNdpzz9yDgmX-ktX-JZA4LvwmaE,fidenza-by-tyler-hobbs,20.0,303.2579697717278
26680965,78000169,Fidenza #169,https://lh3.googleusercontent.com/U_CrHLU-Ibr22ih9UMrC9ClvGwu_Ln6NjM3PUIpfdyLUiPMi4ECQfW7Qs5ivTyNh3gm51LtzOT7ZS2JMR3gkRdLnoFxj315oI7N9onE,fidenza-by-tyler-hobbs,125.0,486.8771503069685
26681085,78000283,Fidenza #283,https://lh3.googleusercontent.com/HJgoyU5iNO7JIsTXAWRZqLaIZZBW2eQzx3czYw9Ge0BDrbmsNc0wRNV9kTcXecAEn0Eyj57QNDBLMCBBAYVKJQ1d1c36CX-T9JZQiNA,fidenza-by-tyler-hobbs,150.0,266.3272081919051
26680845,78000061,Fidenza #61,https://lh3.googleusercontent.com/PvAlcLR-w9Y0GsYKTeFQ8wEPLUC_KYlx4mrsUHgmWU7o2FO26r1CkqI5NF8fJfw93breKbMzqznNFedwPHnXgx9kBCdXdo_AVgoTfQ,fidenza-by-tyler-hobbs,2.5,1339.2369509003977
26681445,78000590,Fidenza #590,https://lh3.googleusercontent.com/b1WkNERq09znAiMBmz0fl-5l1nhYzGk_LVbSWbmktSXrU7K7it7IEFdkz-JtmDjQb_7-pCRp79fpa4NVOC3ktOPcPIShpvmURCtJ,fidenza-by-tyler-hobbs,7.0,247.10117185759782
26681565,78000670,Fidenza #670,https://lh3.googleusercontent.com/7yK4zh5gnMgJhyHyo7gWxRARrA1qoOccHecAeOyum2hclrjhoRL9CwMpz5TjfeUA8lwVtgUz4P5rdaJ4h9fZ4iF_r5iWeDq8APJj,fidenza-by-tyler-hobbs,0.93,260.806880809011
26680966,78000171,Fidenza #171,https://lh3.googleusercontent.com/K65YhcwWYbvjQQbZYbVU2uXr9XrziOeJP24fGPOs7gm6d59RWcCuUH-0wH_M8WJtpx5BHjAyRm3_2OhwCFpW0-NGvd3-7_GE8yqxru8,fidenza-by-tyler-hobbs,1.2,252.34242882416606
26682047,78000894,Fidenza #894,https://lh3.googleusercontent.com/UBiws2l-nzhedXwPW6gPBTbZVd989jTe39VeJQzfmOBpqh5LsPxOHH5mdtRe6-ouca33MikMcx7IUX73LxtXhou9Sfavrs0B_46s__g,fidenza-by-tyler-hobbs,150.0,191.79345334060534
26680967,78000173,Fidenza #173,https://lh3.googleusercontent.com/QNOMk8SqzSPWZ6B4XM2oOr3CyOsS23g6b9_f1Eeb8FvuxKBfolZxXDSMNPQy8JEjJ0d2SiysHFw1t2w71uOXnYZlJ0J2YdF_9h3eu8A,fidenza-by-tyler-hobbs,9.5,627.8506548047538
26681327,78000489,Fidenza #489,https://lh3.googleusercontent.com/VLjorlodB7KmCl8PLe-PxEQNxfYvy-LWOFtlbyAdeKIgCeGzPW3v_SwqSu-3Y8ah80y7pLYdqk4uUIy_szNh_AEj33Ra-H63d02K,fidenza-by-tyler-hobbs,240.0,273.314368127948
26681088,78000289,Fidenza #289,https://lh3.googleusercontent.com/ejJe9T0xzeBHFtG8if5WH2LdRc9wqSdli9oZLg6VkE5yeaAdu3Xe1gc7_SQR_fv3FmankM6y6ffbcrYj1eIUUT-EPN7DgrpMP9pGrQ,fidenza-by-tyler-hobbs,105.0,163.50314310988034
26681568,78000673,Fidenza #673,https://lh3.googleusercontent.com/IZQEPXr9ESsPqBv-iwogctCAsMcb6qE11YRSKsUqAgg5N1DRMP65XdnNSkuFrEMSsos0KZXcPGdsuqH8xC9HjLKtAXEsDjBk8Kh9rw,fidenza-by-tyler-hobbs,1.4,1112.8028696585277
26681449,78000593,Fidenza #593,https://lh3.googleusercontent.com/alkHbF38fQnponnEvT_C5CiDWBQO0VvYzXMzjmaSiu8GWjfBuSL4DtdGqH1MZzh2mUhQrMDEmIqq43Q6fgInZgBU70g1PyLSaDp-,fidenza-by-tyler-hobbs,1.5,637.6076819275595
26680970,78000170,Fidenza #170,https://lh3.googleusercontent.com/PZMzuIzFVzAUAxroofuLdab0rAqjyAT3un6INMEuwFfW1ZUjTtid2crl9ugCV_TlS-lBDnxXCPlxDwIuCZK-JV5vk3BkQJjPZR-3Gg,fidenza-by-tyler-hobbs,5.2,198.04468472689365
26680971,78000176,Fidenza #176,https://lh3.googleusercontent.com/anYzJN4Cur8us8RB7UmaBFj1ZtnesmEsfSZM04Z92QY8DTPJ-N2_WhXOzpx0vkRCW8_FA2VyesVGoyNYNzbI-p-DuREvOcvFLDXCEQ,fidenza-by-tyler-hobbs,100.0,636.9790985395774
26681092,78000288,Fidenza #288,https://lh3.googleusercontent.com/riSG5PA0FcGOVwB2fV9HTtlNq0kJ98cQqBV2m0jL7F-MPOS6_xBEpQrkgWDpLIhOs5BSIuAyTrIfEyEmqwbktL_ip82ZARnIvmyS,fidenza-by-tyler-hobbs,140.0,262.87032265954787
26680852,78000062,Fidenza #62,https://lh3.googleusercontent.com/Tn32yzuGB9swaOqm-vCp50HhN1VrtQHGUxnptbnxODwSuh6GL9guLf_RwbNfqCCXXOvLX4DfeHPWyaxckhvlp5r-2EEQJ3ueywVQ,fidenza-by-tyler-hobbs,5.95,406.0820348537526
26680972,78000175,Fidenza #175,https://lh3.googleusercontent.com/KRz5rNEB8mfoVpkQscpeU4lXmmdMZVbMJVQagMIjqsDPy0iFCfa6NLV4kNdCcmgzAPjeUEWwwLu2ROdzWt1694akJVj0eUWcXeJ1RQ,fidenza-by-tyler-hobbs,35.0,605.1756537648836
26681692,78000754,Fidenza #754,https://lh3.googleusercontent.com/GISRFa9aFWYCiPRpoPBkRG9-4QrF0PPR7QSqBZQOC3_p7B0atC4ixVvGqbKT3qcc1rfK6ZDE99WNboZZG3njrjqMoA6i8OFShRTq7Q,fidenza-by-tyler-hobbs,2.999,390.53704123101954
26680854,78000074,Fidenza #74,https://lh3.googleusercontent.com/cp7l-BDAjevDJmR3-RaXLhr6qGzTigJ8no1nnj2iobc_7Rgkkn12XStQgL2zvmpD9sQsl9OXwbMjBL6evPgRlvncyNa1fd__emB7s1I,fidenza-by-tyler-hobbs,75.0,244.87521468879456
26681574,78000679,Fidenza #679,https://lh3.googleusercontent.com/01bgRkiLrr78UjeoaTyv2FgOkA5grOvMiA8jMmzhUbb_0-uttEoDu07lLDr_BTQzvuT6qGO7zZ04S6s1U9mWCXKPR8X4YWxLZC-Jbw,fidenza-by-tyler-hobbs,200.0,207.14305866585602
26680974,78000177,Fidenza #177,https://lh3.googleusercontent.com/IXNcPW-oh-NV46QkkzSeM2Tcq6OMCKKCwZSepwvUwe3yluRhXphMw-brqZbgZUWM6GCLOZ-nPIEwC5ZTeCwKuotXuHnLc_yzkaJ3nw,fidenza-by-tyler-hobbs,24.998928732614637,483.93067887931574
26680977,78000179,Fidenza #179,https://lh3.googleusercontent.com/tg_xInyiFyp0xMhSo_UxaAXP3-sBl8Cl5rx2BVoVrCnDoDjc2xWE5-vR2iT9xMCYXbnBUgeBC3an9_T_PwzukcYocTAuLH2ZwO2ptg,fidenza-by-tyler-hobbs,180.0,163.50314310988034
26682058,78000899,Fidenza #899,https://lh3.googleusercontent.com/x_aFSapHJBXElt285dmMkF8Xt_1bspxCBD92o2WyV5uTfnWcYMrROrERmZCcfh2LHFWpy-Q_U0vCikyyUCQtQ6_tj5JXrs1glgu8OA,fidenza-by-tyler-hobbs,60.0,195.63630337903385
26681579,78000682,Fidenza #682,https://lh3.googleusercontent.com/Luyj3t5WmOR0B9tLEjOxRuGXTruv3e2_iPHJhQTLzdtTZtklPng4Z8wmb3oEsVTu1Kd1Ur8ai0FxovtYBMGlacWu3Mb2a-GVGk3s,fidenza-by-tyler-hobbs,149.0,222.6872926359294
26680980,78000185,Fidenza #185,https://lh3.googleusercontent.com/wOlgIif8eCoK3qkE5_MZNXLj9MvmjegoN1z1gKtQx1BaYGFZIAzRxiE8QxIUvRBaucpPm_nwAB8O90y87QM1QeWic52RRAhlEtMClQ,fidenza-by-tyler-hobbs,3.95,224.07545681818726
26681581,78000685,Fidenza #685,https://lh3.googleusercontent.com/dW7eFda_pwR5zXD2V-0wrk_ZpZjpcdoQQ33TJpmM_UhofXDfqJdI0Z1n_erOYiu6CUNKKpwkKJlNt_SkNtbA2vJgo67svy7DazJjkw,fidenza-by-tyler-hobbs,1.3,189.53391520117395
26680981,78000186,Fidenza #186,https://lh3.googleusercontent.com/W56eLacumpwPkXDbcQUXLCZXTDiJxE4j_R1M3KUkksB7XJGCFeLlrMn0HllvkV7Ze-A_wL47cYvfTE6YSgwCixPjj0rTK-LVHoAyUQ,fidenza-by-tyler-hobbs,50.0,465.42515680385793
26680862,78000077,Fidenza #77,https://lh3.googleusercontent.com/cs9WUudtTuzLvC1T4Xyj9g2-ZyBynxrcXBTxSn-WjWpu5NAfLH78V0Qe_hEVKpF9fDB68uEger0NSfiQmkKF_dH1NCKVAhFoBavF,fidenza-by-tyler-hobbs,950.0,1316.2112358609875
26681103,78000297,Fidenza #297,https://lh3.googleusercontent.com/jT-af-i64JRwPK8cCBxY_fB7E3hdzmxbg6unZ-i16RPzASwAREdj2YGNO7YfNKUu76muQT_Yl0rd9QWu4-kP0zsjExRy8I7mSZ62lQ,fidenza-by-tyler-hobbs,5.75,332.05231338206704
26680983,78000187,Fidenza #187,https://lh3.googleusercontent.com/dk6RWgX56zvJa--3oIUfW4enKhas3aQKwn-45Ly37AjCmlbjD3hHHX-BDUQXdoeel6sjaqnF1sLRQIyJuwAFw2EUsXWEhy3cI4T-n4U,fidenza-by-tyler-hobbs,0.2169,293.80205065770826
26681104,78000296,Fidenza #296,https://lh3.googleusercontent.com/SosKHXDV1oQW0LCnHb5z_Bn8gpWlkpbBoKGwUn2ey_Z_n4F2B7NKzR5TyhVAZfo_QA9JOgyKDUDONLTxp3zpuysgSCaHp4OCnZX2pQ,fidenza-by-tyler-hobbs,170.0,185.69106516274545
26680984,78000191,Fidenza #191,https://lh3.googleusercontent.com/ab-BLIFLud_JubWpYAJRCo7_IGra9tjrXw2iWGf2omzkLCwy4EHbg1FIr2AHvbfUtgrb6GipiPJgb7J6pfJpVl97Zh741dfZ7Xfjuw,fidenza-by-tyler-hobbs,2.49,388.613213797832
26681705,78000760,Fidenza #760,https://lh3.googleusercontent.com/Cw57B2GKA2tDeaVs_RoL9C1fNrpHW97sturutUk1cyHg-cVsEdTRfUKhZyUE_m3u4Uw7fDj99JujxRS3dvMmMBsi_YdD8vnrgT3XVA,fidenza-by-tyler-hobbs,141.0,387.94988748068886
26681346,78000516,Fidenza #516,https://lh3.googleusercontent.com/fqHxfl8xcas8I4UdFIU1hRsmtI-nnAOS-VtiM7IbPB1RD_T1iOBgMxr_4HQ8WjDqf_sPuRSDBqLyfDp2bTOg0Pw791Bx9i8F_XP96to,fidenza-by-tyler-hobbs,0.8,78333.33333333333
26680986,78000195,Fidenza #195,https://lh3.googleusercontent.com/XG1FYU56RjIT7fFo1jhGbMBZSagz5Ic9ll9b2e97Mg044jWAn6XJx6Ev0Z_SoxkTqdHA2your0q9UmtqsQJVAhBhre4_uVATfax-9Q,fidenza-by-tyler-hobbs,35.0,260.806880809011
26681466,78000595,Fidenza #595,https://lh3.googleusercontent.com/QxM5wddtqO75YFTOxUrXOLtOAimxA44FYE3J_rMkR5W0EId2NK4b-1yxvwpLMbMFCukF3kE6SjFn09DQdd12rOaTWtbJL2H6qglukA,fidenza-by-tyler-hobbs,1.5,680.0704065733992
26680987,78000189,Fidenza #189,https://lh3.googleusercontent.com/_PofyCM-nNKHQ8m_bR_nMOgtjre2gfbmi7cP4E-Bga_pgrHpL1ygWRu4KKWNdGAYYDgWG5JYpCSvGQPCVnsPFtm6GzkChLodm_JzHA,fidenza-by-tyler-hobbs,145.0,185.69106516274545
26681467,78000596,Fidenza #596,https://lh3.googleusercontent.com/1hAFJGURd0gdIAUjx2lhYQPkgkpzYr1NXqPzxh4lxSllzhffi3zWMlrBctOBtn0Tt9dHciL0Cmi_TlmFLSvUbHRuj2QAtsuMz41F,fidenza-by-tyler-hobbs,2.45,286.83765290030465
26680867,78000084,Fidenza #84,https://lh3.googleusercontent.com/K2PTBEsjfWuxR6Bkxu_EwreM7iFkIZ0WaJ8y7aeL--klnojnP8ais0la564nBc7H3qocOjp57z0cu1ASdzmFg6tI0NEHaZvkwiw6wA,fidenza-by-tyler-hobbs,0.85,409.61230925743826
26681587,78000689,Fidenza #689,https://lh3.googleusercontent.com/N3flg5VMifFPlUkZwN6v6QK-HDuNf_EQvfcrp_ENqybpIzwh4Fy0QhcLcMOXi-WG84kengY37HLCrrQ6hEaTWDeqn3UVvHiSmq9e,fidenza-by-tyler-hobbs,11.0,546.5346673753749
26681468,78000597,Fidenza #597,https://lh3.googleusercontent.com/kWgW1E5l796Hn_tQCkkKqMOp3N56lBZKVxua9zx-Xjk-i27NvX3HnniksXKTZrpUZtV047pyEatmmCo4sxmQFQQNx5aGnV_-HX0tBAI,fidenza-by-tyler-hobbs,3.0,531.9354520003835
26680988,78000194,Fidenza #194,https://lh3.googleusercontent.com/slRa46j-YnUzySoVnioq-rWHSK7602pX35lq-mw4IkW1i7hsV43A4uOh0V-w4RBysy-PF8bpAnQgC0hX1HBAzpr7XORT2ghmRxlDWg,fidenza-by-tyler-hobbs,29.29,163.50314310988034
26680869,78000085,Fidenza #85,https://lh3.googleusercontent.com/eUcVt_duMFCLMJU3HS-YvyMjGmhib5cL4q9IkyChbWzrXoRVCuac7I94tNMMiPJBnzZxLahkn83xwzwk7sN0oF49gIC42z1WiEEJfQ,fidenza-by-tyler-hobbs,199.69,312.7993583046482
26680990,78000190,Fidenza #190,https://lh3.googleusercontent.com/ZP6TXTWybf5jwi1iAewEZsr-XM2HjUasUbiCS9qJggSzyvtoRFOYJEUYIAGiQvUj829-kNsj6w0PWoLahtA4UJlE9Uic0b5RjMcHdt0,fidenza-by-tyler-hobbs,45.0,294.08054502792714
26681470,78000599,Fidenza #599,https://lh3.googleusercontent.com/kR1rvEZmLHGZqDsVBjCPkDFc9vyV8s-GldY-D5CfzRf1V1VnExe2n3osbkXWE1a0APzKXeeI42LBI_ADL5hhMr8znn-9oiZgyOPbB5w,fidenza-by-tyler-hobbs,1.4,207.14305866585602
26680870,78000086,Fidenza #86,https://lh3.googleusercontent.com/rGe40R-83Q_V9rggSmylu6-jgkWiKYxRC3IPMUEtBGFUqofWIey7p1EoF0inBwJfFM4889qomRhewWvNUqHnSrzGQNhmWVB2ATxP5w,fidenza-by-tyler-hobbs,150.0,195.63630337903385
26681111,78000304,Fidenza #304,https://lh3.googleusercontent.com/Vh_rHWXZ9zLyRWSV7K0HYjzjDXJ0R9urNfPUXEQleemC3Owh_EofK1mDtATkzKe4DNFrGlbSCsTeEV8-FeU-J71CawcLV7vsb27RoA,fidenza-by-tyler-hobbs,1.1,998.1070526342781
26681472,78000601,Fidenza #601,https://lh3.googleusercontent.com/UA9aSRMm1IhyZthMfppE7mGu_5E0f20EXdN7rhrzjzYrT85QXP7w6q1W-0vhwz7Xb92X1c7HZL9GAJu2Wz4C4kLpbyOrG8k8vmqFZg,fidenza-by-tyler-hobbs,44.5,266.7510614008127
26680992,78000197,Fidenza #197,https://lh3.googleusercontent.com/PE0x5UpazuxkBUtu6-y8LNmjRb0JKe3ofMt1BZSG1N6NKD0X4XL-CrzaIjLQ7nUA9uMeh569VWA98e1LVyo6IijM-cDUY6MU0cPQ,fidenza-by-tyler-hobbs,223.0,163.50314310988034
26680993,78000198,Fidenza #198,https://lh3.googleusercontent.com/j1NLrgrVU3akeAaCwPUM2ekO742cCJ9fJ9aA4ennnVY2TyGUjqv5HIVkVcHNga4qD1VNCGo6zBYSPunDE_dQl3B2b7bhwNrKPwaGzw,fidenza-by-tyler-hobbs,11.5,191.94229654903376
26680994,78000196,Fidenza #196,https://lh3.googleusercontent.com/mx5Upvr0zx5i2dLfyuVnVZJ8pgT_qWD-cE9ZxyOdSR0FAxgldpSKERXNuCzjdQKwVsBS4F4dyg4BnmxrWsQLPX8NrsOuuwRgfDuTXg,fidenza-by-tyler-hobbs,0.39,185.69106516274545
26681475,78000602,Fidenza #602,https://lh3.googleusercontent.com/LvLrRJeg5pPSWpTlnclg9YhQ38f2RmlQeH_UcI41vcKoatuzQm_ntntwFQ1iFRMyt4sNtJeg-klj90dDlPKUq9rENiPntn0l1V7shw,fidenza-by-tyler-hobbs,0.7,1349.6666744578538
26680875,78000088,Fidenza #88,https://lh3.googleusercontent.com/4jpPp-6psQX3hB0cSVLigAJhcr-qv6jrhA35588m3cj7YpAto_QnWhUxSKe18-LmC8JsTX44Z4nQ-pbAihlH_u1RsWOYdzmUhiByIQ,fidenza-by-tyler-hobbs,180.0,1280.6526182536177
26680996,78000199,Fidenza #199,https://lh3.googleusercontent.com/07o0Cyuod_RG7chHX4YQqFve3MPCjh8XrRh5QmwKSPp_HU5lgW6kdL9FNUhh0NPc7vriaVHnEFDmhLXGAE5qa7eD0_T9OkQlyGSb,fidenza-by-tyler-hobbs,1.98,330.25761487072305
26681476,78000604,Fidenza #604,https://lh3.googleusercontent.com/MRW621JK6XFy2idnPFvFnh5OT1DQ2oOyFnA1kC5WsH9bszA7amZYunopqLKFswfPiEgba6LxlWRNEkuZQM19JSK7tIxv4VuS_4LrlRc,fidenza-by-tyler-hobbs,15.0,220.23260677975875
26681116,78000311,Fidenza #311,https://lh3.googleusercontent.com/6oOYwcFWQkqfh8B1QaJfHjRCoNVZKbReE_tm26W_PYjfLptasUMorJTlJjaRGb9yzicg71JUU1GAPL7CYkFDuUz0JkLNIP3mi3nEVQ,fidenza-by-tyler-hobbs,84.0,163.50314310988034
26680877,78000089,Fidenza #89,https://lh3.googleusercontent.com/7ciiSBn_0SDbzyVMR2dajCkcby9k7AFeO0uCFENvXqjHB0JIP2avco_T78glBxQCAdcWF8r-fMGNUOu4gnTIZdkvHYOHJmzWn6reDA,fidenza-by-tyler-hobbs,179.0,258.4448170020259
26681117,78000310,Fidenza #310,https://lh3.googleusercontent.com/mrMbWI6SRxjbcEXLsjvMDznOiHTjkio6eMbPMiJvdU82ZHCfwB6yH55NydmwWeNAhIOtsv-qHIP7GOZ0C7mwmByWezdHxEE8C1an_g,fidenza-by-tyler-hobbs,250.0,63333.333333333336
26681477,78000605,Fidenza #605,https://lh3.googleusercontent.com/KqWinDVMoB7WZBMpAlUZj9JuHgzNJ9J7sF6qOnPB3VM7Q9Rrk1dqh2XtBuj1rV1CHNGG65itqt3mnnKq-aU_0lYBjr4Q3ukFFYPdpg,fidenza-by-tyler-hobbs,0.28,266.7510614008127
26681119,78000312,Fidenza #312,https://lh3.googleusercontent.com/A-BcPlYGZWJOkSXePWKUT_uvys0UyS6TUW8gOTmDQegdPtwitWqpBwgLs57cqi0IrBMosDYNVjHlObneeMjgyThC0pCG67Npiu2j,fidenza-by-tyler-hobbs,0.55,195.63630337903385
26681599,78000699,Fidenza #699,https://lh3.googleusercontent.com/UagLpBeAUNKtXfRign0Ir_kNNoNbJT3sWalIG1ywcSpXb42oyfxm_MMZbRUGsZf_hD4Zfdov2s0oW_iZKTiI2B9nPBAjBWVsLQbP,fidenza-by-tyler-hobbs,95.0,191.79345334060534
26680879,78000095,Fidenza #95,https://lh3.googleusercontent.com/8S-3F6b3a2cCLas1sFdFcofT_UfZDEtygpT8jzGB5MXZkfU-bAEOemtvHkOra4S8ymsXFLYwjv4dAPDz6en21xI_xokXbJwjYAxDOQ,fidenza-by-tyler-hobbs,24.7,666.6396044940075
26681000,78000203,Fidenza #203,https://lh3.googleusercontent.com/m-qrRsTYwlBJs_WifyYKFH2QeOFIVtobcQodDCBl6XBIZ3FasaSUwlI9HnbQ3n6eFVJooU5zHRzv38Y4vQExTCC3cyp2edZurSrhjQ,fidenza-by-tyler-hobbs,125.0,443.0883915425644
26681120,78000313,Fidenza #313,https://lh3.googleusercontent.com/S-KbLuQW1MYbtzumTgoapzCxnK_vCxktICd8kWnDy3_g9glRlmenmjU1ULR490cptrasP7X0oNHjROlNLlRxnoak8sBAyU7YpeK_BtE,fidenza-by-tyler-hobbs,1000.0,477.82829070145584
26681480,78000607,Fidenza #607,https://lh3.googleusercontent.com/wq3Z3vD0FoBmCXfCA2tRo_nSlQdTXyxNWSh8tqAjVTi151MclrVvkl5csD6EfP_pdemePeml6RCySgXKZxuw6ZUVWRj-mDA_rnxM,fidenza-by-tyler-hobbs,300.0,893.2818201008621
26680880,78000097,Fidenza #97,https://lh3.googleusercontent.com/YwLBsWF14ofL_XWnWAATPnO9xO6b4yixMqFDyysuoEex8yP-rj6aJnb5e9H2bLN-A-hlieAOOzl2yJ5kP4640EBig4MwhFFFuXK-,fidenza-by-tyler-hobbs,250.0,638.921616869863
26681481,78000606,Fidenza #606,https://lh3.googleusercontent.com/yEJScyAdO-syMopiph-sYTp_HgYd1BZheLXyV4dIgS89uZRoBNwTLa2DuO3k48RXqUhfWoXgfB-cP7Ist74GcOdXBhqY56gDFa7Dsg,fidenza-by-tyler-hobbs,0.606,461.9302936230174
26680881,78000100,Fidenza #100,https://lh3.googleusercontent.com/9FqUPzZzxmw7MLenBqeV8zcWeidO0rfqAgWqOTyhnMUsfSF-NmO3Lg16QYnb-l2i06-Tvx4IUyqLPMlmvFKKZeHKgEePsm6h2RCYVw,fidenza-by-tyler-hobbs,0.69,214.13021860189892
26681362,78000526,Fidenza #526,https://lh3.googleusercontent.com/i_qomfQ7xZI2SuaRVoqC8L6RTxLZRyORx21fwpMNuqyballWAlyWKUhmxCo8wbJdB_-z5JNVPQcJeBvR8EHdJpWM6IoKorvzNDY0EA,fidenza-by-tyler-hobbs,78.0,591.2774383999881
26681722,78000770,Fidenza #770,https://lh3.googleusercontent.com/vsBRDWMpIzwKcuD6N24dNKFKDakEqySdP96ee10M_xqjow1UIVqDopxHFctSeA4Ao5FjXLi0VCMRDsXO4adJKMn6YChxyZx-iMt79g,fidenza-by-tyler-hobbs,25.0,207.14305866585602
26681003,78000202,Fidenza #202,https://lh3.googleusercontent.com/AYH6kBNbaq5lflPuaQDtXr8I4jsBZCtp3M2gkrGbTCsCqLE5bVKndwzoZfj8A5IlZQr9_m-WCZDOD7PFdJpulXy6HY98y1wBpkA_nJ4,fidenza-by-tyler-hobbs,39.5,293.80205065770826
26680883,78000099,Fidenza #99,https://lh3.googleusercontent.com/uN4ghxQNqSnVnWZLBB0xPS8tL1DABiJ_7cO01IQp20VcbWyiLFlD6nmQuH0WbfWPJamRhGuvRWd2EQaJ51DlOsSIymtigYm_TuY_Vw,fidenza-by-tyler-hobbs,3.5,506.40992929974254
26681604,78000701,Fidenza #701,https://lh3.googleusercontent.com/2NgutokRQI9A8EZ0NYyXeNp0wc1VxgyHnIXkimrKJGp7nWZSCtnQwcIswra9yWRDmDGan1Wql1BIolSvRn9HWtRJJDRa6vjntDHykQ,fidenza-by-tyler-hobbs,95.0,471.5770593151675
26681484,78000608,Fidenza #608,https://lh3.googleusercontent.com/31yk4f-xFIVW_S_UUmCTIKbaoB9MNM5Uzy6cBl6IM23ZAsdyhJ3GguiJvNSZ39T-HPLDxiaXaWy3MxpbhFlCIu_qt7L6DSUvpn0Lz00,fidenza-by-tyler-hobbs,123.0,191.79345334060534
26681004,78000201,Fidenza #201,https://lh3.googleusercontent.com/Su4fuM7kcAX4AhK4FCRrICo-yay2CXnNbFSSqsvB68--FTuPr9-pwxn4MPZNBGswBwkswiE16fZ3E0CPxKe9zwNGG3CCJ7Sj5dUWPUk,fidenza-by-tyler-hobbs,15.5,608.8813974239683
26680884,78000090,Fidenza #90,https://lh3.googleusercontent.com/neaVl6FxM94V0EeouzGjZB4oJgeWt7wHoC6YR1LLkYfpGzyZN08KnbyhXH5Wb3dyaG_DkCpEtJaIAV3z6zNKdVhStiyxsciLUHgUjw,fidenza-by-tyler-hobbs,1.5,585.6773402034074
26681485,78000609,Fidenza #609,https://lh3.googleusercontent.com/ycjKvUahwB8Mj-jn8RS7PwB3AqmmuUsE4clwAv7V769z-D_EFIVsXDhJKZRvGi60HjrJQ2MpGTwKMAA-jnqvopCH6jRfz_y4Is1VTQ,fidenza-by-tyler-hobbs,5.5,292.9400410781645
26680885,78000102,Fidenza #102,https://lh3.googleusercontent.com/--fXnUH69lQzjbEJaQq1eFBPFFNv2Xgq-8p_J6WJogQW4R8NyxBrg8_u3vLEHnolANinbdUk21vmwHPF-S_Qk1nj_LF41gmvNKCV,fidenza-by-tyler-hobbs,6.5,240.99878367973793
26680886,78000098,Fidenza #98,https://lh3.googleusercontent.com/jEC1PCtGTyKlwDTbIr8nbJoiau2fXQgf8CVgJkJGru7pkg_x8WUYrHKdokuwWAYmq9hEgC9V6tNxFT2wUFkYHJV4rPF9CH9syQtitA,fidenza-by-tyler-hobbs,120.0,744.323991020237
26681006,78000205,Fidenza #205,https://lh3.googleusercontent.com/jS1geyH3MC5oR7fk0HqTSsAvHvtKtbAF184fufeKhmkE50o58ssncNic6UYmPYmmM03FJ1nrb6JdgxyM8fu--jOvkpSk4KvlGGIh,fidenza-by-tyler-hobbs,6.0,588.8690570521283
26680887,78000091,Fidenza #91,https://lh3.googleusercontent.com/TdeFC3OVZPkSh9g3v6VqUV-myrmfuQL1mMAyyfarSK7KNDcNGfNYMCdhZQl3nxmjFP3ZKkWt-9nJnKhrKmUwKUCSk7b2A2WQTHuHCQ,fidenza-by-tyler-hobbs,150.0,256.80582318452434
26681487,78000613,Fidenza #613,https://lh3.googleusercontent.com/PVK5I7bYZQNat0ymrZ7UfjzRbleJAxExhZHCjvmBaL6FoSalGQtf7NbEMmwQ43aKByk1bb2k9UjeX3EyV5ufTa4cmaDEA6jlQ-TcHg,fidenza-by-tyler-hobbs,7.5,235.58221210500943
26681248,78000437,Fidenza #437,https://lh3.googleusercontent.com/LimeFgGc6yRpLed5DVsMSKbdonQpDXNZVnXzCHwWVnMXzjRjzy7sOg5VrXZx6UsPF0BHiHhLqe_gPLWXShs_YlfWLXo1SPtwumDu,fidenza-by-tyler-hobbs,30.0,163.50314310988034
26680888,78000094,Fidenza #94,https://lh3.googleusercontent.com/Mbep--VVDMQ7Rq8-2hLjeLM0oeFPVAhChGElq1XgZ2Fc4WHR4shW82bOWJvsDHNRY3O6guzGhn8RhYP79jLBMHp3Waa4ACAchqxTOA,fidenza-by-tyler-hobbs,170.0,163.50314310988034
26681488,78000612,Fidenza #612,https://lh3.googleusercontent.com/H5SbBBtdEdizU46bnlN4F7zAG3pB6aFvWL36DJI7CnSs_Iusm76o9dl6Eb_sRt5lUyqBE1zkXdK3IhnkUsnlm9-1uDSWP6rcHpbwZg,fidenza-by-tyler-hobbs,3.3,741.8479689271326
26681489,78000616,Fidenza #616,https://lh3.googleusercontent.com/ZYfjvElC5lqWwxHppH1txJ1poPtkx8XyImelxn1ienVsVn96LU9homj9G3bVnJ5UGjyc1FOA6G9VJktMExYAfFpT7DS6i53GwytqyMw,fidenza-by-tyler-hobbs,5.4,627.5124190261771
26681009,78000206,Fidenza #206,https://lh3.googleusercontent.com/IFVPFKgGaXZTAjou1BykTJNyt-kNGuwIJJ0idjY4i2K2JtTDsqCtOHRLVrOGgfCyjTC0TbDObES-_BCAsnSlVQ80vjPRLiwREhkAH20,fidenza-by-tyler-hobbs,0.35,219.2304071035722
26681010,78000215,Fidenza #215,https://lh3.googleusercontent.com/NECcAzFQj1mJYHiaKyfEWk30RDiUd0FjTGtO5H3f-k4kQRp0o2yvid6vFBD70k1TtV906mBj2dRgtDwNM2yUzuzW4270SAPntocX,fidenza-by-tyler-hobbs,2.15,899.384208278722
26680890,78000106,Fidenza #106,https://lh3.googleusercontent.com/DYyH660aF_tc44YtWWa2dIY2laFnMTHuKPseYhML8HeoaicWsIQzB6JM7dOccIfZo-H69xlP5zgPYJoBTzUk4mqThOyqEtf_dHnbFg,fidenza-by-tyler-hobbs,0.395,361.9191153893952
26681251,78000433,Fidenza #433,https://lh3.googleusercontent.com/fLkxSLFM2NMcF1Fm7Pt1ZS19MUOMVBRoJVnxtiAzweqqE1AgjjpkDO65yxOFtU2K-3xm7YK7vZDixLkwi5SFNNsNxgVUyWLLbbxhbi0,fidenza-by-tyler-hobbs,155.0,342.56491689399644
26680891,78000105,Fidenza #105,https://lh3.googleusercontent.com/wXmvGJasBj2JSZzu1S-rOXzl5VGx3Baxrq8fps14Xtxz8vocI-TBZ2o743X5xq1v3v96Q-2NhrOs8SWW0WAmKQaAH66yCjxrNYRNAg,fidenza-by-tyler-hobbs,4.99,514.7493140928933
26681491,78000611,Fidenza #611,https://lh3.googleusercontent.com/ad9T7C4tp7MXrQgRzAfgg95jmlJ-x2fssmdOQ_FxE3QWal-2ADohm7sJ993udFou_PqW2cQymBuEtD8zIU-s1AuI2yI26Rvd3z0D,fidenza-by-tyler-hobbs,225.0,539.9589116551576
26681011,78000214,Fidenza #214,https://lh3.googleusercontent.com/d6sBZw01uT5IJyWnBxDXvUOx8Q4XXRgiSYMeHG5orkg3i4oK0Z6c6mOVvJSAMuwi8F8ab8SAcdpGCaKeekEVIRMdook7jDDJJnAhWg,fidenza-by-tyler-hobbs,2.15,469.4137018265586
26681372,78000536,Fidenza #536,https://lh3.googleusercontent.com/F-rtwI4ijFFmiNtm5SXFST8oRg8fwm5_rUyTDayGq_V8YgQHYQ9DzGKArs6DDC4cheHRvnuHrPYf6lUXK_Wmv6aH3pJktwHHWNbQ,fidenza-by-tyler-hobbs,5.95,646.2727916019645
26681252,78000434,Fidenza #434,https://lh3.googleusercontent.com/FuMav2Y5XQ4Hjf1suwSK13-QP4MVT4VwiJpH-QFWmcP7EjZdew0Q2hsZ6WLv8lOpZRIWXYLap53ezMyeiUDz17HGtQG9bTyK0SiZsg,fidenza-by-tyler-hobbs,75.0,475.5160900044185
26680892,78000104,Fidenza #104,https://lh3.googleusercontent.com/Jo5_jxwLMz_68PciG2W2gzPkWhjpSaDXU9dHQn76ZQOG3t4ZGYOkDXh-FOpjamhqiZb_iUOaz7Vax3cM0yUIbOr7xcrV2FP9xlEe3w,fidenza-by-tyler-hobbs,12.99,828.6039028124253
26680772,78000004,Fidenza #4,https://lh3.googleusercontent.com/UVywlMkC6JzKE-4nFI4zc8mABRqRGVfJWsAtAguxJMeYArFOcDEstOWGQFSzLQh-NWks9B91Dfv1x-VsXWCo3FNOhSpg1dMhC2rLFQ,fidenza-by-tyler-hobbs,5.5,495.1420199529448
26681013,78000218,Fidenza #218,https://lh3.googleusercontent.com/Ei4uBxH99sS3SeJcVXKadRQrChS3bowzeG5-fF-USU202X3knzANQN9Tj1iIBgDsBUTG8s2DY-HBcVSs4B6pMHNTaOXqvVEqeAm4Tg,fidenza-by-tyler-hobbs,230.0,191.79345334060534
26681373,78000535,Fidenza #535,https://lh3.googleusercontent.com/sfSt1by-muGio3FJoQF1F7gfHXxVjdJG_qoQa8m2Uf37DGVU33CNu7vCRY9YjvK9i1P2dtanSeixUIvmy2uXNyXRGuMqF0Z1XMs5GQ,fidenza-by-tyler-hobbs,2.3,245.2611791948658
26681494,78000619,Fidenza #619,https://lh3.googleusercontent.com/er0znyDtXkI-a2ti4xn_6Gr5sMdT1jtzCeWgk3AjzRUF21BotmTuxMijRr3YPEWFqX0oVhao4HcqMa1SPfeFyxDjcsrDV42bi34vggY,fidenza-by-tyler-hobbs,0.7562,492.73645533745463
26681014,78000216,Fidenza #216,https://lh3.googleusercontent.com/BMf6iq_V2dneC7zkUsfNaS-yDAviqnVPlKQ2ZEF0Xa7ZLunc8ZCwbUXaexZO4oTqrHHhABhtb0lZTNHSGjjLmkaBhqxxU5K5-EQ7TZs,fidenza-by-tyler-hobbs,320.0,475.5160900044185
26681495,78000620,Fidenza #620,https://lh3.googleusercontent.com/wlHR8gSa2WJfFa6plQ4_i2n2wQ9Z7gnxHx1NePGyNY8Inb7W9ZNWwPMwmE-QxrL86Fwp_AEYApl70msrvqbPe2SNh1XmUKn9S2y_0g,fidenza-by-tyler-hobbs,155.0,222.6872926359294
26682095,78000914,Fidenza #914,https://lh3.googleusercontent.com/JNtEgwjUdbZ0PqLzV4kXe8--mk3Z-Ru1yV6LqGJvg0inoc3IcsJ1TOvFZfrKR2j4OLP52dmpW9eFD9Rd5zgEfzbk-ofUEaz0arEASQ,fidenza-by-tyler-hobbs,86.01,195.63630337903385
26680895,78000109,Fidenza #109,https://lh3.googleusercontent.com/LqBi0uE8kSJT-xqt9RaaTNZq8Ja9Lryt_gWJqKbbAETQPyvFprd2tZlwwd633nH6bMlB4DUs6lfOffw-Qxm2fEcTk8Y4jz3xdGhk,fidenza-by-tyler-hobbs,1.4,247.10117185759782
26680775,78000001,Fidenza #1,https://lh3.googleusercontent.com/YAvdsHMNG9wQnTMgTRVotJx-mRJEPDTwGuWcrxNpcDUSZIEG4hqsFwozpCqKaOxrXK13pPj5_IlB_l4PAY_HB6IHHCHiHzAZHrPtBQ,fidenza-by-tyler-hobbs,205.0,169.60553128774023
26681857,78000816,Fidenza #816,https://lh3.googleusercontent.com/QqAL3VbMSdWyy1T14eZxVJ25W61EaQsqKk3RO8WMqfc1xSos1FNrtSJ0hvSpEMisus2y5Y2N-ip7_EPfc0kvIN9Q5m5r-XOLRKGZ,fidenza-by-tyler-hobbs,37.0,242.61567654936317
26681498,78000622,Fidenza #622,https://lh3.googleusercontent.com/AfXwH23YXoUBY6mAR3WNxaqaAZ2IoXZtAiR6J3_2_xgH1-gvurbzRCjO0VzVKZTfuJboKeZsKdhrC5FyMLs56QfAk7qzXq5ySt2H,fidenza-by-tyler-hobbs,10.0,287.6996624798484
26680899,78000115,Fidenza #115,https://lh3.googleusercontent.com/3xr1Pq8L-D2UYYQ94NeV5RJ93_TL27TPOf5rhVVKAfVN20n8kKbGCWgzfOg5Al1N3Dth6PK6a2eQulLZsLQYqJANsjq27ZgPqMHMFQ,fidenza-by-tyler-hobbs,159.0,387.94988748068886
26681019,78000221,Fidenza #221,https://lh3.googleusercontent.com/N-xh73UsQy0udtEgkvxnTzo0ZzVIWLWfL3XsSgDPL3VSlMcCrV6HCSKiyxPMaaqFXCRug-2sBusOfanl7SwJHSAkkQF-iUkMR97d3Q,fidenza-by-tyler-hobbs,99.0,688.4229685130606
26681140,78000326,Fidenza #326,https://lh3.googleusercontent.com/ab1jgpX0FCRbxyGWZIPidpbfrh9nFcWvdzzj_vl-wUnXmYbIJcejYGcPBpaT3WWCacaPvO81l6BGd2zJM2Ej-GG9OMP4hCrA3QjYjQ,fidenza-by-tyler-hobbs,326.0,482.02182959080795
26680900,78000112,Fidenza #112,https://lh3.googleusercontent.com/ajAWN7w7wy85_rcB1h2Yx7w5iWwtA7xRLMNxjXKVS1vQ8XyEcvOjpMuGT2egODTyStN7kRj2Zx6Q15Rn2G_B_3Wqu-Xun_n7EyAf,fidenza-by-tyler-hobbs,2.45,506.30029781405585
