id,token_id,nft_name,image_url,slug,last_sale_total_price,rarity,predicted_price
26680920,78000125,Fidenza #125,https://lh3.googleusercontent.com/HA8S6js3f29rsy4B4qjzkZbOiDXlLnWWrM7afvf6QZAHfiLe8COpvE431udX8AVNpnq26Ss3zM0oYiKonwxihPIVDXjwlaaxaXqoTA,fidenza-by-tyler-hobbs,51.5,80001151.21131317,52.527094922042195
26681040,78000243,Fidenza #243,https://lh3.googleusercontent.com/mD0FjoKVChcraRul239hAAikhtOzZHVb9SHX3xNYLoFT5A1TfiH0yjg1uNArkOQWJD3-rHU7CKcjtnwP6gc-mGY0if6d5hk0PHvRhA,fidenza-by-tyler-hobbs,0.5,1310.2496959199343,44.957218657327815
26681400,78000553,Fidenza #553,https://lh3.googleusercontent.com/MjygTcUlIs4OmMj170IgsIcxlBf5zCeQSf7GeW94i52eF7IdXhi_NV9YebZ8jYxrBJqu96nnxOPcTeel4codkqfdpWzj71F0j0egLQ,fidenza-by-tyler-hobbs,125.0,264505185.1311997,69.9855384680026
26681401,78000554,Fidenza #554,https://lh3.googleusercontent.com/g5_BxAqUmYgd0UzXgi0CYmVP1tLWSYYDhj72FJbYu0wonm7oYaYEzA2ORx-d46ZX4O-ETwgq80ovVOQrvD-JUkuaCkbW389nGe1Y,fidenza-by-tyler-hobbs,28.0,19728186.464198142,46.823847518562246
26681041,78000244,Fidenza #244,https://lh3.googleusercontent.com/VKLzV5ms2yOQxhauwVaQuv4o01h686tk_3tOSFz4xXuXdkE8b81aAr8z-7T7LKMXM5cGpdktS1fSmE8WEJMBb4m69nEkNn6LjJQ4pA,fidenza-by-tyler-hobbs,1.4,19963.95448771898,44.958983738801166
26681161,78000349,Fidenza #349,https://lh3.googleusercontent.com/sRwA6gqhA9O-3DlvyJSNPknVMi6FzlCiizV5WxfY0i4-JwXOk9lcEKK-m_P8hhADaVpUJ6EV0nZw3-b3Fx27wGBQMqoZ0c0oTqVu,fidenza-by-tyler-hobbs,0.7,2934.149184546218,44.95737231661073
26681402,78000557,Fidenza #557,https://lh3.googleusercontent.com/FYcdRyJw0bPQBIDayCoaJBn3ZoMGd3SV2mVjSE5i-4NKvEuqwnAFgBSPXB0jNA8SIibjIzo6pIbHZUK1lEBxjY4WItS7RlPZs5dTiE4,fidenza-by-tyler-hobbs,3.0,92702.59264707232,44.96586653361565
26681162,78000350,Fidenza #350,https://lh3.googleusercontent.com/-QQEIqBig1tozbIiwbMNk7l5cUp1-xVoQgosqHPSJZWRgAFszwx8Fo5jnU0-Dc1YYKSgV3PW40Y3bRjIpxoXAWaebrfV7LvGBEpT,fidenza-by-tyler-hobbs,2.0,61652.44371115982,44.96292845545674
26681163,78000351,Fidenza #351,https://lh3.googleusercontent.com/LAWkq4-5QuBkh5gtQS34qpn5bzi04k-q2ZO28KeypP6cxPd6KJUFLdTZBAfygbtMhYoSLTg7mMR-FmM-bcOxIXeVObDMQGFPjSOm,fidenza-by-tyler-hobbs,210.0,1112320509.6052444,150.20891172041172
26680923,78000135,Fidenza #135,https://lh3.googleusercontent.com/_4Gbe4ChdoXp161sjMDlj8o4wZLnmrYj8U-6skQo-FNYLRyyXL5OxtJoh4CnBCzkcePAmhg6h6MR7hsbuImH53LDnvh_v4PXvvhP-A,fidenza-by-tyler-hobbs,437.5,2023455972.7784493,236.42386707167992
26681044,78000242,Fidenza #242,https://lh3.googleusercontent.com/I38gjhAIFeZMCrpcH_Qo2aIj5vi3AwPlB72mfsj9vWBWdMdHP326XSk2LhToE1XQjN4OaYyhKWJJTtudiz7yBVAmLgFzT5ewbI-axg,fidenza-by-tyler-hobbs,0.4,844.5397121464738,44.95717459015331
26680805,78000021,Fidenza #21,https://lh3.googleusercontent.com/DiB9SaWp4MQ9F0h6l_eYssX7EOyv5-ig-nAB7KZImteK3f_njmA04ROc3lbKAVZuh6HhbDOnAYr22P300ZufMdGfrCK4G52Dt-_ycg,fidenza-by-tyler-hobbs,60.0,40597225.24432259,48.79855196084811
26681045,78000246,Fidenza #246,https://lh3.googleusercontent.com/RD8i4QyRqfgFdnw_tAQ_JmAgiBn4qq3fUiz8Xsvlg51VAEfwvpw-9hhkOSchMKIwJDZyHdsmHfa6NeKvXaHoWhYDJprSQzWPpt6ZjA,fidenza-by-tyler-hobbs,6.25,204715.63630115308,44.976465615692604
26681526,78000640,Fidenza #640,https://lh3.googleusercontent.com/hI05jNwQMCGpctBiefnanI41xdDg93_qP_ETddEohjkNYDSd1Oncw8rDDlJAmB7zw58XJOsBZWCmT1NFAZj-cIoGagDUsvEJoWJacg,fidenza-by-tyler-hobbs,128.0,418188320.4356507,84.52759635517035
26681046,78000248,Fidenza #248,https://lh3.googleusercontent.com/3hwDV7JJ7aGtwkiHFHFQJDGVWREk7Az41udWolS9hGth8hYnbuPL8W8HUEg-AuHMbSL0GWfU-fXGJneY9N1HXeLLeGw9OmwWKG5nNA,fidenza-by-tyler-hobbs,18.0,3420382.430557684,45.28074371735473
26681166,78000353,Fidenza #353,https://lh3.googleusercontent.com/SqpiObfXCTHM6VS75P1AdDVkcfz_LBbmaRNGdFOcx5Uu0xMtPeFF2uzH7LLFenICLN-rVSbp1oHGfQSKHcftcJY_dqpUv_swE5JwBYc,fidenza-by-tyler-hobbs,0.6,1866.8487834585883,44.95727132476029
26680807,78000025,Fidenza #25,https://lh3.googleusercontent.com/F-bAkuQs5QnGxSXC8Y9jm3yYGK7vPIIUZlmKT1102huB8TSKOhBR4GYC6dCUfqLD9FlZ01Sn60D7IjDyuepl_3l32Cd5s_ygYr5DtA,fidenza-by-tyler-hobbs,68.0,48591295.13443534,49.55497996360709
26681047,78000249,Fidenza #249,https://lh3.googleusercontent.com/GRteSTvxDwcWOy_fQKWTsnjuzNMeM6DycTQjcBER46X-PX4j99DJCia4qjjPUeMAWEdplvKLqKcntYkxxzN-0Ejwq0rSQUdJJYjoNw,fidenza-by-tyler-hobbs,0.4,844.4792017844675,44.9571745844276
26681167,78000356,Fidenza #356,https://lh3.googleusercontent.com/8vW-muoYITVk5wkhntWUpQATYfSpdEyaNL4mjc9WBwQ0yJhwLsEjKySNGMIhHmKdNB32bvDz3a__RYPom5zvpvvomUJ3B7ktNIjZ,fidenza-by-tyler-hobbs,185.0,188973373.7761343,62.83844343462724
26681048,78000250,Fidenza #250,https://lh3.googleusercontent.com/z3beCe4mcxOyyvuUjWmyuRYC_hXc7ynMnXIMtEKY_qyiMxvaLUXU0WP8XSJB5dSWkf7EVE_wZ0m4MUb_IaPWHzgaogluV3flnSORHA,fidenza-by-tyler-hobbs,295.0,482896768.8151395,90.65054537139906
26681049,78000251,Fidenza #251,https://lh3.googleusercontent.com/3M6AchKmhwhwymwq3jx-il1xKOEzlcG8Xeh-gfcbTshk6wF0Sgp7W1JY1MEDI7kbalnpzShXD8xTVg-Miht8S6x5t7rddTGM8EC7wRw,fidenza-by-tyler-hobbs,8.0,336140.13853036327,44.98890148066519
26681529,78000647,Fidenza #647,https://lh3.googleusercontent.com/2FKExhvosf5aV7YzbPNeM6Q6vGT22jxaHvFZHY0JMRfqdLGjunS1aSvLhzsaqNs9d6OfeTUb7Jxcl8OXPZrI2GckPZOSiAZSQu5L,fidenza-by-tyler-hobbs,291.0,477160356.7970363,90.10774517756748
26681169,78000357,Fidenza #357,https://lh3.googleusercontent.com/UUKsC7jzoHHefbbo3W3S2WUB7GXdkln8dMYl51-UyV89qrNdiqKqT7WajMWhnEof97_gmNwmd1jQYxCTXfBsS9IDpBYvFuUnq7gA,fidenza-by-tyler-hobbs,0.37,716.7512048371758,44.957162498339414
26681410,78000558,Fidenza #558,https://lh3.googleusercontent.com/DdBlq2IVh3Pu2KF9TtEEV0VFlCaG-Ntx8Byz0-Nh5_zZNozQBVIWPjSTnkn4OuX-lryRRQBk3ft9Z6uSqqGir7zPqlTtz5I-TWJSAw,fidenza-by-tyler-hobbs,0.75,5746.829008757664,44.957638462617844
26681170,78000361,Fidenza #361,https://lh3.googleusercontent.com/fv3hC-jE4DzTvNrv4UE1u5O3ENxp8qUfVOdHCnwB1PPnwHSOn8td8QGLCRF8pifJGJMqZz0DKnF5px4NMs2uvDJ2KtEPCe9tfqWzvg,fidenza-by-tyler-hobbs,3.38,179120.16854303895,44.97404367932951
26681051,78000253,Fidenza #253,https://lh3.googleusercontent.com/N64d5FiIn2kkLDGsfiSA9kv_41ylRNVe9FYlpnUDVMSee62rsv5iIak-fDuOOspmO9HxjVmnlvfGyd9eW30U-hUjNbB7ajTWVSLaKg,fidenza-by-tyler-hobbs,3.1,99433.68867799923,44.96650345443284
26681891,78000829,Fidenza #829,https://lh3.googleusercontent.com/UZQj30DBDFeajw_pHq75Rgle-ENofK9b-9DXq7pl-RfEmJDYdCSIX3KDjHoWl7rOT0J5AkG8JBgMSp1DCny-ZG4mCblMxllHT7olng,fidenza-by-tyler-hobbs,69.42,48979307.948475234,49.591695148988705
26680931,78000140,Fidenza #140,https://lh3.googleusercontent.com/MwPUQb-Kp6DB_umVM8RurAgHRMWU8E4AUO7KFXF8_5nNtMLb3FOtr2jyyA--sJ_H-foIhh5VaWSyDzsUKuIinjhXvncwmne3LyUVSg,fidenza-by-tyler-hobbs,4.5,206510.4048657196,44.97663544322969
26680811,78000029,Fidenza #29,https://lh3.googleusercontent.com/ea3HQyvEwwcNi220IX9_Zfu6iOTVqcl81qkRAoxxdc0MGbrp5zGDjfoylJL2iJJWybV53KprizjSdI52etQHnzCYthU8ce7mtqEQzA,fidenza-by-tyler-hobbs,155.0,367485975.8237329,79.729955879519
26681171,78000358,Fidenza #358,https://lh3.googleusercontent.com/paQm-n_wpVuDJEnl-E1NHkvWA399ucbBZu-T-LyguOPYsiqiTgeukgpTJF2kMxzdbkFyLtjOe8JwDgMP4YoDrceDBgSDygs2ZQ3qQw,fidenza-by-tyler-hobbs,0.92,12916.613037015908,44.95831689369078
26681052,78000252,Fidenza #252,https://lh3.googleusercontent.com/Cls2La366r6E9QxO6eKd7o80QCEYALxY_hMF_BTXamxYE3slszh53dE8a5k5_c4jVi6OmTJnN1Gt0fEnk8rwPk3bMADEY_GpaXY2vA,fidenza-by-tyler-hobbs,100.0,202899256.19648653,64.15616113921124
26680812,78000030,Fidenza #30,https://lh3.googleusercontent.com/b8YBv3GLUSrvJ92ypGhe6MXiZwZbaJX36V4YBvPrgclP0aSeGVJOJFx5Ua7Ff5y_oMvtzr3J4_A4m8-dSyx1-fYQsDQYQ1ckuOtF,fidenza-by-tyler-hobbs,199.0,604249673.1980972,102.13339908086392
26681172,78000359,Fidenza #359,https://lh3.googleusercontent.com/S9UA6nozMdiWK8q-p-Q-J2IaKTtyRUVA81cSyTxsrT9swcNlZlkC7__OPIoct3xoM7NwswKMOxoU3E3BPauFPjcXc24og69heklGdQ,fidenza-by-tyler-hobbs,2.2222,27096.14915892596,44.95965861303227
26681053,78000256,Fidenza #256,https://lh3.googleusercontent.com/cvjtCfTzzkVegCVpGlJKmdfCqyswX_0SaazUJuEcHFE92yj_KZsrMSBERzogaD3KI3O8SoyrIufbzVGEoQIjYerC4bdEjuY4o_y1pg,fidenza-by-tyler-hobbs,100.0,53213791.94517318,49.992377444285964
26680813,78000026,Fidenza #26,https://lh3.googleusercontent.com/3D_5XTzrJnZjPOC-yQAmGngZlIQHqKC9_e1m22MxhbIWKs5yCEPSsItMW_u5fSJWZEHbdummvCDIINn_xE2S5mA5Tvv9B_YJk_GHoAw,fidenza-by-tyler-hobbs,0.3,483.4167922104809,44.95714041938762
26680814,78000032,Fidenza #32,https://lh3.googleusercontent.com/7ZL_XbM1Xc39hIExe0xLp_fQsU16-WZ-YOgm1X-6Fywjdzae9XI7anYQ0WJmaIavtYN28UD2ovHPgLFK_DyDSd5KCpXNowZMip6_,fidenza-by-tyler-hobbs,190.0,550996359.6700063,97.09437663721806
26681174,78000362,Fidenza #362,https://lh3.googleusercontent.com/dDN9c78t8ersFSQMbx-eAIKNUeb7rTmYrzas2dmBuXZc6G3x_54MiE2tP_2zhjov7b43FlWJtcO-V8KNX0qRRpyh6f1Pb6z7NonEaA,fidenza-by-tyler-hobbs,3.4,63942.89379970758,44.963145186184605
26681895,78000832,Fidenza #832,https://lh3.googleusercontent.com/cot9wj1m4xBAKPPn8-IEY1jaCkzvNWNEoQKy3yu238MEtVtoZhTwGqVwQSNf3TnrBEja2652EQ6WM2eYw7qUQsjMqVnXkpDrTE70_wo,fidenza-by-tyler-hobbs,8.0,1658164.9071578963,45.113996278318595
26681656,78000730,Fidenza #730,https://lh3.googleusercontent.com/IynWRv2EAlgxAGrpvrnbrDBlg166FpiwxC4moTus1QYHcPU_Ts_I1pXwvJfDSxmowKuJV4B86CZEU7qrusvIsaUyderbCp1HK0ipTg,fidenza-by-tyler-hobbs,49.0,48495505.28802928,49.5459159795292
26681897,78000833,Fidenza #833,https://lh3.googleusercontent.com/nw9or04XRAyPl9rFnpG0pkrUFwPKct66nv6DuFGAfDo8o79z6-qUzcgDFcOvMEKqkWmkb7nGdpdIAehhgU3f6F-YvEd_ZV1rZsHIzg,fidenza-by-tyler-hobbs,200.0,415483206.2279465,84.27162859838361
26681177,78000364,Fidenza #364,https://lh3.googleusercontent.com/uuCQPDMC6hMz2nWsW4dtPeMvzJ0awjGHo7sZ62ggrEA7yjvnusZ0RiWrsaGVdfF-eogpkPayPiJGqwFIArowsZxfWU13gM9Z0uVrBg,fidenza-by-tyler-hobbs,100.0,155678310.75441083,59.687943330242796
26681298,78000471,Fidenza #471,https://lh3.googleusercontent.com/Eg1IRWy3SxLRyE_u_jtb3mGVJ8Re8Sp7f4-MSrQpZ8tBbujc9nKMRzh15a3WJrF8YUNPlkJ8nDYby97XG0E-9lWslVoGoeSRRvB_,fidenza-by-tyler-hobbs,12.5,3949727.7838574434,45.330832302252084
26681299,78000473,Fidenza #473,https://lh3.googleusercontent.com/GALS1ZSDovBcYWdG2YYoCHGw0EpsaGC5ctDV6UNt1Ul1c-SPyZVKHjDPVqSb3TwtonhtqaKzF9sVjq-Gadg_A_klz_vvOqniPEA1,fidenza-by-tyler-hobbs,166.75,979529288.4335972,137.64372282469913
26681179,78000367,Fidenza #367,https://lh3.googleusercontent.com/xL8oxXI4JFRsnzWxzBtcssnA2hmRH3ocxBFLvdqhgtvFP-i2M2uQwbetfTSv_y0siaYDq2WxXlIhyatm3CeMxmzpnil4keuHbDi0GOo,fidenza-by-tyler-hobbs,6.0,385052.02131910494,44.99352970112331
26681300,78000475,Fidenza #475,https://lh3.googleusercontent.com/zpnrKP87HLLEEGD9vOjeI8UgEYOAkoKbMgzCs7HByQakhf9UYucUvjBKo-J6a4uETKE_XMIJ2L1EfkayOlSRYjrCQ4YogchaLbkejt8,fidenza-by-tyler-hobbs,50.0,40596656.00124523,48.798498096995274
26681180,78000368,Fidenza #368,https://lh3.googleusercontent.com/whWpyG6t-iJpPADzH1S_dGscVLJZqf2eAtyqlYHqpWVP1xjqrkLFe9ziTi4gkQ8ceSNULS5s4qAA8XMRZa2el7O_QA3Mt_wFE6lGZA,fidenza-by-tyler-hobbs,0.65,2323.3211075713552,44.9573145178338
26681181,78000369,Fidenza #369,https://lh3.googleusercontent.com/Km_mtCKnt4OHQWMvCXvioh659gdkdLigg6X3MxjdJY2yEHVGjbWVPbs_bDSSXWNyKoiP2rCaN1Yag1h7OyicFIPJ6USMXfehgc7f,fidenza-by-tyler-hobbs,0.3456,643.3456696044724,44.95715555244037
26681541,78000653,Fidenza #653,https://lh3.googleusercontent.com/t703owimjZdbOtE3Mke9lJdPhjlNE4qGEIetPhuWWlsLY54Llw3aJtBLJrJac2iohbBRo7GjW1Y9Q9PQKZn95gxrbUkXNFeaYdnf,fidenza-by-tyler-hobbs,114.0,198401188.397662,63.730537584737746
26681662,78000735,Fidenza #735,https://lh3.googleusercontent.com/wYyque-sLddUJNRknCsE0hmAAw3M8Mqy9fNz1z3XjFOQ13ne_qDGTbmDK8mRdQ_DhYzArX4s0hbRmu478iJ1G2HHVP6wgVYNwsYTzT0,fidenza-by-tyler-hobbs,1.25,16121.150538248265,44.958620118698214
26681423,78000573,Fidenza #573,https://lh3.googleusercontent.com/03-ZaTxnkLqd17EpAZCM3eiftyQKx_wZ2C0GQylshIPGBNsSbDPg4-s1VX3VjSs956HOqDrSFqMiRcjWXKxtEXmvnOMrmBsMn_Wz,fidenza-by-tyler-hobbs,1.59,39444.32154299748,44.96082704206811
26681544,78000657,Fidenza #657,https://lh3.googleusercontent.com/xIuN9qCJ1No0XAGw6GJgSbTQqvlNYZ2-2mcf3vWqw6cTBFGzYctwgNydZpuUybrgcaWsR18aHc-4DBQU23sUIAW8zlXYFyTa0apM5Q,fidenza-by-tyler-hobbs,7.0,1006137.9655975532,45.05229911480498
26681424,78000571,Fidenza #571,https://lh3.googleusercontent.com/3P0wUBK3IXt7Pu40GPP-fD1JKMp0CfRXJV7DY5t0rLurDaLtDQHgMlxS-mpFIfjphaE8G9EaiWFtIuHErNzbgdXe7imB0BKLksvc,fidenza-by-tyler-hobbs,0.99,10325.133933419069,44.95807167850134
26680944,78000151,Fidenza #151,https://lh3.googleusercontent.com/jEU_lrwK8rodZL5KO1RovYL9ZBNEjvub3UMtQkRBqLTiT3mpXVdygO4-laA9eA8tUAXos4okHUwTKehAYr7UCbvQ_JMFbW6F4eK9TQ,fidenza-by-tyler-hobbs,180.0,673206449.2051812,108.65834032715586
26681304,78000478,Fidenza #478,https://lh3.googleusercontent.com/Mv_YXuzXxocom-mEeAsW2q_p7I1Sprb8PbX11eDZjS6WQBsRussf63lJe5KIZVOYJn4K9dE4Iucgo5ivVaqkNn_JwTBc5AWMa2rDOw,fidenza-by-tyler-hobbs,3.3,165372.17569962228,44.97274279418447
26681185,78000373,Fidenza #373,https://lh3.googleusercontent.com/wcVxiAjNwmItbXdD1mForJF7LTf8vmewGBzRvb5C8Uri9bKNmzYJKcwsyFRhsWAJ6WLKQSpw561mwtMZrUtvR3U10HNXpYeQfWrlhkE,fidenza-by-tyler-hobbs,7.0,256997.2400521901,44.98141269141875
26680946,78000149,Fidenza #149,https://lh3.googleusercontent.com/9oiTWIWSjV0i7RpOZqPYRVusfqFMTIJofI4SEbfNKAwTzGA0pyp9gM84-NLkEpQFl6fe7R-vpa_KqdTvMA7RIWFxwo4hYDs1JdTVaBA,fidenza-by-tyler-hobbs,135.0,368065471.62908286,79.78478988280816
26681426,78000578,Fidenza #578,https://lh3.googleusercontent.com/-jA43VUIvYj35SD1ODTDHlAQBp1czwVapAY5MiTGJ41wKEEz5VTL2o5j7VkYH9H6exk-dtsdnC0Vyq53jMLw5Oaz08OipV_14K6eiw,fidenza-by-tyler-hobbs,0.3,464.7152828798892,44.957138649782706
26681430,78000579,Fidenza #579,https://lh3.googleusercontent.com/uYBMY0d3R7Ma5Q9e1q_APCF4GEp8L-gf2ZM29dzQOVNQi4mxRfnABL6KEv57lb0y7euPhi6eDrKiw-tAlPJDzKC7jiHpC0RaxUjW,fidenza-by-tyler-hobbs,49.88,50638557.763685785,49.74869940852743
26680950,78000155,Fidenza #155,https://lh3.googleusercontent.com/bLw5kVnIFSHAa-7uTubRNcZScM2ANnFnDbpIE8yJ43onThwt32UZSKOi0F1ghdR0jTKPsyYzWqZ1nKXj4-ObbkXpu4doMyxOsyUD,fidenza-by-tyler-hobbs,9.5,943057.3696379228,45.04633019911241
26681551,78000660,Fidenza #660,https://lh3.googleusercontent.com/rwmhJ19gUwzhERpSWje3W-yKCKJW42Bq3-vrPwRIYT79VvXA4OSFR2j8HSsP-w8czo99o0hjIjuv1anLS6n3-LjzMgh1E0it6QmEqw,fidenza-by-tyler-hobbs,26.0,10502476.82180713,45.95087727752652
26681311,78000483,Fidenza #483,https://lh3.googleusercontent.com/upKunOhN7VPed5cvV5MtV5eMFWb7dbzPIDNzFjNEI0mMl5rMUILNc7FzedLVPRuL5SalZUjlPsvh1sEVbceHW6h5H2krA6oWnFEtMeg,fidenza-by-tyler-hobbs,6.0,366909.9226757653,44.991813029686696
26680951,78000157,Fidenza #157,https://lh3.googleusercontent.com/36j1CrR8U4llmbRwbD5vrJRJOZJ9XhUn7FGj2f2aoyHs5i0Inux1wb550cALxLUeuQT-_cSxY5k8QpvWW5jbVV1lF1CYMa3hrk9TXQ,fidenza-by-tyler-hobbs,3.6078497629980735,134388.6574753067,44.96981102086612
26681192,78000376,Fidenza #376,https://lh3.googleusercontent.com/FYIBFUmFi2HqiRsO6nFZQO4ltEUZYpeO3N1QZ0vAzFBAZdHZz_RiBZgh43CrA3Ij2iggheiEIyedH5EABhtFFUUdeYSpe3c65ZUfBwc,fidenza-by-tyler-hobbs,0.48,1189.6711241725163,44.95720724774428
26681314,78000487,Fidenza #487,https://lh3.googleusercontent.com/jCxTGfSocQaWSOmB0yoFODVgoWYdwZfyYAGvJrsJZtqawH7XcYPEVqO93gU3fOsVwpoYTFGr05t_JwoJPRKgQR7WVQ2NI6sDS4oV,fidenza-by-tyler-hobbs,0.64,4268.6962472205005,44.95749859631344
26681434,78000580,Fidenza #580,https://lh3.googleusercontent.com/XkaRtSaSImtl61-6FPMS7w0_uSrS2w5qgJnXOERl3Nzk8HNhucQWgyiWmomvsllpkgLM1Xh8nAGWpADxWDrOUZh4fqYp2z6qxY622Mk,fidenza-by-tyler-hobbs,0.33,565.3863070687919,44.957148175641606
26681915,78000840,Fidenza #840,https://lh3.googleusercontent.com/HSQ7R9CyIjTXATTFbCUTfEtkwTzTjH8c4JQIVGwULm9vMBfWPDtA5PrNsZfOTB-mvU_gBLrfBnvpJm-cfiFwmJbcdKgSqmjUD1sUfA,fidenza-by-tyler-hobbs,4.75,232544.2708878868,44.97909886243291
26681435,78000583,Fidenza #583,https://lh3.googleusercontent.com/9D_pU8SdwW518eUsA2eL_MiCa2riFMhvWe5nqunnTFexOgxOYMFYAPSDkDlqfnKz5rZevneljZsxU-w3LAgR_XSKrXMQB8cUh0-X6Q,fidenza-by-tyler-hobbs,3.69,72321.01589239045,44.963937954605264
26681436,78000584,Fidenza #584,https://lh3.googleusercontent.com/XngVCEHvopECtHr77hS4FSi54hZHXWf6XgMXHqVWqZjMVD4j5iIvcIvfgjIVYp7hzNBrcnZvWctblQsn05F35bcScFZ-0hZ2Jtg9eg,fidenza-by-tyler-hobbs,0.5,1306.2283124511832,44.95721827680987
26682036,78000890,Fidenza #890,https://lh3.googleusercontent.com/bAqgZ5pZMnKUUu9kAAG-RiZetFCfx2_mVVoayv5Zr-sSF6fmXDLEwNkPY0t4dVZ8eB3CPWXShXNRCRVI7drCOkHQ0-iPRznTjAkS,fidenza-by-tyler-hobbs,3.89,231051.62195766275,44.978957622555775
26681437,78000581,Fidenza #581,https://lh3.googleusercontent.com/f4s_OPpH6kdfCm7R7Zl-uKDzQAN2Q0j-UUSJsohuN6txZVIo_4bjt_P9WKMhqHrqXVCnhYn7exiTuQB827zfT8E00upsSmKW7DadLc0,fidenza-by-tyler-hobbs,99.0,153410079.67479414,59.473315045910134
26681918,78000841,Fidenza #841,https://lh3.googleusercontent.com/lZFX4TV3FBPn2WNnLMpjWFvL_0g4gFGgKzU-WAkUpn59RIq4R7Nefxt-7p5ovBNh4QpfpVe1JR8L18y8QcJ3FfwbkKT--KOhptIlEA,fidenza-by-tyler-hobbs,15.0,2375265.576776169,45.181850954941744
26680959,78000163,Fidenza #163,https://lh3.googleusercontent.com/Org9I6R6MnLqxpd696Gscw-HayHUekuWZRM-yKTdri9Il51sQkoazjnwSFFsfxlIMg-Wg0pWayrKn7lBqx23dR4XK6yqTvG8bqdg,fidenza-by-tyler-hobbs,7.77,622020.1475871305,45.015952488130985
26681439,78000585,Fidenza #585,https://lh3.googleusercontent.com/qHo97li4QM5fEdebG73-IRz7aMnhGT2vNFHl25LAgrww57qxrC9GdOu6FFBBfmIJykfLoPvkDA3LwDOmF4MfTrsaFHT_fRlA7zYOsw,fidenza-by-tyler-hobbs,0.39,785.3688280670128,44.95716899118879
26680960,78000165,Fidenza #165,https://lh3.googleusercontent.com/Oua-SnzXjnq6cUvrKEulGZJOekkolOZeHEULOCSeS4AiVC_XBQ99h5JG7e7E3-8UEaWfblZYXazCj6DSIAfO9vtE0rr23bPaFFz23Bg,fidenza-by-tyler-hobbs,39.0,45986853.82762125,49.30853824329476
26681440,78000586,Fidenza #586,https://lh3.googleusercontent.com/0OLX-Rywpd_5Ddb_Lip2_8G31zYSz7etp4wCfJqfii8F0IFHGt5KIQng9VB16tL7sZJ4PRWqfcKhL8efYW4LcP7cjJlc9uJwFaUDJg,fidenza-by-tyler-hobbs,10.0,1103990.3314548442,45.06155826198384
26680840,78000056,Fidenza #56,https://lh3.googleusercontent.com/BKitodpvOREhBkg26f1i28Ia1ALI7APrdtGIKu_ELb0S_JJbiwqIDZKyCKVxk6EuN78NnBhX5wGeYrdK4kKRakw3_xOR4L-JB0UPhQ,fidenza-by-tyler-hobbs,0.52,1432.5584860259428,44.95723023063091
26681801,78000800,Fidenza #800,https://lh3.googleusercontent.com/z0Fn1V7UyptNoOWjiU_zHEQh2CdPJJvv2d3sn8fG1UyzdEHTqc1kIHXHFgx71fu0NzeA0gVuNzi2w9fI0PPTl02_McV8hKQby4XXGw,fidenza-by-tyler-hobbs,9.96,1041530.6375571229,45.05564809830533
26680841,78000057,Fidenza #57,https://lh3.googleusercontent.com/PO5HahoLpdtqZ6yXNQrJ8lDa9OsS7QpqDTfW6lBAQ5nrSwPnsT1jEV9w7acF72VXrewxqJTeElTRQm-RlYPzh512npO6j42GsLujLg,fidenza-by-tyler-hobbs,0.7,2732.841878723039,44.957353268180405
26681441,78000587,Fidenza #587,https://lh3.googleusercontent.com/OF2NEWy59_o0hxuPoRBnG7p6ZX89JLaDiKsBoKRTPTjs1CFT-xlAJscpRXENuDercs5q9EYfHX3iFONon0Ud43QKyGooYv2_OpK8Ml0,fidenza-by-tyler-hobbs,2.1,24163.97292558896,44.959381159839786
26681802,78000799,Fidenza #799,https://lh3.googleusercontent.com/sttPE5DnhtKHmjA7cZ3VnPhzPN_J1YjIWH3fZIFGs6lkR4Azg8UZ_900mSvdnufGjBYJ9zMkq5suJQIoYXqohqMc1tQ5oDyVtV9v,fidenza-by-tyler-hobbs,104.99,279086430.19698304,71.36526897254717
26681082,78000280,Fidenza #280,https://lh3.googleusercontent.com/j__BecCp-2_UA7cOyp1IP0jGm61yc0d6hbupiIrc6eQigbJM2tJqQRSQTz6-kv6huBiD1kgTqnRZbTlboe1RkzLigmG7y3_IN1V-d_Y,fidenza-by-tyler-hobbs,95.0,95329615.52177154,53.97753003245613
26681442,78000588,Fidenza #588,https://lh3.googleusercontent.com/mvAZA6K0oxD1XsL-0MJmvuWx102_-gSSrTPZDjtyjuP573ylP6MzJPdzNvcH0tL7yhPoBxD1A3lpWplZW1-rjcHu2V774IAzepRhpQ,fidenza-by-tyler-hobbs,13.0,2629535.5679984195,45.205910907414726
26681443,78000589,Fidenza #589,https://lh3.googleusercontent.com/SlKeWFaZK9YzjnRdDA8i2BIIG7Audfnye4CM0YBlT33NvJUa5DtmQdm7E6y_N6RWvmWCZo1VVluwuUJSnNJDCoMKigcBlhThdGGzvg,fidenza-by-tyler-hobbs,169.42,316526805.93617535,74.90801366107823
26680963,78000167,Fidenza #167,https://lh3.googleusercontent.com/66giH4IrGfnVHd7qyBMA7Wdpo9vLRQJQpWykUX7pFAwvPcMMvDC2jvEWYpCSTmYFu2m12PxBV0_Oqx_6qUEmi1BR6LjNS0rSCbUU,fidenza-by-tyler-hobbs,199.0,402726548.64452577,83.06454720550738
26681923,78000846,Fidenza #846,https://lh3.googleusercontent.com/h_x6G902cInk-vebhritvh6DI8g6z99L5REy8MP2y_9HURWhZIy-GNnTPPmFPmYczLAqYN0DjTLUS2ilEMG4z2JuOVcBbdbeyFrZFA,fidenza-by-tyler-hobbs,36.0,13357479.273284318,46.22102800574494
26681323,78000490,Fidenza #490,https://lh3.googleusercontent.com/c9rpLEG838N9Ks3TRslzN5y2PdWMo2mheIzfH7_f3Ub7jx818a_w_Uiivm_oI_QD-lQWhJ75Mr_Vd8F1gEhx0bmZFuJCCU7cwjMl,fidenza-by-tyler-hobbs,98.0,150852349.00441378,59.231293256110156
26681563,78000667,Fidenza #667,https://lh3.googleusercontent.com/YCwWD72Y9LPbphFP8byiDTLQKABsXLGNwgMB8NZ0CJYgy08xkV38FZi4EXsZsAP4Fp13GYN_zDFR0_N0XjOGb__kArQlV3FLo8MR1Q,fidenza-by-tyler-hobbs,5.0,142441.98875095203,44.97057305639697
26680844,78000060,Fidenza #60,https://lh3.googleusercontent.com/K0q4CiEYZpKmSamvDD1_KjctlhwulAiOWAa9_8VtDeqqtBuR29rNhcLa4lsC7eCVTCnbNG_cA3uF5F7GQYX3-aVnG5efA1Y_OZ4V,fidenza-by-tyler-hobbs,175.0,323381075.5618437,75.55658961232535
26681084,78000282,Fidenza #282,https://lh3.googleusercontent.com/yqNuLTP5_ItcDi4q0M3zxp3Wdw3X12W0ss1u0_jf4x8GhFXg64fPQEHn9pEKfXSV4JgsCZkqO5chNNdpzz9yDgmX-ktX-JZA4LvwmaE,fidenza-by-tyler-hobbs,20.0,4121303.1879086914,45.347067391761314
26680965,78000169,Fidenza #169,https://lh3.googleusercontent.com/U_CrHLU-Ibr22ih9UMrC9ClvGwu_Ln6NjM3PUIpfdyLUiPMi4ECQfW7Qs5ivTyNh3gm51LtzOT7ZS2JMR3gkRdLnoFxj315oI7N9onE,fidenza-by-tyler-hobbs,125.0,163857455.47354642,60.461883787258884
26681085,78000283,Fidenza #283,https://lh3.googleusercontent.com/HJgoyU5iNO7JIsTXAWRZqLaIZZBW2eQzx3czYw9Ge0BDrbmsNc0wRNV9kTcXecAEn0Eyj57QNDBLMCBBAYVKJQ1d1c36CX-T9JZQiNA,fidenza-by-tyler-hobbs,150.0,230992362.1843179,66.81443312654459
26680845,78000061,Fidenza #61,https://lh3.googleusercontent.com/PvAlcLR-w9Y0GsYKTeFQ8wEPLUC_KYlx4mrsUHgmWU7o2FO26r1CkqI5NF8fJfw93breKbMzqznNFedwPHnXgx9kBCdXdo_AVgoTfQ,fidenza-by-tyler-hobbs,2.5,39620.23094312749,44.960843687256116
26681445,78000590,Fidenza #590,https://lh3.googleusercontent.com/b1WkNERq09znAiMBmz0fl-5l1nhYzGk_LVbSWbmktSXrU7K7it7IEFdkz-JtmDjQb_7-pCRp79fpa4NVOC3ktOPcPIShpvmURCtJ,fidenza-by-tyler-hobbs,7.0,257107.95742102223,44.98142316789935
26681565,78000670,Fidenza #670,https://lh3.googleusercontent.com/7yK4zh5gnMgJhyHyo7gWxRARrA1qoOccHecAeOyum2hclrjhoRL9CwMpz5TjfeUA8lwVtgUz4P5rdaJ4h9fZ4iF_r5iWeDq8APJj,fidenza-by-tyler-hobbs,0.93,4550.071871211714,44.957525221099594
26680966,78000171,Fidenza #171,https://lh3.googleusercontent.com/K65YhcwWYbvjQQbZYbVU2uXr9XrziOeJP24fGPOs7gm6d59RWcCuUH-0wH_M8WJtpx5BHjAyRm3_2OhwCFpW0-NGvd3-7_GE8yqxru8,fidenza-by-tyler-hobbs,1.2,7563.373097506797,44.95781035063432
26682047,78000894,Fidenza #894,https://lh3.googleusercontent.com/UBiws2l-nzhedXwPW6gPBTbZVd989jTe39VeJQzfmOBpqh5LsPxOHH5mdtRe6-ouca33MikMcx7IUX73LxtXhou9Sfavrs0B_46s__g,fidenza-by-tyler-hobbs,150.0,566815352.7001636,98.59122736131042
26680967,78000173,Fidenza #173,https://lh3.googleusercontent.com/QNOMk8SqzSPWZ6B4XM2oOr3CyOsS23g6b9_f1Eeb8FvuxKBfolZxXDSMNPQy8JEjJ0d2SiysHFw1t2w71uOXnYZlJ0J2YdF_9h3eu8A,fidenza-by-tyler-hobbs,9.5,959163.5215961288,45.04785422185994
26681327,78000489,Fidenza #489,https://lh3.googleusercontent.com/VLjorlodB7KmCl8PLe-PxEQNxfYvy-LWOFtlbyAdeKIgCeGzPW3v_SwqSu-3Y8ah80y7pLYdqk4uUIy_szNh_AEj33Ra-H63d02K,fidenza-by-tyler-hobbs,240.0,591742907.6041697,100.94996337799495
26681088,78000289,Fidenza #289,https://lh3.googleusercontent.com/ejJe9T0xzeBHFtG8if5WH2LdRc9wqSdli9oZLg6VkE5yeaAdu3Xe1gc7_SQR_fv3FmankM6y6ffbcrYj1eIUUT-EPN7DgrpMP9pGrQ,fidenza-by-tyler-hobbs,105.0,277427622.1527864,71.20830651499045
26681568,78000673,Fidenza #673,https://lh3.googleusercontent.com/IZQEPXr9ESsPqBv-iwogctCAsMcb6qE11YRSKsUqAgg5N1DRMP65XdnNSkuFrEMSsos0KZXcPGdsuqH8xC9HjLKtAXEsDjBk8Kh9rw,fidenza-by-tyler-hobbs,1.4,21781.093624530717,44.95915568312326
26681449,78000593,Fidenza #593,https://lh3.googleusercontent.com/alkHbF38fQnponnEvT_C5CiDWBQO0VvYzXMzjmaSiu8GWjfBuSL4DtdGqH1MZzh2mUhQrMDEmIqq43Q6fgInZgBU70g1PyLSaDp-,fidenza-by-tyler-hobbs,1.5,12684.61728433701,44.95829494140787
26680970,78000170,Fidenza #170,https://lh3.googleusercontent.com/PZMzuIzFVzAUAxroofuLdab0rAqjyAT3un6INMEuwFfW1ZUjTtid2crl9ugCV_TlS-lBDnxXCPlxDwIuCZK-JV5vk3BkQJjPZR-3Gg,fidenza-by-tyler-hobbs,5.2,140555.12827501522,44.97039451478789
26680971,78000176,Fidenza #176,https://lh3.googleusercontent.com/anYzJN4Cur8us8RB7UmaBFj1ZtnesmEsfSZM04Z92QY8DTPJ-N2_WhXOzpx0vkRCW8_FA2VyesVGoyNYNzbI-p-DuREvOcvFLDXCEQ,fidenza-by-tyler-hobbs,100.0,106369790.9853958,55.022191636726916
26681092,78000288,Fidenza #288,https://lh3.googleusercontent.com/riSG5PA0FcGOVwB2fV9HTtlNq0kJ98cQqBV2m0jL7F-MPOS6_xBEpQrkgWDpLIhOs5BSIuAyTrIfEyEmqwbktL_ip82ZARnIvmyS,fidenza-by-tyler-hobbs,140.0,201152258.32412717,63.99085383897767
26680852,78000062,Fidenza #62,https://lh3.googleusercontent.com/Tn32yzuGB9swaOqm-vCp50HhN1VrtQHGUxnptbnxODwSuh6GL9guLf_RwbNfqCCXXOvLX4DfeHPWyaxckhvlp5r-2EEQJ3ueywVQ,fidenza-by-tyler-hobbs,5.95,368401.31923891,44.991954151060305
26680972,78000175,Fidenza #175,https://lh3.googleusercontent.com/KRz5rNEB8mfoVpkQscpeU4lXmmdMZVbMJVQagMIjqsDPy0iFCfa6NLV4kNdCcmgzAPjeUEWwwLu2ROdzWt1694akJVj0eUWcXeJ1RQ,fidenza-by-tyler-hobbs,35.0,6866340.175861982,45.606812787390794
26681692,78000754,Fidenza #754,https://lh3.googleusercontent.com/GISRFa9aFWYCiPRpoPBkRG9-4QrF0PPR7QSqBZQOC3_p7B0atC4ixVvGqbKT3qcc1rfK6ZDE99WNboZZG3njrjqMoA6i8OFShRTq7Q,fidenza-by-tyler-hobbs,2.999,138422.50553936887,44.97019271825887
26680854,78000074,Fidenza #74,https://lh3.googleusercontent.com/cp7l-BDAjevDJmR3-RaXLhr6qGzTigJ8no1nnj2iobc_7Rgkkn12XStQgL2zvmpD9sQsl9OXwbMjBL6evPgRlvncyNa1fd__emB7s1I,fidenza-by-tyler-hobbs,75.0,57627423.08262447,50.410011294391076
26681574,78000679,Fidenza #679,https://lh3.googleusercontent.com/01bgRkiLrr78UjeoaTyv2FgOkA5grOvMiA8jMmzhUbb_0-uttEoDu07lLDr_BTQzvuT6qGO7zZ04S6s1U9mWCXKPR8X4YWxLZC-Jbw,fidenza-by-tyler-hobbs,200.0,808285722.3466343,121.44003303200701
26680974,78000177,Fidenza #177,https://lh3.googleusercontent.com/IXNcPW-oh-NV46QkkzSeM2Tcq6OMCKKCwZSepwvUwe3yluRhXphMw-brqZbgZUWM6GCLOZ-nPIEwC5ZTeCwKuotXuHnLc_yzkaJ3nw,fidenza-by-tyler-hobbs,24.99892873261464,3427162.942789013,45.28138531411274
26680977,78000179,Fidenza #179,https://lh3.googleusercontent.com/tg_xInyiFyp0xMhSo_UxaAXP3-sBl8Cl5rx2BVoVrCnDoDjc2xWE5-vR2iT9xMCYXbnBUgeBC3an9_T_PwzukcYocTAuLH2ZwO2ptg,fidenza-by-tyler-hobbs,180.0,167297501.83676013,60.78739350079572
26682058,78000899,Fidenza #899,https://lh3.googleusercontent.com/x_aFSapHJBXElt285dmMkF8Xt_1bspxCBD92o2WyV5uTfnWcYMrROrERmZCcfh2LHFWpy-Q_U0vCikyyUCQtQ6_tj5JXrs1glgu8OA,fidenza-by-tyler-hobbs,60.0,54704290.69216452,50.13341386325647
26681579,78000682,Fidenza #682,https://lh3.googleusercontent.com/Luyj3t5WmOR0B9tLEjOxRuGXTruv3e2_iPHJhQTLzdtTZtklPng4Z8wmb3oEsVTu1Kd1Ur8ai0FxovtYBMGlacWu3Mb2a-GVGk3s,fidenza-by-tyler-hobbs,149.0,226953880.58381027,66.43229729170167
26680980,78000185,Fidenza #185,https://lh3.googleusercontent.com/wOlgIif8eCoK3qkE5_MZNXLj9MvmjegoN1z1gKtQx1BaYGFZIAzRxiE8QxIUvRBaucpPm_nwAB8O90y87QM1QeWic52RRAhlEtMClQ,fidenza-by-tyler-hobbs,3.95,159521.1373150058,44.97218914762644
26681581,78000685,Fidenza #685,https://lh3.googleusercontent.com/dW7eFda_pwR5zXD2V-0wrk_ZpZjpcdoQQ33TJpmM_UhofXDfqJdI0Z1n_erOYiu6CUNKKpwkKJlNt_SkNtbA2vJgo67svy7DazJjkw,fidenza-by-tyler-hobbs,1.3,17220.312316689986,44.958724125388194
26680981,78000186,Fidenza #186,https://lh3.googleusercontent.com/W56eLacumpwPkXDbcQUXLCZXTDiJxE4j_R1M3KUkksB7XJGCFeLlrMn0HllvkV7Ze-A_wL47cYvfTE6YSgwCixPjj0rTK-LVHoAyUQ,fidenza-by-tyler-hobbs,50.0,13663562.892009644,46.249990752327385
26680862,78000077,Fidenza #77,https://lh3.googleusercontent.com/cs9WUudtTuzLvC1T4Xyj9g2-ZyBynxrcXBTxSn-WjWpu5NAfLH78V0Qe_hEVKpF9fDB68uEger0NSfiQmkKF_dH1NCKVAhFoBavF,fidenza-by-tyler-hobbs,950.0,10212880640.364542,1011.3370502437527
26681103,78000297,Fidenza #297,https://lh3.googleusercontent.com/jT-af-i64JRwPK8cCBxY_fB7E3hdzmxbg6unZ-i16RPzASwAREdj2YGNO7YfNKUu76muQT_Yl0rd9QWu4-kP0zsjExRy8I7mSZ62lQ,fidenza-by-tyler-hobbs,5.75,341603.47961119463,44.98941844189257
26680983,78000187,Fidenza #187,https://lh3.googleusercontent.com/dk6RWgX56zvJa--3oIUfW4enKhas3aQKwn-45Ly37AjCmlbjD3hHHX-BDUQXdoeel6sjaqnF1sLRQIyJuwAFw2EUsXWEhy3cI4T-n4U,fidenza-by-tyler-hobbs,0.2169,249.0501466924428,44.9571182427622
26681104,78000296,Fidenza #296,https://lh3.googleusercontent.com/SosKHXDV1oQW0LCnHb5z_Bn8gpWlkpbBoKGwUn2ey_Z_n4F2B7NKzR5TyhVAZfo_QA9JOgyKDUDONLTxp3zpuysgSCaHp4OCnZX2pQ,fidenza-by-tyler-hobbs,170.0,727866471.7832032,113.83047070352299
26680984,78000191,Fidenza #191,https://lh3.googleusercontent.com/ab-BLIFLud_JubWpYAJRCo7_IGra9tjrXw2iWGf2omzkLCwy4EHbg1FIr2AHvbfUtgrb6GipiPJgb7J6pfJpVl97Zh741dfZ7Xfjuw,fidenza-by-tyler-hobbs,2.49,64410.44078686795,44.96318942718307
26681705,78000760,Fidenza #760,https://lh3.googleusercontent.com/Cw57B2GKA2tDeaVs_RoL9C1fNrpHW97sturutUk1cyHg-cVsEdTRfUKhZyUE_m3u4Uw7fDj99JujxRS3dvMmMBsi_YdD8vnrgT3XVA,fidenza-by-tyler-hobbs,141.0,206522831.7130036,64.49903704954015
26681346,78000516,Fidenza #516,https://lh3.googleusercontent.com/fqHxfl8xcas8I4UdFIU1hRsmtI-nnAOS-VtiM7IbPB1RD_T1iOBgMxr_4HQ8WjDqf_sPuRSDBqLyfDp2bTOg0Pw791Bx9i8F_XP96to,fidenza-by-tyler-hobbs,0.8,56533.33333333334,44.962444066591964
26680986,78000195,Fidenza #195,https://lh3.googleusercontent.com/XG1FYU56RjIT7fFo1jhGbMBZSagz5Ic9ll9b2e97Mg044jWAn6XJx6Ev0Z_SoxkTqdHA2your0q9UmtqsQJVAhBhre4_uVATfax-9Q,fidenza-by-tyler-hobbs,35.0,12569488.428991038,46.14646544265322
26681466,78000595,Fidenza #595,https://lh3.googleusercontent.com/QxM5wddtqO75YFTOxUrXOLtOAimxA44FYE3J_rMkR5W0EId2NK4b-1yxvwpLMbMFCukF3kE6SjFn09DQdd12rOaTWtbJL2H6qglukA,fidenza-by-tyler-hobbs,1.5,12780.158414790149,44.95830398185754
26680987,78000189,Fidenza #189,https://lh3.googleusercontent.com/_PofyCM-nNKHQ8m_bR_nMOgtjre2gfbmi7cP4E-Bga_pgrHpL1ygWRu4KKWNdGAYYDgWG5JYpCSvGQPCVnsPFtm6GzkChLodm_JzHA,fidenza-by-tyler-hobbs,145.0,634654154.6450466,105.01038183082511
26681467,78000596,Fidenza #596,https://lh3.googleusercontent.com/1hAFJGURd0gdIAUjx2lhYQPkgkpzYr1NXqPzxh4lxSllzhffi3zWMlrBctOBtn0Tt9dHciL0Cmi_TlmFLSvUbHRuj2QAtsuMz41F,fidenza-by-tyler-hobbs,2.45,61746.74301153409,44.96293737839992
26680867,78000084,Fidenza #84,https://lh3.googleusercontent.com/K2PTBEsjfWuxR6Bkxu_EwreM7iFkIZ0WaJ8y7aeL--klnojnP8ais0la564nBc7H3qocOjp57z0cu1ASdzmFg6tI0NEHaZvkwiw6wA,fidenza-by-tyler-hobbs,0.85,7520.944893438498,44.957806335923145
26681587,78000689,Fidenza #689,https://lh3.googleusercontent.com/N3flg5VMifFPlUkZwN6v6QK-HDuNf_EQvfcrp_ENqybpIzwh4Fy0QhcLcMOXi-WG84kengY37HLCrrQ6hEaTWDeqn3UVvHiSmq9e,fidenza-by-tyler-hobbs,11.0,1881130.6947524203,45.1350941130526
26681468,78000597,Fidenza #597,https://lh3.googleusercontent.com/kWgW1E5l796Hn_tQCkkKqMOp3N56lBZKVxua9zx-Xjk-i27NvX3HnniksXKTZrpUZtV047pyEatmmCo4sxmQFQQNx5aGnV_-HX0tBAI,fidenza-by-tyler-hobbs,3.0,94787.41906800344,44.96606380748332
26680988,78000194,Fidenza #194,https://lh3.googleusercontent.com/slRa46j-YnUzySoVnioq-rWHSK7602pX35lq-mw4IkW1i7hsV43A4uOh0V-w4RBysy-PF8bpAnQgC0hX1HBAzpr7XORT2ghmRxlDWg,fidenza-by-tyler-hobbs,29.29,13008831.516836852,46.18803768545738
26680869,78000085,Fidenza #85,https://lh3.googleusercontent.com/eUcVt_duMFCLMJU3HS-YvyMjGmhib5cL4q9IkyChbWzrXoRVCuac7I94tNMMiPJBnzZxLahkn83xwzwk7sN0oF49gIC42z1WiEEJfQ,fidenza-by-tyler-hobbs,199.69,1009375619.7717744,140.46789137890994
26680990,78000190,Fidenza #190,https://lh3.googleusercontent.com/ZP6TXTWybf5jwi1iAewEZsr-XM2HjUasUbiCS9qJggSzyvtoRFOYJEUYIAGiQvUj829-kNsj6w0PWoLahtA4UJlE9Uic0b5RjMcHdt0,fidenza-by-tyler-hobbs,45.0,10720513.103681551,45.971508664478904
26681470,78000599,Fidenza #599,https://lh3.googleusercontent.com/kR1rvEZmLHGZqDsVBjCPkDFc9vyV8s-GldY-D5CfzRf1V1VnExe2n3osbkXWE1a0APzKXeeI42LBI_ADL5hhMr8znn-9oiZgyOPbB5w,fidenza-by-tyler-hobbs,1.4,29806.00039498508,44.959915029023925
26680870,78000086,Fidenza #86,https://lh3.googleusercontent.com/rGe40R-83Q_V9rggSmylu6-jgkWiKYxRC3IPMUEtBGFUqofWIey7p1EoF0inBwJfFM4889qomRhewWvNUqHnSrzGQNhmWVB2ATxP5w,fidenza-by-tyler-hobbs,150.0,341901816.8260282,77.30908959251823
26681111,78000304,Fidenza #304,https://lh3.googleusercontent.com/Vh_rHWXZ9zLyRWSV7K0HYjzjDXJ0R9urNfPUXEQleemC3Owh_EofK1mDtATkzKe4DNFrGlbSCsTeEV8-FeU-J71CawcLV7vsb27RoA,fidenza-by-tyler-hobbs,1.1,13307.70953368748,44.95835390066544
26681472,78000601,Fidenza #601,https://lh3.googleusercontent.com/UA9aSRMm1IhyZthMfppE7mGu_5E0f20EXdN7rhrzjzYrT85QXP7w6q1W-0vhwz7Xb92X1c7HZL9GAJu2Wz4C4kLpbyOrG8k8vmqFZg,fidenza-by-tyler-hobbs,44.5,59935733.78933896,50.62843205898645
26680992,78000197,Fidenza #197,https://lh3.googleusercontent.com/PE0x5UpazuxkBUtu6-y8LNmjRb0JKe3ofMt1BZSG1N6NKD0X4XL-CrzaIjLQ7nUA9uMeh569VWA98e1LVyo6IijM-cDUY6MU0cPQ,fidenza-by-tyler-hobbs,223.0,754065847.8037113,116.30955106548427
26680993,78000198,Fidenza #198,https://lh3.googleusercontent.com/j1NLrgrVU3akeAaCwPUM2ekO742cCJ9fJ9aA4ennnVY2TyGUjqv5HIVkVcHNga4qD1VNCGo6zBYSPunDE_dQl3B2b7bhwNrKPwaGzw,fidenza-by-tyler-hobbs,11.5,686634.3687186097,45.022066521021884
26680994,78000196,Fidenza #196,https://lh3.googleusercontent.com/mx5Upvr0zx5i2dLfyuVnVZJ8pgT_qWD-cE9ZxyOdSR0FAxgldpSKERXNuCzjdQKwVsBS4F4dyg4BnmxrWsQLPX8NrsOuuwRgfDuTXg,fidenza-by-tyler-hobbs,0.39,788.7436110112536,44.95716931052304
26681475,78000602,Fidenza #602,https://lh3.googleusercontent.com/LvLrRJeg5pPSWpTlnclg9YhQ38f2RmlQeH_UcI41vcKoatuzQm_ntntwFQ1iFRMyt4sNtJeg-klj90dDlPKUq9rENiPntn0l1V7shw,fidenza-by-tyler-hobbs,0.7,3111.3366704843484,44.957389082735865
26680875,78000088,Fidenza #88,https://lh3.googleusercontent.com/4jpPp-6psQX3hB0cSVLigAJhcr-qv6jrhA35588m3cj7YpAto_QnWhUxSKe18-LmC8JsTX44Z4nQ-pbAihlH_u1RsWOYdzmUhiByIQ,fidenza-by-tyler-hobbs,180.0,203493144.8314172,64.21235704444564
26680996,78000199,Fidenza #199,https://lh3.googleusercontent.com/07o0Cyuod_RG7chHX4YQqFve3MPCjh8XrRh5QmwKSPp_HU5lgW6kdL9FNUhh0NPc7vriaVHnEFDmhLXGAE5qa7eD0_T9OkQlyGSb,fidenza-by-tyler-hobbs,1.98,40498.74195333918,44.96092681516693
26681476,78000604,Fidenza #604,https://lh3.googleusercontent.com/MRW621JK6XFy2idnPFvFnh5OT1DQ2oOyFnA1kC5WsH9bszA7amZYunopqLKFswfPiEgba6LxlWRNEkuZQM19JSK7tIxv4VuS_4LrlRc,fidenza-by-tyler-hobbs,15.0,1174552.3365254458,45.06823509584944
26681116,78000311,Fidenza #311,https://lh3.googleusercontent.com/6oOYwcFWQkqfh8B1QaJfHjRCoNVZKbReE_tm26W_PYjfLptasUMorJTlJjaRGb9yzicg71JUU1GAPL7CYkFDuUz0JkLNIP3mi3nEVQ,fidenza-by-tyler-hobbs,84.0,106993678.17778333,55.08122611470519
26680877,78000089,Fidenza #89,https://lh3.googleusercontent.com/7ciiSBn_0SDbzyVMR2dajCkcby9k7AFeO0uCFENvXqjHB0JIP2avco_T78glBxQCAdcWF8r-fMGNUOu4gnTIZdkvHYOHJmzWn6reDA,fidenza-by-tyler-hobbs,179.0,969510830.381562,136.69573984241387
26681117,78000310,Fidenza #310,https://lh3.googleusercontent.com/mrMbWI6SRxjbcEXLsjvMDznOiHTjkio6eMbPMiJvdU82ZHCfwB6yH55NydmwWeNAhIOtsv-qHIP7GOZ0C7mwmByWezdHxEE8C1an_g,fidenza-by-tyler-hobbs,250.0,4583333333.333334,478.64878451297045
26681477,78000605,Fidenza #605,https://lh3.googleusercontent.com/KqWinDVMoB7WZBMpAlUZj9JuHgzNJ9J7sF6qOnPB3VM7Q9Rrk1dqh2XtBuj1rV1CHNGG65itqt3mnnKq-aU_0lYBjr4Q3ukFFYPdpg,fidenza-by-tyler-hobbs,0.28,412.9132832138238,44.95713374808887
26681119,78000312,Fidenza #312,https://lh3.googleusercontent.com/A-BcPlYGZWJOkSXePWKUT_uvys0UyS6TUW8gOTmDQegdPtwitWqpBwgLs57cqi0IrBMosDYNVjHlObneeMjgyThC0pCG67Npiu2j,fidenza-by-tyler-hobbs,0.55,3084.1799817721576,44.957386513071086
26681599,78000699,Fidenza #699,https://lh3.googleusercontent.com/UagLpBeAUNKtXfRign0Ir_kNNoNbJT3sWalIG1ywcSpXb42oyfxm_MMZbRUGsZf_hD4Zfdov2s0oW_iZKTiI2B9nPBAjBWVsLQbP,fidenza-by-tyler-hobbs,95.0,91980935.91639896,53.660665774250845
26680879,78000095,Fidenza #95,https://lh3.googleusercontent.com/8S-3F6b3a2cCLas1sFdFcofT_UfZDEtygpT8jzGB5MXZkfU-bAEOemtvHkOra4S8ymsXFLYwjv4dAPDz6en21xI_xokXbJwjYAxDOQ,fidenza-by-tyler-hobbs,24.7,3457160.156305749,45.28422375968811
26681000,78000203,Fidenza #203,https://lh3.googleusercontent.com/m-qrRsTYwlBJs_WifyYKFH2QeOFIVtobcQodDCBl6XBIZ3FasaSUwlI9HnbQ3n6eFVJooU5zHRzv38Y4vQExTCC3cyp2edZurSrhjQ,fidenza-by-tyler-hobbs,125.0,163173256.11785254,60.39714235276672
26681120,78000313,Fidenza #313,https://lh3.googleusercontent.com/S-KbLuQW1MYbtzumTgoapzCxnK_vCxktICd8kWnDy3_g9glRlmenmjU1ULR490cptrasP7X0oNHjROlNLlRxnoak8sBAyU7YpeK_BtE,fidenza-by-tyler-hobbs,1000.0,10477828290.701456,1036.4073617039905
26681480,78000607,Fidenza #607,https://lh3.googleusercontent.com/wq3Z3vD0FoBmCXfCA2tRo_nSlQdTXyxNWSh8tqAjVTi151MclrVvkl5csD6EfP_pdemePeml6RCySgXKZxuw6ZUVWRj-mDA_rnxM,fidenza-by-tyler-hobbs,300.0,980395363.8090776,137.72567403047023
26680880,78000097,Fidenza #97,https://lh3.googleusercontent.com/YwLBsWF14ofL_XWnWAATPnO9xO6b4yixMqFDyysuoEex8yP-rj6aJnb5e9H2bLN-A-hlieAOOzl2yJ5kP4640EBig4MwhFFFuXK-,fidenza-by-tyler-hobbs,250.0,352432601.05436647,78.30555074319943
26681481,78000606,Fidenza #606,https://lh3.googleusercontent.com/yEJScyAdO-syMopiph-sYTp_HgYd1BZheLXyV4dIgS89uZRoBNwTLa2DuO3k48RXqUhfWoXgfB-cP7Ist74GcOdXBhqY56gDFa7Dsg,fidenza-by-tyler-hobbs,0.606,2005.8174333089423,44.957284474479984
26680881,78000100,Fidenza #100,https://lh3.googleusercontent.com/9FqUPzZzxmw7MLenBqeV8zcWeidO0rfqAgWqOTyhnMUsfSF-NmO3Lg16QYnb-l2i06-Tvx4IUyqLPMlmvFKKZeHKgEePsm6h2RCYVw,fidenza-by-tyler-hobbs,0.69,2482.447397076364,44.95732957494276
26681362,78000526,Fidenza #526,https://lh3.googleusercontent.com/i_qomfQ7xZI2SuaRVoqC8L6RTxLZRyORx21fwpMNuqyballWAlyWKUhmxCo8wbJdB_-z5JNVPQcJeBvR8EHdJpWM6IoKorvzNDY0EA,fidenza-by-tyler-hobbs,78.0,64437331.93522552,51.05438966775442
26681722,78000770,Fidenza #770,https://lh3.googleusercontent.com/vsBRDWMpIzwKcuD6N24dNKFKDakEqySdP96ee10M_xqjow1UIVqDopxHFctSeA4Ao5FjXLi0VCMRDsXO4adJKMn6YChxyZx-iMt79g,fidenza-by-tyler-hobbs,25.0,9504464.41166616,45.856441709097815
26681003,78000202,Fidenza #202,https://lh3.googleusercontent.com/AYH6kBNbaq5lflPuaQDtXr8I4jsBZCtp3M2gkrGbTCsCqLE5bVKndwzoZfj8A5IlZQr9_m-WCZDOD7PFdJpulXy6HY98y1wBpkA_nJ4,fidenza-by-tyler-hobbs,39.5,31663404.64953869,47.95320132438724
26680883,78000099,Fidenza #99,https://lh3.googleusercontent.com/uN4ghxQNqSnVnWZLBB0xPS8tL1DABiJ_7cO01IQp20VcbWyiLFlD6nmQuH0WbfWPJamRhGuvRWd2EQaJ51DlOsSIymtigYm_TuY_Vw,fidenza-by-tyler-hobbs,3.5,67453.52163392185,44.96347737457395
26681604,78000701,Fidenza #701,https://lh3.googleusercontent.com/2NgutokRQI9A8EZ0NYyXeNp0wc1VxgyHnIXkimrKJGp7nWZSCtnQwcIswra9yWRDmDGan1Wql1BIolSvRn9HWtRJJDRa6vjntDHykQ,fidenza-by-tyler-hobbs,95.0,94505982.9603194,53.899594920300416
26681484,78000608,Fidenza #608,https://lh3.googleusercontent.com/31yk4f-xFIVW_S_UUmCTIKbaoB9MNM5Uzy6cBl6IM23ZAsdyhJ3GguiJvNSZ39T-HPLDxiaXaWy3MxpbhFlCIu_qt7L6DSUvpn0Lz00,fidenza-by-tyler-hobbs,123.0,78546643.15559001,52.38946407333667
26681004,78000201,Fidenza #201,https://lh3.googleusercontent.com/Su4fuM7kcAX4AhK4FCRrICo-yay2CXnNbFSSqsvB68--FTuPr9-pwxn4MPZNBGswBwkswiE16fZ3E0CPxKe9zwNGG3CCJ7Sj5dUWPUk,fidenza-by-tyler-hobbs,15.5,1347533.7557311084,45.08460322763247
26680884,78000090,Fidenza #90,https://lh3.googleusercontent.com/neaVl6FxM94V0EeouzGjZB4oJgeWt7wHoC6YR1LLkYfpGzyZN08KnbyhXH5Wb3dyaG_DkCpEtJaIAV3z6zNKdVhStiyxsciLUHgUjw,fidenza-by-tyler-hobbs,1.5,12567.774015457668,44.958283885272294
26681485,78000609,Fidenza #609,https://lh3.googleusercontent.com/ycjKvUahwB8Mj-jn8RS7PwB3AqmmuUsE4clwAv7V769z-D_EFIVsXDhJKZRvGi60HjrJQ2MpGTwKMAA-jnqvopCH6jRfz_y4Is1VTQ,fidenza-by-tyler-hobbs,5.5,613861.4362426145,45.01518048115428
26680885,78000102,Fidenza #102,https://lh3.googleusercontent.com/--fXnUH69lQzjbEJaQq1eFBPFFNv2Xgq-8p_J6WJogQW4R8NyxBrg8_u3vLEHnolANinbdUk21vmwHPF-S_Qk1nj_LF41gmvNKCV,fidenza-by-tyler-hobbs,6.5,221432.1986104689,44.97804739769032
26680886,78000098,Fidenza #98,https://lh3.googleusercontent.com/jEC1PCtGTyKlwDTbIr8nbJoiau2fXQgf8CVgJkJGru7pkg_x8WUYrHKdokuwWAYmq9hEgC9V6tNxFT2wUFkYHJV4rPF9CH9syQtitA,fidenza-by-tyler-hobbs,120.0,154718265.4706914,59.597100349570304
26681006,78000205,Fidenza #205,https://lh3.googleusercontent.com/jS1geyH3MC5oR7fk0HqTSsAvHvtKtbAF184fufeKhmkE50o58ssncNic6UYmPYmmM03FJ1nrb6JdgxyM8fu--jOvkpSk4KvlGGIh,fidenza-by-tyler-hobbs,6.0,201199.28605387665,44.9761328858277
26680887,78000091,Fidenza #91,https://lh3.googleusercontent.com/TdeFC3OVZPkSh9g3v6VqUV-myrmfuQL1mMAyyfarSK7KNDcNGfNYMCdhZQl3nxmjFP3ZKkWt-9nJnKhrKmUwKUCSk7b2A2WQTHuHCQ,fidenza-by-tyler-hobbs,150.0,230778131.0216518,66.79416179382774
26681487,78000613,Fidenza #613,https://lh3.googleusercontent.com/PVK5I7bYZQNat0ymrZ7UfjzRbleJAxExhZHCjvmBaL6FoSalGQtf7NbEMmwQ43aKByk1bb2k9UjeX3EyV5ufTa4cmaDEA6jlQ-TcHg,fidenza-by-tyler-hobbs,7.5,294501.4994309068,44.984961481009876
26681248,78000437,Fidenza #437,https://lh3.googleusercontent.com/LimeFgGc6yRpLed5DVsMSKbdonQpDXNZVnXzCHwWVnMXzjRjzy7sOg5VrXZx6UsPF0BHiHhLqe_gPLWXShs_YlfWLXo1SPtwumDu,fidenza-by-tyler-hobbs,30.0,13647152.828798892,46.24843797239047
26680888,78000094,Fidenza #94,https://lh3.googleusercontent.com/Mbep--VVDMQ7Rq8-2hLjeLM0oeFPVAhChGElq1XgZ2Fc4WHR4shW82bOWJvsDHNRY3O6guzGhn8RhYP79jLBMHp3Waa4ACAchqxTOA,fidenza-by-tyler-hobbs,170.0,293725240.8358755,72.75044654123967
26681488,78000612,Fidenza #612,https://lh3.googleusercontent.com/H5SbBBtdEdizU46bnlN4F7zAG3pB6aFvWL36DJI7CnSs_Iusm76o9dl6Eb_sRt5lUyqBE1zkXdK3IhnkUsnlm9-1uDSWP6rcHpbwZg,fidenza-by-tyler-hobbs,3.3,62528.72438161646,44.96301137232468
26681489,78000616,Fidenza #616,https://lh3.googleusercontent.com/ZYfjvElC5lqWwxHppH1txJ1poPtkx8XyImelxn1ienVsVn96LU9homj9G3bVnJ5UGjyc1FOA6G9VJktMExYAfFpT7DS6i53GwytqyMw,fidenza-by-tyler-hobbs,5.4,309898.2621388034,44.986418378763354
26681009,78000206,Fidenza #206,https://lh3.googleusercontent.com/IFVPFKgGaXZTAjou1BykTJNyt-kNGuwIJJ0idjY4i2K2JtTDsqCtOHRLVrOGgfCyjTC0TbDObES-_BCAsnSlVQ80vjPRLiwREhkAH20,fidenza-by-tyler-hobbs,0.35,639.3557248701875,44.95715517489727
26681010,78000215,Fidenza #215,https://lh3.googleusercontent.com/NECcAzFQj1mJYHiaKyfEWk30RDiUd0FjTGtO5H3f-k4kQRp0o2yvid6vFBD70k1TtV906mBj2dRgtDwNM2yUzuzW4270SAPntocX,fidenza-by-tyler-hobbs,2.15,27269.90350276839,44.959675054300995
26680890,78000106,Fidenza #106,https://lh3.googleusercontent.com/DYyH660aF_tc44YtWWa2dIY2laFnMTHuKPseYhML8HeoaicWsIQzB6JM7dOccIfZo-H69xlP5zgPYJoBTzUk4mqThOyqEtf_dHnbFg,fidenza-by-tyler-hobbs,0.395,836.5934299786305,44.95717383824715
26681251,78000433,Fidenza #433,https://lh3.googleusercontent.com/fLkxSLFM2NMcF1Fm7Pt1ZS19MUOMVBRoJVnxtiAzweqqE1AgjjpkDO65yxOFtU2K-3xm7YK7vZDixLkwi5SFNNsNxgVUyWLLbbxhbi0,fidenza-by-tyler-hobbs,155.0,368605122.1283783,79.83585357814496
26680891,78000105,Fidenza #105,https://lh3.googleusercontent.com/wXmvGJasBj2JSZzu1S-rOXzl5VGx3Baxrq8fps14Xtxz8vocI-TBZ2o743X5xq1v3v96Q-2NhrOs8SWW0WAmKQaAH66yCjxrNYRNAg,fidenza-by-tyler-hobbs,4.99,386318.80939584447,44.99364956922404
26681491,78000611,Fidenza #611,https://lh3.googleusercontent.com/ad9T7C4tp7MXrQgRzAfgg95jmlJ-x2fssmdOQ_FxE3QWal-2ADohm7sJ993udFou_PqW2cQymBuEtD8zIU-s1AuI2yI26Rvd3z0D,fidenza-by-tyler-hobbs,225.0,280460419.9025424,71.49528088175916
26681011,78000214,Fidenza #214,https://lh3.googleusercontent.com/d6sBZw01uT5IJyWnBxDXvUOx8Q4XXRgiSYMeHG5orkg3i4oK0Z6c6mOVvJSAMuwi8F8ab8SAcdpGCaKeekEVIRMdook7jDDJJnAhWg,fidenza-by-tyler-hobbs,2.15,25282.364836693265,44.95948698615495
26681372,78000536,Fidenza #536,https://lh3.googleusercontent.com/F-rtwI4ijFFmiNtm5SXFST8oRg8fwm5_rUyTDayGq_V8YgQHYQ9DzGKArs6DDC4cheHRvnuHrPYf6lUXK_Wmv6aH3pJktwHHWNbQ,fidenza-by-tyler-hobbs,5.95,376904.67250468855,44.99275876931058
26681252,78000434,Fidenza #434,https://lh3.googleusercontent.com/FuMav2Y5XQ4Hjf1suwSK13-QP4MVT4VwiJpH-QFWmcP7EjZdew0Q2hsZ6WLv8lOpZRIWXYLap53ezMyeiUDz17HGtQG9bTyK0SiZsg,fidenza-by-tyler-hobbs,75.0,58924778.00627486,50.53277174147951
26680892,78000104,Fidenza #104,https://lh3.googleusercontent.com/Jo5_jxwLMz_68PciG2W2gzPkWhjpSaDXU9dHQn76ZQOG3t4ZGYOkDXh-FOpjamhqiZb_iUOaz7Vax3cM0yUIbOr7xcrV2FP9xlEe3w,fidenza-by-tyler-hobbs,12.99,983519.205420959,45.05015884535269
26680772,78000004,Fidenza #4,https://lh3.googleusercontent.com/UVywlMkC6JzKE-4nFI4zc8mABRqRGVfJWsAtAguxJMeYArFOcDEstOWGQFSzLQh-NWks9B91Dfv1x-VsXWCo3FNOhSpg1dMhC2rLFQ,fidenza-by-tyler-hobbs,5.5,166228.04610357658,44.97282377975868
26681013,78000218,Fidenza #218,https://lh3.googleusercontent.com/Ei4uBxH99sS3SeJcVXKadRQrChS3bowzeG5-fF-USU202X3knzANQN9Tj1iIBgDsBUTG8s2DY-HBcVSs4B6pMHNTaOXqvVEqeAm4Tg,fidenza-by-tyler-hobbs,230.0,1068145873.681718,146.02894681097723
26681373,78000535,Fidenza #535,https://lh3.googleusercontent.com/sfSt1by-muGio3FJoQF1F7gfHXxVjdJG_qoQa8m2Uf37DGVU33CNu7vCRY9YjvK9i1P2dtanSeixUIvmy2uXNyXRGuMqF0Z1XMs5GQ,fidenza-by-tyler-hobbs,2.3,54197.431637940834,44.96222303506755
26681494,78000619,Fidenza #619,https://lh3.googleusercontent.com/er0znyDtXkI-a2ti4xn_6Gr5sMdT1jtzCeWgk3AjzRUF21BotmTuxMijRr3YPEWFqX0oVhao4HcqMa1SPfeFyxDjcsrDV42bi34vggY,fidenza-by-tyler-hobbs,0.7562,8859.342245951299,44.95793297995431
26681014,78000216,Fidenza #216,https://lh3.googleusercontent.com/BMf6iq_V2dneC7zkUsfNaS-yDAviqnVPlKQ2ZEF0Xa7ZLunc8ZCwbUXaexZO4oTqrHHhABhtb0lZTNHSGjjLmkaBhqxxU5K5-EQ7TZs,fidenza-by-tyler-hobbs,320.0,1584692847.6164527,194.90650244855203
26681495,78000620,Fidenza #620,https://lh3.googleusercontent.com/wlHR8gSa2WJfFa6plQ4_i2n2wQ9Z7gnxHx1NePGyNY8Inb7W9ZNWwPMwmE-QxrL86Fwp_AEYApl70msrvqbPe2SNh1XmUKn9S2y_0g,fidenza-by-tyler-hobbs,155.0,245600062.20557824,68.19666689530996
26682095,78000914,Fidenza #914,https://lh3.googleusercontent.com/JNtEgwjUdbZ0PqLzV4kXe8--mk3Z-Ru1yV6LqGJvg0inoc3IcsJ1TOvFZfrKR2j4OLP52dmpW9eFD9Rd5zgEfzbk-ofUEaz0arEASQ,fidenza-by-tyler-hobbs,86.01,149401664.6137968,59.09402421652054
26680895,78000109,Fidenza #109,https://lh3.googleusercontent.com/LqBi0uE8kSJT-xqt9RaaTNZq8Ja9Lryt_gWJqKbbAETQPyvFprd2tZlwwd633nH6bMlB4DUs6lfOffw-Qxm2fEcTk8Y4jz3xdGhk,fidenza-by-tyler-hobbs,1.4,10284.31829684089,44.95806781637718
26680775,78000001,Fidenza #1,https://lh3.googleusercontent.com/YAvdsHMNG9wQnTMgTRVotJx-mRJEPDTwGuWcrxNpcDUSZIEG4hqsFwozpCqKaOxrXK13pPj5_IlB_l4PAY_HB6IHHCHiHzAZHrPtBQ,fidenza-by-tyler-hobbs,205.0,217252672.4523673,65.51433365214271
26681857,78000816,Fidenza #816,https://lh3.googleusercontent.com/QqAL3VbMSdWyy1T14eZxVJ25W61EaQsqKk3RO8WMqfc1xSos1FNrtSJ0hvSpEMisus2y5Y2N-ip7_EPfc0kvIN9Q5m5r-XOLRKGZ,fidenza-by-tyler-hobbs,37.0,20867140.86119608,46.93161953101616
26681498,78000622,Fidenza #622,https://lh3.googleusercontent.com/AfXwH23YXoUBY6mAR3WNxaqaAZ2IoXZtAiR6J3_2_xgH1-gvurbzRCjO0VzVKZTfuJboKeZsKdhrC5FyMLs56QfAk7qzXq5ySt2H,fidenza-by-tyler-hobbs,10.0,1028769.9662479848,45.054440637119114
26680899,78000115,Fidenza #115,https://lh3.googleusercontent.com/3xr1Pq8L-D2UYYQ94NeV5RJ93_TL27TPOf5rhVVKAfVN20n8kKbGCWgzfOg5Al1N3Dth6PK6a2eQulLZsLQYqJANsjq27ZgPqMHMFQ,fidenza-by-tyler-hobbs,159.0,641832761.1053993,105.68964771441631
26681019,78000221,Fidenza #221,https://lh3.googleusercontent.com/N-xh73UsQy0udtEgkvxnTzo0ZzVIWLWfL3XsSgDPL3VSlMcCrV6HCSKiyxPMaaqFXCRug-2sBusOfanl7SwJHSAkkQF-iUkMR97d3Q,fidenza-by-tyler-hobbs,99.0,104757233.51439652,54.86960557682385
26681140,78000326,Fidenza #326,https://lh3.googleusercontent.com/ab1jgpX0FCRbxyGWZIPidpbfrh9nFcWvdzzj_vl-wUnXmYbIJcejYGcPBpaT3WWCacaPvO81l6BGd2zJM2Ej-GG9OMP4hCrA3QjYjQ,fidenza-by-tyler-hobbs,326.0,1113987351.961593,150.36663441384056
26680900,78000112,Fidenza #112,https://lh3.googleusercontent.com/ajAWN7w7wy85_rcB1h2Yx7w5iWwtA7xRLMNxjXKVS1vQ8XyEcvOjpMuGT2egODTyStN7kRj2Zx6Q15Rn2G_B_3Wqu-Xun_n7EyAf,fidenza-by-tyler-hobbs,2.45,33051.56753762888,44.960222136405434
