id,token_id,nft_name,image_url,slug,last_sale_total_price,rarity
17750641,7184,All faces become skulls,https://lh3.googleusercontent.com/0O4h-Gd1pfJtwWvZh2wuXi6JLySslFK1vDjAnp1bcil7YREOIP1F-HQNFzfaOy3-tJAoHeHwGZNdYtEnz7Tlm5mJWmnxq2xxDJf_,hashmasks,0.949,11.184262698806545
17728201,2196,Hashmasks #2196,https://lh3.googleusercontent.com/e2vcXy-wtDue2jtFaaer5pvn8VCGIPwX3q4qsqPzvPkSxKC7eki7h5SaLHVgveNUBz4Z5xX_O-ORqLSav5zsOpfJYWU9-3coD1zukqY,hashmasks,1.55,11.388791997603349
17729281,2929,Hashmasks #2929,https://lh3.googleusercontent.com/QnBHl6VjJUSxVE65G1GPQ3YdFsnv0PrSnNvafihIzuVZUvwWjsxny7FqHE8ghHqORThMhase7jn8IzySgoQFklvmiiITJGAim7zw,hashmasks,1.5,13.70566704175112
17740801,4108,Future Fund,https://lh3.googleusercontent.com/6KmRGtXNbX7RLvbyPEuWHVz80sQwShKe780Jwjf2HN3Qai3ERl6hOfMHCylCINNFLZMA4JcKXnZJZ-h18F3k8r9q4FNx1Mv8FMpYdA,hashmasks,2.0,18.221839295877487
17751241,7415,Craig Wright,https://lh3.googleusercontent.com/RRp4nRiC-ZZ87tacVt9fbsCGKtgDlNu4IvOlwSzRwq2F6e5gUgWcJP6TcTXS7tjX5Y5TChieYpbBJlglMf_UYsYoDYsMvxL7oAzO_w,hashmasks,1.7,16.870417755271145
17769001,13237,Aztec Goddess Coatlicue,https://lh3.googleusercontent.com/EF-5tR21Gmg0whcwS1h7NYMuFOawIoN8bNEJqLi_H0GvURkWLf_cQX_3MTzCI0cv1aGybtH9j4c39nYFqL8QCFmjLDpz3d3P-Wy0,hashmasks,1.49,42.66386978346864
17757961,10346,Hashmasks #10346,https://lh3.googleusercontent.com/0fGYx9ScdHFoZwesLDiz6YXvRhgiMNMkbpZcervMsIs49SsfK4xPG8F1y-KHinlHSEGDZs_U6C0e5lPsOn1Bt7OaH0vkj_Pujw1Y,hashmasks,1.55,28.19428642291505
17728802,2556,Hashmasks #2556,https://lh3.googleusercontent.com/e9yBg_23pifCOg-XE3OKnhoFDKizTivBbSsX2fPX5MkpjK9Sx6XA4XqIoh7z-RW7ckOdksukfBl8NHlzCfiLowCf2xWke5WbYV24jw,hashmasks,0.9799,16.405279771613735
17751603,7463,Hashmasks #7463,https://lh3.googleusercontent.com/Pq_JZbmYON5TkWHcAODe-5rWLZjreyVkiMvNdPUlP-bkP7Uxtc6FDBRpc0pVHIgXL0ds0_WB_x3wjpauiB8w9WKXOY82SQAKXSd2pA,hashmasks,2.195,41.62374691822881
17728563,2368,Bluedle,https://lh3.googleusercontent.com/nTq1lHLTitI8hom3HQB72eFKUbijHFZNlXorZ-MNJoUWje_uo8jJjvYwspIQ9L0DtpwdjpZ4VIJyeAj8nzdit2aIdR89DMC_TYnyub8,hashmasks,1.311,22.478811210958813
17749324,6226,Hashmasks #6226,https://lh3.googleusercontent.com/2hKX3kJPtnh70jIeXUn6JYq0qBAws0ItZ4ySSxUKj1QQAsMFh0qD_ZeTX6B_4eRE0ZAOnimiUVUc_TqDQn0-auoD0GQ21HsT3GiZBQ,hashmasks,3.5,42.801941479279506
17743085,4547,Chico Blanco,https://lh3.googleusercontent.com/uouPr1wgmYFf7xZAK3-7OVB5gbJWn-uHi4zROPNMaITpfdwjiAdW-roHH56Wo5BOjzyLZ9Hxgi1TNNt_-P3fBMC19RnVUR2O_2uqtw,hashmasks,1.164,11.388791997603349
17749326,6227,Acedia,https://lh3.googleusercontent.com/KJtPsIE4GSbFsbI-eN-BBrur1ny40OmVCvFOZnS9jH8nY9GwBl5hPyrS672gViYeJn_fcxrt-1vtYSvCFYqJ0u98Ozs4dA6ZvsDk,hashmasks,9.05,140.66300873004013
17749206,6113,Enter The Void,https://lh3.googleusercontent.com/s7daRu344wMeHFIPjBpq6TMT4wujrIv8y5iFa-M2ZRcyRBwHax_LpFZPjCt92ysdkjpS_yuj5lpSC8P0N5_X-umAjtUrzKYKMaqP,hashmasks,2.99,35.713078159946456
17729407,3000,Hashmasks #3000,https://lh3.googleusercontent.com/o2SHoc8M21VH9Y5ydeg6woydzix0k1PXdOCE3JgYT1tfCvvOhOapnbU3oJg8Tyr87AAXKlZXM-gUCjDH0yakGOCs_3o2zcuBxCIgM_0,hashmasks,7.4,13.139860564319337
17749207,6114,New York Stock Exchange,https://lh3.googleusercontent.com/KosrNYce-wo63ghCdgxyOVKp5pae0A8WhXz6BUXskNA6NgEvOZBv2rqtCh939rk1ckJ6LVUE2roZjnECHlx7uwA5Dk9zBv4h9fr_SQ,hashmasks,2.39,26.693673494429444
17729408,3001,Hashmasks #3001,https://lh3.googleusercontent.com/ybGtTNmLW4W1D9S2AkTWh_6f4VsW__jarwoFqAxdd8fqiFFKEIXvxaAEUbx5Mva7SWCx6_N5BJ2DVmkXFjrebEhnHgW5UREVQey9VzY,hashmasks,1.7,26.063685538067517
17730608,3082,What are those,https://lh3.googleusercontent.com/rRDSUWdJk1Z3-Jq7I0M35eIX9SRwly-uQQQq6OPg_Azld_jRy_0loRNZqZSqtNnptmL23OV6jI28xAE_PNyKkVh42XNeNRH9yRzQXgk,hashmasks,1.888,37.22590176023814
17749089,6025,Hashmasks #6025,https://lh3.googleusercontent.com/LiVdMIrl5GCiIOChrlAubqk6RyQsWUIuX_Ejw_jMbrY4qSAurNMsbwg1ETEoXiGhrGqRk1iU28EZAQ-OsHBP9WVOwrJGnqhH7zlBXw,hashmasks,1.885,26.74954962640848
17755929,8656,Centaurus,https://lh3.googleusercontent.com/2YkCWgZJvzUhJOAxNCsajzkVvy5-wIKa88rGX6Qe9IrLDXQPUpMNQ6ToLnfHJVpaun5dZj2mrdL8aHvZW8gm_yXzOMPrvEJd9oxD,hashmasks,1.69,39.96457548534981
17738650,3770,Hashmasks #3770,https://lh3.googleusercontent.com/pCH4LEavKP33CrLjY1fIGfe8Nk82ecw2xif87PcfzPt4N-79WO7LZJ3P_jElXJOXjWNbSiOZWta2qKFyaCOxlXEcHkNyUdS8M9peNw,hashmasks,1.07,19.338597632849286
17772970,14571,Hashmasks #14571,https://lh3.googleusercontent.com/q9JL3pA-TA0YdZxXJt5oc3srd3D4bnPOnPav-SkAhATtNAyr8l7hKP5uMBT-rPrPNS8ZKW5u08flpuUAR_fjHEBXVglYhcZioZ2M2Q,hashmasks,3.0,56.7100946966989
17741651,4199,Hashmasks #4199,https://lh3.googleusercontent.com/FfTEFTgD6tJ65KlXU-ztthKu1aH31LOB_SpzB9-6Qqch_sqTpNHgql3u7QjqNsVkKBLyT1e2MPl3zhywwdnZUs_DVNoDZ_ZzTfVQfw,hashmasks,1.88,49.874660122828416
17749211,6118,Country Garden,https://lh3.googleusercontent.com/a5O7ErRL5w74MVX3z-28NJ9tV8NuEyeL7vZvdNaeAaEMRF_nrfwcHf9m0-fSdktOx5nRAq8_Fj3CgqAd4rXEYiPfeBeagJvH9LqMtpE,hashmasks,0.9,39.68479403733681
17754732,8115,Hashmasks #8115,https://lh3.googleusercontent.com/3T8H4b8C-oYmQtwcScPNJGJjnNQfkNSp2HWT_XK1rQsCmC563056-XihAlzvYob05retfSVArBdRWbHcKWg8BiRU8_zD_D1HmECS,hashmasks,2.45,39.61749846817762
17733252,3318,JPMorgan Chase,https://lh3.googleusercontent.com/pvYS5OFppcFrbVEmZgRUhJ3jxyJK42GfHHiM-NZ3I_0_L9uvIqKFZMrJc8ozS17G5RzqThk8W9860VeVBtIL5yNWFRPbVgU6BDePFXg,hashmasks,7.5,137.60708284522346
17764694,12417,Wizard,https://lh3.googleusercontent.com/JwERuABRZqDUFDQDYGAOGk2BnPZ187YXsleOZumXpMMMRIiE_FQL8_EZROeWaLfQuE498mP-AurOUsJrciQrRqA5oCzgt1b5JvqNbhc,hashmasks,0.829,12.667629225662006
17731094,3120,Hashmasks #3120,https://lh3.googleusercontent.com/9SKA6Eh1KYYAbZbXijV0ZSE3ZAY9DvSDnkhVibXtfVdBRRkWE-DdKeC_hKa-Db4VLPRGl9UBFuSVLGAqdilIcp0nR-ZYPOsH70474w,hashmasks,0.643,25.45458665100722
17746696,5149,Hashmasks #5149,https://lh3.googleusercontent.com/-p7NCUyc4u8DrbuFWOhMmsIqmw368QnDNbPwSYSUS2MnGrsD-S6WFE3_CLq82pyLGoc9LJMunqzoKqSPWLsqjEJ3DcRoFrzT3Z6A3A,hashmasks,1.2,17.25849187196021
17749217,6124,Hashmasks #6124,https://lh3.googleusercontent.com/m1tFElVTcBQgR2X_UL4T6u0-iil5h6fJ_e5og4Nm3ijVr6lMjnGrM7YgC063Qlbm2GpOaGcFjQYiN2JvzsC_MVnkg_o9a59pnmQe,hashmasks,1.219,11.716332366678683
17750058,6878,Hashmasks #6878,https://lh3.googleusercontent.com/M0Mnn6iapkGW676pgJfLp-46QjyVAu1pMo639-qFoQbTs1j8BsjQgNefvm_e1V37kmE2JHMBXBCiQl5s4fILiRXKT1OXuYqmDcMeaMk,hashmasks,1.7,11.679663697825506
17728100,2152,Mr Musk,https://lh3.googleusercontent.com/LdoMoJxygwF9ipyrTF36ao_6Uk4eyJkN2eCEGf-xYuFeoaG_4ArxzbdmEfHewLaIFuL47CsVrBWFgDMFKvFyBkjrI09Pm0AMxcQY2w,hashmasks,0.34,16.646477739263716
17730620,3083,Hashmasks #3083,https://lh3.googleusercontent.com/VzWG-ZSty-brjGhig1hXozDTJDAgx0p2QLzP63tXnzRlG8C0mxH9BwBccaf7WK6p9KE69WCfGoLIXFWpra9EyFs7BHbk2PFMWfyzrg,hashmasks,0.8782,13.163030224680965
17749221,6128,WaWakanda,https://lh3.googleusercontent.com/KBxVJKAdcUtvX41bqLBzYZBZWUOmXp3WdF-BEIoCB9UokLzMFLPxw5_u8Sot5pwxrimnrYta6tgUY2NMWeO3n5U365o9XdzUQhayfg,hashmasks,0.8649,12.211733365697642
17728221,2206,Jack Grealish,https://lh3.googleusercontent.com/8hyrkpS0GtGgCugyP2uhxca_Q-eAbBduwoLrKQwvh-WYsdLbsAkertUY63Y5URDqbzQhRBNuanhXrG-q-aG81xxcDfZdb3FJehRD,hashmasks,1.49,25.783425990963707
17727621,1936,When Lambo,https://lh3.googleusercontent.com/14of6GoEVs2bU5QaBZfJOh0Zk_OsoBK43TBlXYrewE1eNWh39w_JL3WH_OEhhHlkEzONLHObJMXBySQbTRK1D2SAJI0Oy8CBl8iRPPE,hashmasks,1.3,17.784825627581004
17749582,6428,Mark Zuckerberg,https://lh3.googleusercontent.com/TyEx4Hla94aygQbbnK7GIHPiCzouCw_igZlXi0T1FTuV06gAwep4xwFluPwHPpLlpgESXzKcYON0dsxeofk-EnpEuzeRw1GRJncKkVw,hashmasks,2.4,62.70722991132013
17749342,6236,Hashmasks #6236,https://lh3.googleusercontent.com/70-2VdwelnWatz-gqbCeMNnlI5IambuI8-YJLBnL_IEwe_vT4S0AkSDkSHjWmn3CykEQFKNt1kKMhzk_FShGNJMKPmNNOdQLLfcsRQ,hashmasks,0.99,63.36832469896421
17749222,6129,Hashmasks #6129,https://lh3.googleusercontent.com/dzTai3GPsaFVPiU2Zl6ELsaDpS30WAYwsvhsMz_ImNtsIFV_11Dv25YVcTTXneC-ybSIPCfIOS3QP0A64OKvuWjsW9V_IIveGrkDuA,hashmasks,1.33,35.08432551850246
17750303,7056,Hashmasks #7056,https://lh3.googleusercontent.com/Ga9h9wIz3e27iBIit1X8GyRg50DSjjKR-3R3gILHJnQYSJHQY8bCy9PBfqGqJaHAgcwJvC21Qx83fO_niGmvAcgRpqXYAAR9zFKp,hashmasks,5.55,17.514133315144797
17734223,3400,I AM,https://lh3.googleusercontent.com/8utSqGHqK1Aowea5lZVTIFOCVFcq2FkAFwvi9b14ybFsbGA-Bdjcfr2azGBjuWK8CAmMCcKe5hcYsfb0QWpHAX7ysqJR3jiU5P8C,hashmasks,2.98,32.94142748987129
17727863,2070,ugly,https://lh3.googleusercontent.com/dJ_N2HfilTwMtHmYuysKsQwtYr__S5f4AAHA9aZ1_g6YekSXiHTVvfOGcCNk4Ww0TaX9Ttn2bi2iu1_NciuojwG9Hh3AX7aB5ZXvtA,hashmasks,1.2,21.424735069481304
17756664,9194,wen nftx,https://lh3.googleusercontent.com/jInQww_eQHxAExMV99-o3TBlQFFn-UV9zDBaWqmw3DnKt2R2eJzrVQe6DbdaYjnscN5zcg1coyZEdgCcnFGvPEuEV6l8-JcpLBw9Qg,hashmasks,2.1645,68.570389619878
17725464,682,Fenrir,https://lh3.googleusercontent.com/HRDBgh_r8J3iiolN7CbYR6-XFvkjmnJ3nJ-g9QRlJ4Yny-ljZhZ55BbAMSrDZpdNyvt60anNZaVvLzklBxPHbiHn1pW2x8AQo617,hashmasks,1.09,16.721488317828772
17743825,4786,Hashmasks #4786,https://lh3.googleusercontent.com/ySF4A1EpAiKLKU-w-Um6nZgaOCaD54bvq3yGEZ1UFqWAz621HBwXuPADaKDBAfbvCReTtZFitLDERmCWtjDuNEBSjq7JiuIc-M3KcA,hashmasks,0.789,25.434618672830474
17725469,686,Hashmasks #686,https://lh3.googleusercontent.com/e7-iKRoIucXLS3kTKLXsM9Uy6e-Um7O1E6sFJ9FjHxT-lnkpKKFVFxl36ydETIiVl-71cYFGT2zqkWAJTa_mbt0QWeeBCvFHTkmgM-k,hashmasks,2.5,27.951443788071447
17728709,2474,Eva Elfie,https://lh3.googleusercontent.com/bXV3F1FuednWVTMafMKrktgpVa3eqJRsIFlm1spWvLB4GRzEcamXSF0lNKPzJ7Izj-1kOmEPkfr_KxFo0VVe_waPt4XCLxuPoLAn9g,hashmasks,0.99,18.359599341726216
17752709,7719,Hashmasks #7719,https://lh3.googleusercontent.com/1EO10-5cHFrr-6PzhfN9op68eKUFH4LAr1SZ3LFUo4jsjTAiCpuYODQIOSykZjgT6g6suTEzJJKYosy909lfCH3MqMcdOVMaV0bHTA,hashmasks,0.6685,17.552469589852368
17743709,4740,Taken,https://lh3.googleusercontent.com/IPq9ABl4GrujL3wPjPbw4zAycUR1HOxlhZ6wfVMOx8kRBilkTbt9-ANLC2e0SGASEkkEZ7mMlPnn4XeH8t0KG4GGrMwIYFUz9jFatw0,hashmasks,1.3,19.962749977221264
17754750,8133,Hashmasks #8133,https://lh3.googleusercontent.com/-Tl21zDRejoS1pOIPQJrVGM0_lWGtha1PFQfEc-SwI50uxRDH8QeiwrgJwx2nGXbfQbiE4jAMb95LiN_mFNP4hEIFkHUVwbMSLkeedE,hashmasks,1.5555,25.01833449920274
17725352,580,Masked Dystopia,https://lh3.googleusercontent.com/1TEvqiCfB3bFW-TtWzpLmBGc4wzfHO5S53MYtjs3WUPPF60ng7e3hYXN1aGTEjyM-FK3QJ51Z0YJJCKvLP-9yz95B8cMQuBG2a-gqNo,hashmasks,1.5,26.693673494429444
17759432,11289,Trayvon Martin,https://lh3.googleusercontent.com/3RUsqEFc81YEmtFS3HW_DCSdVTeY6GPO-0NaH9xAf8OveHHORUCQETThfbOQ2JpmrfAc0vwT5n_59tNlfO8EXu_5Ae0zU8u0g1baIw,hashmasks,0.989,11.184262698806545
17751872,7527,Hashmasks #7527,https://lh3.googleusercontent.com/9n9TFCTndebNh9iVpWkhfLjMUZwTjMGkM0mi0fGbQgJ6l3xTwcN9GxA70TX6MJla0xmzBByx2rPvF8EXo1AmSeBb8EBr3y-HZgo7,hashmasks,0.9699,16.036631419842017
17728232,2215,Kyrie,https://lh3.googleusercontent.com/jh34844zYXozCMC5-DtGskV8d6LdRyHdClSw9sWt3AypeuFO7IqZfIEv9ig86vn0Twvi_xU0CN9iY-yqwka4QsBCjFOP_Tfv7RNMOQ,hashmasks,3.2,47.744044971666504
17779834,16131,Hashmasks #16131,https://lh3.googleusercontent.com/pQLAeEDIWdYumY5Jvi4rOh0mOI6dvf5OfDWwQZ-i_-wqPFjAfRgizVIuzzvNW1y-bZYnTPZ53Pz_9UpWyL158mzTJA9bulxPzotnDso,hashmasks,0.833,18.443293686651096
17728954,2684,Manny Calavera,https://lh3.googleusercontent.com/IRw5e0AS8PJ_MZubXXROZzmmEuo2AwKHuN0-3zddalC1xQjICpcr91XuyXDDbdyjAliVTcrrxNeLxEV-c1o9azALaYbKAMhoE5JUpA,hashmasks,1.9,27.304663697825504
17749114,6046,The Sketch,https://lh3.googleusercontent.com/1MF-QdQ0j6gwFVTYUuq8y3qr516ZAia2LEOrSIX8ZUy6_b549Ysw4PpCB-gxchbvzd2IOqrO_HAcpwwS_seXOcJnr8dT0ejQMWT45Q,hashmasks,1.1499,28.047422922727588
17749115,6047,Pricing is an art too,https://lh3.googleusercontent.com/8YRCE_BmD9dY3kBpxrpJFD8hF8IfpNZBPQXnmXcPN4fWpRr0xpAvTQ4OAqX9WYOEQLAtTpYLzMBUcDXNwe9naVuC7GK7fvevF-r3,hashmasks,1.232,13.163030224680965
17757635,10070,Hashmasks #10070,https://lh3.googleusercontent.com/HOl74dLgK4DqfTGWnD6MayzMSl80D3jG2QUjsoXPNsTZMtm3EHF4R95ANIkbGTGdYw0huz0Vw-V8w3IPEUiRqJBajdIbuXFAPQRRyQ,hashmasks,1.05,37.3820653504754
17750075,6918,Hashmasks #6918,https://lh3.googleusercontent.com/ir9ULhQpo187WMhtufDK1-0PovfI8zzTjsHL9_WMeUUjzVXV4FzdH6c7p4HkuwDGJnlIVHO0pCpiPlzX9z2sGz9DWEnbIqBbNKGSbys,hashmasks,1.05,34.45630681791103
17729075,2772,Hashmasks #2772,https://lh3.googleusercontent.com/McUaD0y143PSMvfSZemVE_C4WcJq6BoesHNqR223wC8FsTdLMIH4b9XkdUQDoNUiaeKc4XVPWSziIRNKKSa9tUVhOePNoAIbgcZ6,hashmasks,2.1,36.17616285520058
17750316,7069,Spectre,https://lh3.googleusercontent.com/59JHu9xtPjCkujkH77KVgwqPEClxpxJ5Th7pVD8Kk5eilvnTWuDgJ6M38EZpSRacBOyYnN5HBlboR-0PRjHz5ixOcBDuPkP-tdSCF40,hashmasks,0.479,22.362269765772616
17726796,1473,Indigo,https://lh3.googleusercontent.com/l-Dkexz1Jx-CV9pgEt-teKRbqEX3AOz1gJoRtWobxQAafo6FJIKI1gihuOshBk_UK1ijcF1r0AvMcQgcMkmCb_ytVrxqjvfyhxscpQ,hashmasks,0.46,25.295675273749694
17729077,2774,Hashmasks #2774,https://lh3.googleusercontent.com/42HjYghijJ02H9iwArZbLU7umMwDjiV_T_WYHvGoKqsL_KN51mDgiLQPC0uz4f0eLDLURksL6BLvloSAHfukNvxLK62JetCiydDw,hashmasks,0.31,19.318756599210797
17727518,1880,Digg,https://lh3.googleusercontent.com/o1eNgKRH1dVAyF20HISaeLOgKd7cLwQcqKwUy6xveaoixBsDs9UJuvJNtigTuaaDgIe3OKBUrdwDugQ5BALB-dFRRqfJZ_HghDWa,hashmasks,1.438,18.146190452957512
17726798,1475,Hashmasks #1475,https://lh3.googleusercontent.com/AGMV3W51ddSFJvugDIRk7G3fiPcgtw0DatANfp2MtYpeCvN4HzGocMG7_5kMnaFvOu2M20DwXkFnAbX2RxbbqrBg2HdEfubWD2SkwA,hashmasks,1.7998,35.18832811285845
17749119,6052,Black King,https://lh3.googleusercontent.com/W-Teqd2t5QfL6esfgTbf9MEZjejve2-1R9FsaxGfLg55WoR4l-NRDeF87fpwD4_1XKfNsV3ENyBD8X1ExueK7DjsT1MB3Z204V_zOFM,hashmasks,0.45,14.939889905135974
17726799,1476,Deep Blue,https://lh3.googleusercontent.com/jl3paDyJr9RqwlLGOXrw5uSU6hnN987UOLjFbwpc1kRZdxAFE8OHjMdETgdZT5WBbvZS0AYAUFRZC4k_dMuzeKfTuAyxzbcqPZUNgQ,hashmasks,1.82,19.962749977221264
17748279,5452,maskdao,https://lh3.googleusercontent.com/ro1fmgZRKAjIwT-qKV8IEHiWsEj_twsz-0CFj2FqTW8MouWOU-Qq9_W8W8QGAocuEZpPkNzZ3DFFHE8U-zCITzybxCiMtP_xXmEmhhI,hashmasks,1.8,23.175686542020507
17749480,6343,Hashmasks #6343,https://lh3.googleusercontent.com/tNkhk4pBiqI3L0OjTtUIckNwxwgrTvqIZuRaw2nA40VWaKLRhARADiXYsICUI3QmtV72gwDm5KDrB8dfF4TCwqYjuSYZTQjrkaCf,hashmasks,1.2,19.114227300413994
17727760,2026,Loneliness,https://lh3.googleusercontent.com/tM5bfeDR84z6XCG0L1xyeUeriY0TnVGHfunE8du0XFaiza33i8V-LwbrfD_ivO52L_lg5envke1DCYs5tbDryfmniAUU7R43EbGO4EU,hashmasks,0.67,14.444488906117014
17748521,5625,HashRobot,https://lh3.googleusercontent.com/1chzFvwfBO3TQbGQa3oyi4_jsuz1--bYk7dgD1zL-qAtXBA2TL4QVJI_unmQ6Ccc1jMOTmGs5CTB-MkWfVYXBTRSvF9IzD4tOaqQ5ik,hashmasks,0.69,16.125457426098514
17737962,3702,Terra,https://lh3.googleusercontent.com/kIQF0iJz748pf0D-lyEhCozTwQZ7L18s3EByOihORGmpE4zyfuc3by2s3QxLKKqe8ol3vuVmWm0weA_PC2Q0lvChGB0fRGGgXoju-Q,hashmasks,1.1,23.091133108889764
17757882,10277,Hashmasks #10277,https://lh3.googleusercontent.com/jEuddPBfSuyvnBgHUMpJOiBAB0RtFR0E1Xz-QU4W64KsPqnKoWJr6HNZHMOeVi6P2Q-N-W2gg8S1x-Tk3pycXpBZAKyhnj430_oPSQ,hashmasks,0.879,15.908071541580885
17749362,6250,Hashmasks #6250,https://lh3.googleusercontent.com/Xw4ugJQ_H2fDV3iTHjEJqVsFltmQojQeQRvNlIabdSyoOTfv4EZacIF6F1OKM4ElO2qc_NzcdIJmiGeo1QZnIll60UWwoXgwIxcYvQ,hashmasks,1.075,33.38308163717516
17748642,5701,Lambda,https://lh3.googleusercontent.com/vFBnTCavFxBjF01CTk0Zxf0P-u8-F5eWnyWAKb2SPkP38Pps0Ic6v-JEd34QlJ2Clu9JCHiiJZI0a2dgYiUO5gCWT1J4JEqLHqauCg,hashmasks,2.25,27.964299775695153
17726803,1478,Hashmasks #1478,https://lh3.googleusercontent.com/kqF9fdoKPHtTOiD3GzG_gcVdSGiP0jULb70vp85kCb9HiUQvN4AC80En2a-cAs_o3YRR4gbLdGXV6P2NDTGz0IXRQRv5hj8FmBo-bPo,hashmasks,2.44,31.315701324777443
17749844,6673,Julian Assange,https://lh3.googleusercontent.com/cVCb8Yt083QbCRTcLeFR3V6pRi2gJYUeoovvKMonykzIw5KM0AkB5Dz8tYyNed44D0jrhTAPrBwWtlBvkKpDTEGrW_jDinQpH0AsXjM,hashmasks,2.49,31.135757717093146
17750565,7166,Hashmasks #7166,https://lh3.googleusercontent.com/jK1RKLqPt51QPFeCbXadZA5i_YwpYXs_474W-3wcX0JJ1PYHpCmqq1QQ7CiJ18x0nanVbK09Ol-658ZNW9m-cIheZY7yaU7BGxxhxQ,hashmasks,1.1046,54.64640357513564
17751886,7538,Hashmasks #7538,https://lh3.googleusercontent.com/h4hHl0n46e1VGrjT8ljRadRe_oooZ596ThzTYKc-_GiWvRT3XKaZDshBN8-8uzJHHcXRNMdp-I0nsc9KV2bdPZFYqas3ikIyFce75AQ,hashmasks,1.42,20.603386745695303
17756927,9407,Marshmello,https://lh3.googleusercontent.com/8M8wWtC4YIsfiQh10QD48HCXNPvk6c0iQc8ksXjPIRcD-aca99fxF-f-QkqRjXKIztnIr1El-I-ELWRqwBW8nwo4ixiN5FgUEuC6yA,hashmasks,2.15,94.32895938284864
17748527,5630,No God except Allah,https://lh3.googleusercontent.com/LeVbrM656p5od5rqhunEG6Njw3r0VxpuBP2xVrnQO_oTYGPO9u1ga6IB_ndXRM9eOoRnyHLdST_DFI4opRnevfpOT0nuebEuwZLT,hashmasks,0.9,20.64959318770505
17728729,2504,Hashmasks #2504,https://lh3.googleusercontent.com/hbVKVcnOuVBWXdeGjyqXOCzQwohG-iOgyHo7VAdAM7pusyXGVR1NrUcnK8_USwuUk9EV1JM-FRFY-Ob_fAc7EVj-tnRsnLvivBmOfg,hashmasks,2.07,40.04761936735925
17728970,2699,Justin Sun,https://lh3.googleusercontent.com/7KLvo53G2iIP2mvJzEe4W4RF-q8md_RD1FZzr4zOUX6--QA-Iw2zifclpMoIiVXbT0M5Svjslm-MwP6pjnrBjsUMmc-B2sojiJCk2A,hashmasks,1.149218413931867,11.679663697825506
17749250,6147,Hashmasks #6147,https://lh3.googleusercontent.com/vUMtxUV2KATbxi66qb-_-vlT92vrBiEweicrxktPpAf-U-mgS3_VjZdfbugWqP0AycyOjAz2gQAQYSR47qB_C1g8e9QKeKx7lE0FKw,hashmasks,1.295,16.521892905291274
17727171,1654,patek,https://lh3.googleusercontent.com/9VWkSeSLQVknkXHMNJ9Zc_J3YMXeLVsT8axMm-lE0iVO3hMW2g6Cro4Z88yKQJEvu9E3PA1t-gHHpBYYdoBbIYI7_uLrqZ-1z5x6sQ,hashmasks,1.6975,50.75400694530964
17725011,341,pranksyNFT,https://lh3.googleusercontent.com/p24o289yFo2sgR7-RlD45z9Oph0D6aUEwKOdQfwbUzYlc_P8hpz4GMozV9_W4kLP_9WD62wgEQvxU5sYCaMlwO2w_9d7r1NBX4cDjQE,hashmasks,1.69,17.391438068436344
17736891,3586,mayun,https://lh3.googleusercontent.com/SpL7rtfCBYuhrTwfBN1rAmYZ6RP6qpvyBTKWzdJ6IAMfYkCR6wwY76w7rMay1mw-m4T_tHRVHLxiSQqoPB2FO6jT1UMHAsZwKqw_cw,hashmasks,1.99,50.243545132923735
17749011,5970,Hashmasks #5970,https://lh3.googleusercontent.com/ZW1CieUibNRyjeeqpnHsDnlFDMJk8A37MtbESVkQ_0Tq2dxDcAg6Jpv0XcuXCRTiwx3tHRUub3_W5X8KBCaeG31ZbNAxecomxTA7Cw,hashmasks,1.998,13.70566704175112
17749131,6062,Dumb,https://lh3.googleusercontent.com/YZdtAvN-szwNqn_dAXT2ZlZSXzMh7l0kdBxGoMApn4S7AhMhZZpNEXjRFNwEBcGHx4GnfGinLTHhfZMo6AsIGxqvTa-I9_1wHhDY,hashmasks,0.7,16.94791658868389
17735691,3450,Hashmasks #3450,https://lh3.googleusercontent.com/lk2wgbRMZ-AsI7crseekeN4iJWkSGKmBwNzSquXloRue9FEqjAFlozA6yjuNKAdEo9ZTWw2N8lJ2W-KlISxcYVZUMbjCLFdN2iBZFA,hashmasks,1.7477,16.42689627551869
17748652,5711,BITCOIN21,https://lh3.googleusercontent.com/o6LDn-BTRdR4BtqitkjfB8atrMf1xPmYeO7JKvJGdw8K6_BXr-V1UeNt09SnJVhohJziB2_Gj6KR20j0U-xISnlpgwEtzY23jL4I0bw,hashmasks,1.09,24.341337250957608
17761612,11829,Salmatoshi Hayek,https://lh3.googleusercontent.com/vDQ6ur1ZZQwP26Ofk9oDrC75OMTnzuaCn7r3IZxHjsheo09zsh-ztkxq4m0jC-GQXzo-mpG-8sx58cBUKUO945FLK-JFIDP7yYAg,hashmasks,1.2,15.591862995365844
17748772,5786,Hashmasks #5786,https://lh3.googleusercontent.com/XGqeaLAMhp0TnmMkOo6vIxuCpQ5lrUYtspa_X0siCuizkG9_wIhmKzZZ2drqG_k_DvG9U3LMiI6PXlBbYtRsB7lo7_NrgKA1Flbu,hashmasks,1.5,23.079775988948377
17728132,2171,Hashmasks #2171,https://lh3.googleusercontent.com/FCDEc8UjqQBLozCO69E0ejZrLhqnsAtBiUDKdUpA2h_KJCXPn9BgRN43rVS_Hu12ZVi6uninRBif2viLqRIzUD-3pnr-DkTh_IhxerI,hashmasks,0.3154,12.211733365697642
17753213,7844,The Plappa Candle,https://lh3.googleusercontent.com/51Xc9LT6vXVhfiws3S893BV-cvAU3jmjHKAtuTsy8Z8HvscVcqacatTnRKZgTWHBajWFpEOjJUeWdQ2MSMhCEMRqXm4g2i9TFDt90Q,hashmasks,0.55,14.958581913611454
17729215,2884,Book,https://lh3.googleusercontent.com/2KfXVkeP5_0dfe04mSEDUuAAgSGFZ5SKPEO2B-P3myo6yxcPybmGBQ9iUUfw21YUqxSbwiyX_RjfCkgrUsQjzdLHjuqTTzjAUIrp,hashmasks,0.5782,18.359599341726216
17724896,216,Futurama,https://lh3.googleusercontent.com/7IiMfMxPuu34rCqAnU5DWwkMKMvJOkMYlcFYLISlPAdMD2k28b7h_fsytwRbTGTMGVqRkdj1CiIB5W8as-xVlF4rsWqXPfs7R_gelkg,hashmasks,1.77,22.463050703707236
17749017,5976,Hashmasks #5976,https://lh3.googleusercontent.com/zWrm1mlYW9pEF_VkF2boxXx41qLoazv1azBdlG_9AICoDATsNngv1ZY89zzxBaDtNXYjRhLxOObfyewptXz03zMxsrd4Np9uyK-P2rA,hashmasks,1.05,14.921630776604918
17750697,7207,Anakin Skywalker,https://lh3.googleusercontent.com/RQddweOaHkifbud58B0LNcH0YEScknASJxGFQ0f5gh1UxLLhZp0f7-5l_iypr1QEOQl9xvCWUT3wgvtpdtHSVYLIt79q3Qzxvg4hzg,hashmasks,3.7,86.53827998191127
17776978,15492,Hashmasks #15492,https://lh3.googleusercontent.com/19P2oXlMCsP9Wnnr8keLavexiZhkWM1J1Z2betXNQSXO3dUlioE0Z2EKO47IlCqFklujXO4OZO9kJQnBv0zFb_q0cLkUYs1N80u7Qw,hashmasks,1.4,18.017890041663136
17728979,2706,Hashmasks #2706,https://lh3.googleusercontent.com/3W3NL1SEfZ9NV0VazIyx6ZHYzneAQm8y5ae2apkBPKneN8jQGVuqTFjq9dywuIjcrZqWAoxPVWGVrJlIcvJ4DypteZV-cErVjOPlrw,hashmasks,0.6,19.113243437258664
17729100,2796,Avatar,https://lh3.googleusercontent.com/EyE31qU5XkQ6oCacotFBXUfCyQoRsjdrQ0G0SSbpD6EVgpeVZuR7hlW5Dmq_vAfeOBplLccgyr4HKHSATRg76VAC85ekcEpM_BQQZG0,hashmasks,5.8999,29.877987423451142
17728980,2707,Hashmasks #2707,https://lh3.googleusercontent.com/nE86ALxqJctzTE28lXxh0t5bHegIu-r-pc3f76ZzmnClxzEmadIuvrJYY8OyYhFYnZghG6zN_So4M66SAZyU7oIMHQW7rSvo-4u-1w,hashmasks,1.43,25.030668944504864
17730780,3100,Mickey Mantle,https://lh3.googleusercontent.com/qTUXKfLXQu_2u5Gz_yw-l4bOS_tc5wpv_3luWdeH2WSxF5upk0x4DkHQAvb8Up6mkd_96lFQK15GBcp1PksHjg3PFfZ2rRhvh1q6Iw,hashmasks,1.35,11.716332366678683
17725381,629,Hashmasks #629,https://lh3.googleusercontent.com/kS8pv1SWAWj7C4lnv7-8m3fmxPgRPtHeIyzrHBalGdnyRUWl2Efa18mtFY7SPrEsJYj5LFCQhqlP3RieYu4XwyrtYP8opIQx94H6,hashmasks,0.95,13.996538741973277
17749861,6688,Hashmasks #6688,https://lh3.googleusercontent.com/59FwnDvZg7XefcTeXSS5bS-wpKcYuFHR5I282o-Xc5ZrHJarAxBLzJjy7IKeR305-x3kxgeUjRGxMyNMbsj8SIBBsjICHhAML5pvDgc,hashmasks,1.5,19.317772736055467
17735341,3431,Thuglife,https://lh3.googleusercontent.com/0YWjBscf0JmQTVyQEqQYqh35ipESOtwXv3NnyADuKQEv29kZMlRH1y8Uxs-ELA6k05neQTQ-NVEV1jz0RQEaFXJTyQDTn4Ma2NhK1g,hashmasks,0.959999999,15.490916683454657
17749141,6066,Fox 666,https://lh3.googleusercontent.com/m8MAsldsYCsNquT07vd6mTFWvMoOYU22yuWOg1bKYHSiTAEPRgPxombrpNPMXbBKFDM5spMzdD9g2KhNInxRFx7LCBc7q7Ssdk0MQw,hashmasks,5.0,38.51316551818206
17726582,1387,Hashmasks #1387,https://lh3.googleusercontent.com/M38nwiN0E77bnVH3rgO0r0RPJFxHCLhj7pn46qJOFTcl3IYJDqHEWEfbHLkCXXedyCeciIi27kcDdX6_J5D2GH0HEB2AZe_QY_xc0Q,hashmasks,2.5,29.160391975109082
17728503,2321,CryptoAnarchy,https://lh3.googleusercontent.com/kDOsJ8cSDLpe__jOW9EyaWgHIRchBRuN2o16TYiQLqHmpaYTtW63styCGATLTWGQjPt3-glhQR-_jEf1f0Ckdkb1ckgmgBW3MnyyCMw,hashmasks,4.9,177.13597670637202
17749864,6691,Game Stop,https://lh3.googleusercontent.com/KeZyfZB2kzxki6QY0UnqnkKbKmLfuibMVXEJhAiEb92mwm0DHr9rYdlStKRqe1ECKr6olZQmRLnkh8Ox5xsqy906sfJqaqfWoBXUiQ,hashmasks,1.25,16.74338728988709
17749024,5982,Firefox,https://lh3.googleusercontent.com/OUE0vRV7Hbl4W0ToRIM1boArKssg4Uh3hdS10s3DBunRifqp_CN7zqAChNefknaOb_6LwQUIlgO6LAtbb_myxuCGusX8kIFbHcVY,hashmasks,1.18,17.37024743868139
17728144,2181,Scump,https://lh3.googleusercontent.com/z1tO_fUn-B3o8xmP6k5jLdjYAEc39q3A1EJIoYKhEkZbYLGc_lQQuESSf7T2lXZCw-aacNGIzBhr9ayz7bs6vDNhaQndF9Izrlvrcw,hashmasks,1.55,20.931899138051413
17748425,5553,Leifeng,https://lh3.googleusercontent.com/KqgdHFkheP5R0cPKJ7vwDZZiqM7yU_EHXTn4D2_3fHOenkryGLvvV0GZm1fmVWu9e-5E9k4R8Q33fOsRaSCiDVQpy7r3knJfTqxqKA,hashmasks,3.3,83.65230318848377
17758866,11073,Blue Crayon,https://lh3.googleusercontent.com/MHhWisfqy98i2-Uvgw1SOF7FULYCgKvgFGWWTfC011slRrQwTHjPUsLzINKpBZfGe0ybkooRcTyG5NtqmX6Iv6WSfbFc7UCnauKiaw,hashmasks,1.395,32.715103378604745
17728987,2713,Hashmasks #2713,https://lh3.googleusercontent.com/Q-hLDbhW_jd272sUCqYcJdx9YKi0Ysh_QgO4TiU5TFZyhVwSl8gXHVz42hQHM0ay7uB012it_JQxTMa1CyEnishOKG_DCLnWNafmFMw,hashmasks,1.25,13.163030224680965
17749867,6694,Hashmasks #6694,https://lh3.googleusercontent.com/aup_JjTzTnbi95LpRlmRS4YUCsLMMufxdrlZ7ojYwrLXGF1k4TWKw5nGaNvc0IYNV0ywGjlnp5B7oqDMGfIwZFpJAoqqnecDOzXC-Cc,hashmasks,1.4,17.041901976487466
17749507,6369,Hashmasks #6369,https://lh3.googleusercontent.com/C8Vr_NuEvOxjneRWAQ1mqkgwGd9vtpCp_ZxIWlQYVOvDlQjbm1T7EN0Uc_9xI3JUlOYKXZjzKPtdzbRCf9Ae1oMXuQ-aCd2rYWbA7II,hashmasks,0.887,17.370529906834747
17757787,10195,Hashmasks #10195,https://lh3.googleusercontent.com/ror5MevI_DwGrQ7K8qiRneXIBCbPxcqUKE2pC4KSItZXiXOqY0I3rexU74ZjAezJn9mNbY9gQZo-bfe24zlUOtT_a1IdOtx4uhde2Q,hashmasks,1.3352,15.715287015889945
17728507,2324,opensea,https://lh3.googleusercontent.com/WnKK-By6drJhtzMLNcrxKuHKyA90QRl5YkfOKeGTdoex0g58RxbsdpE5kqIOZoZmKzvBRnumNBTAPDssqGszfZQ0EXsYWXAk8ugWow,hashmasks,1.9,24.260912542907572
17770867,13757,Hashmasks #13757,https://lh3.googleusercontent.com/mZ1tg33hQ694KkRqJ2vGFr2bJMQKc06ZSlS7IDcyfPJUEHuno27gZUAMH2BkUdorgMnCFVO8mplfp4nvsX30uvjH4l5C6F04I4AV,hashmasks,0.825,13.905491932574115
17748908,5893,The Sandman,https://lh3.googleusercontent.com/q9C0vmCBevpYRpttGLAKiaq2n6Wfy-0qbRCgqAUXseuh-dvR9YEhv7_fel7CC-ubCoMB7Me1TqnDcxatLghlIVAdMbRVj26oAQQJ6w,hashmasks,1.4998,29.858146389812653
17734748,3415,Hashmasks #3415,https://lh3.googleusercontent.com/tHwVxmGFs3QawgOMPp2JNkDKFzdedIt6XUJ9heKRWkUDQEuvjr7NtAEf8SANLhKczmTqtEXBu9WTdJYgOOhL9lPc5PLaXvWAMa9UOA,hashmasks,1.45,38.417510843081836
17748668,5727,SATOSHI NAKAMOTO BTC,https://lh3.googleusercontent.com/ma-O2gQm-eT9We9T6xibspF8oDZFFdOzEdegbB0PjJYxPMtixh_nOmtBpkh5xfdEfctr8Hv4bMHGjea-VDB4GhT0wM-8amh8E1qo93Q,hashmasks,4.5,136.38330439975996
17755028,8279,Prototype,https://lh3.googleusercontent.com/5hKtMedZI_8VyT-C4NlPpZ_EmW8IJ7iJ9ndXtmNEP_ivSL1A69w0pWwGv6nrz-9gXTXnBpEm2wEiU8hruc-Q2nm2InXr-Y2E9LH1NYI,hashmasks,2.0,53.13045997756395
17747109,5189,Hashmasks #5189,https://lh3.googleusercontent.com/BtJaAch3JVGayCzYdnSRB1gJ9A_xYVOOO9elrq7QFFLgxplIoPTVQ6fJFbXJWIZvAqbwzjliX48kN21Yr31ckhlVtGfnaD0LxZ-vGg,hashmasks,2.0,26.693673494429444
17725509,697,Digger,https://lh3.googleusercontent.com/C6aJe4lNPHdqq5yFoY7i3auMW730MAWdGlm4NfU559rgAZBxBBxPxKuswq1bfAnxXhMTfwec5WCbe4YHr6skObQVOaqGEQWGeVKj7NE,hashmasks,1.03,13.501137742954317
17769070,13246,Fried Chicken,https://lh3.googleusercontent.com/BFnczBGVp6FMaTDtwz1VcrQJehJMIWCkD9I1Z2uAINGGeB0vgl57MfkXk3nKSggDr-AwpWJWzFC5RgAjqnh0RQmh-E6KYoJqMx2gHA,hashmasks,0.999,12.590811416083055
17724911,221,Zulu,https://lh3.googleusercontent.com/rlrIImc-VlZlTmaISWJwA1fAe5t-OM3UNlfldpQLPiDlw8hMmvcKEGsLtfwctukyqoLX4_JJfp0CwGgLT09FFi8F5nn9XB8lqCkJdQ,hashmasks,0.4799,16.69586900368253
17736673,3559,DeFiG0D,https://lh3.googleusercontent.com/hX9d4kpfDBPJhEtBm0DJ2KDGfEyFC0u8meMr88D8QAZZtGGY9tf_e9nYiHsVs79Ueb6V1cvkUeq-n_w4UkSTFYOfZbpmTtuXfercOvQ,hashmasks,1.65375,15.388858459429576
17729114,2802,Tutankhamen,https://lh3.googleusercontent.com/Qvi5Wh7o6sGz9vYuFbAzcei5NWgmpSwZ2kd2XMoyCTZFw-MNNlR_8g1cxq214sCsW7Hs0CRs9tu3N9eBT8fzrxYn26l_-rq7rIcQp4w,hashmasks,0.82,37.13069446983189
17748914,5899,The Soul King Brook,https://lh3.googleusercontent.com/3DADNlvHa8wObjn2PSIyHCovIKaRwUQ0kX5ZtC_VgSWpVcBmchS3SGzPYlwONe-vHPrKCvEqAbN57EOyh9F1rR6vfehXJL6xUeoP_cs,hashmasks,0.9108,11.184262698806545
17754796,8159,Inanna,https://lh3.googleusercontent.com/s4I4GcKg_UvGiWtFD2z-sSNa5M2HKSPP8SSBB1KM0nX0Prn8RDFGI9D4vV39EfHlts1XErxHjI-mSQpXo3O1SykkQ8TPyCnJzUyN,hashmasks,0.82,23.845636292628072
17737996,3715,Bilzerian,https://lh3.googleusercontent.com/DPyt6hLoxp9MrMN2mPpH7pY9i2EHphDfFN2P0U_CYCPClZqPX0CHtlgdRVsCVrJGmicCujBBOxO2bopJk1_2UMFO41Hk-RDyz5CH,hashmasks,1.0,17.34794029105557
17737877,3675,MASTER FURU,https://lh3.googleusercontent.com/PMR6TGZ8iq0XGbxsnqrbQBiArhjDQKQcJlzFdob95mobKXaNC72hwnFD_ffZ2AcsEdCgDDDPRh3QqvAHes9OVF-UzJ1I2C86Jm9Fisc,hashmasks,1.1,19.970356219667536
17743517,4684,Hashmasks #4684,https://lh3.googleusercontent.com/2pYlAzuQuJaooyF-8g1wcoildNz3-8lWGl7VQPVSSsPB1mSu-3MJoj5Wf3VXrXf_oMLzIVaLz5wIblvSxcSMaui27agZFcAX_CPfcg,hashmasks,0.86,16.889980970772818
17740038,4050,Eye of Sauron,https://lh3.googleusercontent.com/mZcbTEaPHG9rTkzbBWSSad6gHlf0pTM1en9cgmL6cnMAxjYk6v16xzGS1cOFswwwOZV-uTRJTJCWcNlKM7PA2Fn_TZUP9YdWOlM2wQ,hashmasks,2.49,71.88317588410843
17743638,4712,Gaia,https://lh3.googleusercontent.com/P6ceCNm9BqRyQ96QTx691ne9t6Rt29KfZoNURuPjfdvZEE5h7XSokt58w1zK1_n1ujckQxepFR6BUUVMtjAhQpzriCWxOfftUSf-,hashmasks,1.09,29.03538845056409
17750359,7072,Hashmasks #7072,https://lh3.googleusercontent.com/1PBwpjjgmwHOXPlbDjFWm2qlrhxlWb-ckb8jtCmD7yLu_ATx7-oH-XSLyCyPDdYqYBh-e1_IXNTGpMtpKfy0yRvtEzdGU0ZmZHnCXw,hashmasks,0.9375,16.404997303460377
17770759,13719,Hashmasks #13719,https://lh3.googleusercontent.com/IcXrO2hkfVzKZG94R3CnJ53dtlpGymKOXVKrRj1N0zMRXRtKatRS7CiPrdnpyDIOC2PvaL1yHEuXwvJfKrreuhvrpduvJjpbM_Vlp3w,hashmasks,1.98,17.52952253854388
17748680,5738,Laozi,https://lh3.googleusercontent.com/_COskFM7AVjp0XSpPkxfVCQcixVW9GEjs638kfm8hBGNGFWeKYqp9QAciOp3O8VF7xCUX0FFz9Tb9eAqwiJA8HAVHPgooB_jiWNFuWM,hashmasks,1.004,12.530973086868249
17750840,7266,Regret,https://lh3.googleusercontent.com/3zWK8oO4qyPjU6L-qsvggA7vAIZnMx-SnjZVSzHVP1FRu5H-0OkH3kjuOiADf40XFxR_kpWTPzxMMdGl-3tw2E9viOfQFPlzfdfB3qw,hashmasks,1.4,23.972688899185894
17753120,7816,New Paradigm,https://lh3.googleusercontent.com/6DO9JsnnGDmPAsTW9wM9iioD6qPxuGD_IVMB6CXQ715uIJrqo1HwxLF7bOTyvXmuab1NXVsRPQ70F4rCEDIJxmS4DO5S-GJJXt4rfig,hashmasks,1.47,37.825992941091215
17737760,3655,Visa,https://lh3.googleusercontent.com/hO6vdLlU-Y4JhfkXx7t0r7M50vzLrJ8305Kq60hVA2OziZgC_BFoeMdo6HCaeLt_LhaM248GQF0oLK-JzgdXDOSJgs9uGosPnWriskc,hashmasks,2.1,36.68595246112158
17742680,4430,Hashmasks #4430,https://lh3.googleusercontent.com/683LBMGy1ghSNWpV7NvAJLtgxA57EnY_pnJjzYw78Y7O-CmTfViTmoiCKZ6T6u7o0BY8RH3Hd3HTKrUn9N5x_h7Xkpltng-s4UKoA2I,hashmasks,4.01,56.771250044745976
17749041,5994,justinsuntron,https://lh3.googleusercontent.com/LkqfcQT_7tBwfenLTtrxbtajaexWx-ASnsR5Mj8MOk4RiXGBK4sGD0yvGlMUIyO2qdbpvdfMS7pZnXmD5Gjs8d1N71eZkkV-5pwNBQ,hashmasks,1.215,22.359665803552442
17748561,5657,The Devil,https://lh3.googleusercontent.com/0lCm_QODIJiIY4Mw1wnLZo6M81-9Y1SsVetqsSwnZ25jPnLLlFZvxcj6z4PMS5SwL6GxA8P2Wx90m25sOQB8lNjr-kdxucdgU6YFTw,hashmasks,0.95,23.350235293609117
17741842,4261,Hashmasks #4261,https://lh3.googleusercontent.com/nD-au-39YcsazJMemvE5VqbfD6Xbheg_2MP_wjg8VcNhlGlh3k3Rq8nMNqnHGncM63A7qIq31OPy21QBngbKxDc-nN-7H6F0IBS13Q,hashmasks,1.9,23.951647047453854
17749643,6489,Hashmasks #6489,https://lh3.googleusercontent.com/vP7bSG-jf4GOWQVTS7XPbRuEG5bawlmxfW3NqIwCgHJuy4wWetCYlfftzcrwIE7OOh4o90sugnugkBhaZmrf1d70f53qnete3Ow9Gw,hashmasks,0.68,14.666488492580847
17733323,3331,Teardrop,https://lh3.googleusercontent.com/XbtXHHLpWzb2RJkfkwsGgKb_xh6fVFMLyPqND_o57qjC-qVJQKPYHIYG3uNrDZIbp1N8gPq8Jo3R6Q8xxVAbTLdBS0lyNPfvXgFPWfQ,hashmasks,3.95,126.88688269746211
17750004,6825,Puppet,https://lh3.googleusercontent.com/2GPLu_Q-dw4nmLO8MLKgBu2uqVciRfWCBV1U3ttGc7RYsGCn2CyXwNe01MysK-4dWHYnVSpSNdk_uKBysMNCg1TtuT_FTwD7gdRPfVU,hashmasks,2.5,87.32440814342507
17749044,5997,TheCryptoLark,https://lh3.googleusercontent.com/T45jXv83c4e8AMvgB0wMpZL7zNuOEvJy6QKfTJnK8WsVMvqUS-4Jf5LId3JrdrMwxC6pYATxv-C2XC9EyAx9tWmMPLhbQMMvY325,hashmasks,5.0,47.11873274676749
17749644,6490,Hashmasks #6490,https://lh3.googleusercontent.com/BKBtujRlPIPgGMcQl6RAsGGDQA-yPvCCC1e1pVBmHII099ObuckUg3VODJjFzskhqkduO_IY0QgeocW5AGWFmM-r-VGT0kOLZ5tGpA,hashmasks,1.76,26.268531651416975
17752884,7745,She Who Has,https://lh3.googleusercontent.com/8lTqqyt8kAL4bQweh8dJFMmsFz5gag1SKWfSdNOasjhzogUf3J4EAg02FTyfUAo7NINMUmaV2WiF4xZgtcVYe_RLDm4axIlpp5VJ,hashmasks,0.85,31.438601907102726
17743524,4691,DEUS MECHANICUS,https://lh3.googleusercontent.com/TQzDBG1Ribk_P-00WDP7wZiAQYJnhgvIuBXruUU_SEJGXVEzgBaukQVLJ2EbIwrAq1k4LYZTDYRz5tmD3Y0ELcu5XRheotBqzWC8Ag,hashmasks,1.5,35.706613678309104
17725045,373,Hashmasks #373,https://lh3.googleusercontent.com/Qahi9rOvpdw10cASXdZcA3yVvtoXDip8o4lLE7WOygOlesQnjhV36miDQJ8-64p3IsM6o_jS0InK3RurMn41ZpqktfBSoYsTw9I4zw,hashmasks,1.9,16.054665222466614
17729485,3022,Messi,https://lh3.googleusercontent.com/PPQ-6Sjbe4iQx8CEUm_to8diEn85PCn5yAQP_2ammhcH50to3f8uhjV2xJi92oWxExwKWQL5RY3sqSLt6g-DNTx7FhBF06zv8aLBvg,hashmasks,10.0,74.71197922882334
17753126,7821,Hashmasks #7821,https://lh3.googleusercontent.com/Mpo6ZsyiwnMqDBedY_o-riH03P416lcxdmnrWwp7uMwXTaPETmf6dgl76b7MhTzzLtZIPNuOaznKGWVq8Ez5xQfspqFqT1Rax09DPg,hashmasks,0.85,15.364874438220557
17729127,2814,James Cole,https://lh3.googleusercontent.com/SOFQjLLQBwC1I2dDrB6lUJBzrZunDrWk9G9mtQO0tQgeD5R1BrsuZIk8NTBezq2b4ukTJmHV8GYPOLXDOSkm896WGYuIsNtHt-tO,hashmasks,1.1877403240167905,16.528703792137836
17750007,6828,Hashmasks #6828,https://lh3.googleusercontent.com/VBaqunWVQE-iGBrS4ybI5FjGLVfZ_aED84837MFBgo6ztyZs8L0QwVaDiW3iAX_-8-NdA-_i3vsu6hN2hJ-GCJUeSVn2Q8zR3_fH,hashmasks,1.333,33.36964077996511
17729128,2815,Hashmasks #2815,https://lh3.googleusercontent.com/H-aRLt84A-qk-y4JrePV22eDeoLDvB5DSYiFmwRp9-Prg6ISBubu5ls8fs_bENLZkX3ufXJTDbe1DzGN5mMyM48zfdEsBdPoS9tObUc,hashmasks,1.79,24.909820441783104
17755649,8481,Hashmasks #8481,https://lh3.googleusercontent.com/fXRbQ-9X5EWj92eI4Z0IUWvCBECJFGByKC4caz9cdp-o_hKe_TlGCvHxo9z_djp59rZ26bsGWtWXXl8PYeV6uHXmmvQ9u0lcIYk6,hashmasks,2.9,68.95076619867814
17769450,13335,Goldfinger,https://lh3.googleusercontent.com/MyQub79RZvSJ73GjaTs4N6Cr0oc4yXpSqyMCsygDJnhRTOOzrTgQ2NoMPDsGaY35TcilqU5DTS13xBL1e6hPnF-eH1WQ60d2WTAjZw,hashmasks,5.0,143.43570910008143
17725650,825,Hashmasks #825,https://lh3.googleusercontent.com/yJfPmxnYo34ttc9_wh_ZSsdq6RzFZur01xRttoVuSc0jRWHyZP8EdwZTRnVfgyBG-uKmUcIZaWk0IgkhK04HlG5hsRDKe2Kov5BA,hashmasks,1.79,13.996538741973277
17749891,6729,Hashmasks #6729,https://lh3.googleusercontent.com/XDVPsSafWW1vrkEGSFzUTf-gGzuYDRZg9sc9pLBhLn8IEom7YKSLm6IAcBFMGGFBtgZSZdBWzd8I5qhzLs2WuAr96D6fahTjDwEyjYE,hashmasks,1.96,14.666488492580847
17736691,3577,David Portnoy,https://lh3.googleusercontent.com/fntOY1_yzXJ-EDe9fOL-4BT8Y-rRkmhuLKyu9zJEEYCgum_X5gGr56I9w_Sh0m5pLCdgSowePf0c_aorFD0-HPQ7ALioRkPWdiVovI4,hashmasks,2.6,62.13633768970693
17754573,8108,Hashmasks #8108,https://lh3.googleusercontent.com/fan2Z39--a2gaY5ljDe9ELFYg0hSuYxn9jYtT-ONrAl-lKcvqSsP0LZKsTxdfW_Fjz4rIxKGiZRWQ_s70yQj_lvCgtrqiX0KIM3Yn7k,hashmasks,1.0,25.488125606350266
17750013,6834,Hashmasks #6834,https://lh3.googleusercontent.com/rXZ2TFKQpDxG_AGTY08f1OQUGNxTS1mrprLJJul8fbMo5fnb2tiqrohbO4Dg6aOW-6fsBF3LXkOqYQM6scbPYeICVQlol7LPQwEDKQ,hashmasks,1.0,29.03538845056409
17732734,3284,Bank for Int Settlements,https://lh3.googleusercontent.com/6MCXy2bWPvU-n-niLl0XK-vGbY356CUYPwGjNeQbOIDSQCuOxXumufBRwQDQbtj3ipxJU71dSMGhyQ062ZkQ9ct-tgs4HaHUsszUDNU,hashmasks,18.0,144.26872914076887
17732254,3144,Cain,https://lh3.googleusercontent.com/nQhxYa-64nlRzyCaVojblGCLslmk4Wr_l_0J-PP8wexufnojU2Q4xNMMJsjBLQNoyDdbe5q-NTqizughcbnxx1rKXe0-sSelhCb4rw,hashmasks,1.24,37.50545997756396
17748934,5917,Chris Burniske,https://lh3.googleusercontent.com/sb_n4r6P2g4lieLJAQ2u0KkzGuWUgaaY7mWZAOEQ5B4cP3tQ2EakQlTRzaSYVxwCInU7Y42v1mF1gkhKYZJM4N2cVpez4XInmAtB85M,hashmasks,2.5,40.291086237787574
17732735,3285,lebronjames,https://lh3.googleusercontent.com/a-tUQ0hRA0esPws0tm6N9ib98a1LwRqHFtwJ_xi_YuZMp7u1yIWM0bj6VRsM5eo8wSZK0bvzli7ivvWadn8ZM8vCRO5dnZGrmE3r9Q,hashmasks,4.69,56.36503857176607
17729138,2823,Hashmasks #2823,https://lh3.googleusercontent.com/PDJNTnJ8HZnGYNDgZl732wWda6Z-M5MJwwitorCbg1bpNBwGyhXSuqcPDcpP-8EKlehWJL_FyqSaXOM5fo5Zlhre8LPRKrBAMsmX,hashmasks,1.75,15.312040649850625
17750500,7139,Hashmasks #7139,https://lh3.googleusercontent.com/AZKMlRzWvcbgj4piHEq4hyWa0FvHCOKH5o0qSr3enao2kvVeUoxOVzxbdsWrBGac7i7mf4YzdFTOfoVfGwKs3l-LqROL0bVWvkbWDQ,hashmasks,0.9198,14.958581913611454
17728540,2360,Hashmasks #2360,https://lh3.googleusercontent.com/8AIwyYKC2uscd2LAn5eBqf1BjgrZu1BhcDNW8hCJ4b2s3hnA1chYA5fPU7dzi63jJljJ9cBUwjy0YQQiCyKr7B8700AUdVJqQfkHEA,hashmasks,0.8999,11.920861665475485
17727221,1704,Hashmasks #1704,https://lh3.googleusercontent.com/MTYl_fLsQeL1zkoWQQyIm1xomwnD1WIi0dbhl28G5cvYFh-Tg0O7OljecLbzpORU4cvKY8uFCUyh-v4ak-p-rqtyPLba0vVTqDV1VQ,hashmasks,1.345,21.424735069481304
17756741,9247,Hashmasks #9247,https://lh3.googleusercontent.com/OjcHr_KJ23IO39Bn2Nf2CuyZ3G3zdbF_GXP6apZHVG7gIMlDrgFUU2Z0jJzjbKV9e2BlaGZ_tBHuHo3OPJWvYN3m70NOKCA0etW8RQ,hashmasks,1.03,18.871084253203875
17725062,401,Ghandi,https://lh3.googleusercontent.com/b_nakjuhRej_yTX6UAgk_0puZ9OqYxjNTwjYWN3juZGf4DuDcNGS0MrgY2OPVgJXz636OjEcR-Zb55LuuhDffbFD0quxlZTPTAm0YsQ,hashmasks,1.57,33.44741743151467
17728542,2361,Hashmasks #2361,https://lh3.googleusercontent.com/vfRdJ6OIZYGanH07QMloZDuNoZfVV92xHT7CQYNoJQCyZgo-fi7GEpjGcJRFV2lhMEuu3N9no2ViIyoEeOZpL1Qkao_32CYx4May340,hashmasks,1.03,18.017890041663136
17728543,2343,Hashmasks #2343,https://lh3.googleusercontent.com/9YU1LctYpmncQPCpKb85sCaJCeMr2LCSON-AeP0JsrXgZx-B9kiWmOV0v5xWLvQB2lSkI51ZHayx8A1XpmtWborho24eq51v9_qTuB8,hashmasks,1.0,30.50758254748404
17742464,4399,The Oracle,https://lh3.googleusercontent.com/g0M26wXFhximOU5q_v0VJRlc3QPmiy2AV7QqjfBUyI_7Ktv62obwMvRJcfKlsP9KQpzxhjI_AzrAAMfRvSV8euSk5crn9CmXGMzS,hashmasks,1.37,31.557602207948527
17749784,6617,Hashmasks #6617,https://lh3.googleusercontent.com/FWJ0C7dWgSs2eQI0H_b-dpkt_gBJXeUZdHA8nT4-EKX_EZoYfJaQ69jw9UIH2dLkCHhForBWo82tQFbfjbB_PLBnRNBB8u8AyBkscw,hashmasks,1.0,37.35556747366864
17737424,3603,Da Baby,https://lh3.googleusercontent.com/5oxWhg42jzDsO-9aR4eK2c0zimxHgQi0BBBK5q4PcG0y7k6TCjs65VrKK-EkZqgkBt2RLmuyxF93HEK7ie5aLPAlb-03QvtUKgV_pg,hashmasks,2.8,53.339050351701374
17752785,7730,Maverick,https://lh3.googleusercontent.com/RpActhlnObtDY3fRdxHHkeIX4_m267FHqlVCHITV3og50Xk_DdLl7ESV-YLWreswe4Nd3Mr5DbUWpdFdm3zD1vINqz0HC2MUr1dZ,hashmasks,1.1666,23.192867066107446
17737426,3605,J Cole,https://lh3.googleusercontent.com/1XJ1BL7TnCYZIrcRSJAPTPlT-S-Xp9MY8zquK_JH7eHkMhIBiRwhZ51jw4OeXxfx0JGsmEbMi6vWfvNcbXwYwWExBA4nBSv8aZblLg,hashmasks,0.5653,13.6950998925531
17729386,2980,Hashmasks #2980,https://lh3.googleusercontent.com/pFTC_y_WtgX6_xzBefzNjPJD2C3sw7IHzgavkqiH0cQLw9yCWqUboXzoITzpTqNZMUIjQZPPnSzZBQwhp9LPFUDlBK0sQhx9V9TvYg,hashmasks,2.8999,12.326443788071447
17737786,3666,Aleister Crowley,https://lh3.googleusercontent.com/JEua6tmB9CEiaD0CXbWvJW83u1qPiafCblZuOflzMsuXkfRKB2UEQjZGE5njYFmM9rIplOyfwJE5MDIK8-Y5Ho41I9iuoB014cbkc9c,hashmasks,2.27,47.815389623097424
17755187,8321,21 Million,https://lh3.googleusercontent.com/xAY_1y9V6449GEb6_mle2KfgTs9G4DWwLB_59W-vItE5IK_lEJqz9Wytpt1nJkk7G6IVYiUl06yIg-VAq_1xw4XbGFtT0VFuSHZbng,hashmasks,0.4887,16.799734458721503
17750387,7087,Hashmasks #7087,https://lh3.googleusercontent.com/xkAKZx9U8o1zM1DCQMDQoGLS9VwUFxB5Ia9IU3ACcg_V8Al-V1UXxDA6usK2qK2XBh-Jh8UFL-Cu0UVVUuvl1riUrMAsQOc8kdSR8Q,hashmasks,5.127411703908244,152.85182196850417
17743668,4725,Hashmasks #4725,https://lh3.googleusercontent.com/CHPJFBS9Tbz-jnhaMA-CZnAsiNLMK9o6Ue2flObh5xYWa6m_d6bnSY41Vt7I1R4zzmXtuuxWKP1yoATraFAR2NHSbZw39D737W7RAQ,hashmasks,1.19,17.813491100297025
17749788,6621,21000000,https://lh3.googleusercontent.com/6-Ld4VgidqNBmACH20lwVGs_ZDZnqWDHD8_N_UOv_UJ_G5W_e7X-OdQfQRZP6D2lvwn0iO9kdTRfhSwtTSx7GeQi6vdu3f5OiLJm,hashmasks,0.4,16.371952225879895
17749789,6638,boomer,https://lh3.googleusercontent.com/f85ubOVAsemCjBC9y7vv05H84KKJm1i-RP1-bK3LEdm9Y_0PeQZBgfK0sIoFR0S1iYK_SVZCp5x1omHk48_N3_4NYD1-0Hi8-d89hw,hashmasks,1.75,34.22307797763744
17741869,4272,Hashmasks #4272,https://lh3.googleusercontent.com/0Blafz2UeNf6BO_TyR9bzWebHHbeN9RUmLKtpIYozgX7o93GyFFw-KIq4oAbYLKecJxKN9tb1makH50WNP5WMlUKUS_YEeHA7o2tLg,hashmasks,0.889,11.679663697825506
17749790,6622,Sergey ICO Drops,https://lh3.googleusercontent.com/ZDuCilUYNaJ3UnJqMhJWdgBjwMBrkPwyG8ngnl7Yb_8H-tvOgJ89_yZAmLn7WWzEjdsrESXdaliRlScaKg5hU6pc1QhwK1XSmAM1dw,hashmasks,1.25,52.80297853576525
17756510,9080,This Is The Way,https://lh3.googleusercontent.com/xRmbtnJREwtpxpcz59jbrksDnIOpzJy-Sm9FDRVgTLju3RAnWxxwB5cc4zseQrx08yf0sQy5yPfuOBw85myMBVjKatQcpvTgQgfb,hashmasks,1.0,18.852089202676314
17757830,10229,Hashmasks #10229,https://lh3.googleusercontent.com/cdkuANrdva-c6gbdkiTOK8re5LdVzjCFpxMb5Qa7rQCQdQqvkP0ieDji8z6H1YfERb_0yOWUTUI6ycIK5Jsjbe6yGf-Odv2R5ZQm5Q,hashmasks,1.8,18.017890041663136
17727231,1709,BowTiedAztec,https://lh3.googleusercontent.com/IGlR-L3j_3yNiOQrnXNBayj0UvzgsiZ68Mkim4jwjzeTlhO3h0Qd7nsE9uNtb7nXJmmKnAba-uaTZIARZTqG4nVgQEO3nYJ1J_KbthY,hashmasks,1.5,11.388791997603349
