id,token_id,nft_name,image_url,slug,last_sale_total_price,rarity,predicted_price
17750641,7184,All faces become skulls,https://lh3.googleusercontent.com/0O4h-Gd1pfJtwWvZh2wuXi6JLySslFK1vDjAnp1bcil7YREOIP1F-HQNFzfaOy3-tJAoHeHwGZNdYtEnz7Tlm5mJWmnxq2xxDJf_,hashmasks,0.949,36034.1125581708,1.5197560389366156
17728201,2196,Hashmasks #2196,https://lh3.googleusercontent.com/e2vcXy-wtDue2jtFaaer5pvn8VCGIPwX3q4qsqPzvPkSxKC7eki7h5SaLHVgveNUBz4Z5xX_O-ORqLSav5zsOpfJYWU9-3coD1zukqY,hashmasks,1.55,84114.86157277426,1.6185774812303888
17729281,2929,Hashmasks #2929,https://lh3.googleusercontent.com/QnBHl6VjJUSxVE65G1GPQ3YdFsnv0PrSnNvafihIzuVZUvwWjsxny7FqHE8ghHqORThMhase7jn8IzySgoQFklvmiiITJGAim7zw,hashmasks,1.5,67530.83775084394,1.5844919649540163
17740801,4108,Future Fund,https://lh3.googleusercontent.com/6KmRGtXNbX7RLvbyPEuWHVz80sQwShKe780Jwjf2HN3Qai3ERl6hOfMHCylCINNFLZMA4JcKXnZJZ-h18F3k8r9q4FNx1Mv8FMpYdA,hashmasks,2.0,100072.88735718351,1.6513763696939934
17751241,7415,Craig Wright,https://lh3.googleusercontent.com/RRp4nRiC-ZZ87tacVt9fbsCGKtgDlNu4IvOlwSzRwq2F6e5gUgWcJP6TcTXS7tjX5Y5TChieYpbBJlglMf_UYsYoDYsMvxL7oAzO_w,hashmasks,1.7,72298.75550731273,1.5942915733022396
17769001,13237,Aztec Goddess Coatlicue,https://lh3.googleusercontent.com/EF-5tR21Gmg0whcwS1h7NYMuFOawIoN8bNEJqLi_H0GvURkWLf_cQX_3MTzCI0cv1aGybtH9j4c39nYFqL8QCFmjLDpz3d3P-Wy0,hashmasks,1.49,77798.21805730628,1.6055947420791215
17757961,10346,Hashmasks #10346,https://lh3.googleusercontent.com/0fGYx9ScdHFoZwesLDiz6YXvRhgiMNMkbpZcervMsIs49SsfK4xPG8F1y-KHinlHSEGDZs_U6C0e5lPsOn1Bt7OaH0vkj_Pujw1Y,hashmasks,1.55,60130.23677313106,1.5692813437085742
17728802,2556,Hashmasks #2556,https://lh3.googleusercontent.com/e9yBg_23pifCOg-XE3OKnhoFDKizTivBbSsX2fPX5MkpjK9Sx6XA4XqIoh7z-RW7ckOdksukfBl8NHlzCfiLowCf2xWke5WbYV24jw,hashmasks,0.9799,24020.852665421877,1.4950649163234715
17751603,7463,Hashmasks #7463,https://lh3.googleusercontent.com/Pq_JZbmYON5TkWHcAODe-5rWLZjreyVkiMvNdPUlP-bkP7Uxtc6FDBRpc0pVHIgXL0ds0_WB_x3wjpauiB8w9WKXOY82SQAKXSd2pA,hashmasks,2.195,144741.2942532457,1.7431843486648133
17728563,2368,Bluedle,https://lh3.googleusercontent.com/nTq1lHLTitI8hom3HQB72eFKUbijHFZNlXorZ-MNJoUWje_uo8jJjvYwspIQ9L0DtpwdjpZ4VIJyeAj8nzdit2aIdR89DMC_TYnyub8,hashmasks,1.311,43006.65980488331,1.53408687174399
17749324,6226,Hashmasks #6226,https://lh3.googleusercontent.com/2hKX3kJPtnh70jIeXUn6JYq0qBAws0ItZ4ySSxUKj1QQAsMFh0qD_ZeTX6B_4eRE0ZAOnimiUVUc_TqDQn0-auoD0GQ21HsT3GiZBQ,hashmasks,3.5,245524.3237831212,1.9503259706443967
17743085,4547,Chico Blanco,https://lh3.googleusercontent.com/uouPr1wgmYFf7xZAK3-7OVB5gbJWn-uHi4zROPNMaITpfdwjiAdW-roHH56Wo5BOjzyLZ9Hxgi1TNNt_-P3fBMC19RnVUR2O_2uqtw,hashmasks,1.164,47436.79062872237,1.5431922190302585
17749326,6227,Acedia,https://lh3.googleusercontent.com/KJtPsIE4GSbFsbI-eN-BBrur1ny40OmVCvFOZnS9jH8nY9GwBl5hPyrS672gViYeJn_fcxrt-1vtYSvCFYqJ0u98Ozs4dA6ZvsDk,hashmasks,9.05,2878108.152072513,7.36113458329317
17749206,6113,Enter The Void,https://lh3.googleusercontent.com/s7daRu344wMeHFIPjBpq6TMT4wujrIv8y5iFa-M2ZRcyRBwHax_LpFZPjCt92ysdkjpS_yuj5lpSC8P0N5_X-umAjtUrzKYKMaqP,hashmasks,2.99,179121.27849005777,1.8138463016906916
17729407,3000,Hashmasks #3000,https://lh3.googleusercontent.com/o2SHoc8M21VH9Y5ydeg6woydzix0k1PXdOCE3JgYT1tfCvvOhOapnbU3oJg8Tyr87AAXKlZXM-gUCjDH0yakGOCs_3o2zcuBxCIgM_0,hashmasks,7.4,1095919.5387645022,3.6981623373087107
17749207,6114,New York Stock Exchange,https://lh3.googleusercontent.com/KosrNYce-wo63ghCdgxyOVKp5pae0A8WhXz6BUXskNA6NgEvOZBv2rqtCh939rk1ckJ6LVUE2roZjnECHlx7uwA5Dk9zBv4h9fr_SQ,hashmasks,2.39,114394.47693236751,1.680811854098142
17729408,3001,Hashmasks #3001,https://lh3.googleusercontent.com/ybGtTNmLW4W1D9S2AkTWh_6f4VsW__jarwoFqAxdd8fqiFFKEIXvxaAEUbx5Mva7SWCx6_N5BJ2DVmkXFjrebEhnHgW5UREVQey9VzY,hashmasks,1.7,72325.32405120501,1.594346180226651
17730608,3082,What are those,https://lh3.googleusercontent.com/rRDSUWdJk1Z3-Jq7I0M35eIX9SRwly-uQQQq6OPg_Azld_jRy_0loRNZqZSqtNnptmL23OV6jI28xAE_PNyKkVh42XNeNRH9yRzQXgk,hashmasks,1.888,71423.57336476403,1.592492791807173
17749089,6025,Hashmasks #6025,https://lh3.googleusercontent.com/LiVdMIrl5GCiIOChrlAubqk6RyQsWUIuX_Ejw_jMbrY4qSAurNMsbwg1ETEoXiGhrGqRk1iU28EZAQ-OsHBP9WVOwrJGnqhH7zlBXw,hashmasks,1.885,124457.9221684713,1.7014954788972092
17755929,8656,Centaurus,https://lh3.googleusercontent.com/2YkCWgZJvzUhJOAxNCsajzkVvy5-wIKa88rGX6Qe9IrLDXQPUpMNQ6ToLnfHJVpaun5dZj2mrdL8aHvZW8gm_yXzOMPrvEJd9oxD,hashmasks,1.69,100077.6428240437,1.651386143711735
17738650,3770,Hashmasks #3770,https://lh3.googleusercontent.com/pCH4LEavKP33CrLjY1fIGfe8Nk82ecw2xif87PcfzPt4N-79WO7LZJ3P_jElXJOXjWNbSiOZWta2qKFyaCOxlXEcHkNyUdS8M9peNw,hashmasks,1.07,28644.64076042985,1.5045682917444885
17772970,14571,Hashmasks #14571,https://lh3.googleusercontent.com/q9JL3pA-TA0YdZxXJt5oc3srd3D4bnPOnPav-SkAhATtNAyr8l7hKP5uMBT-rPrPNS8ZKW5u08flpuUAR_fjHEBXVglYhcZioZ2M2Q,hashmasks,3.0,315510.3908522703,2.0941699046509457
17741651,4199,Hashmasks #4199,https://lh3.googleusercontent.com/FfTEFTgD6tJ65KlXU-ztthKu1aH31LOB_SpzB9-6Qqch_sqTpNHgql3u7QjqNsVkKBLyT1e2MPl3zhywwdnZUs_DVNoDZ_ZzTfVQfw,hashmasks,1.88,106208.2769987381,1.6639865736912012
17749211,6118,Country Garden,https://lh3.googleusercontent.com/a5O7ErRL5w74MVX3z-28NJ9tV8NuEyeL7vZvdNaeAaEMRF_nrfwcHf9m0-fSdktOx5nRAq8_Fj3CgqAd4rXEYiPfeBeagJvH9LqMtpE,hashmasks,0.9,16232.144683170243,1.4790566100431897
17754732,8115,Hashmasks #8115,https://lh3.googleusercontent.com/3T8H4b8C-oYmQtwcScPNJGJjnNQfkNSp2HWT_XK1rQsCmC563056-XihAlzvYob05retfSVArBdRWbHcKWg8BiRU8_zD_D1HmECS,hashmasks,2.45,150300.30403455527,1.75460990620235
17733252,3318,JPMorgan Chase,https://lh3.googleusercontent.com/pvYS5OFppcFrbVEmZgRUhJ3jxyJK42GfHHiM-NZ3I_0_L9uvIqKFZMrJc8ozS17G5RzqThk8W9860VeVBtIL5yNWFRPbVgU6BDePFXg,hashmasks,7.5,1413990.398410044,4.351900512066468
17764694,12417,Wizard,https://lh3.googleusercontent.com/JwERuABRZqDUFDQDYGAOGk2BnPZ187YXsleOZumXpMMMRIiE_FQL8_EZROeWaLfQuE498mP-AurOUsJrciQrRqA5oCzgt1b5JvqNbhc,hashmasks,0.829,20625.93571417667,1.4880872673378507
17731094,3120,Hashmasks #3120,https://lh3.googleusercontent.com/9SKA6Eh1KYYAbZbXijV0ZSE3ZAY9DvSDnkhVibXtfVdBRRkWE-DdKeC_hKa-Db4VLPRGl9UBFuSVLGAqdilIcp0nR-ZYPOsH70474w,hashmasks,0.643,10346.749173396274,1.4669602245944415
17746696,5149,Hashmasks #5149,https://lh3.googleusercontent.com/-p7NCUyc4u8DrbuFWOhMmsIqmw368QnDNbPwSYSUS2MnGrsD-S6WFE3_CLq82pyLGoc9LJMunqzoKqSPWLsqjEJ3DcRoFrzT3Z6A3A,hashmasks,1.2,43224.85222829562,1.534535327527668
17749217,6124,Hashmasks #6124,https://lh3.googleusercontent.com/m1tFElVTcBQgR2X_UL4T6u0-iil5h6fJ_e5og4Nm3ijVr6lMjnGrM7YgC063Qlbm2GpOaGcFjQYiN2JvzsC_MVnkg_o9a59pnmQe,hashmasks,1.219,44596.24001295993,1.537353971612922
17750058,6878,Hashmasks #6878,https://lh3.googleusercontent.com/M0Mnn6iapkGW676pgJfLp-46QjyVAu1pMo639-qFoQbTs1j8BsjQgNefvm_e1V37kmE2JHMBXBCiQl5s4fILiRXKT1OXuYqmDcMeaMk,hashmasks,1.7,86733.75422808672,1.6239601500680132
17728100,2152,Mr Musk,https://lh3.googleusercontent.com/LdoMoJxygwF9ipyrTF36ao_6Uk4eyJkN2eCEGf-xYuFeoaG_4ArxzbdmEfHewLaIFuL47CsVrBWFgDMFKvFyBkjrI09Pm0AMxcQY2w,hashmasks,0.34,2891.92433282666,1.4516381558269857
17730620,3083,Hashmasks #3083,https://lh3.googleusercontent.com/VzWG-ZSty-brjGhig1hXozDTJDAgx0p2QLzP63tXnzRlG8C0mxH9BwBccaf7WK6p9KE69WCfGoLIXFWpra9EyFs7BHbk2PFMWfyzrg,hashmasks,0.8782,15434.856592774458,1.477417925941313
17749221,6128,WaWakanda,https://lh3.googleusercontent.com/KBxVJKAdcUtvX41bqLBzYZBZWUOmXp3WdF-BEIoCB9UokLzMFLPxw5_u8Sot5pwxrimnrYta6tgUY2NMWeO3n5U365o9XdzUQhayfg,hashmasks,0.8649,29931.215411689795,1.5072126174936047
17728221,2206,Jack Grealish,https://lh3.googleusercontent.com/8hyrkpS0GtGgCugyP2uhxca_Q-eAbBduwoLrKQwvh-WYsdLbsAkertUY63Y5URDqbzQhRBNuanhXrG-q-aG81xxcDfZdb3FJehRD,hashmasks,1.49,77760.74178404253,1.6055177162537833
17727621,1936,When Lambo,https://lh3.googleusercontent.com/14of6GoEVs2bU5QaBZfJOh0Zk_OsoBK43TBlXYrewE1eNWh39w_JL3WH_OEhhHlkEzONLHObJMXBySQbTRK1D2SAJI0Oy8CBl8iRPPE,hashmasks,1.3,42280.05635531061,1.532593467370431
17749582,6428,Mark Zuckerberg,https://lh3.googleusercontent.com/TyEx4Hla94aygQbbnK7GIHPiCzouCw_igZlXi0T1FTuV06gAwep4xwFluPwHPpLlpgESXzKcYON0dsxeofk-EnpEuzeRw1GRJncKkVw,hashmasks,2.4,144361.1936442892,1.7424031193544627
17749342,6236,Hashmasks #6236,https://lh3.googleusercontent.com/70-2VdwelnWatz-gqbCeMNnlI5IambuI8-YJLBnL_IEwe_vT4S0AkSDkSHjWmn3CykEQFKNt1kKMhzk_FShGNJMKPmNNOdQLLfcsRQ,hashmasks,0.99,19664.10729503745,1.4861103998063236
17749222,6129,Hashmasks #6129,https://lh3.googleusercontent.com/dzTai3GPsaFVPiU2Zl6ELsaDpS30WAYwsvhsMz_ImNtsIFV_11Dv25YVcTTXneC-ybSIPCfIOS3QP0A64OKvuWjsW9V_IIveGrkDuA,hashmasks,1.33,35440.060663409684,1.5185350707478753
17750303,7056,Hashmasks #7056,https://lh3.googleusercontent.com/Ga9h9wIz3e27iBIit1X8GyRg50DSjjKR-3R3gILHJnQYSJHQY8bCy9PBfqGqJaHAgcwJvC21Qx83fO_niGmvAcgRpqXYAAR9zFKp,hashmasks,5.55,770601.9790914397,3.0295298573816973
17734223,3400,I AM,https://lh3.googleusercontent.com/8utSqGHqK1Aowea5lZVTIFOCVFcq2FkAFwvi9b14ybFsbGA-Bdjcfr2azGBjuWK8CAmMCcKe5hcYsfb0QWpHAX7ysqJR3jiU5P8C,hashmasks,2.98,311106.5330526811,2.0851185569009365
17727863,2070,ugly,https://lh3.googleusercontent.com/dJ_N2HfilTwMtHmYuysKsQwtYr__S5f4AAHA9aZ1_g6YekSXiHTVvfOGcCNk4Ww0TaX9Ttn2bi2iu1_NciuojwG9Hh3AX7aB5ZXvtA,hashmasks,1.2,36030.85161850005,1.5197493366541408
17756664,9194,wen nftx,https://lh3.googleusercontent.com/jInQww_eQHxAExMV99-o3TBlQFFn-UV9zDBaWqmw3DnKt2R2eJzrVQe6DbdaYjnscN5zcg1coyZEdgCcnFGvPEuEV6l8-JcpLBw9Qg,hashmasks,2.1645,117447.7626567351,1.6870873407575813
17725464,682,Fenrir,https://lh3.googleusercontent.com/HRDBgh_r8J3iiolN7CbYR6-XFvkjmnJ3nJ-g9QRlJ4Yny-ljZhZ55BbAMSrDZpdNyvt60anNZaVvLzklBxPHbiHn1pW2x8AQo617,hashmasks,1.09,29722.36680027041,1.5067833662563737
17743825,4786,Hashmasks #4786,https://lh3.googleusercontent.com/ySF4A1EpAiKLKU-w-Um6nZgaOCaD54bvq3yGEZ1UFqWAz621HBwXuPADaKDBAfbvCReTtZFitLDERmCWtjDuNEBSjq7JiuIc-M3KcA,hashmasks,0.789,24916.673584250828,1.4969061171585234
17725469,686,Hashmasks #686,https://lh3.googleusercontent.com/e7-iKRoIucXLS3kTKLXsM9Uy6e-Um7O1E6sFJ9FjHxT-lnkpKKFVFxl36ydETIiVl-71cYFGT2zqkWAJTa_mbt0QWeeBCvFHTkmgM-k,hashmasks,2.5,312674.69652367546,2.0883416384695908
17728709,2474,Eva Elfie,https://lh3.googleusercontent.com/bXV3F1FuednWVTMafMKrktgpVa3eqJRsIFlm1spWvLB4GRzEcamXSF0lNKPzJ7Izj-1kOmEPkfr_KxFo0VVe_waPt4XCLxuPoLAn9g,hashmasks,0.99,44122.49424331482,1.536380271302582
17752709,7719,Hashmasks #7719,https://lh3.googleusercontent.com/1EO10-5cHFrr-6PzhfN9op68eKUFH4LAr1SZ3LFUo4jsjTAiCpuYODQIOSykZjgT6g6suTEzJJKYosy909lfCH3MqMcdOVMaV0bHTA,hashmasks,0.6685,11180.150312628064,1.4686731326559017
17743709,4740,Taken,https://lh3.googleusercontent.com/IPq9ABl4GrujL3wPjPbw4zAycUR1HOxlhZ6wfVMOx8kRBilkTbt9-ANLC2e0SGASEkkEZ7mMlPnn4XeH8t0KG4GGrMwIYFUz9jFatw0,hashmasks,1.3,42283.73704746151,1.5326010323795967
17754750,8133,Hashmasks #8133,https://lh3.googleusercontent.com/-Tl21zDRejoS1pOIPQJrVGM0_lWGtha1PFQfEc-SwI50uxRDH8QeiwrgJwx2nGXbfQbiE4jAMb95LiN_mFNP4hEIFkHUVwbMSLkeedE,hashmasks,1.5555,84745.84261804218,1.6198743507307884
17725352,580,Masked Dystopia,https://lh3.googleusercontent.com/1TEvqiCfB3bFW-TtWzpLmBGc4wzfHO5S53MYtjs3WUPPF60ng7e3hYXN1aGTEjyM-FK3QJ51Z0YJJCKvLP-9yz95B8cMQuBG2a-gqNo,hashmasks,1.5,101310.06076536246,1.6539191599597318
17759432,11289,Trayvon Martin,https://lh3.googleusercontent.com/3RUsqEFc81YEmtFS3HW_DCSdVTeY6GPO-0NaH9xAf8OveHHORUCQETThfbOQ2JpmrfAc0vwT5n_59tNlfO8EXu_5Ae0zU8u0g1baIw,hashmasks,0.989,39135.77956221522,1.5261309647257622
17751872,7527,Hashmasks #7527,https://lh3.googleusercontent.com/9n9TFCTndebNh9iVpWkhfLjMUZwTjMGkM0mi0fGbQgJ6l3xTwcN9GxA70TX6MJla0xmzBByx2rPvF8EXo1AmSeBb8EBr3y-HZgo7,hashmasks,0.9699,23532.7360055568,1.4940616792000059
17728232,2215,Kyrie,https://lh3.googleusercontent.com/jh34844zYXozCMC5-DtGskV8d6LdRyHdClSw9sWt3AypeuFO7IqZfIEv9ig86vn0Twvi_xU0CN9iY-yqwka4QsBCjFOP_Tfv7RNMOQ,hashmasks,3.2,256488.8990205099,1.9728617081548139
17779834,16131,Hashmasks #16131,https://lh3.googleusercontent.com/pQLAeEDIWdYumY5Jvi4rOh0mOI6dvf5OfDWwQZ-i_-wqPFjAfRgizVIuzzvNW1y-bZYnTPZ53Pz_9UpWyL158mzTJA9bulxPzotnDso,hashmasks,0.833,27768.357598612936,1.5027672472998148
17728954,2684,Manny Calavera,https://lh3.googleusercontent.com/IRw5e0AS8PJ_MZubXXROZzmmEuo2AwKHuN0-3zddalC1xQjICpcr91XuyXDDbdyjAliVTcrrxNeLxEV-c1o9azALaYbKAMhoE5JUpA,hashmasks,1.9,108398.56983594914,1.6684883317056858
17749114,6046,The Sketch,https://lh3.googleusercontent.com/1MF-QdQ0j6gwFVTYUuq8y3qr516ZAia2LEOrSIX8ZUy6_b549Ysw4PpCB-gxchbvzd2IOqrO_HAcpwwS_seXOcJnr8dT0ejQMWT45Q,hashmasks,1.1499,33093.83651618851,1.5137128236131134
17749115,6047,Pricing is an art too,https://lh3.googleusercontent.com/8YRCE_BmD9dY3kBpxrpJFD8hF8IfpNZBPQXnmXcPN4fWpRr0xpAvTQ4OAqX9WYOEQLAtTpYLzMBUcDXNwe9naVuC7GK7fvevF-r3,hashmasks,1.232,45554.69916318775,1.5393239142104553
17757635,10070,Hashmasks #10070,https://lh3.googleusercontent.com/HOl74dLgK4DqfTGWnD6MayzMSl80D3jG2QUjsoXPNsTZMtm3EHF4R95ANIkbGTGdYw0huz0Vw-V8w3IPEUiRqJBajdIbuXFAPQRRyQ,hashmasks,1.05,33116.213727048904,1.5137588159966986
17750075,6918,Hashmasks #6918,https://lh3.googleusercontent.com/ir9ULhQpo187WMhtufDK1-0PovfI8zzTjsHL9_WMeUUjzVXV4FzdH6c7p4HkuwDGJnlIVHO0pCpiPlzX9z2sGz9DWEnbIqBbNKGSbys,hashmasks,1.05,27600.488078266757,1.5024222213079623
17729075,2772,Hashmasks #2772,https://lh3.googleusercontent.com/McUaD0y143PSMvfSZemVE_C4WcJq6BoesHNqR223wC8FsTdLMIH4b9XkdUQDoNUiaeKc4XVPWSziIRNKKSa9tUVhOePNoAIbgcZ6,hashmasks,2.1,110409.53687819144,1.6726215173900283
17750316,7069,Spectre,https://lh3.googleusercontent.com/59JHu9xtPjCkujkH77KVgwqPEClxpxJ5Th7pVD8Kk5eilvnTWuDgJ6M38EZpSRacBOyYnN5HBlboR-0PRjHz5ixOcBDuPkP-tdSCF40,hashmasks,0.479,6888.360821537329,1.4598521214149573
17726796,1473,Indigo,https://lh3.googleusercontent.com/l-Dkexz1Jx-CV9pgEt-teKRbqEX3AOz1gJoRtWobxQAafo6FJIKI1gihuOshBk_UK1ijcF1r0AvMcQgcMkmCb_ytVrxqjvfyhxscpQ,hashmasks,0.46,4237.352564887926,1.4544034446612897
17729077,2774,Hashmasks #2774,https://lh3.googleusercontent.com/42HjYghijJ02H9iwArZbLU7umMwDjiV_T_WYHvGoKqsL_KN51mDgiLQPC0uz4f0eLDLURksL6BLvloSAHfukNvxLK62JetCiydDw,hashmasks,0.31,2404.356532509184,1.4506360467868638
17727518,1880,Digg,https://lh3.googleusercontent.com/o1eNgKRH1dVAyF20HISaeLOgKd7cLwQcqKwUy6xveaoixBsDs9UJuvJNtigTuaaDgIe3OKBUrdwDugQ5BALB-dFRRqfJZ_HghDWa,hashmasks,1.438,72412.063491051,1.5945244577436408
17726798,1475,Hashmasks #1475,https://lh3.googleusercontent.com/AGMV3W51ddSFJvugDIRk7G3fiPcgtw0DatANfp2MtYpeCvN4HzGocMG7_5kMnaFvOu2M20DwXkFnAbX2RxbbqrBg2HdEfubWD2SkwA,hashmasks,1.7998,64899.58564889695,1.5790838934684006
17749119,6052,Black King,https://lh3.googleusercontent.com/W-Teqd2t5QfL6esfgTbf9MEZjejve2-1R9FsaxGfLg55WoR4l-NRDeF87fpwD4_1XKfNsV3ENyBD8X1ExueK7DjsT1MB3Z204V_zOFM,hashmasks,0.45,6078.02532770579,1.458186620692039
17726799,1476,Deep Blue,https://lh3.googleusercontent.com/jl3paDyJr9RqwlLGOXrw5uSU6hnN987UOLjFbwpc1kRZdxAFE8OHjMdETgdZT5WBbvZS0AYAUFRZC4k_dMuzeKfTuAyxzbcqPZUNgQ,hashmasks,1.82,66314.12461302456,1.581991227141039
17748279,5452,maskdao,https://lh3.googleusercontent.com/ro1fmgZRKAjIwT-qKV8IEHiWsEj_twsz-0CFj2FqTW8MouWOU-Qq9_W8W8QGAocuEZpPkNzZ3DFFHE8U-zCITzybxCiMtP_xXmEmhhI,hashmasks,1.8,97275.08922439616,1.6456259924142032
17749480,6343,Hashmasks #6343,https://lh3.googleusercontent.com/tNkhk4pBiqI3L0OjTtUIckNwxwgrTvqIZuRaw2nA40VWaKLRhARADiXYsICUI3QmtV72gwDm5KDrB8dfF4TCwqYjuSYZTQjrkaCf,hashmasks,1.2,43227.5244873126,1.5345408198815864
17727760,2026,Loneliness,https://lh3.googleusercontent.com/tM5bfeDR84z6XCG0L1xyeUeriY0TnVGHfunE8du0XFaiza33i8V-LwbrfD_ivO52L_lg5envke1DCYs5tbDryfmniAUU7R43EbGO4EU,hashmasks,0.67,11228.984131069958,1.468773501898687
17748521,5625,HashRobot,https://lh3.googleusercontent.com/1chzFvwfBO3TQbGQa3oyi4_jsuz1--bYk7dgD1zL-qAtXBA2TL4QVJI_unmQ6Ccc1jMOTmGs5CTB-MkWfVYXBTRSvF9IzD4tOaqQ5ik,hashmasks,0.69,16671.17733028056,1.479958963693885
17737962,3702,Terra,https://lh3.googleusercontent.com/kIQF0iJz748pf0D-lyEhCozTwQZ7L18s3EByOihORGmpE4zyfuc3by2s3QxLKKqe8ol3vuVmWm0weA_PC2Q0lvChGB0fRGGgXoju-Q,hashmasks,1.1,30277.94027106176,1.5079252488769435
17757882,10277,Hashmasks #10277,https://lh3.googleusercontent.com/jEuddPBfSuyvnBgHUMpJOiBAB0RtFR0E1Xz-QU4W64KsPqnKoWJr6HNZHMOeVi6P2Q-N-W2gg8S1x-Tk3pycXpBZAKyhnj430_oPSQ,hashmasks,0.879,19328.31622830396,1.485420240892329
17749362,6250,Hashmasks #6250,https://lh3.googleusercontent.com/Xw4ugJQ_H2fDV3iTHjEJqVsFltmQojQeQRvNlIabdSyoOTfv4EZacIF6F1OKM4ElO2qc_NzcdIJmiGeo1QZnIll60UWwoXgwIxcYvQ,hashmasks,1.075,23151.07832371696,1.4932772496028202
17748642,5701,Lambda,https://lh3.googleusercontent.com/vFBnTCavFxBjF01CTk0Zxf0P-u8-F5eWnyWAKb2SPkP38Pps0Ic6v-JEd34QlJ2Clu9JCHiiJZI0a2dgYiUO5gCWT1J4JEqLHqauCg,hashmasks,2.25,152016.56926761448,1.7581373846457087
17726803,1478,Hashmasks #1478,https://lh3.googleusercontent.com/kqF9fdoKPHtTOiD3GzG_gcVdSGiP0jULb70vp85kCb9HiUQvN4AC80En2a-cAs_o3YRR4gbLdGXV6P2NDTGz0IXRQRv5hj8FmBo-bPo,hashmasks,2.44,149026.44115940717,1.7519917072519051
17749844,6673,Julian Assange,https://lh3.googleusercontent.com/cVCb8Yt083QbCRTcLeFR3V6pRi2gJYUeoovvKMonykzIw5KM0AkB5Dz8tYyNed44D0jrhTAPrBwWtlBvkKpDTEGrW_jDinQpH0AsXjM,hashmasks,2.49,217196.54481142177,1.89210325090032
17750565,7166,Hashmasks #7166,https://lh3.googleusercontent.com/jK1RKLqPt51QPFeCbXadZA5i_YwpYXs_474W-3wcX0JJ1PYHpCmqq1QQ7CiJ18x0nanVbK09Ol-658ZNW9m-cIheZY7yaU7BGxxhxQ,hashmasks,1.1046,36670.91112624799,1.5210648653221797
17751886,7538,Hashmasks #7538,https://lh3.googleusercontent.com/h4hHl0n46e1VGrjT8ljRadRe_oooZ596ThzTYKc-_GiWvRT3XKaZDshBN8-8uzJHHcXRNMdp-I0nsc9KV2bdPZFYqas3ikIyFce75AQ,hashmasks,1.42,70615.54466903402,1.590832032298153
17756927,9407,Marshmello,https://lh3.googleusercontent.com/8M8wWtC4YIsfiQh10QD48HCXNPvk6c0iQc8ksXjPIRcD-aca99fxF-f-QkqRjXKIztnIr1El-I-ELWRqwBW8nwo4ixiN5FgUEuC6yA,hashmasks,2.15,139111.0356147472,1.7316123517524022
17748527,5630,No God except Allah,https://lh3.googleusercontent.com/LeVbrM656p5od5rqhunEG6Njw3r0VxpuBP2xVrnQO_oTYGPO9u1ga6IB_ndXRM9eOoRnyHLdST_DFI4opRnevfpOT0nuebEuwZLT,hashmasks,0.9,24316.72617048204,1.495673031777282
17728729,2504,Hashmasks #2504,https://lh3.googleusercontent.com/hbVKVcnOuVBWXdeGjyqXOCzQwohG-iOgyHo7VAdAM7pusyXGVR1NrUcnK8_USwuUk9EV1JM-FRFY-Ob_fAc7EVj-tnRsnLvivBmOfg,hashmasks,2.07,128718.60004422718,1.710252545737068
17728970,2699,Justin Sun,https://lh3.googleusercontent.com/7KLvo53G2iIP2mvJzEe4W4RF-q8md_RD1FZzr4zOUX6--QA-Iw2zifclpMoIiVXbT0M5Svjslm-MwP6pjnrBjsUMmc-B2sojiJCk2A,hashmasks,1.149218413931867,33032.99943945353,1.5135877838042273
17749250,6147,Hashmasks #6147,https://lh3.googleusercontent.com/vUMtxUV2KATbxi66qb-_-vlT92vrBiEweicrxktPpAf-U-mgS3_VjZdfbugWqP0AycyOjAz2gQAQYSR47qB_C1g8e9QKeKx7lE0FKw,hashmasks,1.295,33568.20762744949,1.514687809202108
17727171,1654,patek,https://lh3.googleusercontent.com/9VWkSeSLQVknkXHMNJ9Zc_J3YMXeLVsT8axMm-lE0iVO3hMW2g6Cro4Z88yKQJEvu9E3PA1t-gHHpBYYdoBbIYI7_uLrqZ-1z5x6sQ,hashmasks,1.6975,72183.90423822546,1.5940555169118322
17725011,341,pranksyNFT,https://lh3.googleusercontent.com/p24o289yFo2sgR7-RlD45z9Oph0D6aUEwKOdQfwbUzYlc_P8hpz4GMozV9_W4kLP_9WD62wgEQvxU5sYCaMlwO2w_9d7r1NBX4cDjQE,hashmasks,1.69,71452.17168626726,1.5925515705790525
17736891,3586,mayun,https://lh3.googleusercontent.com/SpL7rtfCBYuhrTwfBN1rAmYZ6RP6qpvyBTKWzdJ6IAMfYkCR6wwY76w7rMay1mw-m4T_tHRVHLxiSQqoPB2FO6jT1UMHAsZwKqw_cw,hashmasks,1.99,138802.4694630809,1.7309781488172225
17749011,5970,Hashmasks #5970,https://lh3.googleusercontent.com/ZW1CieUibNRyjeeqpnHsDnlFDMJk8A37MtbESVkQ_0Tq2dxDcAg6Jpv0XcuXCRTiwx3tHRUub3_W5X8KBCaeG31ZbNAxecomxTA7Cw,hashmasks,1.998,99854.81307765334,1.650928156734087
17749131,6062,Dumb,https://lh3.googleusercontent.com/YZdtAvN-szwNqn_dAXT2ZlZSXzMh7l0kdBxGoMApn4S7AhMhZZpNEXjRFNwEBcGHx4GnfGinLTHhfZMo6AsIGxqvTa-I9_1wHhDY,hashmasks,0.7,9808.304479128454,1.4658535471325989
17735691,3450,Hashmasks #3450,https://lh3.googleusercontent.com/lk2wgbRMZ-AsI7crseekeN4iJWkSGKmBwNzSquXloRue9FEqjAFlozA6yjuNKAdEo9ZTWw2N8lJ2W-KlISxcYVZUMbjCLFdN2iBZFA,hashmasks,1.7477,91683.83392022704,1.6341341599300028
17748652,5711,BITCOIN21,https://lh3.googleusercontent.com/o6LDn-BTRdR4BtqitkjfB8atrMf1xPmYeO7JKvJGdw8K6_BXr-V1UeNt09SnJVhohJziB2_Gj6KR20j0U-xISnlpgwEtzY23jL4I0bw,hashmasks,1.09,41612.41994278788,1.531221259271233
17761612,11829,Salmatoshi Hayek,https://lh3.googleusercontent.com/vDQ6ur1ZZQwP26Ofk9oDrC75OMTnzuaCn7r3IZxHjsheo09zsh-ztkxq4m0jC-GQXzo-mpG-8sx58cBUKUO945FLK-JFIDP7yYAg,hashmasks,1.2,43222.452282713326,1.5345303948656626
17748772,5786,Hashmasks #5786,https://lh3.googleusercontent.com/XGqeaLAMhp0TnmMkOo6vIxuCpQ5lrUYtspa_X0siCuizkG9_wIhmKzZZ2drqG_k_DvG9U3LMiI6PXlBbYtRsB7lo7_NrgKA1Flbu,hashmasks,1.5,67551.92949597514,1.5845353152910446
17728132,2171,Hashmasks #2171,https://lh3.googleusercontent.com/FCDEc8UjqQBLozCO69E0ejZrLhqnsAtBiUDKdUpA2h_KJCXPn9BgRN43rVS_Hu12ZVi6uninRBif2viLqRIzUD-3pnr-DkTh_IhxerI,hashmasks,0.3154,3482.915388553897,1.4528528330045802
17753213,7844,The Plappa Candle,https://lh3.googleusercontent.com/51Xc9LT6vXVhfiws3S893BV-cvAU3jmjHKAtuTsy8Z8HvscVcqacatTnRKZgTWHBajWFpEOjJUeWdQ2MSMhCEMRqXm4g2i9TFDt90Q,hashmasks,0.55,10592.02497102887,1.4674643454448562
17729215,2884,Book,https://lh3.googleusercontent.com/2KfXVkeP5_0dfe04mSEDUuAAgSGFZ5SKPEO2B-P3myo6yxcPybmGBQ9iUUfw21YUqxSbwiyX_RjfCkgrUsQjzdLHjuqTTzjAUIrp,hashmasks,0.5782,8364.018893860233,1.4628850745620705
17724896,216,Futurama,https://lh3.googleusercontent.com/7IiMfMxPuu34rCqAnU5DWwkMKMvJOkMYlcFYLISlPAdMD2k28b7h_fsytwRbTGTMGVqRkdj1CiIB5W8as-xVlF4rsWqXPfs7R_gelkg,hashmasks,1.77,125386.37449154964,1.7034037477896038
17749017,5976,Hashmasks #5976,https://lh3.googleusercontent.com/zWrm1mlYW9pEF_VkF2boxXx41qLoazv1azBdlG_9AICoDATsNngv1ZY89zzxBaDtNXYjRhLxOObfyewptXz03zMxsrd4Np9uyK-P2rA,hashmasks,1.05,33091.45109793121,1.5137079208094448
17750697,7207,Anakin Skywalker,https://lh3.googleusercontent.com/RQddweOaHkifbud58B0LNcH0YEScknASJxGFQ0f5gh1UxLLhZp0f7-5l_iypr1QEOQl9xvCWUT3wgvtpdtHSVYLIt79q3Qzxvg4hzg,hashmasks,3.7,343434.7090529524,2.151563382419429
17776978,15492,Hashmasks #15492,https://lh3.googleusercontent.com/19P2oXlMCsP9Wnnr8keLavexiZhkWM1J1Z2betXNQSXO3dUlioE0Z2EKO47IlCqFklujXO4OZO9kJQnBv0zFb_q0cLkUYs1N80u7Qw,hashmasks,1.4,78435.31506448166,1.6069041818532603
17728979,2706,Hashmasks #2706,https://lh3.googleusercontent.com/3W3NL1SEfZ9NV0VazIyx6ZHYzneAQm8y5ae2apkBPKneN8jQGVuqTFjq9dywuIjcrZqWAoxPVWGVrJlIcvJ4DypteZV-cErVjOPlrw,hashmasks,0.6,9006.880767637413,1.4642063629958892
17729100,2796,Avatar,https://lh3.googleusercontent.com/EyE31qU5XkQ6oCacotFBXUfCyQoRsjdrQ0G0SSbpD6EVgpeVZuR7hlW5Dmq_vAfeOBplLccgyr4HKHSATRg76VAC85ekcEpM_BQQZG0,hashmasks,5.8999,871260.5177364838,3.2364156104523394
17728980,2707,Hashmasks #2707,https://lh3.googleusercontent.com/nE86ALxqJctzTE28lXxh0t5bHegIu-r-pc3f76ZzmnClxzEmadIuvrJYY8OyYhFYnZghG6zN_So4M66SAZyU7oIMHQW7rSvo-4u-1w,hashmasks,1.43,51173.68521492462,1.550872742322359
17730780,3100,Mickey Mantle,https://lh3.googleusercontent.com/qTUXKfLXQu_2u5Gz_yw-l4bOS_tc5wpv_3luWdeH2WSxF5upk0x4DkHQAvb8Up6mkd_96lFQK15GBcp1PksHjg3PFfZ2rRhvh1q6Iw,hashmasks,1.35,45583.85301573828,1.5393838347777615
17725381,629,Hashmasks #629,https://lh3.googleusercontent.com/kS8pv1SWAWj7C4lnv7-8m3fmxPgRPtHeIyzrHBalGdnyRUWl2Efa18mtFY7SPrEsJYj5LFCQhqlP3RieYu4XwyrtYP8opIQx94H6,hashmasks,0.95,22575.13187621463,1.492093493946084
17749861,6688,Hashmasks #6688,https://lh3.googleusercontent.com/59FwnDvZg7XefcTeXSS5bS-wpKcYuFHR5I282o-Xc5ZrHJarAxBLzJjy7IKeR305-x3kxgeUjRGxMyNMbsj8SIBBsjICHhAML5pvDgc,hashmasks,1.5,56293.46498865613,1.5613955405698023
17735341,3431,Thuglife,https://lh3.googleusercontent.com/0YWjBscf0JmQTVyQEqQYqh35ipESOtwXv3NnyADuKQEv29kZMlRH1y8Uxs-ELA6k05neQTQ-NVEV1jz0RQEaFXJTyQDTn4Ma2NhK1g,hashmasks,0.959999999,23054.276380785726,1.493078290397455
17749141,6066,Fox 666,https://lh3.googleusercontent.com/m8MAsldsYCsNquT07vd6mTFWvMoOYU22yuWOg1bKYHSiTAEPRgPxombrpNPMXbBKFDM5spMzdD9g2KhNInxRFx7LCBc7q7Ssdk0MQw,hashmasks,5.0,500962.8291379545,2.475334462272998
17726582,1387,Hashmasks #1387,https://lh3.googleusercontent.com/M38nwiN0E77bnVH3rgO0r0RPJFxHCLhj7pn46qJOFTcl3IYJDqHEWEfbHLkCXXedyCeciIi27kcDdX6_J5D2GH0HEB2AZe_QY_xc0Q,hashmasks,2.5,156432.25244984444,1.7672130373699995
17728503,2321,CryptoAnarchy,https://lh3.googleusercontent.com/kDOsJ8cSDLpe__jOW9EyaWgHIRchBRuN2o16TYiQLqHmpaYTtW63styCGATLTWGQjPt3-glhQR-_jEf1f0Ckdkb1ckgmgBW3MnyyCMw,hashmasks,4.9,844603.03480072,3.1816258876293086
17749864,6691,Game Stop,https://lh3.googleusercontent.com/KeZyfZB2kzxki6QY0UnqnkKbKmLfuibMVXEJhAiEb92mwm0DHr9rYdlStKRqe1ECKr6olZQmRLnkh8Ox5xsqy906sfJqaqfWoBXUiQ,hashmasks,1.25,46901.161542640446,1.5420913285510973
17749024,5982,Firefox,https://lh3.googleusercontent.com/OUE0vRV7Hbl4W0ToRIM1boArKssg4Uh3hdS10s3DBunRifqp_CN7zqAChNefknaOb_6LwQUIlgO6LAtbb_myxuCGusX8kIFbHcVY,hashmasks,1.18,34834.186332533616,1.517289803640914
17728144,2181,Scump,https://lh3.googleusercontent.com/z1tO_fUn-B3o8xmP6k5jLdjYAEc39q3A1EJIoYKhEkZbYLGc_lQQuESSf7T2lXZCw-aacNGIzBhr9ayz7bs6vDNhaQndF9Izrlvrcw,hashmasks,1.55,60112.78888767916,1.5692454826781064
17748425,5553,Leifeng,https://lh3.googleusercontent.com/KqgdHFkheP5R0cPKJ7vwDZZiqM7yU_EHXTn4D2_3fHOenkryGLvvV0GZm1fmVWu9e-5E9k4R8Q33fOsRaSCiDVQpy7r3knJfTqxqKA,hashmasks,3.3,327610.97358172253,2.119040503849731
17758866,11073,Blue Crayon,https://lh3.googleusercontent.com/MHhWisfqy98i2-Uvgw1SOF7FULYCgKvgFGWWTfC011slRrQwTHjPUsLzINKpBZfGe0ybkooRcTyG5NtqmX6Iv6WSfbFc7UCnauKiaw,hashmasks,1.395,87634.78940905235,1.6258120678930332
17728987,2713,Hashmasks #2713,https://lh3.googleusercontent.com/Q-hLDbhW_jd272sUCqYcJdx9YKi0Ysh_QgO4TiU5TFZyhVwSl8gXHVz42hQHM0ay7uB012it_JQxTMa1CyEnishOKG_DCLnWNafmFMw,hashmasks,1.25,70333.06723472606,1.590251450089143
17749867,6694,Hashmasks #6694,https://lh3.googleusercontent.com/aup_JjTzTnbi95LpRlmRS4YUCsLMMufxdrlZ7ojYwrLXGF1k4TWKw5nGaNvc0IYNV0ywGjlnp5B7oqDMGfIwZFpJAoqqnecDOzXC-Cc,hashmasks,1.4,58833.40212787391,1.56661593036358
17749507,6369,Hashmasks #6369,https://lh3.googleusercontent.com/C8Vr_NuEvOxjneRWAQ1mqkgwGd9vtpCp_ZxIWlQYVOvDlQjbm1T7EN0Uc_9xI3JUlOYKXZjzKPtdzbRCf9Ae1oMXuQ-aCd2rYWbA7II,hashmasks,0.887,19682.89159444427,1.4861490075983799
17757787,10195,Hashmasks #10195,https://lh3.googleusercontent.com/ror5MevI_DwGrQ7K8qiRneXIBCbPxcqUKE2pC4KSItZXiXOqY0I3rexU74ZjAezJn9mNbY9gQZo-bfe24zlUOtT_a1IdOtx4uhde2Q,hashmasks,1.3352,62424.58296999377,1.573996964927918
17728507,2324,opensea,https://lh3.googleusercontent.com/WnKK-By6drJhtzMLNcrxKuHKyA90QRl5YkfOKeGTdoex0g58RxbsdpE5kqIOZoZmKzvBRnumNBTAPDssqGszfZQ0EXsYWXAk8ugWow,hashmasks,1.9,90337.58189427988,1.6313671779336407
17770867,13757,Hashmasks #13757,https://lh3.googleusercontent.com/mZ1tg33hQ694KkRqJ2vGFr2bJMQKc06ZSlS7IDcyfPJUEHuno27gZUAMH2BkUdorgMnCFVO8mplfp4nvsX30uvjH4l5C6F04I4AV,hashmasks,0.825,23831.339425446604,1.49467540550902
17748908,5893,The Sandman,https://lh3.googleusercontent.com/q9C0vmCBevpYRpttGLAKiaq2n6Wfy-0qbRCgqAUXseuh-dvR9YEhv7_fel7CC-ubCoMB7Me1TqnDcxatLghlIVAdMbRVj26oAQQJ6w,hashmasks,1.4998,78796.16431568358,1.6076458434160528
17734748,3415,Hashmasks #3415,https://lh3.googleusercontent.com/tHwVxmGFs3QawgOMPp2JNkDKFzdedIt6XUJ9heKRWkUDQEuvjr7NtAEf8SANLhKczmTqtEXBu9WTdJYgOOhL9lPc5PLaXvWAMa9UOA,hashmasks,1.45,63155.77281654758,1.5754997958261028
17748668,5727,SATOSHI NAKAMOTO BTC,https://lh3.googleusercontent.com/ma-O2gQm-eT9We9T6xibspF8oDZFFdOzEdegbB0PjJYxPMtixh_nOmtBpkh5xfdEfctr8Hv4bMHGjea-VDB4GhT0wM-8amh8E1qo93Q,hashmasks,4.5,610261.7619140951,2.6999790112759214
17755028,8279,Prototype,https://lh3.googleusercontent.com/5hKtMedZI_8VyT-C4NlPpZ_EmW8IJ7iJ9ndXtmNEP_ivSL1A69w0pWwGv6nrz-9gXTXnBpEm2wEiU8hruc-Q2nm2InXr-Y2E9LH1NYI,hashmasks,2.0,120212.52183991026,1.6927698123429
17747109,5189,Hashmasks #5189,https://lh3.googleusercontent.com/BtJaAch3JVGayCzYdnSRB1gJ9A_xYVOOO9elrq7QFFLgxplIoPTVQ6fJFbXJWIZvAqbwzjliX48kN21Yr31ckhlVtGfnaD0LxZ-vGg,hashmasks,2.0,120106.77469397771,1.6925524678610924
17725509,697,Digger,https://lh3.googleusercontent.com/C6aJe4lNPHdqq5yFoY7i3auMW730MAWdGlm4NfU559rgAZBxBBxPxKuswq1bfAnxXhMTfwec5WCbe4YHr6skObQVOaqGEQWGeVKj7NE,hashmasks,1.03,21232.323357031502,1.48933358946644
17769070,13246,Fried Chicken,https://lh3.googleusercontent.com/BFnczBGVp6FMaTDtwz1VcrQJehJMIWCkD9I1Z2uAINGGeB0vgl57MfkXk3nKSggDr-AwpWJWzFC5RgAjqnh0RQmh-E6KYoJqMx2gHA,hashmasks,0.999,24962.590642384064,1.4970004915183994
17724911,221,Zulu,https://lh3.googleusercontent.com/rlrIImc-VlZlTmaISWJwA1fAe5t-OM3UNlfldpQLPiDlw8hMmvcKEGsLtfwctukyqoLX4_JJfp0CwGgLT09FFi8F5nn9XB8lqCkJdQ,hashmasks,0.4799,4609.925325581982,1.4551692018161955
17736673,3559,DeFiG0D,https://lh3.googleusercontent.com/hX9d4kpfDBPJhEtBm0DJ2KDGfEyFC0u8meMr88D8QAZZtGGY9tf_e9nYiHsVs79Ueb6V1cvkUeq-n_w4UkSTFYOfZbpmTtuXfercOvQ,hashmasks,1.65375,68414.31338318506,1.5863077922447442
17729114,2802,Tutankhamen,https://lh3.googleusercontent.com/Qvi5Wh7o6sGz9vYuFbAzcei5NWgmpSwZ2kd2XMoyCTZFw-MNNlR_8g1cxq214sCsW7Hs0CRs9tu3N9eBT8fzrxYn26l_-rq7rIcQp4w,hashmasks,0.82,16834.966678961515,1.4802956036173625
17748914,5899,The Soul King Brook,https://lh3.googleusercontent.com/3DADNlvHa8wObjn2PSIyHCovIKaRwUQ0kX5ZtC_VgSWpVcBmchS3SGzPYlwONe-vHPrKCvEqAbN57EOyh9F1rR6vfehXJL6xUeoP_cs,hashmasks,0.9108,20748.1939793853,1.488338547493586
17754796,8159,Inanna,https://lh3.googleusercontent.com/s4I4GcKg_UvGiWtFD2z-sSNa5M2HKSPP8SSBB1KM0nX0Prn8RDFGI9D4vV39EfHlts1XErxHjI-mSQpXo3O1SykkQ8TPyCnJzUyN,hashmasks,0.82,20188.03380584316,1.487187237719935
17737996,3715,Bilzerian,https://lh3.googleusercontent.com/DPyt6hLoxp9MrMN2mPpH7pY9i2EHphDfFN2P0U_CYCPClZqPX0CHtlgdRVsCVrJGmicCujBBOxO2bopJk1_2UMFO41Hk-RDyz5CH,hashmasks,1.0,25017.347940291056,1.4971130354214413
17737877,3675,MASTER FURU,https://lh3.googleusercontent.com/PMR6TGZ8iq0XGbxsnqrbQBiArhjDQKQcJlzFdob95mobKXaNC72hwnFD_ffZ2AcsEdCgDDDPRh3QqvAHes9OVF-UzJ1I2C86Jm9Fisc,hashmasks,1.1,30274.1641310258,1.507917487691598
17743517,4684,Hashmasks #4684,https://lh3.googleusercontent.com/2pYlAzuQuJaooyF-8g1wcoildNz3-8lWGl7VQPVSSsPB1mSu-3MJoj5Wf3VXrXf_oMLzIVaLz5wIblvSxcSMaui27agZFcAX_CPfcg,hashmasks,0.86,18502.491829925984,1.4837229054763539
17740038,4050,Eye of Sauron,https://lh3.googleusercontent.com/mZcbTEaPHG9rTkzbBWSSad6gHlf0pTM1en9cgmL6cnMAxjYk6v16xzGS1cOFswwwOZV-uTRJTJCWcNlKM7PA2Fn_TZUP9YdWOlM2wQ,hashmasks,2.49,186448.6828787991,1.8289064803444228
17743638,4712,Gaia,https://lh3.googleusercontent.com/P6ceCNm9BqRyQ96QTx691ne9t6Rt29KfZoNURuPjfdvZEE5h7XSokt58w1zK1_n1ujckQxepFR6BUUVMtjAhQpzriCWxOfftUSf-,hashmasks,1.09,41617.99694501812,1.5312327218090547
17750359,7072,Hashmasks #7072,https://lh3.googleusercontent.com/1PBwpjjgmwHOXPlbDjFWm2qlrhxlWb-ckb8jtCmD7yLu_ATx7-oH-XSLyCyPDdYqYBh-e1_IXNTGpMtpKfy0yRvtEzdGU0ZmZHnCXw,hashmasks,0.9375,39565.199704661245,1.527013561579934
17770759,13719,Hashmasks #13719,https://lh3.googleusercontent.com/IcXrO2hkfVzKZG94R3CnJ53dtlpGymKOXVKrRj1N0zMRXRtKatRS7CiPrdnpyDIOC2PvaL1yHEuXwvJfKrreuhvrpduvJjpbM_Vlp3w,hashmasks,1.98,98078.72274016013,1.6472777184112188
17748680,5738,Laozi,https://lh3.googleusercontent.com/_COskFM7AVjp0XSpPkxfVCQcixVW9GEjs638kfm8hBGNGFWeKYqp9QAciOp3O8VF7xCUX0FFz9Tb9eAqwiJA8HAVHPgooB_jiWNFuWM,hashmasks,1.004,35293.19142136713,1.5182332070992282
17750840,7266,Regret,https://lh3.googleusercontent.com/3zWK8oO4qyPjU6L-qsvggA7vAIZnMx-SnjZVSzHVP1FRu5H-0OkH3kjuOiADf40XFxR_kpWTPzxMMdGl-3tw2E9viOfQFPlzfdfB3qw,hashmasks,1.4,49046.9864702424,1.5465016906731839
17753120,7816,New Paradigm,https://lh3.googleusercontent.com/6DO9JsnnGDmPAsTW9wM9iioD6qPxuGD_IVMB6CXQ715uIJrqo1HwxLF7bOTyvXmuab1NXVsRPQ70F4rCEDIJxmS4DO5S-GJJXt4rfig,hashmasks,1.47,54104.23818814641,1.5568959736044699
17737760,3655,Visa,https://lh3.googleusercontent.com/hO6vdLlU-Y4JhfkXx7t0r7M50vzLrJ8305Kq60hVA2OziZgC_BFoeMdo6HCaeLt_LhaM248GQF0oLK-JzgdXDOSJgs9uGosPnWriskc,hashmasks,2.1,110411.78505035354,1.672626138108718
17742680,4430,Hashmasks #4430,https://lh3.googleusercontent.com/683LBMGy1ghSNWpV7NvAJLtgxA57EnY_pnJjzYw78Y7O-CmTfViTmoiCKZ6T6u7o0BY8RH3Hd3HTKrUn9N5x_h7Xkpltng-s4UKoA2I,hashmasks,4.01,402915.3873778445,2.2738153552181988
17749041,5994,justinsuntron,https://lh3.googleusercontent.com/LkqfcQT_7tBwfenLTtrxbtajaexWx-ASnsR5Mj8MOk4RiXGBK4sGD0yvGlMUIyO2qdbpvdfMS7pZnXmD5Gjs8d1N71eZkkV-5pwNBQ,hashmasks,1.215,44319.75789765085,1.5367857117175743
17748561,5657,The Devil,https://lh3.googleusercontent.com/0lCm_QODIJiIY4Mw1wnLZo6M81-9Y1SsVetqsSwnZ25jPnLLlFZvxcj6z4PMS5SwL6GxA8P2Wx90m25sOQB8lNjr-kdxucdgU6YFTw,hashmasks,0.95,27096.07358735248,1.5013854868866476
17741842,4261,Hashmasks #4261,https://lh3.googleusercontent.com/nD-au-39YcsazJMemvE5VqbfD6Xbheg_2MP_wjg8VcNhlGlh3k3Rq8nMNqnHGncM63A7qIq31OPy21QBngbKxDc-nN-7H6F0IBS13Q,hashmasks,1.9,90336.4654458413,1.631364883272114
17749643,6489,Hashmasks #6489,https://lh3.googleusercontent.com/vP7bSG-jf4GOWQVTS7XPbRuEG5bawlmxfW3NqIwCgHJuy4wWetCYlfftzcrwIE7OOh4o90sugnugkBhaZmrf1d70f53qnete3Ow9Gw,hashmasks,0.68,13878.781784278974,1.4742196904719398
17733323,3331,Teardrop,https://lh3.googleusercontent.com/XbtXHHLpWzb2RJkfkwsGgKb_xh6fVFMLyPqND_o57qjC-qVJQKPYHIYG3uNrDZIbp1N8gPq8Jo3R6Q8xxVAbTLdBS0lyNPfvXgFPWfQ,hashmasks,3.95,392042.2525872872,2.251467557309911
17750004,6825,Puppet,https://lh3.googleusercontent.com/2GPLu_Q-dw4nmLO8MLKgBu2uqVciRfWCBV1U3ttGc7RYsGCn2CyXwNe01MysK-4dWHYnVSpSNdk_uKBysMNCg1TtuT_FTwD7gdRPfVU,hashmasks,2.5,156795.7775508964,1.76796019866703
17749044,5997,TheCryptoLark,https://lh3.googleusercontent.com/T45jXv83c4e8AMvgB0wMpZL7zNuOEvJy6QKfTJnK8WsVMvqUS-4Jf5LId3JrdrMwxC6pYATxv-C2XC9EyAx9tWmMPLhbQMMvY325,hashmasks,5.0,626177.9683186691,2.7326919474298004
17749644,6490,Hashmasks #6490,https://lh3.googleusercontent.com/BKBtujRlPIPgGMcQl6RAsGGDQA-yPvCCC1e1pVBmHII099ObuckUg3VODJjFzskhqkduO_IY0QgeocW5AGWFmM-r-VGT0kOLZ5tGpA,hashmasks,1.76,77521.36940364343,1.6050257288292706
17752884,7745,She Who Has,https://lh3.googleusercontent.com/8lTqqyt8kAL4bQweh8dJFMmsFz5gag1SKWfSdNOasjhzogUf3J4EAg02FTyfUAo7NINMUmaV2WiF4xZgtcVYe_RLDm4axIlpp5VJ,hashmasks,0.85,18085.21438987788,1.4828652657908805
17743524,4691,DEUS MECHANICUS,https://lh3.googleusercontent.com/TQzDBG1Ribk_P-00WDP7wZiAQYJnhgvIuBXruUU_SEJGXVEzgBaukQVLJ2EbIwrAq1k4LYZTDYRz5tmD3Y0ELcu5XRheotBqzWC8Ag,hashmasks,1.5,56330.3398807762,1.561471330362982
17725045,373,Hashmasks #373,https://lh3.googleusercontent.com/Qahi9rOvpdw10cASXdZcA3yVvtoXDip8o4lLE7WOygOlesQnjhV36miDQJ8-64p3IsM6o_jS0InK3RurMn41ZpqktfBSoYsTw9I4zw,hashmasks,1.9,90307.95734145308,1.631306289925495
17729485,3022,Messi,https://lh3.googleusercontent.com/PPQ-6Sjbe4iQx8CEUm_to8diEn85PCn5yAQP_2ammhcH50to3f8uhjV2xJi92oWxExwKWQL5RY3sqSLt6g-DNTx7FhBF06zv8aLBvg,hashmasks,10.0,2007471.1979228824,5.571694915928752
17753126,7821,Hashmasks #7821,https://lh3.googleusercontent.com/Mpo6ZsyiwnMqDBedY_o-riH03P416lcxdmnrWwp7uMwXTaPETmf6dgl76b7MhTzzLtZIPNuOaznKGWVq8Ez5xQfspqFqT1Rax09DPg,hashmasks,0.85,21686.10112178161,1.4902662490882737
17729127,2814,James Cole,https://lh3.googleusercontent.com/SOFQjLLQBwC1I2dDrB6lUJBzrZunDrWk9G9mtQO0tQgeD5R1BrsuZIk8NTBezq2b4ukTJmHV8GYPOLXDOSkm896WGYuIsNtHt-tO,hashmasks,1.1877403240167903,35291.49442237993,1.518229719219132
17750007,6828,Hashmasks #6828,https://lh3.googleusercontent.com/VBaqunWVQE-iGBrS4ybI5FjGLVfZ_aED84837MFBgo6ztyZs8L0QwVaDiW3iAX_-8-NdA-_i3vsu6hN2hJ-GCJUeSVn2Q8zR3_fH,hashmasks,1.333,62250.409147635866,1.573638981562684
17729128,2815,Hashmasks #2815,https://lh3.googleusercontent.com/H-aRLt84A-qk-y4JrePV22eDeoLDvB5DSYiFmwRp9-Prg6ISBubu5ls8fs_bENLZkX3ufXJTDbe1DzGN5mMyM48zfdEsBdPoS9tObUc,hashmasks,1.79,80182.31355567751,1.6104948270516657
17755649,8481,Hashmasks #8481,https://lh3.googleusercontent.com/fXRbQ-9X5EWj92eI4Z0IUWvCBECJFGByKC4caz9cdp-o_hKe_TlGCvHxo9z_djp59rZ26bsGWtWXXl8PYeV6uHXmmvQ9u0lcIYk6,hashmasks,2.9,252879.87594373085,1.9654440020452335
17769450,13335,Goldfinger,https://lh3.googleusercontent.com/MyQub79RZvSJ73GjaTs4N6Cr0oc4yXpSqyMCsygDJnhRTOOzrTgQ2NoMPDsGaY35TcilqU5DTS13xBL1e6hPnF-eH1WQ60d2WTAjZw,hashmasks,5.0,878585.8927275019,3.251471618039394
17725650,825,Hashmasks #825,https://lh3.googleusercontent.com/yJfPmxnYo34ttc9_wh_ZSsdq6RzFZur01xRttoVuSc0jRWHyZP8EdwZTRnVfgyBG-uKmUcIZaWk0IgkhK04HlG5hsRDKe2Kov5BA,hashmasks,1.79,80147.34630978316,1.610422958086578
17749891,6729,Hashmasks #6729,https://lh3.googleusercontent.com/XDVPsSafWW1vrkEGSFzUTf-gGzuYDRZg9sc9pLBhLn8IEom7YKSLm6IAcBFMGGFBtgZSZdBWzd8I5qhzLs2WuAr96D6fahTjDwEyjYE,hashmasks,1.96,96096.3427821931,1.643203288402629
17736691,3577,David Portnoy,https://lh3.googleusercontent.com/fntOY1_yzXJ-EDe9fOL-4BT8Y-rRkmhuLKyu9zJEEYCgum_X5gGr56I9w_Sh0m5pLCdgSowePf0c_aorFD0-HPQ7ALioRkPWdiVovI4,hashmasks,2.6,169420.04164278242,1.7939071319204771
17754573,8108,Hashmasks #8108,https://lh3.googleusercontent.com/fan2Z39--a2gaY5ljDe9ELFYg0hSuYxn9jYtT-ONrAl-lKcvqSsP0LZKsTxdfW_Fjz4rIxKGiZRWQ_s70yQj_lvCgtrqiX0KIM3Yn7k,hashmasks,1.0,45025.48812560635,1.5382362148903868
17750013,6834,Hashmasks #6834,https://lh3.googleusercontent.com/rXZ2TFKQpDxG_AGTY08f1OQUGNxTS1mrprLJJul8fbMo5fnb2tiqrohbO4Dg6aOW-6fsBF3LXkOqYQM6scbPYeICVQlol7LPQwEDKQ,hashmasks,1.0,30029.035388450564,1.5074136690867426
17732734,3284,Bank for Int Settlements,https://lh3.googleusercontent.com/6MCXy2bWPvU-n-niLl0XK-vGbY356CUYPwGjNeQbOIDSQCuOxXumufBRwQDQbtj3ipxJU71dSMGhyQ062ZkQ9ct-tgs4HaHUsszUDNU,hashmasks,18.0,9766743.06824161,21.519500494862346
17732254,3144,Cain,https://lh3.googleusercontent.com/nQhxYa-64nlRzyCaVojblGCLslmk4Wr_l_0J-PP8wexufnojU2Q4xNMMJsjBLQNoyDdbe5q-NTqizughcbnxx1rKXe0-sSelhCb4rw,hashmasks,1.24,38497.66839526151,1.524819440526275
17748934,5917,Chris Burniske,https://lh3.googleusercontent.com/sb_n4r6P2g4lieLJAQ2u0KkzGuWUgaaY7mWZAOEQ5B4cP3tQ2EakQlTRzaSYVxwCInU7Y42v1mF1gkhKYZJM4N2cVpez4XInmAtB85M,hashmasks,2.5,187751.81928898612,1.8315848458482775
17732735,3285,lebronjames,https://lh3.googleusercontent.com/a-tUQ0hRA0esPws0tm6N9ib98a1LwRqHFtwJ_xi_YuZMp7u1yIWM0bj6VRsM5eo8wSZK0bvzli7ivvWadn8ZM8vCRO5dnZGrmE3r9Q,hashmasks,4.69,661122.8110249285,2.8045148667423243
17729138,2823,Hashmasks #2823,https://lh3.googleusercontent.com/PDJNTnJ8HZnGYNDgZl732wWda6Z-M5MJwwitorCbg1bpNBwGyhXSuqcPDcpP-8EKlehWJL_FyqSaXOM5fo5Zlhre8LPRKrBAMsmX,hashmasks,1.75,91921.89312449016,1.634623448354138
17750500,7139,Hashmasks #7139,https://lh3.googleusercontent.com/AZKMlRzWvcbgj4piHEq4hyWa0FvHCOKH5o0qSr3enao2kvVeUoxOVzxbdsWrBGac7i7mf4YzdFTOfoVfGwKs3l-LqROL0bVWvkbWDQ,hashmasks,0.9198,21163.45643957188,1.4891920457457375
17728540,2360,Hashmasks #2360,https://lh3.googleusercontent.com/8AIwyYKC2uscd2LAn5eBqf1BjgrZu1BhcDNW8hCJ4b2s3hnA1chYA5fPU7dzi63jJljJ9cBUwjy0YQQiCyKr7B8700AUdVJqQfkHEA,hashmasks,0.8999,24304.254052313147,1.4956473975529578
17727221,1704,Hashmasks #1704,https://lh3.googleusercontent.com/MTYl_fLsQeL1zkoWQQyIm1xomwnD1WIi0dbhl28G5cvYFh-Tg0O7OljecLbzpORU4cvKY8uFCUyh-v4ak-p-rqtyPLba0vVTqDV1VQ,hashmasks,1.345,45264.382881359066,1.5387272206422467
17756741,9247,Hashmasks #9247,https://lh3.googleusercontent.com/OjcHr_KJ23IO39Bn2Nf2CuyZ3G3zdbF_GXP6apZHVG7gIMlDrgFUU2Z0jJzjbKV9e2BlaGZ_tBHuHo3OPJWvYN3m70NOKCA0etW8RQ,hashmasks,1.03,26542.52033328423,1.5002477564628387
17725062,401,Ghandi,https://lh3.googleusercontent.com/b_nakjuhRej_yTX6UAgk_0puZ9OqYxjNTwjYWN3juZGf4DuDcNGS0MrgY2OPVgJXz636OjEcR-Zb55LuuhDffbFD0quxlZTPTAm0YsQ,hashmasks,1.57,74029.44453922694,1.597848697303029
17728542,2361,Hashmasks #2361,https://lh3.googleusercontent.com/vfRdJ6OIZYGanH07QMloZDuNoZfVV92xHT7CQYNoJQCyZgo-fi7GEpjGcJRFV2lhMEuu3N9no2ViIyoEeOZpL1Qkao_32CYx4May340,hashmasks,1.03,31846.1151795452,1.511148353953326
17728543,2343,Hashmasks #2343,https://lh3.googleusercontent.com/9YU1LctYpmncQPCpKb85sCaJCeMr2LCSON-AeP0JsrXgZx-B9kiWmOV0v5xWLvQB2lSkI51ZHayx8A1XpmtWborho24eq51v9_qTuB8,hashmasks,1.0,25030.507582547485,1.4971400827294492
17742464,4399,The Oracle,https://lh3.googleusercontent.com/g0M26wXFhximOU5q_v0VJRlc3QPmiy2AV7QqjfBUyI_7Ktv62obwMvRJcfKlsP9KQpzxhjI_AzrAAMfRvSV8euSk5crn9CmXGMzS,hashmasks,1.37,75135.23046358411,1.6001214439251736
17749784,6617,Hashmasks #6617,https://lh3.googleusercontent.com/FWJ0C7dWgSs2eQI0H_b-dpkt_gBJXeUZdHA8nT4-EKX_EZoYfJaQ69jw9UIH2dLkCHhForBWo82tQFbfjbB_PLBnRNBB8u8AyBkscw,hashmasks,1.0,30037.355567473667,1.5074307697373783
17737424,3603,Da Baby,https://lh3.googleusercontent.com/5oxWhg42jzDsO-9aR4eK2c0zimxHgQi0BBBK5q4PcG0y7k6TCjs65VrKK-EkZqgkBt2RLmuyxF93HEK7ie5aLPAlb-03QvtUKgV_pg,hashmasks,2.8,196418.1781547573,1.8493970076823376
17752785,7730,Maverick,https://lh3.googleusercontent.com/RpActhlnObtDY3fRdxHHkeIX4_m267FHqlVCHITV3og50Xk_DdLl7ESV-YLWreswe4Nd3Mr5DbUWpdFdm3zD1vINqz0HC2MUr1dZ,hashmasks,1.1666,47665.009061385965,1.543661281495716
17737426,3605,J Cole,https://lh3.googleusercontent.com/1XJ1BL7TnCYZIrcRSJAPTPlT-S-Xp9MY8zquK_JH7eHkMhIBiRwhZ51jw4OeXxfx0JGsmEbMi6vWfvNcbXwYwWExBA4nBSv8aZblLg,hashmasks,0.5653,7993.478712134623,1.4621234950123259
17729386,2980,Hashmasks #2980,https://lh3.googleusercontent.com/pFTC_y_WtgX6_xzBefzNjPJD2C3sw7IHzgavkqiH0cQLw9yCWqUboXzoITzpTqNZMUIjQZPPnSzZBQwhp9LPFUDlBK0sQhx9V9TvYg,hashmasks,2.8999,210339.1584930436,1.8780091109329518
17737786,3666,Aleister Crowley,https://lh3.googleusercontent.com/JEua6tmB9CEiaD0CXbWvJW83u1qPiafCblZuOflzMsuXkfRKB2UEQjZGE5njYFmM9rIplOyfwJE5MDIK8-Y5Ho41I9iuoB014cbkc9c,hashmasks,2.27,129068.88792118889,1.7109725002704068
17755187,8321,21 Million,https://lh3.googleusercontent.com/xAY_1y9V6449GEb6_mle2KfgTs9G4DWwLB_59W-vItE5IK_lEJqz9Wytpt1nJkk7G6IVYiUl06yIg-VAq_1xw4XbGFtT0VFuSHZbng,hashmasks,0.4887,7168.84294177339,1.4604286026101843
17750387,7087,Hashmasks #7087,https://lh3.googleusercontent.com/xkAKZx9U8o1zM1DCQMDQoGLS9VwUFxB5Ia9IU3ACcg_V8Al-V1UXxDA6usK2qK2XBh-Jh8UFL-Cu0UVVUuvl1riUrMAsQOc8kdSR8Q,hashmasks,5.127411703908244,661277.2975515053,2.804832386366793
17743668,4725,Hashmasks #4725,https://lh3.googleusercontent.com/CHPJFBS9Tbz-jnhaMA-CZnAsiNLMK9o6Ue2flObh5xYWa6m_d6bnSY41Vt7I1R4zzmXtuuxWKP1yoATraFAR2NHSbZw39D737W7RAQ,hashmasks,1.19,56669.22568474713,1.5621678499598608
17749788,6621,21000000,https://lh3.googleusercontent.com/6-Ld4VgidqNBmACH20lwVGs_ZDZnqWDHD8_N_UOv_UJ_G5W_e7X-OdQfQRZP6D2lvwn0iO9kdTRfhSwtTSx7GeQi6vdu3f5OiLJm,hashmasks,0.4,4002.619512356141,1.453920992551441
17749789,6638,boomer,https://lh3.googleusercontent.com/f85ubOVAsemCjBC9y7vv05H84KKJm1i-RP1-bK3LEdm9Y_0PeQZBgfK0sIoFR0S1iYK_SVZCp5x1omHk48_N3_4NYD1-0Hi8-d89hw,hashmasks,1.75,91979.80817630651,1.634742482459644
17741869,4272,Hashmasks #4272,https://lh3.googleusercontent.com/0Blafz2UeNf6BO_TyR9bzWebHHbeN9RUmLKtpIYozgX7o93GyFFw-KIq4oAbYLKecJxKN9tb1makH50WNP5WMlUKUS_YEeHA7o2tLg,hashmasks,0.889,23718.86068349333,1.4944442254268662
17749790,6622,Sergey ICO Drops,https://lh3.googleusercontent.com/ZDuCilUYNaJ3UnJqMhJWdgBjwMBrkPwyG8ngnl7Yb_8H-tvOgJ89_yZAmLn7WWzEjdsrESXdaliRlScaKg5hU6pc1QhwK1XSmAM1dw,hashmasks,1.25,39145.00465396213,1.5261499252638238
17756510,9080,This Is The Way,https://lh3.googleusercontent.com/xRmbtnJREwtpxpcz59jbrksDnIOpzJy-Sm9FDRVgTLju3RAnWxxwB5cc4zseQrx08yf0sQy5yPfuOBw85myMBVjKatQcpvTgQgfb,hashmasks,1.0,25018.852089202675,1.4971161269324498
17757830,10229,Hashmasks #10229,https://lh3.googleusercontent.com/cdkuANrdva-c6gbdkiTOK8re5LdVzjCFpxMb5Qa7rQCQdQqvkP0ieDji8z6H1YfERb_0yOWUTUI6ycIK5Jsjbe6yGf-Odv2R5ZQm5Q,hashmasks,1.8,81058.377963735,1.612295421886829
17727231,1709,BowTiedAztec,https://lh3.googleusercontent.com/IGlR-L3j_3yNiOQrnXNBayj0UvzgsiZ68Mkim4jwjzeTlhO3h0Qd7nsE9uNtb7nXJmmKnAba-uaTZIARZTqG4nVgQEO3nYJ1J_KbthY,hashmasks,1.5,78775.62478199461,1.6076036280515924
