id,token_id,nft_name,image_url,slug,last_sale_total_price,rarity,predicted_price
34980960,5203,#5203,https://lh3.googleusercontent.com/1F4iPo2b6hbwY6CsWxp38XeUfPdcVB6uyn22Doy9r7Z95JDZkVDC3uvghzeJTZ0AkMWOtVyZ6hwX4RVGEM8SYwSrMGrWHyIHRdAG,lazy-lions,1.55,60385.95934760154,1.38835615446731
34980360,5111,#5111,https://lh3.googleusercontent.com/RHVyWaN9o_L3e7bI6OsaIe6X7CjZQC9vVKXXD3Lgv8m828o7UVQ3ZJUqOOfb9Axq_69kpHZFqmDGFxscXOv4jmT8G6Mx4PjFRonhMw,lazy-lions,2.0,100604.29097051408,1.6078632880872297
34982160,5368,#5368,https://lh3.googleusercontent.com/BtcxnawHF06UERrPS3YYhPsKKpaRAiImjD66Djv_IyrkNEIGThflhSTSgRGcrfmxJY5GxLsrdhoyT1bzKAU4qpoR1UKfM85utP0JZhc,lazy-lions,1.125,31796.03958719059,1.2323155858064254
34948081,1018,#1018,https://lh3.googleusercontent.com/aJj2Gb0d-2I3Qe2MO56yoK7nEDjs7Qf9JttVptS8tYS8z1XC1eZ1A_Uaeu9C_0dqLextEKIvQHk-NPFRpSoqMg0_UYjOU8q8vun4Sg,lazy-lions,2.33,163643.00671644788,1.9519215133316496
34950002,1829,#1829,https://lh3.googleusercontent.com/TNEyJJ99SAjipaq6UlBLdVmLUIjlagqfLsqMe9Ib6z2AjjFa6BlUThw46lNdjBG33vo_Pncq36XIUmwWBfFZ8QCRvOKONr8jW94lmMA,lazy-lions,3.0177,320006.4375335829,2.8053355441138725
34979042,4885,#4885,https://lh3.googleusercontent.com/b4XQxsF3sKgCHl3br69QbsS82KMmvlVCTAw5E-IC4vtTBu24ohnq_t8-BuJm9jbOEMyvPthS1BG8Jk3OsZZDK3TfWFL2b2PuVJVn,lazy-lions,1.25,47131.823581207565,1.3160165711656269
34953842,2446,#2446,https://lh3.googleusercontent.com/UZ_lSnTzc5hFwkfAOywMklPtUj1BNM0o4qgMBdLYKd9SQYsqfy1A5ORATCvDJRb857pttzWx6DWhitZt3mGCa9-xcdpUswHvdJzh2w,lazy-lions,1.25,47062.751485091125,1.3156395834284478
34978923,4845,#4845,https://lh3.googleusercontent.com/ePPiQU734NPxgZ9LNhKwq0ZLakvc27swup6H-MbVBc91v-aVvvWxvhIwYAdiKXXlJJWeJeJ7vJtLqdjx2vNNYSFr2y2AHEEuEy-rFA,lazy-lions,0.9899,34467.48655982428,1.2468960431232168
34947243,732,#732,https://lh3.googleusercontent.com/jxitIXKtdwwYQTOrbIM9c-1oxnKlW42jbZzj8zg7rKaQ13jsyg0Q0i0wEi6iopuWCWOR00SPQPkfE7zgcLVrpiSIXsHhTo8UTBMmVw,lazy-lions,1.65,68563.2199473597,1.432986723729746
34979404,4936,#4936,https://lh3.googleusercontent.com/4E_UQYREb_VzSDxNnXk-i1dQAVWiLpc5UDQBTmYnbmiuGlfErcl0nZBsH5F54nh-kIPZwZwmr05wyvNumoXP0vM-ESf7i9qhOGut,lazy-lions,2.54,194427.20753402144,2.1199382213742046
34948924,1498,#1498,https://lh3.googleusercontent.com/1agTIFAdkI3q81i0QgX-hnIB58oLL4To3nwnB90JFBqWN5fCO62iCzyZ8-NPCBq7scZ5egUyoJYoUZqjbi21wMNjNcc00yuDfiWc,lazy-lions,1.6,77083.73226847612,1.479490722307249
34981565,5268,#5268,https://lh3.googleusercontent.com/34JOlD-hwVmgeVdB1az3eO55KB_Y_gdqJGYYUOUNxTPrPeiTmJNhptq_kH_1zqJlgmGBnup5g6s92e931rYKyE2r4DnVgt6X5d0VaA,lazy-lions,1.39,48661.78908717809,1.3243669509352742
34952766,2256,#2256,https://lh3.googleusercontent.com/D37G7S7AP1iJupgEOTk7i9hA-HyIcWXNc9koP4ZwYXPwzh2o4lSKEpbALeQfKnesfypx-EqscO0p2IQNW9zAw6owuFqqc_k0Io70iw,lazy-lions,1.54,71498.33515470277,1.449006252636337
34953007,2309,#2309,https://lh3.googleusercontent.com/GAFHesoigszvprmGofZUr8w0w_65PiY_gwHkwmWAq5HnDm7vm7J33Ck8XrWv07_mXtn6sreowiRb9huv8ElsjhPbk2YpAyaAk1TcFA,lazy-lions,1.58,62776.511026747205,1.4014035168437393
34989368,5876,#5876,https://lh3.googleusercontent.com/07JdWcjghO_D0QKTQe8Ar7lDxVFRtD4veWt821tAN_Q9tIPcxyBlRGBI9_4LEoHECmrXcw2IeqcpelQodtRL411LedEz6kKL3UwKLg,lazy-lions,2.62,241097.47670341624,2.374659304951119
34982168,5371,#5371,https://lh3.googleusercontent.com/-RP2KDEFqlDVwcxlHnac3SKRgVMqeWrApIMF2oABUcf7l0eQgJ73_23HdvALBGufwUxJZld50slu8EkHwxLS8RzA4ppKUhE9tPAyMg,lazy-lions,1.49,78030.45294605986,1.484657817357923
34964888,3454,#3454,https://lh3.googleusercontent.com/aW1t2yLDB23Q1bL7LoOM7_-qxLArBm3nfJoEN7OvaHoz2SkE0oMFY-h5kUydqmAtzFu374JnGY4EyYjkwE5eBQ0d3D08f11k2Nls3Wk,lazy-lions,1.79,128705.9519517058,1.7612389952094492
34999929,9713,#9713,https://lh3.googleusercontent.com/nsEu24VSrIFa9DbpgRxiV_EDGQmj1gBf5WaglCpJY9uBlBV4afk18rNx01UQ2bICzfh20SVTbg8OAHPR3CX4Mznuc9popWheoebS,lazy-lions,1.8,146266.75900567806,1.8570839063462867
34989610,5897,#5897,https://lh3.googleusercontent.com/rmh7n2XD1Ak2PrtBjzkjOplUF7ljD68udkR-GTfZfNi4vJAJxzrF-KhF0PWI2zq0hnZxJGhpQ82-V3KEXgV0Tkbv7WKZ0M98jjhyqIE,lazy-lions,1.29,58425.61501991304,1.377656815461566
34971610,3772,#3772,https://lh3.googleusercontent.com/-K9KBJmr0xIMVHl97zZK6CUN4boHdq5Y-dQuVEpEs_Tx8H0aq4a472ANoFOI2SR6edlupLMqhiUYiUBnGaMdeZ-5qzSqkvu2GLesSV8,lazy-lions,2.15,139432.51885277286,1.8197833917327035
34946050,429,#429,https://lh3.googleusercontent.com/LPtBwoVgZNSBcHUUkyCC5EK8MVMaNgXaxJhOfrJrnrCIhO1XInTz54BS7DR9O8_aUsjQTkdJIZVYSrMwhLAF1R0sFGaZTmrrJCeN,lazy-lions,2.39,143810.00742193853,1.8436752323311856
34976171,4268,#4268,https://lh3.googleusercontent.com/sPvUoufrXe9eT8cwBjgv2woJHwdozdVuXyx0WDSqYh5GHk5TKm1eVC8bdkHGDnmAc0eGvq0IRMNLscnOrM5P0JdIZZWSPsqI6zNk,lazy-lions,0.82,23627.968192699853,1.1877351701935095
34973651,3943,#3943,https://lh3.googleusercontent.com/VMMB3bdI9-ISgNsIXCeLyyilLbj6jsdz0qLH9mC94KwO-C94NH6thsuQ12sVcAsKIOtSpa3gqTM2iuNab9oRNlPnbmigVpMn_3pT,lazy-lions,2.0,140647.70200208254,1.8264157247799608
34979291,4922,#4922,https://lh3.googleusercontent.com/M8H0oamZE0AJ19zDy9b1-PqK8RFMsLOAy8B8JJIMFrP87ZE-dpXQSK0k-46RW41GLLENmIyJdjU0PD4CPcIyk4Uz_UrOz_-fsEMl,lazy-lions,1.0,25171.81444420301,1.1961613095121342
34978932,4837,#4837,https://lh3.googleusercontent.com/Ou2eWlyOJJ8NU-anmtJ3325e9VmfGsk5r7UKFfruklXYNOJGZekbVr4JkTxIpgPZb7gCnEb-KFdSZyvT4jyDpe1Avu3qIMNo8HQu,lazy-lions,1.185,35316.801125975435,1.2515315065657449
34999213,9076,#9076,https://lh3.googleusercontent.com/1Wqfci0UxggzrxNL3p-kTQ-Ae0crRcQehOLPq5MXVFSJ5IFIWojkeWQIUBFLD8u40hVfqGZAkGoGLzJE4Cft2mYFi1nH1fKAdltuHX4,lazy-lions,1.4899,100204.29575672488,1.6056801591682137
34980133,5081,#5081,https://lh3.googleusercontent.com/havMd-hqdnWLxTkakpiQmzMrY03m5-YKerAtCM55DRsSthkNZwFR3I-JW_1ry37yqTbxHa5q3wRxgObPTCDSA7DDEW61T94KmUvv,lazy-lions,1.0899,35831.7112725062,1.2543418282716903
34982173,5372,#5372,https://lh3.googleusercontent.com/D4Ec19HRpruQ3kKgM5XJhhUoHEB5L78IpHJt2AaExZP2n3tpZOtr0869dbVtlr5Kli7JmYxQaCnkyyJVHDuy9Y5P-AbE8WCn_AEvUw,lazy-lions,1.4,78654.05838494143,1.4880613857526075
34978933,4838,#4838,https://lh3.googleusercontent.com/OQjTn5JLCOrO5FJcB62kQ2ukiw4yL8-Uguk6kCQEqMGITwYYEK4pC28VANIAs6eVVgPCWji5OAh-k7IeNyDD6nUujNye0nr8eojGMZQ,lazy-lions,2.5,156896.3525410249,1.9150990331388547
34979774,4997,#4997,https://lh3.googleusercontent.com/9jYimukjH7Hd5LDxZyjdpN03vgvBxAbdouS8hcUhGBWi-MNK0GVrw5JtZQlm_XS4q1xwAw8eRnJTZknsnk87qPiYY2LeSxeFFbYEAxQ,lazy-lions,1.6942,86423.18381134461,1.530464399111616
34979295,4923,#4923,https://lh3.googleusercontent.com/rTQ6NHHf3ji_MssKt56hxHTusRfRo-tN1d5daO_VZv38ygTijl64XuvtB-yl89L4GPWqp5jFtfj3dPmQCOSAURSx_95q1UXQZG7I,lazy-lions,1.19,42684.58813305316,1.2917440599408916
34945935,398,#398,https://lh3.googleusercontent.com/qi2C9AaLmpHuGc0Pi44NjpLZMy__lkcrZjYgocEL5wr1R3eHJMpQYeqvCyrQlyv1Q1IlYVV3KK8-sIYXosWLWOOxRL24838ebtz1,lazy-lions,1.4,59177.2290552735,1.3817590403881834
34948215,1163,#1163,https://lh3.googleusercontent.com/PQ_8CFNLyJahCPrqq06pU6bRhaR7oMdM_zYROwmJ64CyOIRX03APMOTG5aTYWAJAEfE_kyFftCrE2hWjPj5Ijk4R7Nbp5Ux3UylObp8,lazy-lions,1.15,39898.50575425759,1.2765379354618251
34975336,4190,#4190,https://lh3.googleusercontent.com/XBbYMJwiqYjPMQUMvIQdrC84kg1UuXlvhGMtp2jckerstd9tiwvBUAH7YPPcMBwiFcVAWNo4DvOMV-yiMVtJ8wIUcjSl_lYlq63i,lazy-lions,1.32,61255.58296058484,1.3931024624047932
34980496,5153,#5153,https://lh3.googleusercontent.com/LrGCjrYHJkJYf1feOenh3UPaHIsjfD9nBRlgIJvkodHgYMGhiHTOn39GF8R6IWfXFBxMq5Y3usLV06QxC4KiYKZMQRfNUOPLieUCfQ,lazy-lions,1.6,77171.09492746918,1.4799675378808235
34952776,2259,#2259,https://lh3.googleusercontent.com/r5Oe1COGS29YxmIa6thKIVM7666kEa8B4EazFiG9ZFAbVcrP8mL254-nrT1rebXU4xjO8eQiQ_7Cwe3GFnvsCrkQJx3sODhk3RGit9M,lazy-lions,1.2,43428.74110545201,1.2958055632244578
34978457,4706,#4706,https://lh3.googleusercontent.com/Ntr2AvXRLbiMxlWCB5A2RmFCafvUBTiMdvVSbZVpY0OSYbmodHmpFQGLRDjAOICHtlQqxPSaajBehySq7LCC3gaL9Ib33eHk32FG,lazy-lions,1.49,78102.39649640545,1.485050477169545
34988777,5752,#5752,https://lh3.googleusercontent.com/sNltXspI3q73ww5BUofcwSIeXL8Qc8flKxr32Zfz3JdEMFzkoS8S7-xG6qYapaYJ_uq3nb71nxKuTuMkATGpAqt9DVKAG1_d0XtSv7w,lazy-lions,2.75,227561.06335524583,2.3007790823349596
34952898,2284,#2284,https://lh3.googleusercontent.com/MH1GjE_b71fcI0ZLIXiUbHLiulZrxUsMs51zkCXgu0tL_aB-KHSIutuxn-lpgYxc5VfPW3CfAydv7rTWID4LDO0D-t7GHGcrmoQCyg,lazy-lions,0.979,28899.613396342887,1.216507217203377
34992258,6414,#6414,https://lh3.googleusercontent.com/mUUXs94-v79EyMMLP3IzlefD-Xh6N42xiKlRxqCw08x9Rza4HiL6-5Qb21_sil8bp9xLo_yvpx4INPn4HQnlDoC0Kcbtb9q6w-aW,lazy-lions,2.1,132780.4770080575,1.783477295006867
34947979,930,#930,https://lh3.googleusercontent.com/33YmgrPNJjM0A8mzaNkD4_888qDmEly-lCWeigawi3px9FrTMV-Atil4zYIMaKm4w8LS10mRFDaohvtubUGB9Cjg32bwdM_roKIIvw,lazy-lions,3.215,311884.50383785897,2.7610069428751345
34947142,701,#701,https://lh3.googleusercontent.com/DEk7niqydH_1JXzYeJJcu4svckXqtSOX8MJO-zJVrT3My2-mMezimNIJPq-yZpfmzMyyhREleZi7-UAMPX2Vnq_q2eyAL9WQli5f,lazy-lions,2.67,179204.73986105146,2.0368557037589814
34974023,3968,#3968,https://lh3.googleusercontent.com/n_VH4YDREGDtLOOp5APBdtVC0YQZHlnn-bBjKRoHqbob58FxhHmH25NIhW5qVRb5yWHxdtgNsIQVX9ZLZ2X-9LljYnFk6vpn1u9_,lazy-lions,2.69,254448.37606182796,2.4475270130621984
34950383,1980,#1980,https://lh3.googleusercontent.com/lTHVkrRW9g4XJyGS-rvTdEpXyq9pmAPnw8E7YQ0uFyF-UQfs88aPRpSbO3sAtZO5d_43dMeXyw4p7ibzdysPpO6db8ROuVfLDbZmvdo,lazy-lions,1.0,35082.45938903251,1.2502524957045746
34979423,4943,#4943,https://lh3.googleusercontent.com/eYPKK282zqSwQdNB6fifxUBSwpI73sJVvm7zp76Eo6NpHfQspdM8f1ijHRq4VGUdPFt_uBTFXAKO31ty8dWYqmTb8IQNaQgSJpYsVQ,lazy-lions,1.249,39237.84701998694,1.2729321343455475
34980504,5158,#5158,https://lh3.googleusercontent.com/epxE2-pd-HiC3rckYFcA-sECvJQzKQSFyLnIMDDs0nXmUB05a4CH1YC8knByJxm1p1hXkYRAQHRpKRMFxznEi7Ue9t-g7Wus6WWE,lazy-lions,1.04,32631.654503101083,1.2368762780977254
34964424,3409,#3409,https://lh3.googleusercontent.com/Dod3sEFZ18wZfKqjqwrxlF0OMdbxu4piqCD09lIfscg4zNWgvRJMhKMAr4BEtYTvFHETFGfn4QJ1ZFaMEN9wGTcRrou3fXlFDBjzGQ,lazy-lions,1.0,35174.793671825726,1.2507564458420597
34979665,4983,#4983,https://lh3.googleusercontent.com/eUZUFs2I4gCOLoNrjI_AT1mqE4iumBcsmwmHhT00ekB8RmUVfjZTJxNXudTg38AMsZYKIA6fvYHI0lcmV-pXBReAtEvCPPPoLRqWFsg,lazy-lions,0.9399,22208.23383149557,1.179986419622461
34997306,8122,#8122,https://lh3.googleusercontent.com/AGPKf2XR0GAibslJmAJAkxnAqR2w3zp2TAiePbd31KTV9GIecJUVvgsU0CIDOvUVpEU_7VbCl9nTIK90z-UKYu0ObQtNA8Wg_0suKg,lazy-lions,1.5,90295.03792648485,1.5515965436912966
34995388,7199,#7199,https://lh3.googleusercontent.com/D6C2Adz49QgSTfNaNH05qy3aZK8ZCYtNzWDmhe3AAmW3aizIqo6YFnlMDb8TBePzLGg7sUBLq8hKnsdkftMbo658kMfX_1oQEEyiUA,lazy-lions,1.3,67841.84421163933,1.4290495360439015
34953148,2347,#2347,https://lh3.googleusercontent.com/uU0618dAcCkeGEAOhdj_A9E9XaTsZx-IsZv3sNMZI2BUuEnYbaY3OHhnw7lR1ts64rEDXVWDoAfHXP8azDaZI_2NMGwrTLZdMHO2,lazy-lions,2.58,200374.7432076877,2.1523992026021017
34990590,6165,#6165,https://lh3.googleusercontent.com/qq_lPyzZsST1e2f_kfqPKDJPURqELSf1E8t6dsQPs8dd8vemkln3cjM027AFHnGoYf8bLMNiypApZdRJ7Mz6DVibPY1KfbJBaIB7Yo8,lazy-lions,1.088,65261.2552008354,1.4149649712707093
34998510,8787,#8787,https://lh3.googleusercontent.com/7AOWWrM4giT_FXKclBphz72DD7w1Jf88whykkEd3NpcrvlCGlL_CJIG2MRZk0k2d81dxAe8EwxdEcrjaBCqhDZpC2a4WglX-tHo9Wg,lazy-lions,1.5,112803.93222635552,1.6744475588712384
34950630,2032,#2032,https://lh3.googleusercontent.com/Gge0hHytf6KXcdKnIR6tlI9osKQAHIuZFo7lImzk5aRuZYoCqPKDLcn3CcZ1jVzagA2zABTPH_EiDWzsKaRLiRG9nlFE6jyXrXAXJQ,lazy-lions,0.899,28384.38419517107,1.2136951541330612
34944870,339,#339,https://lh3.googleusercontent.com/Xx7LEfmi2AKoNCWAYkdIRcAw2ZIzSXbHuD4tLQKzHzPOlr9xWTW5nmJjlhj4umJYob2-i4yLVf8OxwHSbdec8n03HCR78zRsQzn6Pg,lazy-lions,0.69,14342.214571670338,1.1370545706111101
34982311,5391,#5391,https://lh3.googleusercontent.com/BwD1UUC_Xm9tVyiFKeSFhK1VxzHqYDbLwIopDrabOmboGoe5Ta49ArU8zA3rjCCWVEIbvThydSDuePc_AsTbmiQSPPDnhnlz1vvRoA,lazy-lions,1.0,30139.909708012496,1.2232766150681766
34996471,7706,#7706,https://lh3.googleusercontent.com/Wx_2Q2kZL__0MgcbZpthlGXWx7kEoUyN6JGNn_TlxLKaoophZyv9ZMke5YKTWl5OlEBnGf4opZ33XMbPAS11vcf962qNExFEx0_SkZc,lazy-lions,1.485,66434.64069496538,1.4213691774138832
34948231,1165,#1165,https://lh3.googleusercontent.com/aMZmyqI4ci7VSO0l50APXxW8Mtmww5rJEuOEWxfq4OZ_Bm1BUZ2zZW91_uk50AP74SosoUHICXKaPbMoJg0QWMtoySRHviNnDf6ZnpY,lazy-lions,3.421,294353.90261417057,2.6653268917649733
34993471,6566,#6566,https://lh3.googleusercontent.com/fVWg1luE8AMHG70SEuKh0kdPtcilnLERcucoAKHICQJ9EYgr7egZMOyVShRamsXOilUMSa6KKnYfnEvm5DNsXz_gbiAYAVHuSSbmDQ,lazy-lions,1.39,67909.32019887086,1.4294178123981829
34998032,8421,#8421,https://lh3.googleusercontent.com/KhLNj1Dv7yOffIgFfMZfXXEWVrcrls8Rd6rAXCWu-c4C1-60mkBDFG8TPz0pABfxGKw2TPXUFxOGNvB94ksKnxkruNSNRBC3iTaiGg,lazy-lions,1.75,138435.24985995007,1.814340409658881
34996832,7834,#7834,https://lh3.googleusercontent.com/ttCozCumQ-4d9aoDROAwgtFsmAntjGFSwJmJC6i0EczYH8getle2ukKanpj_n00vcvC-E3nD_sRg6tZxuqhIMy5_EqLa4CsfBSxJ,lazy-lions,1.6,77148.15817059824,1.4798423516398205
34942233,109,#109,https://lh3.googleusercontent.com/qSgYoE3Kg3AK9Dem1tM5nRdD-jFHtGFj-dwQAbSJteOPoTAOR3CPwHY-kmx7gjXloDvnMbFgvwRm9mqW_QRiTdsZ5BMeIU3c9wA6,lazy-lions,0.5969,8939.710055179725,1.1075683081797785
34980514,5165,#5165,https://lh3.googleusercontent.com/1TFvcXRjjreCFsxTDL9mzICzFj-lAyerlVq12n8X1tssDFGg0w21B8CmwUgoVqCI-ouvSbBJRssrJlIea5yofa-P96zNwEMenpLf,lazy-lions,0.998,39991.65903212712,1.277046355582385
34980394,5126,#5126,https://lh3.googleusercontent.com/nPHoJLgepBW_dqLKjHO5FoKO25xAC89J7tdhIez0esj67HRIn2KmrQd-H3GHti504NHz_gJeGt-XNHm1CKMAUUIoU1pO9OMlSV1Z,lazy-lions,0.59,8739.9103219903,1.106477823692713
34979195,4907,#4907,https://lh3.googleusercontent.com/RYO1hyq0k88jgns_KthEmM8JBrLfilQ3nDKz9ok8Ga8j7fr5ppBo5fUv5Br8UVgjBqodo7rs2of09JFcmqib68-5rPRMwG7ADsAibg,lazy-lions,1.85,103057.80986655368,1.6212543184562054
34965398,3525,#3525,https://lh3.googleusercontent.com/TgdjcXX68HnwAYEgQhbYgkiD0Jo0bDPg8KW7Y_53i_noxoTNc8_YEkNfit92W3ZPc8EFa5g1_MiuukKp1X5fgV1PiXIexJg_ot1dLw,lazy-lions,1.25,78290.68118522098,1.486078113838662
34948718,1294,#1294,https://lh3.googleusercontent.com/QK5h4umKcop8YLozEu1Z_JUiaThCrxiYmvUGJaK3ZQxclBiexNgg70apJnPSL_WHlkA2Rp4AWfGyen-6YlYOZ1jTqRyvUNPqfPi2Nw,lazy-lions,1.58,87828.91440999295,1.5381367187206005
34948839,1493,#1493,https://lh3.googleusercontent.com/62C4GcCXSwuorPAGBryxV6h8ug17ul5IlcpLGgRxe9uHsM9O1MDQQaCqKnUmV8MtuxtPGvhqdIYBZ7COnMOQZGOZYJPr3N19pAHJVA,lazy-lions,1.65,81996.30363760202,1.50630298468677
34971040,3756,#3756,https://lh3.googleusercontent.com/UZzTXpWcLF6Rldy8ubDdZALTRmTr0JzxJnD4RzJGcA0wBy4gssKV5j80uuAWJDHZXKSL_8ouj9EEEavHbpl25670NjBiTGyOkqo3qA,lazy-lions,2.3,238857.99697514717,2.3624364763026975
34996602,7734,#7734,https://lh3.googleusercontent.com/rjJua7qVWmnV68p_K9ARg658NavTqrPX2_eqmcPc_uBHMtOc9Hpin6xPkaU37KGYJ6wIpV_KF_IJ3tgvDQGfhOgB_AY529nBwZ70,lazy-lions,1.22,67143.04315107703,1.4252355583977676
34988802,5689,#5689,https://lh3.googleusercontent.com/l-LQrK3RIPI3KVJ0IZYxB0PzxjlM_Wm4dM8iyeC-bByiGTxo29uuAfBuVSXUp7TXYyrME5S9UCg3K7QS5BlJfetCA2bp0QhvpFbrAw,lazy-lions,1.485,66460.59615821768,1.421510839415025
34945842,390,#390,https://lh3.googleusercontent.com/h1EHra9Q-klez6NJc76sdfBSU5B8TMZY37X5kGQ7xG1M34CpF04PAiOMt8aXkt84RvAPWT8xoVrsA67-GY1XKPTs6l-ov1ZUjs6JEg,lazy-lions,0.5499,10615.39521083233,1.116714009419091
34978003,4617,#4617,https://lh3.googleusercontent.com/5-ZFcVNS_DKHHoBf123plx1LbWl8H-O0z_bqu1bTFDFM0wK1Z1IEGhse3L3SoEo5cdaJrPgobEaD04MmeavZ03SK-4MAKCL4Uk_0aR4,lazy-lions,1.165,61224.73414329809,1.3929340930273244
34995283,7132,#7132,https://lh3.googleusercontent.com/JZLBy2lthN_P5x-iU43Z_LczmUZqoaXRypU1bpWkQuoFmbEGCtKEuj9YjbDL1Dg4gWRQli-k6DyeDnP1P8DyxT-is-npnEafW2jE_A,lazy-lions,1.19,56835.34815859209,1.3689773176720448
34978363,4693,#4693,https://lh3.googleusercontent.com/xefhjI5Jv1qKXG-3ChJuCxqKoBodfVaRt1IgoPrSH8pUynas5Ddqew1l90RD0irk2wCwMKQORnsGLW1XMf5i0aOAxl6ycKtQJjppxw,lazy-lions,0.929,30289.933775112648,1.2240954295643105
34946563,523,#523,https://lh3.googleusercontent.com/ZTFod7Jlf4ADWcNA_hZ1A3kUHkpDksJo6WFqluAyYwmyqtrcnGwgOtcLokkCkVtyt5YzhU3FN2oxoXZmSEX5qTSqrmLRPMvYFcvhGg,lazy-lions,1.5499,72386.24121269661,1.453852344103815
34942964,139,#139,https://lh3.googleusercontent.com/0EWXOCzZ1h0BcI3UcpcEHTmnP67pZspsYfZIhGmjEncrzJL6OFgUIch8Y8lJSj37DeyZOlOCiD_wpc4SFyUn-9zq80GRyybsbiA0og,lazy-lions,0.9,24399.239839335667,1.1919446841530317
34944284,253,#253,https://lh3.googleusercontent.com/cqCvAIhlA0GG3Y90DvRwxtGBM9nB0GJmV92Kwa7Vy1JhHVc37WgV-gwMgWi5xP-uV62aOgJ20NriKsvOcr2JoMxtJ2EXoby-a7dG,lazy-lions,1.7,87037.95595049407,1.53381975634919
34943085,172,#172,https://lh3.googleusercontent.com/rwvlD3kpUwR5jKK-JAtmYE4x2ylIbHH3VJlBasFY8qCvXajJzAU7SRBno2xfAYf2PmwkSqizG-IQJ3BWUdcr5Y1wcTYj5XoBmeKSEQ,lazy-lions,1.3,59497.379913755576,1.383506387790116
34980045,5062,#5062,https://lh3.googleusercontent.com/PeJBZjCccfExT-XmsJ3gIRKMKfWeHG4SbZNG_Sa_04tW4QsaZYUp06w8LiBQDVQpJUjr6feq0Kb1XNs5zUHFzVvBc8c-SPv5VhIrEg,lazy-lions,1.9876624817360249,119248.0684921132,1.7096189303148708
34948966,1585,#1585,https://lh3.googleusercontent.com/GUUTWTM-OIZ9oKkjlgUp3AG6jeLZn_KYs6wn-AMzgK337lurC-RbZGl8rznV78rc85H6_-SiIsHNPHwClbvy2FyzFnBLT2INjYX-XNI,lazy-lions,2.415,292223.41134824604,2.6536989098941652
34998886,9019,#9019,https://lh3.googleusercontent.com/KFYMlM8wYOoTIxUaI9aKmRP8MFKim4ByczQ1Cu89lFuFGf0h_qX6tRQayWkA_w5ezcNDdrdLlhAIkW0WnYOPst6QcJcHw8WtVbke2A,lazy-lions,2.5,282416.9687403708,2.6001764483449
34991806,6342,#6342,https://lh3.googleusercontent.com/eggFtsXGJYzed5QTjoyEwMbujd6KjUVSzNCfHFtTdwZ_PSjAJWd5FTck-ILSXQQEn4jQaRm28QHESR1SPf2SS2Grdy_hCcrGuNgTbQ,lazy-lions,0.83,27654.69077895248,1.209712569481931
34950646,2034,#2034,https://lh3.googleusercontent.com/xScu2hWiilT_VSax7hfK9-SyHbQB-myl0dH3oLhp1Jz-j_Z9MydVEAD0uV32dj8Po1eTfnXPPOLfHP7cVy0fHZcJGmv6Z9nahrIh,lazy-lions,1.899,126693.81749968544,1.7502569915261026
34951486,2143,#2143,https://lh3.googleusercontent.com/qsx6YPa_kUgd4UezVkp3YuWgdzuGc4CmFA8wHZNCzQqKfTONLpG0bb3OVOEtUy0PnAoBEgAyTMAmzl1nlbu8Xpe3C0h0_Ln1_r2TCg,lazy-lions,1.69,86063.57687182055,1.5285017048540606
34948126,1073,#1073,https://lh3.googleusercontent.com/4EY6qNjg7ET6-HBBNeNI0pKBSZCS9W_pjUUcV2TY-_y-8oqkEh5sP322ndL740DgnZBpoeapU1l9FPsLGbRapzs7lGvWuIM_9fh6ww,lazy-lions,1.2,43360.38765865829,1.2954324977945089
34960606,3123,#3123,https://lh3.googleusercontent.com/n1KugJwP7boIkPGP4aLzWk3t5A0aKi3l9HQAndPmU5FHl8uUnljdtLO9XqFq9FXIc-sEwlCTYnRqWsFqd7RsRmpAPEAhotu2rVRj,lazy-lions,1.8,97615.31520596136,1.5915497943130972
34979567,4976,#4976,https://lh3.googleusercontent.com/nQrzmXtE8xa6ZMg4p8Nn7YcUnCcu4PpPv2GxHj4HJCAgffi0udKqT3IEFC25cg__5DdEk1He5Q9z-YclW9MZkUIWNKAwHrZ_dOJ3,lazy-lions,1.1,42574.95831409257,1.2911457127109531
34951487,2137,#2137,https://lh3.googleusercontent.com/eUuoXMdaZUBctQ-ltzzQnzW2K_i5kOLUqWWEJ5p94093d8-auCyKBBQAREfhiVs0eyOK0L8kr3heVipjxiPfmlNmno58qS7FYwvxMQ,lazy-lions,2.8,236343.25041106704,2.348711272203299
34974048,3973,#3973,https://lh3.googleusercontent.com/Jv4Vio-L2EheJtg_xcjA8LAs4DarIf6aw9ZwOWWM7yN0Ofqk_LQ0dgaGfGNiVvMJbKTGKSn6PduTAN_FbRpugZdmlALgTx614tGV_6w,lazy-lions,1.4,98261.0698290932,1.595074250465941
34988929,5771,#5771,https://lh3.googleusercontent.com/CPU1hNDVLoeKKJbEC9Z3nIzdo9VGZSnxklaZ7naWYKjZa95FGk1LSDz44tfMV2n1BW7Rx8BFFSJTPM7r0QufKm68JJk7n_jLDTZI,lazy-lions,5.0,879027.0142312287,5.8564070200760145
34943689,217,#217,https://lh3.googleusercontent.com/oPia-FEYL3ovc6Tclg8UJXOZFGfXclL4n_CI6S_7_AmJlKb1aSjkZeDmmfx02ISBORN2IKIRCBBBNz0rXqMV5l-Qdh6RWDcKuOXL,lazy-lions,1.7,87106.91194251737,1.5341961104032782
34978849,4807,#4807,https://lh3.googleusercontent.com/xavtGGqmHYqm3d44ozcz8HTK6BMiHTuMN6y5oJSh3orsh5x0TOMXlzw-jeKK4p6CJ0tOjgyRw4uhI9Ts9q865h4r1xdpq-6l_hJJnwc,lazy-lions,1.2,43414.079597379605,1.2957255423612928
34980409,5128,#5128,https://lh3.googleusercontent.com/4Sn9Nu4-xF7_oNmpL8CQrBeX-BqZUjMnq_8CXXKkykVkdgyaaxp8xcAxTUmwcOrAqqqdRKCRAsODtaPoauPPYEVocbh-kGYJX3Cr,lazy-lions,3.9,382706.85864245024,3.1475473952521336
34972009,3806,#3806,https://lh3.googleusercontent.com/5myOSLy16wzrpg3pPWhe9OfM-M6X_pPAz5qii8gVjpHHpTjDGWZBt_ib1PIVhjB7GEs9xv-zXS4S46WhOhI7QWRTLGDWSA2PFLVsW2c,lazy-lions,1.0,35138.556146900744,1.2505586655039704
34951851,2173,#2173,https://lh3.googleusercontent.com/uTClSdDogvUQR-hVBGpSVBH1jzwLePeeGh-9zDokyWeOxYTburMpKiNYd9inJdoYW4_JdS8D5qt8LKPUg1zhYXQgSDXkbpvY0vt8gw,lazy-lions,2.19,144461.1472506855,1.8472290803310014
34945852,391,#391,https://lh3.googleusercontent.com/oT55yZvWt-Vfvgw1MUc51jdqwGW1XRfZzk6AP7WXmZvBxnusjDUkkTx6bLGkJtRMkLy6CL99_-AliEyQQhv4osCwZv8b7qLBYArf,lazy-lions,1.95,114753.71991617272,1.6850892809340041
34963492,3302,#3302,https://lh3.googleusercontent.com/agrEs-uk7EeS4ntzU9nN6oWEO7fFJK62zGKOouS2sCx4Loq4hv8GAFS5tolB4vjEa94MssJ8ZwDX7zhGkr6M_NCox2W2aizy5_e7Gw,lazy-lions,1.25,47143.43402874391,1.3160799396833127
34989653,5903,#5903,https://lh3.googleusercontent.com/vl9zoaMwbaatgLylQb7V1DgMoPd33vwHv_mKzp76xtFSpjEFLpKX7X-b9aNqDuF5q5oMXO9GhBxnFA183CwUh7_rCuxRFFeX3LqD,lazy-lions,1.56,73312.40483859641,1.4589072410769275
34978853,4818,#4818,https://lh3.googleusercontent.com/AmkT28R4ZuPTsoDlZt3BAjoe7rXrL6cNuGpbJUh_Q4zfHkZcCXwNV1QreWo_X8-_QRuNrhiA-xSbd0vdOgwfDggDm6OupIcj4UNxBhM,lazy-lions,0.96,27774.126638170103,1.210364436977433
34948255,1168,#1168,https://lh3.googleusercontent.com/DoGoE1TPFUXDaZUuNFq941bw-i7oISaEODHBPiEJLXgwq1y6JX0o9qdyKioQh6gp08WWsZUjTi7YhPnRil1J02qkqgTYUexwrKrwUQ,lazy-lions,1.5,112841.78366094264,1.6746541477468666
34996975,7919,#7919,https://lh3.googleusercontent.com/nuzE-yaKoumtuOp88dkopcTsFxZoCC0XlKg0oEKfyDrFFOrgDoOR-jVluzPnM0Pg3VEwsNaYAhCYvc2T3l64nTbQ-NvuGl2fJEakLw,lazy-lions,3.0,316437.7425238889,2.785858007857859
34981615,5284,#5284,https://lh3.googleusercontent.com/b-0YFqFmMrjVAhAnIMWAkU2u8RMNaMfDL_86LTowP2HYnVYnoqKWXb_goVajwEPzqcdv2uF6BfkH54r7M7u2bdp7vvuUn1lknT3aYw,lazy-lions,1.3178,52314.65137870231,1.3443038627554544
34990375,6092,#6092,https://lh3.googleusercontent.com/z2LhwZx2y1uP6H5BRUuPu7Gs8KOKoFNIF1f9VkBXVizoi6bBeKb1QvGdMa5XEmrrCyQQmgm0mSn4oiDsLbihlV89jRTmi_oxAPiz8w,lazy-lions,2.8,236307.9783944724,2.3485187615011576
34981255,5229,#5229,https://lh3.googleusercontent.com/iVGHTGG4P1yjKg0XFUvUa9Yx2hDmDXXWKy_Fqzl_tLzrvV8lyH7N-sZAKCTsX6V7xGK6BCJsQkSx-dnBwQu__ljKLPzQzeJ1je-h,lazy-lions,1.29,41815.22188787264,1.2869991566879486
34957135,2817,#2817,https://lh3.googleusercontent.com/TGQq0br2z9eAshoD6jZ-IW6jPtjbiSF_lAYl30Srr3eh3YEaERJ2I8I9T5EDLmO9HiZYb5p-qL5JJs77Jp97EqVKl3SDDMg9J5YX,lazy-lions,2.0,140757.32129490646,1.8270140145594282
34952817,2282,#2282,https://lh3.googleusercontent.com/4ibVArkuZ1kh6N14yM3ae8lBvClq968bVOB1x2D4K5XniVjNN4UtU4AuDKnUc_T2pikLUIhZgB0Sv-rIaojpH4JEQSMTgpItC5FSK5M,lazy-lions,1.685,71464.76601365491,1.4488230360375336
34946577,527,#527,https://lh3.googleusercontent.com/0f8uFbnsX6I_GiTqMYprVqWfgn0KPFiNFjTf43cJwEzbncg_YT7nbBnnS28aL6_RTqDlhXjVBPi7BHVJsjMpPZz0Ix8MZsnQbblo,lazy-lions,1.59,88920.26077020736,1.5440931644917304
34996138,7521,#7521,https://lh3.googleusercontent.com/M9IGHR89QGdxmJ8cfBP1t_8J7R3Oxf-ReYnLHygjInkU28Qw_hjKaHDHt3BlHdt-vcZji6YJnBUU0WhOsW38ffOe3qYYutkpaJ9K,lazy-lions,1.07,45937.05173001603,1.309495640689351
34944538,297,#297,https://lh3.googleusercontent.com/tJe9sOWW4qfob9Aj1aJaFDR_1fy3Y-JamMV7cey75j5fj5Y5_Gpmz6tR10jhunuWmoy-yeL51UyJY6EB4v2jjgx2hNsYxM7r0ujG,lazy-lions,1.0,30116.990037272382,1.2231515220813556
34990258,6060,#6060,https://lh3.googleusercontent.com/ZrE5I-q9nEqcdN_T-6K4HNpxGrWS9PxLIii5SoJV9sCJKfwZRSCORYR6QyVk6JBrF14xxO2PSWfPEVRBP5ya40q2AACYkX5uLYdW,lazy-lions,1.58,75246.91244310937,1.4694655661515226
34979818,5010,#5010,https://lh3.googleusercontent.com/gVQBDUCgSwmpz1xktK4cQi0ercJFtzImwncSmIEmP1SGaSEsabXXx1xP7i4MWFSss8_pSN8YQ92f0icFEQjtVK_qv2YYcTsV9OkN,lazy-lions,3.45,300386.3601517308,2.698251366981129
34975019,4166,#4166,https://lh3.googleusercontent.com/u8BPNKI1fFObFttErb1vnROo_IUGkzWzdxwTEUE-JBj9qK_K9MSLkODUY5QSLgPeuBVpV0JD2Jabj5bcuaPxPtJZqrW7_aUHkYjy,lazy-lions,1.4,68922.58423232859,1.4349480936060128
34980059,5071,#5071,https://lh3.googleusercontent.com/nPCrMWA1QDR6fXZ6VJ-zQE6bfFzciTe8YfIW_OIlHoULRTnYZyWmkO0_Mqfg4IrWq6L45WbFXD-j5OaKd54agFKgg7Ms8RjZcCQSMg,lazy-lions,3.495,368308.9673572343,3.0689653228822182
34982939,5412,#5412,https://lh3.googleusercontent.com/gD0Vfy4e1X9SrukjTp1uBsBaE5Wc0mctd4m74fHG2TKQHG9EdzaXEbIGReix-3DqwW64kfZseZ-YCJH7rqkPA-bRUF0OnhlaRSAGf5Q,lazy-lions,2.58,200733.71438910236,2.154358426963353
34997100,8027,#8027,https://lh3.googleusercontent.com/28hWzkWq85Ey02Og-1wilx8yOv4DDl8tv8yAu7V-4xfS5RXoROTKrWPxA3JxvORnAEQRwjEToZ5uzfR1gy3sCxbC3xnkB-LwBM1A6mI,lazy-lions,1.79,128594.20212378404,1.7606290772088813
34947900,939,#939,https://lh3.googleusercontent.com/9Foh3Np3mI42C2kQfdMCNNydKT25nDatYL0ISClP7R4YP4wV_U8NWDMYeVi89PpscBYx_W7_wZJnT3QRXCigGVyhAdrp6DGRcdwDWw,lazy-lions,1.0799,35211.86372940703,1.2509587700498137
34950781,2069,#2069,https://lh3.googleusercontent.com/njPvHWaljxcqnSIC-VeJGLSvU2oKz44Y_zN7H_A57SlBb2Dt9PRJRAcykGxeVBY7_YjpBLno7UTR8i34pYUng6_zCCEj_MfpbD22Kmw,lazy-lions,1.49,100254.17154383346,1.6059523756084153
34994221,6764,#6764,https://lh3.googleusercontent.com/cCDsrFsgfIvkDzYpNeadR6qcH2W8Ebd1Gwsw7nXv0eGSYMdxsTvfw1nd2IfzxOZ8NawGcOTXqFjhhhpIfsZ1IMnq24dHhYftoEvonw,lazy-lions,0.86,29660.57647817141,1.2206604681748219
34982101,5361,#5361,https://lh3.googleusercontent.com/1UHSKSEonucgsu99XUfa-xjKfmeeHLo5vzEfwSECPQLHf7gxMOgNDQv6XjP9kwrWgkREQOep1NVEAh_JKBrBzLCDNFftzzQ2taXasRU,lazy-lions,2.65,211812.5605191633,2.214825523923694
34981141,5219,#5219,https://lh3.googleusercontent.com/rqfyxvxX7ewr9YftkvO_g3CbKya2KUlfY3Wh1L0tlWKKHXoAanNcwl3FwJ7DhBylpLyElBeY0OlXa7gbVQgMdBMhYQooytiXKrfm7Q,lazy-lions,1.25,39364.57580659819,1.2736238058190683
34948022,1063,#1063,https://lh3.googleusercontent.com/C6IGU2Xz3WjXM3zqxX_yTMbXp0g4lyMAo8IUfmnNAvXxws2YFyIsY_-HK5GUpQH9jyOXaiBMqQ2hloEdlk3BtScgKpvoioNxLD093w,lazy-lions,1.2,43343.38358061946,1.2953396914477624
34996504,7709,#7709,https://lh3.googleusercontent.com/xzjzwbnlJi0l4se3wCh62zZdNhMxryiEcbgZyDlxS7yVanZh0yA9PCkfKIMsRyOqwJhw-MJmdyZwYEz_wxyJvhZw4TZ7y8pFMjbCigU,lazy-lions,1.69,143089.61001218722,1.8397433842385205
34942504,124,#124,https://lh3.googleusercontent.com/eXfzfaegomfLgZJGQL-x4o5pQ-wweUzPCsX2_9oTpJAw971gh_LCyjoCDwQ6U_uvAOI376RUwh8UOOGrn6kGzqXm72LqxR3nAf84,lazy-lions,0.59,10478.654918979655,1.1159676962752152
34980424,5132,#5132,https://lh3.googleusercontent.com/2sxjxRE7bGbQ99wCh9Q-6pJT4QM-sANRVWUp6HCz6msIrl2Os_Tu5q7nxulwnL1BSPbabDwwH_JN13GZsa69JyrDgM_fsMBvqzE7tg,lazy-lions,1.37,47257.83019313248,1.316704301090879
34990144,5988,#5988,https://lh3.googleusercontent.com/Ho8fHH60za0Oz-_LzfcDSa1lm_KuYp1njKFq3DnfP9TH7kD-8jZJUmgY5btWXlR_LJQacfQlzAqfbBpUPSOu2_NJ3Qefzlq-LEkK0g,lazy-lions,0.87,26623.825327479888,1.2040862217129042
34982585,5400,#5400,https://lh3.googleusercontent.com/9Ho8AhewhJhTlZBerop_gmKJ3Kb7MVBNCg8phgcfgS9hHIyQS6OSuoVHnRW3hLzjq1qYTmtzWgsz28X4_ainNDhw_DpWS2hRYa-KUQA,lazy-lions,1.7,86948.0343026339,1.533328974101999
34951986,2210,#2210,https://lh3.googleusercontent.com/IWXHJUEPYY9UKQtJm_iOHaHjHvS22yGYF06KId5ftYERfQ9RqRLS5b62-eupXdPqvAGe08rx7RR2qJ_nKkD0RwIXIAxRDz1tGWcXBZM,lazy-lions,1.9,108898.6882294306,1.6531331760696648
34979826,5032,#5032,https://lh3.googleusercontent.com/fYghq__movDZcSwEqb5Eh0B7XivWJcQA2FgM9miJe1lxVsO-XPm3XfU-qGL5259gdrLlGEZ0Hn1zNd_l5IjL4TBAD8tQYO-GDESU,lazy-lions,2.05,105575.3521186069,1.6349947811063372
34951989,2205,#2205,https://lh3.googleusercontent.com/xzfkA0E_-g9a9GKNZWfP5nTO--nQkd9_3pIany1elaD8ya2YWVLFJFAjnqOBkdDAMGJQUXFlLiK7dYy_QnpPoCBAw7foQ0Zac8CL,lazy-lions,1.12471,38116.11032771628,1.2668098215578052
34980429,5134,#5134,https://lh3.googleusercontent.com/Ne2dgx7dSxP1aGbcErNF4FkVnVw4lnmK7Gr0WbBU0Tx0a7WpnuN-sDTaTgfGHSG-upfCyp52mgcpYVZLf2TB0rPm7mUS7LATAabFpQ,lazy-lions,0.969,23578.941245615028,1.1874675866267512
34966990,3584,#3584,https://lh3.googleusercontent.com/Af6myOxMkpTMPpV1D86RlUZdA879KxxWSQOTVnODcJ3v7ZmoLaWNFJKjIYmgqefe_QE7gc49rDDBgoU5_VsZoH0VE-5DYBNmdxFA2fo,lazy-lions,1.687,85689.86338518582,1.5264620186478937
34979831,5013,#5013,https://lh3.googleusercontent.com/S3Peu5XZLVu0pU_8i2aEtYzpq--CNsaRMVO8KjDuS7wsUDszbJfYqH4SydiohaOziIysMA90Qj_GYEgirZ9kQoEOzuEiBB4FFrw3Xw,lazy-lions,0.615,9512.062607194426,1.1106921440785609
34989912,5963,#5963,https://lh3.googleusercontent.com/r5uLgOI2U8pzAx9zdrTzqMQsu8QJCInCSuRno0ulrYAEdLBmdoey0ulfUMMH7KE4KGySyapxr5fC_mQuINWLKYhGS4Hdw2b9hiLpyQ,lazy-lions,1.89,125576.40444135616,1.7441582766464534
34994112,6704,#6704,https://lh3.googleusercontent.com/3gZROQgYtLeww5-bN7DYqCM27SOvOByYIe9S5xvIo28k5w0uv1eb-a71kVn_ESBj0VqM97c_V8Lz9iAw3XJoVHt4WJLbU0ZVLYG50w,lazy-lions,2.499,188201.39960935895,2.0859584614770466
34948752,1435,#1435,https://lh3.googleusercontent.com/qzIA-OyebRVQRLwdz6MB5JR9j2Niyb_QtfgxYOHE05sPFsUoXWHapD1Lr-8TSkr6_3yHqrWqJgTzxts-q_lab_gvTX374dm2meyPjzE,lazy-lions,1.65,82061.17399240028,1.506657039792093
34942873,133,#133,https://lh3.googleusercontent.com/fWuBlyhMESIG-ZZ0MKqLLeWJsz5MPmSXFq-Mq9Hk0LnI597SbUZUSMyucdhtxkzigzAw8L-SCnyQf2biaLUK5Ulh67IoD2M9M_xHnQ,lazy-lions,2.2,218513.33729614076,2.2513976104322078
34948033,1066,#1066,https://lh3.googleusercontent.com/xV3JwqMa6zJo2IWQpFFqY2j1GxcZo0EIXC4dgfYX_wAG9sW1Ey-Whx0ZDRVI_mYWYT6InKqc67Av4Q3bgwxZtJmXBfnzLqBf_5yx,lazy-lions,1.48,66025.99193026328,1.419138818386609
34947913,952,#952,https://lh3.googleusercontent.com/y8CdUnuH26vhRsg8wA7vErQ_VAfH92-XnV7Opp6_nEKnq7ou6GStJG4LOsToeoFZxXKR2JEdiv9J-pXXSpIF6gv-VzjMAZccsa079g,lazy-lions,1.1899,42639.34259385202,1.2914971148733474
34948393,1189,#1189,https://lh3.googleusercontent.com/_LP-2v-LNAKzlqoySInSc3Hw9CKz5Jzx04Uz09wIU0PBKChwdd7STj7vrp3Bz78-n34zngTUoIrtE6y0nF_X9WaX3bHLwN6SCR-9vsI,lazy-lions,1.4,49392.05932119981,1.3283526837931419
34975153,4183,#4183,https://lh3.googleusercontent.com/03PIPC23bGoMA1xug_E_XPbHQa-bpXBzUm96bYw6LlDyKR417edI2-R88IxkWcyGEXK6CXD9CFPkhAhIo27EBojM8iKzymqMFjgi6eA,lazy-lions,2.5,219404.07400700336,2.2562591512848895
34988953,5775,#5775,https://lh3.googleusercontent.com/DLR2zFXgpcvyxgJVNyTIta4ewTYIhpBrXKNx--2P5araS4rOUJX5beIgRssUERjMd8GaRw-VqS204oeig-_cQ4JpzxwtlB591Fb4Bw,lazy-lions,2.89,293385.8290895706,2.6600432552752586
34988714,5719,#5719,https://lh3.googleusercontent.com/aoIJSkkJxnfd5IqJ8ZRZnXMhsTqBDDg7IH5861uc8WlUMdFcaliuuzDli-zQZVZy581ovRUrUx-Wy01_06K5riGcIed9OjgtWcB8yQ,lazy-lions,1.2274149872235134,52916.04195000397,1.347586184899749
34947315,737,#737,https://lh3.googleusercontent.com/cbJC8BnNLqbVUCiWvEYWjFdkKwzGNoufmQBiBx3StmbqYrqvzts_NFu19ZGmPIpAPg-a0QuXgv3pD6Ts5n85SNkPCikthmWNBnbUCw,lazy-lions,3.49,307522.86160058924,2.737201589775077
34988837,5742,#5742,https://lh3.googleusercontent.com/GTsyOEa-LKc8iTovY6hJmMXpw62bypIrcCrskSoIkRk9f3dlU7iPo5eAe_AWRlKvTr2yOqx9hzXx4hP2kNuDdwJgIqYGhnI-RKGsEQ,lazy-lions,1.0,35084.38700758807,1.2502630164299942
34990157,5990,#5990,https://lh3.googleusercontent.com/0JJRDWETc26bEPA53nQ70dere9_WVVk1yAD-UCjJCiGFc5aMpiF15qaPiZh8ysROMj8lMfJBuZVdR9XyXNdASKQfrH_2tWY19NsPoA,lazy-lions,2.39,229420.4700332773,2.3109275149938595
34942517,125,#125,https://lh3.googleusercontent.com/lIf01_St4BWjgQcWXrTJi4RRxlkyOmVHyroEgkmEYrxNCBEnkKjBYak781FgXZXKuZQYwk_1vLZwQ9U6ytHr1BYpPJqper1dqvmfLA,lazy-lions,2.639,175225.96272367396,2.0151399853416456
34978878,4821,#4821,https://lh3.googleusercontent.com/VYb74LCySDbIurGXXi8cX4Fq0z8rHxNlVZcpn_OxiBkjGnkO8Fs1Vk-OZCe0FV5fzqEUsKBuaj0CqfByw-kPx-qB4tYTYLg4x7Myfw,lazy-lions,1.39,67934.18210822268,1.429553505905047
34948401,1206,#1206,https://lh3.googleusercontent.com/HkYfNQ46EhCpz4HAaM3nAjjBQj7QwY7_i9JsZhVlgnH1r0nE8s4qBOj_kxbZiTsqKAIsrM2KJbKfBTFT7O3RnCh_m-39jQi5RO1lbA,lazy-lions,1.84,85167.36711514104,1.5236102927324584
34941441,104,#104,https://lh3.googleusercontent.com/pYIA9qGmFQ8SoLVVuDzoEtzgg_PRIcRHrGTrLV2ZkeSIHiMlK9KF9LcNpgJv1aevw_4c3jcCl3no3T7FfNAZiQfmfAsswLjh0LE9,lazy-lions,1.2890992275,41790.92252059808,1.286866533472515
34948283,1179,#1179,https://lh3.googleusercontent.com/qsgNYWW802UZ4lhYJIF073GoWYlkezVJ7ZEVT6BUcNJbTGkeKtjWxdpY_PmKlB6sn-NN7R-3d_AnNXNXcKos3jZPzxTqzRFIowfA-w,lazy-lions,1.6,64392.24596952033,1.4102220165593173
34999044,9133,#9133,https://lh3.googleusercontent.com/2FeTxUU88BRwCrp6oghWZirdtQnxk1eoz3UhN4vpY5PkHzwN2SDv_pC47f3hTuvYVi6leaZELySVadJcCFNoF2YVMgDmQo2K5L5X_Dk,lazy-lions,3.15,349089.2166545024,2.964066083769012
34952004,2215,#2215,https://lh3.googleusercontent.com/h5IfS3sQjTqbnb9B1Gp0US8YM1HmRwc3rGInNN-G9XU0LbxrL4RFfKh2NUaNjareMFQBl3XlFbxI1o4MXgDYs5zbgOP91sOutgJ4iw,lazy-lions,0.989,29456.95648500539,1.2195491331381862
34988964,5798,#5798,https://lh3.googleusercontent.com/Kk2igtR2FlzupVdqnsrlpqQevOF--8rQkBaowXcDf6-v3A5AJ-Ji5J8E-D98_3LKmTEErvBBJ1sA6OnxvcvWbAU4WuUE3rjGno1o,lazy-lions,1.6,77107.07769170594,1.4796181390033063
34944564,303,#303,https://lh3.googleusercontent.com/nTSS99zAuU0cnHXkUlbBt44SLUQnAB1_zkeZjIqYqB--6l0KkIsMNmfE9tuM8X2MRX02joW53rFTMpVmacqTUdZF_77Puh3EFHro7Q,lazy-lions,0.5984,12595.94401705875,1.1275236221977931
34980925,5188,#5188,https://lh3.googleusercontent.com/jzL2SfeNfF-hKpvqkpf78DGpozJqI9ROXpjg6MogVyjjw-jydfoql5TEMY5q_4vup5W7vZh6wxtaviYpaRSC4FvBWL7bpMJpouSrgg,lazy-lions,0.7379,16422.475816659608,1.1484084026733048
34946605,538,#538,https://lh3.googleusercontent.com/_dD3D0DZ8o4UCtC5qLefriWzrvaYTBmTavSTaGYkdpSYPe88rpcDBF4zd1noEZZ-kpqqs1lj2eaaOmiCTpKdzN6r9KjvJm5RTS6Iiw,lazy-lions,1.41,59913.224622559785,1.3857760214715047
34995445,7272,#7272,https://lh3.googleusercontent.com/zlPM2j3ewirXOt0vFMBY1AOfFBDdwUMmH5NkmWsQFFh7evAYcP3bGlFfHQ_afjb_i9lp3daTQrAlau0yj-QPMacp8rt9rIFRJ98C,lazy-lions,2.24,151043.78761976026,1.883156391603237
34978886,4816,#4816,https://lh3.googleusercontent.com/mxkeA0X6GPSXFEK0N9Dv8AUEKbeGYTNrHLQVUdEnPKdyxjm6EI51ES6ct148HNIxUQWw5D1Bd5vGaWtdRTI5k4WNU2fwkYyWXnFQ,lazy-lions,1.88,106683.94502705986,1.6410453565993106
34996166,7518,#7518,https://lh3.googleusercontent.com/J3TxswyAbMOJcB_H9oWT_jHk3NSlqNOEEhj3wtq-P3gg0gNeX_u8--SvV2rhTQbCLDqaVHMkZcHtroh2Tk8FfGa_I6wcx945RhAZuA,lazy-lions,1.39,58241.5567072683,1.3766522458785615
34952006,2207,#2207,https://lh3.googleusercontent.com/rjwRaHdEMD3HF-Lquq70McgaDQIBP74ZNjWhFdiKCIpCrYUkpHfU___tTCxBC25LiHPW90wVNeNadgu9iQCnO8CxlieZg8PDxXr3,lazy-lions,7.2,1301744.1231842348,8.163549489046835
34949247,1661,#1661,https://lh3.googleusercontent.com/blVA4n4UfYmWwiSDivEdV3etL2DxmAsSa2PI4kwF5-KZNdUjZB286h-ptompgdeEsy1E-tJ1iO9qyiODXPKeAjL8N7repPiNe4Mpwnw,lazy-lions,0.95,31695.622112485828,1.231767518516005
34994007,6690,#6690,https://lh3.googleusercontent.com/j1tYBCWApwj9hsvgKxmOn10aVy-RYO4u1t1TkPy8OklSlkKxUvnHjD6_t6Bk9RfyrNuzo4_BCdPwBPN6YhSmIQcyQyM_0oQOK7Gj,lazy-lions,2.75,266394.2507038861,2.51272625419052
34980927,5189,#5189,https://lh3.googleusercontent.com/Se4eJMJiaXKi_BHhOXYd1bIWzS_bKkd6sJhUesJZoJ0eIfhxIdPKsBXik4nzuTwA-f95ee3daz2jLsD6-K2JyiAQO8U5q2eYs_aJ,lazy-lions,1.75,77128.66359122371,1.4797359524167064
34947928,962,#962,https://lh3.googleusercontent.com/-8rnK6wM6_U1Z7ZzhZ0ycxT0ttPz5GRh8VPJQJseIu-wtEVCwv9vbk8500TAGxc927bJJ-Lp3qheP26XSG3Pacy6XsoD3T1bIE8F,lazy-lions,1.92,129549.76009513768,1.7658444052156752
34979848,5020,#5020,https://lh3.googleusercontent.com/WSoVqv-2MB_yyE22jmr-f0nTBmkNZEPkrB76MJCYXjlUJ7itSVxisUTPxNj_IQ2Bi4wC7tBOQMz4lY1enBn2CJyUd0OBLYW_oLHwaA,lazy-lions,2.5,157331.67603749427,1.9174749798539827
34957169,2825,#2825,https://lh3.googleusercontent.com/3tQ7E4AY4A0RrDEf8-OdBjMDRBVf8qq18AgKjkr-hzpvA5IaPLlpQKBcBoy4Xria8Noqwg4A0kNqu_uXmYd2ZERtj0d5g5fJiVliKA,lazy-lions,1.75,122920.18105443858,1.7296609079494312
34994970,7001,#7001,https://lh3.googleusercontent.com/KF-QfITDL0A8w_X2R0waAYYHJOkGZ0rj2c2emFshGn2ZnzqRZiVgAUG9q-KoHwMVUR38UoJTmiGLum8Iq8SnEeFHDld6RJh_TA_YnQ,lazy-lions,1.325,88001.77542856829,1.539080174731105
34952010,2212,#2212,https://lh3.googleusercontent.com/EhmflCsOiqzDWm9sjbTqojzOkYYHZjPPE-0U8-LThiKBxBX3Nj8DZWmAuhDvrYlQ4dQTe0FyQr9ewmbdT9wAX4prMFnOYK_WbxTPNQ,lazy-lions,1.02,26159.045420017424,1.2015495052173575
34970971,3751,#3751,https://lh3.googleusercontent.com/Zs3j0HdURVXBUPI8Qv45n4aJaE03WWqzeoTRO1mTG6CUgpqWD0OpgBVNS9ZKZ4AnBbEankDxjq5AaUoFiLXSIBNtA4lwK8JBmb4MmQ,lazy-lions,1.44,72950.23505081015,1.4569305590816104
34948531,1250,#1250,https://lh3.googleusercontent.com/ihAmne79BS6a8lRARhRHv_l_R_r9SBceJ6jpPZe0YbA9Sh7FRpiOfCk0r6nvR_tA-8Z5q75dbB8X87ekjCTDkAuszSCenJZSM3CHPMs,lazy-lions,3.05,280225.9742719732,2.588218246795309
34977812,4604,#4604,https://lh3.googleusercontent.com/FjAntTbnqhq_NHzZmCcMH6fUV6pRzBczZTCYJBNoaxfyVoCxfl6oL5nIvX23v4lY0EJgtMe2_oxBpoMNUbdri8HYH2eL8GpyclAyVw,lazy-lions,3.0,316948.4216847966,2.7886452373198196
34957652,2881,#2881,https://lh3.googleusercontent.com/nQYyNiDcbV-2Y8jOBTYSZNOsz201r0-8c7auFAbZu4qNO9u0vOrdP_edhrc85zzLva1AA83hFQMy3_i54S70h9VbrrHpqxAPMa5QZ_0,lazy-lions,2.39,172722.58559408123,2.001476834337801
34948053,1043,#1043,https://lh3.googleusercontent.com/QhjHMUDBFAbCDXViUkgge4yXwr31Pf-DFPNQ9O1UKilPGXTQ75CZtRi_obg7AWHNyc04bZRqOmfMNlyaRbqh3WKVu5FqYSAOD8UC,lazy-lions,2.0,120923.83993491888,1.7187651024997663
34979493,4956,#4956,https://lh3.googleusercontent.com/vYrX7SiNsNMnCwLBdOMRag7hrWJ42JrefmfjoGeVWJuaRkCNOzFb-gb6zgTcZ_bsQiT057XkIYDnaS4Xmg66oM0dnG_n-Md2EPAU,lazy-lions,2.29,158026.45886195445,1.9212670264191047
34948054,1024,#1024,https://lh3.googleusercontent.com/lPKLy1GZaCQ2DRKINnRngd_KzH4hS_OQHay_Sd6xSym6UMZIbf60-M5dZfpva6qFVofSu4KgTUFVmvN0_p0aq0rkgZ6IjU0ryVi8hYE,lazy-lions,1.7499,92537.46733357896,1.5638354713552134
34997254,8071,#8071,https://lh3.googleusercontent.com/4iEP_pgx14U3DA13F1XOpO-nOtH5GSw0fxmEUJqGIYG5eQRGR_Jml2ESEGe5NCu-D_THzLTID-6DGijlW5Zl4ytdCOVAoAFCcqgw,lazy-lions,1.75,123025.4213741474,1.730235297785815
34948294,1181,#1181,https://lh3.googleusercontent.com/4VKPl8VcAAs_sjdrISk97RUg2BW0hY6G-YIY0KyU0-TdVBK3oUnde1ytUeXTfbkBeqdkGcAQMbuk59Irr2MxX8NAX219pdpRqEpt,lazy-lions,1.45,52823.788074840864,1.3470826736180717
34999295,9344,#9344,https://lh3.googleusercontent.com/OS4uCbZENshF5N7Jo9DDB4UxGxcwvWmNPJKYBWOomUOJaLlzo3AQfg-039CM-RT5RZy4tdo0WeYPnY2TqltZdEGQ6G0aXcuAGESORw,lazy-lions,3.37,569587.28465601,4.167519755829513
34949255,1667,#1667,https://lh3.googleusercontent.com/aTvS7uqPX8v_ag_ucHA2Thb82YzufiYQy5OthMboJW6OQOtTqbx4PRMyL-LhPZbzQ_EqlPG53zGaXziM-o2SZFFCJvbrL1nqxDr31A,lazy-lions,1.7,130401.5168336184,1.7704931977602878
34984415,5425,#5425,https://lh3.googleusercontent.com/hH603fOAyBlXJb0M_8J5MfOMOKvrsCrycOxdXlqeAseeZq97YVUshGqEqTfxq-CTm8TORuoLZQB-GZg4ehCnS836BBJn5eE8c_R2oQ,lazy-lions,5.0,752052.0846569971,5.163392125928789
34948776,1387,#1387,https://lh3.googleusercontent.com/ZLuFzcjBnOXrMrjTd4ahEQc1hK-bx-nzjdFqJJMDOO5j0A_yDCEkDTF2-cqitFL4DrH27LS8S-fT7kiqUN55gPmddLW-5EwPzA3Y9T4,lazy-lions,4.25,636999.1899058669,4.535446357857518
34959336,3080,#3080,https://lh3.googleusercontent.com/bfZIc08gCZ2jha9WvWX1txtWT4uhWlkiMXz7aOMk76NnVBmo5hGoj5Qh72lMn1Y7FtXoxU0RPQZg9-oqj8wsyt5aOE7fLH24UJROArM,lazy-lions,1.2086,44018.5709048936,1.2990247879753243
34947936,978,#978,https://lh3.googleusercontent.com/Lc_a_2vu3EnbuhDHN6GXmvoZOlcD8FuTKDdjOFUSSuX_kOazszMxcgM6fy-7LDG657pjjP6Dawzwuq1XXFMSTiUsVlffGm1fx4k3NBc,lazy-lions,2.1,132711.73467831154,1.7831021070974735
34982017,5341,#5341,https://lh3.googleusercontent.com/O7eRUEggHqnn-okoo7PwsLJHx7kofn_K3Va60WRMtkA3DThHryVT-kPJNr501Ux9QvS3gcwDezvXU4zX2pkqOwlK5L5PQTJdhyxmYJM,lazy-lions,0.96,32363.88297651964,1.2354148112020813
34981057,5207,#5207,https://lh3.googleusercontent.com/vcUUjYWOWAqWu1py_NS7bSTcuGFnpL7jcnDpequAju3Olgv0cva5rItdH0YPZDQ4yKOvyeZnJ06ncjYmJ_DlFRHfJZzmgD0O69ebGw,lazy-lions,0.69,11960.42789926268,1.1240550466563055
34952137,2239,#2239,https://lh3.googleusercontent.com/jXbcR5XzasUhkjTYc_jW3P3yO7O0aWQQOik_3x-mQ-ruZR-Xt6jCCATehV7w3KGTZXdL4ODCUp-o86vNIRvv5lZdIHULq9ZGoy0iGqU,lazy-lions,0.94,22189.00529366213,1.179881472424176
34979857,5026,#5026,https://lh3.googleusercontent.com/J_YHM0lPEfp4fEGNxaL9XJRKdzUC_STlAE4ZGX73euQ4ZSV9DdxNm7eF2fyPWEwam60SbRx9pdgTtWzQ9kYWFLVtkrG-o1r7lZk3,lazy-lions,1.14,32621.10924731109,1.2368187232768677
34961138,3144,#3144,https://lh3.googleusercontent.com/O6CMn3Vcb03PZCAFNY-KPSIgcbP0G1PwMGcDpaZ6WOVljHf6Iyvv3nrKzOnxbCg1RMNrbyMD7-m6qBE1aAbCiK82mA7Y9gaXWCM8sg,lazy-lions,2.295,158748.92783768952,1.9252101808860735
34994623,6908,#6908,https://lh3.googleusercontent.com/wAeeEu1Vq3LG6RH0DyjUPMLMJ_369jWXvzf8z6K7eSa-WwSXP-glae4CmrKI7zWaZvoMG6dJ6-xCAx6Fc8ByTCimmdKp2F-ZR0koWw,lazy-lions,1.0973,54354.922520673485,1.3554394333301023
34948663,1305,#1305,https://lh3.googleusercontent.com/riUnIfhfFAEfgSpFLafuE1LQGFUX9Yx8PdfrkSWKz5EuAthiMSVkDu71eCXU3cp76Jg_JUuH69W74wSoak_wbGUbmAqbJ4acCi2Tmw,lazy-lions,1.683,85431.77136569063,1.525053381413989
34948424,1228,#1228,https://lh3.googleusercontent.com/Z8ccG9Xp9TL6M0KhokdIsoXvSQpzVZfoFFdKnPDime0VYX5HxuzWPjyqkk5O7ekAIBd5MCmC-MfhgKgZkqlAk_QKiPI83hZyjiD7,lazy-lions,1.4969,78702.22404726146,1.4883242685239244
34946984,612,#612,https://lh3.googleusercontent.com/HXweTLUCNSsXnqBm7umC9fZcs0rdkt147GvzPWvCaLajFdiOsx85VW__pKxKHR3rnyWyo55M8l6KdSpC_kA1tXtMdHPqXO0kofzd-A,lazy-lions,1.09,41738.18724470032,1.2865787102638968
34995944,7428,#7428,https://lh3.googleusercontent.com/Atj3NS_Bv7thHjYFfJIOxteufR_Vc6w07BuVLaxIyVHblgUlDvt2JnnxxF2W6zGiiiQJ-MTfaYOwMuLz57Pb38zUuhIqaQ7E9p5JJQ,lazy-lions,2.85,286030.8374502502,2.6199005375791837
34952865,2290,#2290,https://lh3.googleusercontent.com/BRb02M-hk0QA6T99qN45mMZRJ84EZj02zatfFcmPKca0Ir90aKqBeiuHmqUICjpthfykDl6Dfa878VBrUwkSxDbT8ujS3GfClsaHBs0,lazy-lions,2.6,170183.3387779556,1.9876179106164669
34980225,5101,#5101,https://lh3.googleusercontent.com/CCJPalhMkExFtrNgT5Iqzw7C29dqONQukyvfpk5fIGiBltwpZ0VUiOSf73dnADldP_MfMLqn6NpuzvtoTNwaJBtWR9fR_qPvQoNQvE4,lazy-lions,2.6,169836.04805037662,1.9857224368594153
34995466,7269,#7269,https://lh3.googleusercontent.com/CqdE1wOzjNgEsc-6Riuvj82teyIZoUMGL156UL7Ab7ud4iIlNAyVt9RwbRAbmZqlOU_cbO3bg_naT6h45l8jzLevuU_0XBA7qcJo,lazy-lions,2.1,132928.72831410254,1.7842864339724134
34980826,5182,#5182,https://lh3.googleusercontent.com/i2Gx8HzLFjPZZCff6kezwAQUmDOj8A_alaJD2Qeq9SFbO-W1F2M54tnyCFroQ2uTS8sigKlIwQK89itRkDy18XABYOAG-rf5KYxVuQ,lazy-lions,1.09,29852.949342022424,1.2217104176437883
34947587,822,#822,https://lh3.googleusercontent.com/1H-O_DIZLR6edy6BGiMrsu5iIY5wXCbd_uEg_3s8E32Pc6Jx5EOhH_yk0PW1q9Aq828UzxFdQVfZXqWyFys5QkLZzsmfK6aUXcIECqM,lazy-lions,1.149,46343.43820289466,1.3117136523821253
