id,token_id,nft_name,image_url,slug,last_sale_total_price,rarity
59379360,10645,Poet #10645,https://lh3.googleusercontent.com/bNqkc2b_A_acZt_8tQ71kqMs3YXRaR7h6KhaHolWbtDzm3pSNLJW8PH8k0pmDlgVHGoJgZOjB0yu6BxHfoExksxLSntiT_HGTawZ,lostpoets,1.399,545.0713639487026
59334000,8684,Poet #8684,https://lh3.googleusercontent.com/8a8akQJHfwFzaPHOo-WwZs-YDc9kRRkaEARleZN4EfvoLZsjFqnJby-rLLtTEG2uNnvxOi7Fex9KKUTlnsTdYdTdHYRo8NnTW7vT,lostpoets,1.37,575.1831178217063
59481000,12316,The Cryptographer,https://lh3.googleusercontent.com/S0uxQUTUVNOkX9Ale80NGgYTOCjkvPo9OygW4cmlnATe0kSlipyKtZVa2iQprUfrw-q5xb4Kx-bKQQqsUqsROUTV197wZPSngryBRLE,lostpoets,1.555,8938.042752069081
59274603,3604,Poet #3604,https://lh3.googleusercontent.com/e_O73KOrgBYpxQI6KOWb4uvlughiIA5--AzvrKCbgxdLoUNZH36NqCttJIBux5QUOXsOd3E7EUgOAb9cAtJmnM30wDtVCJEcVSYESQ,lostpoets,1.2,672.3100768729231
59372403,10501,Poet #10501,https://lh3.googleusercontent.com/axK5urXPvLf1bLd-qtzizK_hTi0R1Cfac8Vat8YltKepI0Jg_JO35Ak4zW_OUcBjzMZO_Z7yzVGS0zjlXgKZOdsr_MteF3w2Jjl6,lostpoets,0.978,497.09161699598724
59428443,11703,Poet #11703,https://lh3.googleusercontent.com/FlhErA98RTUukajUWv-EQpcDuJz76nxPwdXXnxPjMhZ_0jodqWyUxJPd2FgX8DosP_863qEhCYppeo4KzPdOAYMKJGgEPDIZhbfYDUs,lostpoets,0.849,482.1177780884457
59268965,1395,Poet #1395,https://lh3.googleusercontent.com/-KOF5efqiulpHCWwO-aY_PINWQet0HGCT0WQsQjrTtq6byqLanI6pbF-Ys5YpYTDN7H_RC9DFJHWBvNixQif3FqnFiswXa24iX6aeA,lostpoets,0.99,450.3385165439799
59269445,1613,PakMoon,https://lh3.googleusercontent.com/mtyncgp6F9Sf3b-rOGSCxqo8zksKA8o2dl-Dy6JHXP90rIG7sUE0I6WHLWExOeNigMDT4Ve1Jy3lPd5MA4DmBHRKklKC0q04wTZ-nA,lostpoets,1.58,634.1677858134195
59287206,5871,Claude Monet,https://lh3.googleusercontent.com/EHjcMfuoz9YcWEDG8WKIRPQsfsMuzw7LvB6KCz9qZP8LIa0DoHVcF3PCzh9Ht6lLs299m1NbvsZ_Y0QCxFas1w6HDRMowAGnqsGX,lostpoets,1.36,542.7121832789607
59293446,6303,Poet #6303,https://lh3.googleusercontent.com/i7c2FLFfJGJsfstwuIMvIzybdHm6Jx-vfGaz4u0YA5OOe0QUTjynXSlEPwhIsoOzPfx6LeGvCduCATAiUw2X_3e4oHkAGkUSkjiLcQ,lostpoets,0.78,478.715483200538
59414646,11437,Poet #11437,https://lh3.googleusercontent.com/jEdMe1NYrUvdHKmfHu-Htj7DML5lnFYkAQroUKbH8uY-8bBxkslzx_0BRBUGs7DYX21K6TnJ9LXFY81TGcdvY8FFf9_EaLIpA3yMQ0M,lostpoets,0.85,473.3226412262962
59268846,1287,Poet #1287,https://lh3.googleusercontent.com/sBYZ4Aoe9DaeoWuCbOOoB2pUfuissAQ2g7FiLCXsBEzPoC3gamXealqN1wZiSaNDSiqdZL1hIzrBtkHBskYxz9Qp9l1Pt3AYUOb-,lostpoets,0.8,461.50035084934393
59379366,10647,Poet #10647,https://lh3.googleusercontent.com/92e4IKWpp-YVjS2E35Kmm14v5zRaSwrlJx9tJqciFNcNWsTxMW-VREgaa6eVL28epudlx6I15JEaT1M65Don7BGD0v2fi-9zS_x8,lostpoets,1.099,456.36045702583147
59369167,10408,Poet #10408,https://lh3.googleusercontent.com/JqRDmWtBHDpQnWXdCWxty-lDC5ct7-bg8QS6UHEGt3mzdQWL-UKAFDVqLsJf3YuSFNkrOSCVWrehuvkoCx8udIS_w_2v8QWTtNQz,lostpoets,1.99,693.5337377673842
59301968,6886,Poet #6886,https://lh3.googleusercontent.com/kbWmJiJizEibH7J_y4czfdcz6CR3UV6xxRGil-txyO9wYPLMnL0hq6SaLwACW1uDxdVaU6VH0GRHb3kiI7gzydNUXqQuN6kUgUp7RC8,lostpoets,0.9899,571.0663466295823
59299208,6650,Poet #6650,https://lh3.googleusercontent.com/srF5FVZzcC0cx659kKKo7Rf-uDKSjnhLxXkHk1vuHXqi63JUPkeiGJP8lWAw0uik7oxBValiXThqFMBgFgzNxPd8hzKxVQ08ZvrS,lostpoets,1.22,576.651821413504
59315528,7724,Poet #7724,https://lh3.googleusercontent.com/bp7yT951Y5PQuUlEuK9c52HtJybBaPGBdaA_3kKwUnbdFEnT-SSUDIJqLlC2CY-DsPEu1HJHsrpxvZYeglW31K2b-i018DfbDZHlEg,lostpoets,1.089,540.532577331205
59270888,2620,Poet #2620,https://lh3.googleusercontent.com/h2NXiv9DC6t85DHMIxXFAsWPhN91hatSit3X6CXogZOYsXC-izzw3szGYPoQBn3oKVmyplz0QoF97s1Vh3LsLPOwVtMitVInvCmdKA,lostpoets,2.99,405.757769541252
59440208,11750,Pierre,https://lh3.googleusercontent.com/D5eTd8-EikQ6HmMGyN5SNmJJR1o1rMWXVLE1H3_AiJJl9ioz6gDYpCr3kNT3kohoApyUeXeT3TRTiVz7f4Q95I2mMAVKsMrT4egu,lostpoets,1.1,30637.761026593253
59269449,1612,Poet #1612,https://lh3.googleusercontent.com/tycId-lPmCKL8-ImAqHcbzkXGCxWnttWekZp4WEnNMpvMSgFjOdx073pUCbJJ5hCMb5DbZz63jKGOmaW2PLHcHamQam9iPAxoZdu_0s,lostpoets,1.29,514.5541875107514
59304249,7026,Poet #7026,https://lh3.googleusercontent.com/x9ZAsRFfAIPfwcNQt5I8KhiHEEEC4NVlyGsh7AqKu59q9T9HiGIpxvCBruxNEQO2-rV4GRNWdNXuw-grHv-UhIXjRL1V-VHydOnO4w,lostpoets,0.895,543.9503278977993
59269809,1732,Poet #1732,https://lh3.googleusercontent.com/BZnwKOvdXAZE9s7gSSuq6fUgiUmP4A0dkw2PwQQkE3LLddS3lBqAN7ox3Vtt_RcEZHIxOMuAzTG2_A8Phz23ZfY6cm0BMDlJKc2oTvw,lostpoets,1.44,503.6528236361263
59352969,9625,Poet #9625,https://lh3.googleusercontent.com/wcW29ab1k9SNeKaH6dS2ycVaPHROz-iJ6ZUz6nHiJyFvxsnM5n98g6Fk4l12Za0t32u9c2iRdl1pIwu6dN7_CT7QVWi938MVZqua8g,lostpoets,1.1599,491.2184287888362
59270409,2306,Poet #2306,https://lh3.googleusercontent.com/PhSG7PjteLZVnkaydDGBfI6g4sqiV5TcqE-AeVJ9rEKnMqFYP_uknYR_dWTklRMkyEXtNHHRmxWQLsOCYignPTr0jRBL4oE5gi6TvLU,lostpoets,1.198,406.90381058268434
59269570,1705,threepanelcrimes,https://lh3.googleusercontent.com/VfRX2p8hSHI2FpjgDLXP9I7jvB9L2PT82KGR6hGk19JkKWyjTUmP8IByFeRrgbaCt0rgrnEQlD4-eUaoAhmEoxeK-mKpkFI6VVt4zw,lostpoets,0.95,15466.929132525678
59476090,12240,Feste,https://lh3.googleusercontent.com/eKLQnVPHD2HjTyGr46BPVDfgx1oqV0frknuosVGH7scmQxeQuB-j_VisKFAspQObMkg8--32lPmFUcAP_RW5b4HTrogloO5FIhsoUA0,lostpoets,1.09,3868.698039512655
59271011,2551,Poet #2551,https://lh3.googleusercontent.com/8ZWverSoENPWgP_TyhooWHenPddWQVD0hZH8UdJ0jXr6i3U_QSE5g-C4H1F_r3T3jZ3WZLJL6usrN5P-wKTEWmYBqwxfK8LqLJKL,lostpoets,1.24,1218.3929676558691
59337373,8989,Poet #8989,https://lh3.googleusercontent.com/9AXadX89XDYnIGXX14zX1jY7G1EG7asammqORt4SqZRl092_NEFef-FGau4doHqlB-UXX1VPqp54OwVEGJi1fdGcSa__ya6HsnH_Og,lostpoets,0.948,424.2771976767396
59388853,10843,Poet #10843,https://lh3.googleusercontent.com/ozQ7Q1GH6Iac9XDMCp5FoZ6D2uGJCeEsqnCrsRwJT9FXJGHTP_SpwqhSffYb594vITNjlUAV3ObJwkI37W0KuziopsL6YzruOMmdbQ,lostpoets,1.2,615.7316675313776
59341695,9201,Poet #9201,https://lh3.googleusercontent.com/dsRnHWQvUdJac_UtP7rLy6WycR17KsDlMtDJS8O34KpkfHP9_8FJEyrGbn2oJl_YpOZ4LniYjJH06_KaK6KTgth18D_ChIKKx4Us,lostpoets,1.149,463.8971220099589
59268975,1407,Poet #1407,https://lh3.googleusercontent.com/aeRNgEci5dQEnIUxU8PtsibmTuW1AE6mXEbSf68z-4nDeCbaKkB2EPjLnfc3VUdJJ5HGoIBelcMh1cEvgshEaSkT9oHIvT8Rah0y,lostpoets,1.068,490.98317157964175
59352977,9626,Poet #9626,https://lh3.googleusercontent.com/a_yFKPqkgeG8kiZfc15anpG661h6P-o1qWmyn4QJi94CI0YpN42jh9_7kEOAbbUCUNSUNXgDx3GzdnfC34H_B_h80OMF833e0LY5,lostpoets,1.2,634.1086433744797
59311578,7550,Poet #7550,https://lh3.googleusercontent.com/zROgLl_Y8R0Ao_Oz5sakeQvWeBtCQqLoANtp1MgWpFaabdZBtIQOCPK09hkiK3sI6Ff4usdz5z-OjOBSxJ0RDyR1fvpDNAo5lb5T8A,lostpoets,14.0,5493.235213153596
59268618,1213,Poet #1213,https://lh3.googleusercontent.com/G6a5Q7F5BqHbsKSg9EpKnSJDW4pGqo9yTzoj6_igzF5E0EN9tS_EYwq-XTrshAZA3_Krdt6g4tkgb5S05pPoOQA_bcZBiCEy6Ks7yA,lostpoets,0.9,518.9506903636399
59466019,12095,Poet #12095,https://lh3.googleusercontent.com/4jNgfaLm5Jbse1ZZEzBFDu3XrcdnhZpNjT0rru-jlkqz_Zfi93uS87WvRUF3-_avkgRo6tEeUr1QTyCd1ezQJmo2KfBfdNgeq1NU_nE,lostpoets,1.0,454.521799032049
59270539,2318,Poet #2318,https://lh3.googleusercontent.com/OL3UY4O9t8iFxZ6y4BlJRukawWmnnbXrGXYMDrEdNQzdrRYOWR8WuPfkn1SaNcJSXA7FpRE0Izhsv0Ntqn4sOqakggyGKZcxL1qI,lostpoets,1.09,558.568085622617
60191059,16030,Poet #16030,https://lh3.googleusercontent.com/o3apfvT8kcqm7jO4dZQ-ROdBq1juhW2MXnKzxefwjmBRo2oJIFIGryyWzM0GON9mlSP6wnOGlI-vkyj8S3j93WkVB0xEUWg13Dx-,lostpoets,1.1,470.85141381737054
59280740,4846,Poet #4846,https://lh3.googleusercontent.com/iwaVrq28B8GNc5tk50FJXLyf-boIyM9nlwjX14lBisjkkudpFlZ3ypuoUB6bxk9dglwSumu5VxlioZAAuHm70u-bk9Jm-f_6w9AdTg,lostpoets,1.09,509.83263727303705
59382740,10727,Poet #10727,https://lh3.googleusercontent.com/k6f1pehVXwXbFXNYmg_JZwOldDyyme7rfDWfZznt5BpKOLpz6AQUBKgyDqKg8aFlkGmWC-aGjBxgpWdGZJtq6J9H4g21P-a32Wnt,lostpoets,1.23,569.4208659804193
59297061,6549,Poet #6549,https://lh3.googleusercontent.com/LmVykHKj7sjRQditrfmSuQIRpSLytc68zJpHIRIQgwgih3YbvinIy-Cra44ErYsKq60SVqyD1rraxEyy7Y7lmDnyH9bbi7XWjNoVTw,lostpoets,1.248,616.8497875503789
59268981,1408,Poet #1408,https://lh3.googleusercontent.com/etIBXgqVTDvqjl4KOi7AT8JfFawucYGYwV1V0A0xANvI_6_p0_82RtN7w547DcSZ7CIkQ_08P2uqAWFBlu5FpsAh6X5pC6lsha32gA,lostpoets,1.0,583.9012458566623
59296822,6523,Poet #6523,https://lh3.googleusercontent.com/wH5HUHoX9wxhDvVDhqrH32feq_j8Dsl_GoCAdLdcp5Ttu_eEcllzAZ59Dd9L0lzko-fQQWwYoRL-lZ-D4RdAgO9upxd4-wyTBZAzfQ,lostpoets,0.9,814.3717986886707
59310742,7467,Poet #7467,https://lh3.googleusercontent.com/z5-YCOlEk8wfMxDv2W0CMILZyOpwjmGL6o1V9PH7crkoHxGhowZPSgKf7_9eUhGhRgdgtSADw_Ma1UPxb3f7Zmu1hg5O0tX8gYLT0A,lostpoets,0.949,650.4130555210169
67925902,23407,Poet #23407,https://lh3.googleusercontent.com/KaoEK4H84-rvIqjZJviomvjdU3CuuxD2Yk8P0wuIS5-56AiqG_Ge2b7jSpalP5V_h7qCRcL_zv7yUzd8ZDzAEn7tLNKT1O0FysO-LtA,lostpoets,1.0,487.1585846030848
59325143,8201,Poet #8201,https://lh3.googleusercontent.com/yehWsgKaceT936OfuA0cMMmF3xNFMcNp5l3WIYc8pSfHL_NifGYa-DGHuaqev923oox19n6TEvXm3XzjMXBGXkcsEFLtEzG9SIR1Fw,lostpoets,1.1,426.29137322159664
59309184,7354,Poet #7354,https://lh3.googleusercontent.com/8fkuPEX13SU_7lrvRTWBONxX_BFIaQsDzyUuieGiwmbRwWZ-Se-JgWHFLUeYt_pMWwH2UpTJdHiWFVysdFvlG1Bzg7ERg16gr19x,lostpoets,0.9,561.5489282924069
59269585,1663,Poet #1663,https://lh3.googleusercontent.com/apZZYH2YJNDkNKXqIRjUlny3_rd6kSwLfW7GONtbiO2j1lh9bxZeq9GSCk-A4WxXihFdx31JMa6bSF2cpJXW0Doxh05_nHio78t-dg0,lostpoets,2.488378896341807,817.2452037014191
59292027,6233,Poet #6233,https://lh3.googleusercontent.com/QOQwVcYNllNPwxClM8EsPJwgtN8A1pVv7FdgLKqkJ_BiuzgVEjJu5u_2WB9cN62gO01srG39vkxj6V8I0TJV8PAgoYD31hFcuEEaig,lostpoets,0.98,578.5059859790649
59313987,7688,Poet #7688,https://lh3.googleusercontent.com/_dxVuW_LnNtJiY3Af__LjeI-Xo5972sBBnd77Jv2ar0qnysVgID3BOwKWlp4eFoqxaWjVQiqYfi1vzEryB8F_9dLximsYLBSNV7614o,lostpoets,1.111,426.0284176523258
59413827,11411,Poet #11411,https://lh3.googleusercontent.com/1NRu-RZhvm3qGpEtMktMrOt70rxJjWB8yn2EgVMU1KfvUSNGavnL7lt78VJ9C8_Qu8uFmB63xK7bgcTxgayoDe_cbd2lm3_JhWbMHQ,lostpoets,1.045,495.8759767351348
59301988,6883,Poet #6883,https://lh3.googleusercontent.com/D-qh3HHqpNP1xr0eVRFPGaf2Iqr8puQVCI3sytCzgIowBkwp2Y-TrnNmd96RXQbucdE_m2fa9zhX56QtmpLAgmtQZsNTjJbDNsrJmA,lostpoets,0.9868,497.0551885685208
59322629,8084,Poet #8084,https://lh3.googleusercontent.com/xc_i8fRpRo2QcIK43LTaRpVpH_QemT1wnf5yGao1IGQ1k-08e7-8ZTj4iuniQLRD1qkZvlyMSh5dT961ia7nBQHzTL3hFmVpUR3TWg,lostpoets,1.1729,713.5425896173319
59291430,6189,Poet #6189,https://lh3.googleusercontent.com/Io0S8zqH-y2k58skvYJzHP7r0npQqPUGDT3yY_EkRKLMPYJiPQaqpvZ3V9f0Ou0_4MT_x0atUbDoWOpzVHAPC-4-ZZVyk1CKwSpd,lostpoets,1.079,465.6062509541276
59285310,5444,Poet #5444,https://lh3.googleusercontent.com/gA8SZey2y3BloWPIM7HtJn3MzOArDAETnuFuBI1rkyM79SN2y1BT4hAtiVkOIFvwzMduV0whwbS9yfLbagli0Ot969bRM1ohZsMH0Q,lostpoets,1.39,438.8485319912028
59268631,1215,Poet #1215,https://lh3.googleusercontent.com/YBgs2Z_9tK1ohIVBLv2hR2EUqtVkrT0zwIBOX4EFVY9mlVFksLErZ7cnwOE4OCN5hzAniVowIJ3RR-ND9gYmie0e7dHiN6HI71dp,lostpoets,1.76,477.4315519203285
59270671,2433,Poet #2433,https://lh3.googleusercontent.com/8MyqDCgGwi1YgRRXzy4mRCUn0P8qxHYUfEJ0KstejkRGGdsF3ErIpG3PTYYJ7bONIrVxkUJUwpsPJqbeuBW34jbLINIM30Z3ENGzdg,lostpoets,1.08,461.4476920595299
59511272,12888,Poet #12888,https://lh3.googleusercontent.com/dzBBPvqSco5AgzHbrAPsqNMlxpDYp0WkD5kq5PGFeHw9jfD0YgU-I5enu0cDjdTaXq2cDIHmOekEdJWyacV7q26vHdtO6YLF9Qzk,lostpoets,1.25,457.66921186731463
59351672,215,Origin #66AY,https://lh3.googleusercontent.com/0tncXjgYb3v-lJpg6marvNvzSyDGJx7_OhHBRJ4jZ8R7kJQpoGCxYQWTHvGj47EXJ8syrLKBhGmqWxmMttMCVeZd7kMnzQV32yANSA,lostpoets,26.3276,363.5668325102464
59318913,7919,Poet #7919,https://lh3.googleusercontent.com/ncsFRvJufruUuL_vRyUfNDty-dtBmhcURBx7i8ToIlfDt1_P4OD0yt3QJ7RuKhqDRGc4hKd-vd3qjso5qj5v99PRQWMnsdFmkGdd,lostpoets,0.99,474.7808509205808
59270433,2375,ETH,https://lh3.googleusercontent.com/Wt7s7Mr2jCg97MQ0Pm4DaILnRP6gMDuVZClV9_BnPD_yxNO2VGSDTr3c1jTORCt3T9BuvTkdQ0s-8vjReV9-FLrFK55NlGMKSaKaqg,lostpoets,2.7502999999999953,962.0484077606782
60405635,16422,Poet #16422,https://lh3.googleusercontent.com/bwX0sV_FhgVXbRL_V8YvZqFXmgYjCKNMrcpSWR-2Bhn9XfGd-yKNduO5SAmA1pI6kosHXRyw0JTRciJRq0yHGw1mBlAq47soXczi,lostpoets,1.189,464.5620183692012
59292875,6252,Poet #6252,https://lh3.googleusercontent.com/niPJYjO4X94ZllOoU476cOhZaNrsJCQLJn8qFrjwX0J2UWg2jdV-x836zDuMVBnbVoTk47hB8GSdijIfgTNg9AJx4UCwI-nzaido1A,lostpoets,0.7295,197.34883644187485
59285076,5438,Poet #5438,https://lh3.googleusercontent.com/MM07rKmFz5tBu4M7SjTHEhSlD25tvXFEhWywP_4aMZMwEJqDJtfoNF-R2l18aPgvHm8d9dCjRsgzEWMPE9olJpREY9t5zEnauuzoxw,lostpoets,0.75,450.8595576497568
59270676,2472,Poet #2472,https://lh3.googleusercontent.com/U8LXeNOaS0M0vKqeZrf4H0_2jnUdAXBj8khkiLp01oxvXx6Bxdn17QjZRyxreLRfTQ-JvuHIJGgxRfIDXyyXLTVB6UOn7Ijm4BtZ1Q,lostpoets,0.849,433.97190523468186
59301278,6806,Poet #6806,https://lh3.googleusercontent.com/JppfMfCH5UYKfybxwGYwNQUlD4LRbjLxs8JLrPiRPNDTAYgF5nn0q73ODteAGpiQZLvi8MHHBdJdxmE1s-kYS_8RJi8dVUp9318h7g,lostpoets,1.079,518.5015311622722
59278118,4491,Poet #4491,https://lh3.googleusercontent.com/65-YyZ4AMg0dSIE-PpFi-yhXBcwNOxKNUY6pM5dURnrVIczhtdn3M3l7HVJd6gkjikTObZb__WbZMgUlzhRIHKYvxVbHyUkYcHhrGQ,lostpoets,0.799,424.8429550201396
59309198,7360,Poet #7360,https://lh3.googleusercontent.com/CHfzLeSpr6Z2yofQvgZT-iR2aA46oVfOsenqXr5Q3kQvqOJQinlajWsPKPQjLKptWqH8nhi7QCbPbrT_ZsE9PI8Z6LTHnG7cMkqniQ,lostpoets,3.0,539.625240114908
59285319,5447,Poet #5447,https://lh3.googleusercontent.com/pBi_zn5SpG2IsPi08OXE5hJ3PGcCIa3cAVpO8CktLkN68r8FTjKW7W1TX7OGNvqfDASDtq76ZSHHwqUGi4jPUzvjtHLrNZ8WrmO1iQ,lostpoets,0.849,605.4692681631941
59444079,11788,Poet #11788,https://lh3.googleusercontent.com/xN3nboGRyDcDjcGJf4yAad9Alsxkoa4cMRDfF4yyIWnkGsXv6dAP5KE3_sWYP_spt6mmJwuIOreQASz9M4Qm2U3h8prAsYRXumag8bg,lostpoets,1.31,407.38430336565693
59286160,5556,Poet #5556,https://lh3.googleusercontent.com/ytDSln-h968itjp2DdqgeYrS8FiG4v_1UAzcuR5jAnMZDO_8cdJ-g41xoLNi_f1M9heIxouif8ltJRF8ZihLlHErAM1JrDs80PlIZLc,lostpoets,0.85,441.4343723781909
59309440,7390,Rainer Maria Rilke,https://lh3.googleusercontent.com/T9nxsni66xwr6DUwv35k7HPrUDV6C0C91PR7ypmAteTroBPngwTUAxYVOaBjHFw8rGojV4M2YKLlG99HAIC8gYIesb9zW1HGtcIzeg,lostpoets,3.5,3329.5521132015483
59383720,10748,Poet #10748,https://lh3.googleusercontent.com/VphAxNCvGNYt2Wc2YPt6L2_chQbQGQ7MYYpqD1xLsXXyghMOI4NOralQykzfX-t7VIaqRkEtk295YAHzkkfZYrnPkkeKFL5LMqQKMQ,lostpoets,1.79,619.1921844058497
59283281,5185,Poet #5185,https://lh3.googleusercontent.com/fG1Wecj2cLgCop00A4X4AOIV_wIqAC65LWcPfxOylgvhHA-sNw1Tz1eREhNS_Dfib7JbmawRULvNDz9KU3zAvQ1zd_3JDjKLmDdcOg,lostpoets,1.58,11258.57107865297
59283401,5197,Poet #5197,https://lh3.googleusercontent.com/KHZVLEiuMpx28QxEKdkJ9ZcERD_6Ar_C72NBi0JiXHC5IPR9KPsABzVxTLfiy-DFSK4jTV0sqvFdI9SffJ06RlIwD4rbL0JP2UTu,lostpoets,1.18,486.4051656525262
59333681,8678,Poet #8678,https://lh3.googleusercontent.com/06cyijgmTLYox9XfOqvc4S-lJz-6cP9JbZVwR2O1hAbsD1LFsjP2J9N3XmO2FRD5G7EbAcHeCaJeRHtVux3Qkaz_dkefHcUB3I3g,lostpoets,0.799,587.7964334638016
59289642,6059,Poet #6059,https://lh3.googleusercontent.com/fYbKnq8wAizrJZKufJ3d163l8rPV4OsuaGsitviPGFrhX_I5wUqbSSlOuQ-aDt2ZR_SuDL3fVB8diZpyMBzoHcj2OeSMXrLcq8qLdA,lostpoets,1.19,623.3849973851653
59287964,5897,Poet #5897,https://lh3.googleusercontent.com/BVRuUo-OXlPONfXoKBotMSA2MW4-xHuTjiQRtXmFEZeHe6_1d3LwQKTQdoBnJ9Alp3aJF6JRYEz8sDFgqMXmgloHwR8iyfb0pY_Uh_4,lostpoets,0.99,407.266040372767
59269724,1897,Poet #1897,https://lh3.googleusercontent.com/xRaFiIzrAr89Tlg3VAiTqCQ8ApAfOyOpJz1nLqiqp2eVqI9rXcWU6qqZQcdU7AFfmGGBomXEUwBevcZJXtnMN8dhpVF7HBxV8n4N-w,lostpoets,1.09,405.0653394582756
59293245,6289,Poet #6289,https://lh3.googleusercontent.com/knxp-OFyFEt5HqVJ9-NbXhy6zuyWiuiXP_x7YLpPrxPGwYFXfJUiwEFHYwAStcR_dbnfyTELK9lr7xQ_RasO7DtPYi_AwAOsRiBY,lostpoets,1.26,431.2716946426795
59270325,2182,Poet #2182,https://lh3.googleusercontent.com/QAF3_qOEqAwjld4YpcbfOoGYw6p7lZYz6kawZoFzcldvsLwCcqKOHRgtsjDHKLeCokHEpmScZDlwYJmUR91R6Kiup8xF0A5rspl2Kw,lostpoets,0.75,431.80224995273744
59270086,2259,Poet #2259,https://lh3.googleusercontent.com/T4qhb0CPCJ218G-FFEctB84axtGNZxkPx-qyyA9gUzXbWY_0gq61BI5IfdketRsh4kwmHtoBS2OYlLVlrEAWIJl_ej0gv5Fw2vqkqg,lostpoets,0.85,554.4658754060479
59325168,8207,Sofia,https://lh3.googleusercontent.com/l1IpvizB_drI7lmf9nrwLbd2hSQGbXy8JO_BVqPL-2LuW3YVO4zbvRw4IGISU9CyyxTt3Xr84t2Q0YV_Ik-r3V6gl6y9Kw2Ljeso1w,lostpoets,1.15,20602.06939145581
59298288,6642,Poet #6642,https://lh3.googleusercontent.com/ndUTOCe32cfaNKoP58bkw4i0qzLSdNLFL2Eeylcl_XgQ_wPIAExjDBlDJWH1_JS26lc83krJl86ffnIF-SVxoScWk-sIosYhw745,lostpoets,1.4,404.3869843022468
59282929,5129,Poet #5129,https://lh3.googleusercontent.com/7cWazZg4SqRYEK9AF_keWatNXQ3BARegwBxlfCgRbEeEvoR34P9JSEsSLZ3BgRdRweuhTuKVQydSK4G3Xz6LaMc0tXGzH88JKihD,lostpoets,0.75,612.6957982400088
59276569,4193,Poet #4193,https://lh3.googleusercontent.com/psg-lwzd1MlkjfdxrzXx6_-hNjKvW5RoXyry9_IOHpiUKu264gOR58olVIgXBY-ZpMne658ZLKV95LdNFUwEMAjlH3cBdnNb-gv8dg,lostpoets,0.91,429.86883702719865
59356249,9773,Poet #9773,https://lh3.googleusercontent.com/vI0jwDYH8MkPaFyhLgD2Zhn8kdKbGKDkq9jlUMOuU90evTQXvhV1baprHP6ABW0extofS3RGPnTDIlfHaN6yS3lNHB2NudibgAuPEQ,lostpoets,0.795,520.6744404864503
59271291,2718,Lord Byron,https://lh3.googleusercontent.com/iIjw7CMNWRwArzythpN291QitpEwF9S-yoacwms4PpRNe_AwkliwXGnR3MkdkhNwDL25c2YpGTtzJHJHir8s9FdT1LBw9FtNan8giA,lostpoets,1.18,625.9784371340567
59296011,6473,Poet #6473,https://lh3.googleusercontent.com/PYUKDncIOOxTH5elkFpTIRaOgTZb-1oVu7zZ621b0g9A_VX982tNyyzh_CgMhyIKFhRDyx2MRPxCo3UpYMjWB3WrYj4K58_dibdkZA,lostpoets,1.0,443.99347221460874
59308851,7325,Poet #7325,https://lh3.googleusercontent.com/muabP6uYqNTXtLsvO06zTseoBrXUf6y1ngbhf2eAe4a4eYvM62Bt4PZp_NASgqosoLf5xA6L9QRr2IRIPpMa5yHhHydPZoZVt1F6kw,lostpoets,1.1499,418.99765784192067
59336452,8860,Poet #8860,https://lh3.googleusercontent.com/4to4cvoS0UGoax_wCDVmmvtktbVJNn6CkBcloVMeis_R0fHocg8FsyOQzAf_5vjdqkQMYtlQMDu_Z0fSamZq_e-yCZesnUzfsywmaQ,lostpoets,1.048,428.1759074780094
59284492,5397,Poet #5397,https://lh3.googleusercontent.com/W5U8o4Kaqj5jMu3MwyrdwxUV-bWsYUZQd2Jy8UfnVT91LriQhFBXuZbPOtVtI3k58skqsavL0_gcnVqDeX6EnFFWiuOEOaGSmMhDMw,lostpoets,1.1,502.26503889881536
59343892,9234,Poet #9234,https://lh3.googleusercontent.com/9JjN-1iVVrTKQcqYEjZkfX5y2HW7kaXIHd2zD2xHhF7tPr5xZKhzveCPoCc854fj0zG93gmuwT4Wllv-DbNPByUUWTPqIKAGV_jH,lostpoets,0.689,475.1649868343259
59445052,11803,Poet #11803,https://lh3.googleusercontent.com/XsxecJ2Pg-p85rtmm-GAHpAQsj87oaXDACXEMESVx4pt8x-zFHC3t5dqk-c-NWod2ePETr5K-5TU52okRL-TSxQpHIidzTd4xjDfAg,lostpoets,0.95,538.7078155264765
59268895,1292,Poet #1292,https://lh3.googleusercontent.com/x2Cy_2s79wQKalSbyjG1LUE5ar3v5bYce7YBa1gSOP1wCM9qTB3WaRUzNkT2pb3I3SlN31FKEN90EBaICzM1c-3B4d_hSnPNJcnq8A,lostpoets,0.95,451.9154554063686
59269855,2059,Poet #2059,https://lh3.googleusercontent.com/HohgLTw6ustWhE6ugAPTCLSI4qdWt4ExiDVM1XuoCM_KhGOpoCF2BUj04f27Gtt2mZbcXCH7IKvmuRhKWeMTcShFOMrjvHxnzHq4Lw,lostpoets,1.0,562.9643221965869
59302497,6916,Genghis Khan,https://lh3.googleusercontent.com/Z0Ui9vtfisVgrEWFl5SR9AMiumh4IOOHp9XglMFrY9ZI8O2TN0FMdLMrO_QyC90h5wrbIOjUfwdGL6z3KzcJtbQ-_Et6yxEtPdM4,lostpoets,0.75,5510.5781417739045
59313777,7662,Poet #7662,https://lh3.googleusercontent.com/WSXS5nxRaHjSpTXuNyk7tx403qwJqd91rtp9M22wApZV5AVXWXWvkDLukRDcSVSOyuHVl7TVOUnmk8vRTp3ml0cN_ylsLHe31vTqVUE,lostpoets,0.98,448.3346417877175
59355058,9729,Poet #9729,https://lh3.googleusercontent.com/9psPwy7NqQJCthBz6lApfTHs3acf5QhMDFUrPA46q4wQpxqGxTg5ec3SzAoCTs5Nfnw7ahCKFevVLmzcHM-CmCzshsQZmj7LN8eBmQ,lostpoets,2.3,488.23122385133
59333219,8651,Frog,https://lh3.googleusercontent.com/P33iWTpC9TUymOZqfFklG6MwIn9hls3PsxxFOSRU_ZcLE_Ia-3DLVYL4DnubmM-LzWb3pYs_DbpewXdY60TXTr1acS3_v7a0HdZwBvo,lostpoets,1.1,5474.221011071631
59292059,6241,Poet #6241,https://lh3.googleusercontent.com/JnKsN8jyDs5nq92feA2h3wXxTyKVMk1vHTGnI5kUq3Zjh2huCtse08GYFsOvd0vD1sVlS4rtGhPcQcI2yI_inTYiyqdnc0V8M73lew,lostpoets,0.8,545.1577844069111
59319419,7952,Poet #7952,https://lh3.googleusercontent.com/60jXeGKrH3Yy9nBTCJYYuK-mcK16s6DA0ft6CLa_ZUmkZehiCJoeyA0TOUssf6jYH_K59oojHppRYy9rNeUCLYyNtT4O3GOwDHctyQ,lostpoets,1.399,432.52326677325095
59369461,10415,Ignota Pulchra Mulier,https://lh3.googleusercontent.com/0ujz-DRGp7WK_HF1gRz-aHP8P1Wq3ZP2uz-om06-Rnqa3ieEKuagN-kmzJpr3I1ADW1O5fOtAxOp5_DTHQY5AqJKMlcXESt1Hb6ACLE,lostpoets,1.28,22134.32199579563
59339102,9081,Poet #9081,https://lh3.googleusercontent.com/ebim2mIxvLtLOsWkvzpnAJ_wN18pP5CuFKZ8mhSddMp5Eyu6lb8nV3Lso2cDpUvXjWVvoVoGqVgTTOWymMc8YtnYPHPIheOI6IczSg,lostpoets,1.079,488.6840556755279
59301302,6811,Poet #6811,https://lh3.googleusercontent.com/tiHbyxaiSQH7V4goXPFcRUUO9wGRU8Qo69d-PEJvsumfBVxSqh9aYHvB68-Yih90WYpjw2hA2c-3Vn1vCrMUGWuBxW-ipjuVefdIWQ,lostpoets,0.99,443.7809532255632
59318222,7889,Poet #7889,https://lh3.googleusercontent.com/qaSpv6GaTgdG4RL5dwvbz6tfPmlESN9aORjE7LFhsaAOwTwKmCnoGJQTTXYLt-h50FbI38Be_nQgDIxjlv62kTtiN2tassKTBkYfZw,lostpoets,1.05,482.39364427166674
59269503,1757,Merovingian,https://lh3.googleusercontent.com/mYM9Mi3C8IP7j8UiDmLVC7ooIXHdOKC2IccuBzP7qH1DtcZkr3ZdnuGcgTNiiMlIWi57uGqX3j2Fx1X2Nt3Q-XcVsgS3JxKluqjh9w,lostpoets,1.97,7174.425136657144
59403185,11155,Poet #11155,https://lh3.googleusercontent.com/PHVMRvUsi1UNV7SuqEsTAnpXgyRY9Fhl8pl00JaG8vln7F6Aadyuefqf86Gt9ZF5_zanrVTg9qamhNQvsvYdZZkkroLxDeP0nFpA,lostpoets,1.25,626.8349830590281
59306106,7128,Poet #7128,https://lh3.googleusercontent.com/AgRbR_OFaqVplOJCIJxgEgjpwdwvbarJcvuwYiTBCIsErJcsXnYjMNL0Pvd0l-IF5qEIT8FYLirgSpv6lomLbOp6_T2bzGOV2ISA,lostpoets,0.748,565.1796391000184
59271067,2563,Spectre,https://lh3.googleusercontent.com/vG4AdtnVIBpFJqf0kVgSe0M5XvibYqY_tTxeKkcmE41jqjIRtUKwCcRAj9QrFM2VoOoaFit5kap6hEBJ6KOxDZAVUhUD7kk46nWTB1g,lostpoets,3.29,32775.92350253674
59269508,1699,Poet #1699,https://lh3.googleusercontent.com/aGYy5UqCBGqon1Mf9jhB-J4JoHFSSdrX8wr_0tTGIs6VxPDg2bHT0C6yTriWhcQr5iC0azwTnl7qJmkDvlDI4kOBJzoqqk4tc6CTmg,lostpoets,0.848,485.2047995475305
59296148,6488,Poet #6488,https://lh3.googleusercontent.com/X4L8ZFmL2lLq2TKzjoK3QyYBiJZVSAadjXeWRyr1rNh5mS2RvXxC_G3E0VLbC6LaYb-xK1REnTziU8jJlV0xihI887vXUiUm1FNOlQ,lostpoets,1.0,570.2750036082921
59314748,7708,Poet #7708,https://lh3.googleusercontent.com/NaKqPejGZ7vg8hQDFNjDVbPbfYJEHOyTuUpFrFLxeb6pzXrgqvQEYyQEY7HzI-POcF5jzj4gRYeU7fdlCpw_0ATvF6S8HFI0_9WF1AA,lostpoets,1.2477,469.01066508362356
59287990,5902,Poet #5902,https://lh3.googleusercontent.com/PD4kqmDm6rwDwjke29AfB6Q1e5TWV5ubPGjmqN7AtrVysR8pdT1892BSsis8BfHv7jJDdqEY88iytJfnEq_MPG_qXGtFN5DZPEH7ew,lostpoets,0.8,661.9780648112801
59310670,7464,Poet #7464,https://lh3.googleusercontent.com/_22xqe7EWe6Jq94lesxKJduNawljim2mfz45vi1q63HuP9G0r3KqBqHsnNOm4aGcc4F-pFbsFd3CseXGZfJrAqs_snnn7puvs0t1xTA,lostpoets,1.13,465.77062873570867
59277670,4323,Poet #4323,https://lh3.googleusercontent.com/4FBkRCzjAEJVgiAIFFBqxs_PAZm5AdFgwywYOed4xy_Ldsfqdc8fVyGcbHbgS0qrMykMx1X9Bv4rXg6NlxPZeE51w1KCfdPKi8LP1w,lostpoets,0.88,501.51868975610233
59268911,1377,Poet #1377,https://lh3.googleusercontent.com/8N0Aj2_dujHgcfK4HbINmQwKvGURUBxb_8V7xOg-fcCxX1DYFOidKcHPsIqdcGBtrTFSoCsQrHjdDwZcuu32Qgqh7P22Z_mHjhKF8Rw,lostpoets,1.2,410.72861320212746
59279351,4662,Poet #4662,https://lh3.googleusercontent.com/1hci-lG0LC9d4-HB1AvCyBsU81-zlJ6OJ3cYGEr57v1psoYypK9rMSksh8U4bVMOiM1SNgtqecM7tQei-kZfKSYQy2Fd3-YRW591qQ,lostpoets,1.18,493.3952373454015
59283071,5166,Poet #5166,https://lh3.googleusercontent.com/q0enj8SMKUEnlgpSCK1IgW0fdVNhaKNnlWJPcmAyggT8XqfMoARBoY-mfOYYBszdfV9OP7wDu0o5K-X33KmC1qH_5wWid3LRvKX62Q,lostpoets,1.197,433.2723388388303
59312471,7591,Poet #7591,https://lh3.googleusercontent.com/s89kHLk_ebv_ask0XS2YAd_dJKll4jNtxxJjbi7-1UHm7PCl57CNggT9VDVW5jDo3ZXreMDdlbXBAFDeY-JXHg56yLRj1rYKGuDdTw,lostpoets,0.939,446.5217046985663
59476392,12248,Poet #12248,https://lh3.googleusercontent.com/_B7peOwrCZVi0DJM-7drJKn78k5TKzCNb00MnDcksY1GT4WDpSxG3MUDxH7CGTRDxZHmqytvypaOaniNuJsozLXJ7XkgR0i7EqydRg,lostpoets,0.92,550.5476959315329
59301313,6814,Poet #6814,https://lh3.googleusercontent.com/a4UjFTQ-GcRIPyVzPHk4cn4RQXiuWv4yRDjmTPFVogxa_oBqUv8ggHl1FTw8PisdgM-X9nGn0452P_Te2ZzNclCEHvkSEVOsDlY4ayE,lostpoets,1.69,496.9333078648163
59305153,7064,Orphan,https://lh3.googleusercontent.com/P5RijLw9GZXmTgHzALC8Kzb8msz-MTJcYcHYJlzQ3eDGHQhqIGPBpolkAON5rhIOlF7wqgJTyJ_tN4v8VAHOnHdp1tWyx7qe9CRD,lostpoets,1.38,9353.08304944378
59289314,6006,Poet #6006,https://lh3.googleusercontent.com/oc_58q5iVWZKrerqT1wpHjShsBDt8MfkCRFKOIdQZvroWsWB72Av0ctMuHrawW09zTxgJZVwmz3u_hLCpqNrrwc_KHwlXWUOqyCOx-s,lostpoets,1.1,426.8652379657809
59336114,8834,Poet #8834,https://lh3.googleusercontent.com/DCh6LkKSkJpIyNDBi1Ef5cbTdP5stSVhuy-M3qWPTcjTl_DFWTjV7CEibO6zZT7envN5x3uWSy_csmDl_D-5tV4Iczs_5-BeiyCr,lostpoets,0.945,480.4541166198112
59310314,7435,Poet #7435,https://lh3.googleusercontent.com/RhC34olW0Ilr_sBV4bOzIWNoiVsCYMbzj9gQhSFJ1LDVtiPdn3VeShsYLbXGb5X0sFelwdVPN9tuGDEznp5ApVNfTV1Gm0w-UVg51g,lostpoets,0.8,542.87728912969
59454194,11993,Poet #11993,https://lh3.googleusercontent.com/2wxy75ASrMvghyiMEISJ5qvVoC2IIfbKu1OdkPUSY2dA4BLH1X0o43G3qpdIFR8mbbWRE57K_jykX9JOZZD3T8EplAZ3WprgbsQKAVQ,lostpoets,0.93,398.8505153331278
59344035,9244,Poet #9244,https://lh3.googleusercontent.com/wH_lWMOjY93XKK2_e3NjJrjQTji3ym2eJwQcKrlhFEJ0TuG3okNlW4gZoAu4ilwuapLLr2v6UWOMMHnU5637L1Z0VLHUH0smTztsJg,lostpoets,1.1767773871206513,648.3278126484367
59305155,7066,Poet #7066,https://lh3.googleusercontent.com/fDSLAyIiE8tgmISHMZbotSksgdNflzYn14NwHD52PEYARiyn89WJlKy2XLxZwoCAbUMOaCQF-mpDaF_bQMEh2Autl244o0Sa-VeXAHo,lostpoets,0.78899999,509.37348950041337
59356876,9796,Poet #9796,https://lh3.googleusercontent.com/VRlPLxasfXFFw_e5Bedoj3VcSuJCepnFnM5NhhNWxRljw9WTi2QBR5ZTFO-oEcP99Um3frxOPQoTM7tGWcEIgCRLo2hI3drBCl5aMg,lostpoets,0.99,576.4190442055958
59293637,6317,Poet #6317,https://lh3.googleusercontent.com/UkopLKzR_GZ0pWIOS2c3rWtJMKOMmwhzICMh7-tVEjDqjzMTCNp4R02wNlPZ0lUDpI4McOBdKf3Q5KDc2tOTcRxUpKl6-sGYnn4vvpA,lostpoets,1.0,440.2024420547932
59345477,9289,Poet #9289,https://lh3.googleusercontent.com/qhKITfZaRzifvKYwmlXgIrg_AglRZpNv6kfU7-7dOnWRnX8woQ2kCBorutmM0o99fzm0Hrz-5G4cyp403W1jA3AJFg5Ys-J0G2XxbA,lostpoets,0.93,551.2569722597547
59276477,4167,EGODEATH,https://lh3.googleusercontent.com/7nOaB4vo_03jNixhuOFTsTcNtzNjjsQdzSUFBeIRDGqA8JOiQaeYDQZMx_uc3-BWSvHzf6yw_KWYebuSt24O3G6NwZARo7KDzq_Nkno,lostpoets,0.986,11184.781592756237
59307437,7225,Poet #7225,https://lh3.googleusercontent.com/3IeGXG6J0Zk1eysxUat8CSRcSOvwZL6SQaliDhVOB7Sz9lgWk4rRtiNKRhA2czhRvtrORJtnkNNXVK7N_lKzPwu0u4vRsd-7Emi7,lostpoets,1.09,424.1781471098038
59477237,12262,Poet #12262,https://lh3.googleusercontent.com/HUT4kpkoxfvXreV3SIoC_v1ew1U8YKm2_uZEOzOPelEEloStnsGzuRrMIGdvWWiO3qE8Amq3tureknTohV94FO8QKrlcyYk1KhT9aw,lostpoets,1.4,423.7401545215259
59441118,11758,Poet #11758,https://lh3.googleusercontent.com/yEHiJcO88CJy-dyl2gwMe5A8NiUSTe8YeD2ul9ipUm6CL_SRqJWbiQ7l3STB3PXsp_a4HoD-N0guZjzATjv9X2Kj10HAQqvCKQ9TqA,lostpoets,1.09,410.8636817522862
59272639,3244,Poet #3244,https://lh3.googleusercontent.com/GfFVoueHWojD4G7YUgyG0mLE1axO0MECyDXwdLeu_fRK4SHMS-3nShGLrQU5B2kJTwIEoXP8ny0TxbkDBAfDz6ZJH8RziMOWD9si,lostpoets,0.83,496.55925792977314
59269639,1712,Quentin Tarantino,https://lh3.googleusercontent.com/BH2fdsmXiDSt0-BrgiL7S3qMZ9YMJaXVs_hhByYHVZDebyMTPpEWn3wMfu5L-v4SO2ejaQB7FslBem6lK2DN14ueBfKUMHC0RDb5-Q,lostpoets,1.22,612.0308892055098
59276359,4121,Poet #4121,https://lh3.googleusercontent.com/nFV_cHilJ1tKu5EAioqinmr2JRJRd1WD8vcvIG-TAWQfwOEmCyWiAR8hZ7BJgbjjvn62rCIvj0K9Z68w0GbFBqtybGSgJg2G6p68-g,lostpoets,0.77,492.7872936942147
59300720,6746,Poet #6746,https://lh3.googleusercontent.com/v3ceItlNUVTYQI2sDoEyKkbBQ5ulkPTuDvBvW2wqq1kO6gmvi0JU78OqilT9mUadEabMv-Xq_IxWiMyEWFn5JtcIrK44hCdWYKZt,lostpoets,0.75,580.7460589890658
59327120,8351,Poet #8351,https://lh3.googleusercontent.com/vTT0EOHszG2sy1eH6eFMmr1u6L5Zw8JnJS4fQYpaB4I2llcQQwIZs5hHdgYm4QF6AGNHPTbLYvpCCYQ2t1Bp37ekUNyjCrcl3Y5n,lostpoets,0.98,461.50795586567915
59942720,15336,Sebastiao Salgado,https://lh3.googleusercontent.com/BcrCwpEdTOYsfKWfRz95fSKJ_2BXyGeHtzgHhWOHNPDYR0Zfb3aRVhPoXOi6USXIkzWQRDmzEs6FvsArAxgoHFAr5CoIfqoTMPHN4Q,lostpoets,1.19,547.6486815727509
59290642,6125,Poet #6125,https://lh3.googleusercontent.com/8KzJssnGWuVmvNxci7AUcwyN6XKgrpFQtQajZ0o88zlOk00zTlaSK28CfroXxxqzivZFXXanFIvLa6f81pszAtHGdQKy_SW6C6W4mR8,lostpoets,1.139,466.95696552049714
59401522,11110,Poet #11110,https://lh3.googleusercontent.com/Cj843SLhnwpNfc1OcvaFfEqGMj22MQ6jFW3HkbDd9cwE6qsAKwN6VZxl_7FewYjPZpr8LIGtTS6Qh65FZnDTv87Rx4UcAwB0ElTfMg,lostpoets,1.2,561.594420238761
59278163,4483,Poet #4483,https://lh3.googleusercontent.com/Y7qJh0XpoYlUANpy_0SkGHjqZBfJp4zmQeHdBtTQsQU8dcOkxCQdHrmgUHqxgfgC64aHmnt510geXmCwYKj2mq8zLmenvyCYnuR0UQ,lostpoets,1.04,466.73222687699547
59331083,8543,Poet #8543,https://lh3.googleusercontent.com/3O4LMhR-za7wDniCvQeFwJmV35SBZH_Nc_wsGcsrVIIfcdH9Q2FCCE5lqqntY85kyScRIaELj0kgeP-QXpFO-UdEJKDJGnCYkVSHqw,lostpoets,1.2,561.4726239165611
59328564,8400,Poet #8400,https://lh3.googleusercontent.com/2cgn4g4p3l1Lr6p8i58pQyla0eRLR9mRZ_mjJYihpPrXmGn9uf7Dd6FiloxkdJMUwACBh7pUkJrobARyBbQJEBkoHCpZG19fyl8rNVQ,lostpoets,1.1,508.0242960947086
59330364,8493,Poet #8493,https://lh3.googleusercontent.com/x1Lkq76zaIXQKBGhFQ6mYAva-EcPraW1zdutB05UPkoBqzHcc6IQpBNoS4W6nOFhjf9juv_IUcHI9-POB1mIYLDwsaN0RKJjILVyOg,lostpoets,1.2,624.9291200555049
59312485,7594,Poet #7594,https://lh3.googleusercontent.com/Gg5D_16Wl6DmM9nhAi4xZQRORFKM1w0Gm6U80-zTcpT2fmBk1vbSAJe3o5_p9uN40G5oU3jpnNyS3qB5sPbnCU9A1ms6-pC-hYtG,lostpoets,1.3799,475.2429010566822
59307446,7229,Digital Native,https://lh3.googleusercontent.com/k-DwoaVSifxl02hDjg3OWmY7e0TUoj1bud3n2E7UctHiMBURhXEFG8267NyoxelAzISWTjgr0tRAt7kQWEm87UeiB8kGxIRAx7bDu9w,lostpoets,1.1,5823.531678663954
59312726,7609,Poet #7609,https://lh3.googleusercontent.com/K56yEIWXzbSUHjETJqwziuWPuCiI_jcajKM8vB7Tw_GNCDRc8Ef5XSwAkh7zqYzl59ROZlNXEhgyfxNTBkfAmTxqkxk4Iz1qugGs,lostpoets,1.25,451.54595537403213
59269647,1713,Poet #1713,https://lh3.googleusercontent.com/sxoo5mBPpi12hV4PuyEY-ZVF5Ub-VC0Q5j5qTa7NJmK33U6OaPOO0Ycxm6dByk5uQHwD23sKOExmQZg-k6ZZGu0GyNkIs7U2o6P2XA,lostpoets,1.0,485.19257327277904
59269287,1586,Poet #1586,https://lh3.googleusercontent.com/WYKZa6ePCJItgncPhSBTkOqC9P9XZa0Q_rpUNJZMGGsUgwgsCJQVPbp2ZTi77vZRnVVrjoVgO6iMRaPIWu25O61H7YEWgSJ_cEcQ,lostpoets,0.9,445.17369763880475
59312487,7596,Poet #7596,https://lh3.googleusercontent.com/a7dESnT6C2WrhwTE12pF-OrqI6KsLHZPksA8EYKAJ3J3_rl18h3kTssIZUq78ahfrjQU-jNxop-mzF8mmGNt6p5YStjbxn5mOPB0,lostpoets,1.3,572.2823184818949
59279968,4799,Poet #4799,https://lh3.googleusercontent.com/FtFciT4hpjljlq1z9qcvHWqvgmHlbDCY-OKn7mrHinsR4xcHck3esid2H_A21IQ730pw38V3RuijnSOos0q6-GcQOZX-POHQMlvMiQ,lostpoets,0.888,544.3244937240938
59323049,8112,Poet #8112,https://lh3.googleusercontent.com/S4M4QMr_zY3IlaE9-YEJd9otFfBdk8-r8zMfPz_-24BrYcW5I8KH6V1vquyFcGEIaUghzmgxRoO1-Afaw-RinAbwFSxd5gaCEjfZ4g,lostpoets,1.9,529.5568274941917
59328809,8405,Poet #8405,https://lh3.googleusercontent.com/qFLf0SAmf5kdw_CH3iqXhi16L9-i4sa0InY3wQN0Ano2zeoPjJH1IlLWOJcSf22bNp02xYMwfQCmmyU2VaY9u4-uauYVB4RjuvytpQ,lostpoets,1.2,530.6628559799918
59346569,9327,SILENCE slbi,https://lh3.googleusercontent.com/7-8w3RsPbQBUq3WQzh7AL1s7Y2qxuRD3_fEYfPmx8a0BmA0etZWDugaLSUGaR6x6kXBqW-BxODlSaK_ZUiNkePt85aj7_ly2SlWL,lostpoets,1.25,12096.017933528596
59392649,10887,Poet #10887,https://lh3.googleusercontent.com/t6YHQ8RW3Dr6RnTEond9f95YhwgnOfSdI-OedwOph933EjnAUR8vh7IEJuKGlaOrjVjS_T_LPR8sNrAl3rlB2VnMS9ZqDp4_nocZBA,lostpoets,1.25,440.11120736566465
59398769,11043,Poet #11043,https://lh3.googleusercontent.com/Jdcr8o-JPYnS01Lv_EbETHgNW03tgzodZ89bq6B1ZCfbblJ_rzg8jj-PvTJVQlU7jQa94F0x4jvGc37lYtTSgri71qUyKmJkhBej88Y,lostpoets,1.22,429.10043502649387
59346570,9329,Poet #9329,https://lh3.googleusercontent.com/m8YlqZHrsx8-qUn6SosUS9JAChoqWjYb_UCLoASgyGAGTzZd4cg-Kr8NCDfXydYTDmHdAieRjPWMiJ1syb5F2AJWZJiC3LGlmNgXpA,lostpoets,1.2,614.2350264773655
59290651,6127,Poet #6127,https://lh3.googleusercontent.com/a3ubudXbzhCxvHpFZ_mh_9pxp20t-U0WXXVWDcmInkyIrN_Dh9Zq753FN4ihB_fd9OpjoLyc_OSKuo6LD2d9DBgKcwy-ylogOwo9kw,lostpoets,1.099,481.2922905217691
59302531,6913,Poet #6913,https://lh3.googleusercontent.com/h7VeshE9KSGsC7k9Ic05XhXrP0mSmUrrWuywgGUOw864z3V7uwX3FXoIwMFV25FbvLIKWw5_ESGaaESUhMW5eEYVOEHtokoHm9jbkV4,lostpoets,1.29,483.6508167529616
59322092,8069,Red Jester,https://lh3.googleusercontent.com/SEjCCzYMpbXH_38i7DoCJxtey7l8cWe6Zg__H45O2Z-K8_Bm7GPfIBJWkOsumGTq3Mu8Aj_T8t0sWGbQyVe7CU6OLXakreql39D3AQw,lostpoets,1.59,508.06923254669766
59326652,8322,Poet #8322,https://lh3.googleusercontent.com/sZFAHi_t6C_jYmYdJG8iG96WuJnUxDwrOgPOFZ87h_Lp9PggFzqQ0GW2qQ4mE3A3HSOBRqkSbRLz0Mk677XOQhILuHJrytLDsDHDHQ,lostpoets,1.15,471.10172110284157
59278172,4484,Poet #4484,https://lh3.googleusercontent.com/XSU5l8NFanZdXX_FDKpg9d4t5PJOLyR_YfDski0xzX8eH3-vXEBASDLbPzyT3B2rXVljwF85oa0ntT-KEynVGTn9LaoNRFtIkZaw,lostpoets,1.05,450.44750821420996
59338292,9026,Poet #9026,https://lh3.googleusercontent.com/uMBDPZUaMI9QpBjnILSmeAGjlO89Xc2vZZmgz0fMY7JH499l0feKdHSVjb5yXmuWJEpotADBAbOP9a95cVz54aIepgSbktlR6kBTxWQ,lostpoets,1.269,572.6075772550797
59397092,10989,Poet #10989,https://lh3.googleusercontent.com/d8WfcZoG-SFRqQJrS9QjOYeWOC8GFPvdP200BIXDNqnqZbJfEkLc9yRxEaiP9lPF_iH9DCxPBgkaNXsQRQQ7xXMHdeTWrYtjE2cmEQ,lostpoets,1.0,432.21484283430686
59300734,6738,Poet #6738,https://lh3.googleusercontent.com/aB-9qPNMRbchFOOqHDXDYu_-NVjqdlTxEMKTlktEToSn5vPzkvjAdB3NI0uvdDpsKmvkZyEZxOPm5yqLnE-FAssnEV01uJya6HIAnW8,lostpoets,1.2,613.6908074621269
59268814,1285,Poet #1285,https://lh3.googleusercontent.com/EsDYxfo_fbFzifPDNfdiIeCfSh41rwQ5hFG5Ef69r0oqLbRpaV8EXGP02gRthzhqEtBIK91f3Gky_uvkTdoDHI2rO-YwPcaw6vl4,lostpoets,1.55,504.5353139348104
59461775,12062,Poet #12062,https://lh3.googleusercontent.com/ajPdVFeSY13kNo56UtWKTk8mXcMOLaSWdKAQUFAYdZLlLXe7Mx9dA3ykQaLig1hUogNMIrS9FkLJkDmHQZFlwQTeAgqcGz9q_qkc0w,lostpoets,1.19,472.7293798402593
59300495,6733,Poet #6733,https://lh3.googleusercontent.com/js-JS9T8RZRZGW2x8KEQBtZDxd63s040Cfac1ppaBYLnKU0hg2OBnE99aQncUMFFSWU2_OmTMlOf8aZN6sqs6GjBJhflpurjTUgTQsc,lostpoets,0.975,469.0132252034344
59291495,6192,Poet #6192,https://lh3.googleusercontent.com/KscpAV9Xl1hYNr5hhX6cE_h8cFgK7TBhL7WxVnkQ0gU-0Q8dJrbNrf0Cm_eiYgbuof_I2-vzc41dbfj2HoTMglqlwZ5ZwrywY-Gq-XI,lostpoets,0.789,515.0446860531766
59324376,8173,Poet #8173,https://lh3.googleusercontent.com/5yXlWFFRfmfB_sA1184exm798ttjrMFRlXg7YHSHANTXKKkb58Agdj5CW6YZCWRCEmlI765UVpy_fSH2k5hVrlxdcKcmYJNe6a4-,lostpoets,1.25,524.9466122853255
59269298,1572,Poet #1572,https://lh3.googleusercontent.com/JrKaeR6b0Aj3s8-rgKODNK3KPZZcOHCvR_8UgMG9PTQC3mIs0sxIr7LzAPWUKusdFOO8_XdylrZeTiBPpLisL5RJVEsvbZQNiZYdoQ,lostpoets,0.725,431.98500217140486
59353058,9639,Poet #9639,https://lh3.googleusercontent.com/oyMnYEFdfhlUH28LZMdAfCg-HzKbH4Xg7ovY-iVhEC_QY-vSdhQo39vDYEdc6Hk_R_E2CGpXVP9CCjGspnpLh434SFaB4HfmLrhMKkU,lostpoets,0.96,479.84590731237313
59418338,11578,Poet #11578,https://lh3.googleusercontent.com/prJtOhKWn4XRalRb5DSCfBmLoLRvltl4VVb8nzfJnsuFJTfZAZt5odlrj0CCSl9HkzD9o6FoJjXPy7rpI_Yw-I3n1wpwdw6hHQ8bpQ,lostpoets,0.85,472.48441446246636
59286099,5542,Poet #5542,https://lh3.googleusercontent.com/jI954ZsehTRVtkiCDWRHnOpVkzbolNMYNtKgDxawwvPEZgaRqgAv0OLAshU87Uvc3vmyPZDkiA7VQxNRXC3Vy1soC3NklUNlGd32,lostpoets,0.72,807.3084979304965
59273620,3400,Poet #3400,https://lh3.googleusercontent.com/nzaSwY2ZCzIqdQrxX8TEDpolpuJ5xbds-3cOklGICsuVsxYGAY0uNJqZ1F2OINmPpcithXtA76EKh6abVZTHCgWHaHHLKHpDir_Wog,lostpoets,1.2519,501.0224511767939
59269180,1491,Poet #1491,https://lh3.googleusercontent.com/iWrRYeGJmt_vNhkRK1a9Bo7yRMxdALoq2Aaqk6xaPJJsxd6YZMi0Up8_pjUWGOgc1V_7sNm7h7GLCHsH3_tlGoYcQkj5slH0FIdD,lostpoets,1.245,415.84922339842893
59278181,4486,Poet #4486,https://lh3.googleusercontent.com/3VKA-un-qG9LatViiLdR0HzR0G6MraNE1sEf6ccAPhE7Kzbad38w7O3M7JDCaZ6D3dDnbA4ZCPH7C7gv4H2wlDkHfg5ICpcMXPD6rg,lostpoets,1.09,514.8717022738033
59350422,9482,Poet #9482,https://lh3.googleusercontent.com/cBbkthhoyvo-8AV_IgnNFYIOHNsPp1uUWfoTeGYuUxDZwrgSww2lO29XhbWFQlTvqREYz4D4MYCne0_P8Ua_K1j72oNyRNO-7hbzsw,lostpoets,1.15,521.8401085618293
59286943,5851,Poet #5851,https://lh3.googleusercontent.com/Jv4MItrDH-2bUTz3dGs0yCMUcft4Pl9HmwQ-Zp2nMr-F5fd-13LMCWUWFasnb5brg_oXZf82w-rhYrncX88VIKxi9q4LrTP1HwUACKw,lostpoets,0.895,508.7325730189389
59310463,7456,Poet #7456,https://lh3.googleusercontent.com/H3FF-4WetpcpJrLRkEF8FJQc1J0vqnb_LHLXyk-CGdh2RXey7yQUh7Y6PML6vjuBzUTf6QnGYAouAEdGDZw2AmQSGyge60jL-vYlZg,lostpoets,1.1,445.31473361603264
59351743,242,ORIGIN,https://lh3.googleusercontent.com/ybFxS6b5DvTqoy1aFKZUHbIxG4rxqcOTrtiKcaY6bIVP6wgTBZjnySi4UxhAyfA8rIgp_O47gnZ4TWNPQn6tn3wiuMI8yNeZOZOEJA,lostpoets,2600.0,10484.778953722367
59488423,12454,Poet #12454,https://lh3.googleusercontent.com/MY6vJ8KmQhWhTD8ztHcpQi_ewyAAkFVBKKO-JyOo3s4TSManhmRjpO17ttce9JkF6_loAtXbLq1JFKgYiXc5yieM6cL2OmTlOw01nA,lostpoets,0.848,475.0490378956066
59268464,1068,Poet #1068,https://lh3.googleusercontent.com/2CbvRln4L13lZdlduklfWWGLvf95-aGRkDybkwJ64MBhEOpTB5-xP5Pl7x_SeX80nYsRzxn6dXfReiZPp_Mwx4CwmcLJy4_iwwqL,lostpoets,1.35,486.17558182846665
59269664,1715,Poet #1715,https://lh3.googleusercontent.com/MyALp7rFHp0g57Z59JHMp352CW3-V07AbaLZMTGwTwiv-ffpb4Jh7kUVIxsU-jGtOTJFCJ5TdVoxhjWSpgpsEnV2RaXC2-wUnjA6,lostpoets,0.85,662.9455961348556
59269904,1745,Poet #1745,https://lh3.googleusercontent.com/0Nuca0TCLHhLH9SvKQvs1ui3-pnk1Tr3rprHlb2l4hVgrjk2PpIc9KZ1FJymf1ckLrr_yBK6YYRIRgpq7Y0FFJ9pgj8utfdiE_TPBOo,lostpoets,1.95,802.069981207729
59323905,8145,Poet #8145,https://lh3.googleusercontent.com/3B8H-iKiQLGs5gaIP8t445-Nk7ATrN9yhyl5tzhenSGbaaTtCrSqetugW7uti_vH5d6WGmz4gFk3uwbg0kqN9K_1RIs5l6AHNt7U7Q,lostpoets,1.09,444.46560938007093
59278187,4487,Poet #4487,https://lh3.googleusercontent.com/ehoN7W7qggPGecQa2CMxWHs7qGFux-msPpKtGRz7quela6wd3H5RL4GvAygU3rsGAAObXRrPIyV2Z1ilcwJG5EOSjs3bH1UHnEALpQ,lostpoets,1.05,525.959602913908
59268948,1402,Poet #1402,https://lh3.googleusercontent.com/Cc7K2oMsyMIzKaDFwU3GSz8f5E_1RiDMthpPUS1NLzEeveSPRPQkhVY-WhVAHi0Nn7z8i9yFCQe6PQsEJiyT9sMFArjzVY_ntUl5kA,lostpoets,1.3,602.881136111446
59269309,1589,Poet #1589,https://lh3.googleusercontent.com/5iu4HuW0pL2hS3HZORskqLqIkgPiJrVsah8dzg79ASeGB-PPyd5KzA5cQ00fCehTUcc85eUkMLHoM7Vx8XJKg6FwEw2DIGu7_KkGOA,lostpoets,2.0,461.66837169620703
59313350,7642,Poet #7642,https://lh3.googleusercontent.com/ctiUcH_tDZJA_96ns8O5VVw4mEX--mJYItRaSZdIv8fauHxOZ8ZYixXbVnZRN-JQ3OxZTzuveDmVIYJBVw6H5B4A9tmKkYUBoTsM,lostpoets,0.99,504.54375458736394
59278190,4488,Poet #4488,https://lh3.googleusercontent.com/aAezoqDjidMEcHCuQKGD1dJb-6V4WGhcp8187bwGuseCaRiTE5uFq_rnI2c688_5GoCNLC3KNTfSOc5L5mOmSyvIFQ5HEdcK9hKy6g,lostpoets,1.13,549.0242295102645
