id,token_id,nft_name,image_url,slug,last_sale_total_price,rarity
23301240,982,Meebit #982,https://lh3.googleusercontent.com/63l_0-qO0K-gZ-niA11oJlQCw73gSrCDAX6XXRXIAsr5Dr2QaW8JvX_5Ao6IL6_Vm65igAgZcVPLVfv-9FFO2VKmJ23i1b4TCyCokg,meebits,2.89,72.63345612851269
23301840,10737,Meebit #10737,https://lh3.googleusercontent.com/AJqGhTgfFOPaAWze6CFS_0foenPgcv4ZLuLd-AifeWZXorUL3gFDxEIwhyZNf0M3kdT1swkvMwqQ_sQOjX8a1lLfXLbZuna7mkvg1o0,meebits,10.1,107.04690388892044
23299321,17231,Meebit #17231,https://lh3.googleusercontent.com/ME7JF08_wnkuVntDNmLXiqPYu-_P7iNchEo2hlVMH00Gzop1oe8hn1PZN49GMdG-se9gcTVjBZ0N1O_0Jblz5z1VI75Fl4453PMl6A,meebits,3.77,54.14426856241565
23311442,14006,Meebit #14006,https://lh3.googleusercontent.com/D7IZdGfIKStvbm__LF1R_DF62jb8IO6AXEDo6W_SoF_aisIXfqkaDQGzqIzJWbkA1mr7RZgL5jqaRw5vQzal3ykN_DLduIzKxcitMuI,meebits,2.49,72.97888958857204
23308922,10061,Meebit #10061,https://lh3.googleusercontent.com/Ns4-RXxBi3jy-UjXM77M0CTOfaK9eowvZKVC4SOy-qR8EcT4UO3oA0cKEvFN4pTFPtK-Kfic0nsBSNjB1wo-QcMKXPSrYqiMvqZedI8,meebits,6.9,10111.642628209354
23298002,3626,Meebit #3626,https://lh3.googleusercontent.com/mLrTyFlRCrMhnr1Z6FqAvlOdrJoUNCM7OqJPKk5uwnL01fx4u-0TTUE59kuqztn9_8w1-AeYIFkAEAQkMcWDJvQecdnXyg8zXvEc,meebits,3.92,67.870366189847
23295723,18518,Meebit #18518,https://lh3.googleusercontent.com/EB2IiqN5wShWPXtr-yCQXgdvPr9L46kQf569velL5X7-k5xxC0E_83Ggn5eJmSCMpGFUq2H-9hxNihbiNw77P-TUq69_lGfxuFq6,meebits,3.7,55.773165721226576
23296443,5865,Meebit #5865,https://lh3.googleusercontent.com/73ndtUWkgPraZqI3yppOS2F_1QyLLRlKE-Rs1OD_XBcFxD7OoHrqmMuK3pgD-s2FgalY94NBwoVJelViRaLlaytX3aoBftQXZKYVQ3U,meebits,5.58,108.28806570248587
23307004,14012,Meebit #14012,https://lh3.googleusercontent.com/-hjIe2KXrdbncFvONulFixFs9h1hgcFFTSAz0xxt8kypsDiL5JhK3JXQr80hcP8VqTeyjtnTqFcLaLJivUE55oQS3Cys8UYwSRIB,meebits,4.98,54.02285609318385
23301604,7168,Meebit #7168,https://lh3.googleusercontent.com/c48UaKo7sbVrE3O46LZDooLRaIfWzxbPEje5h5YrzoBhjhEbanf6fMjIUIhrhbjuXwbYl8Dkho6O_5Su3JtYPNjlY_EdOT8bvyLK,meebits,3.5,92.90721575669006
23301006,8192,Meebit #8192,https://lh3.googleusercontent.com/_8TPay7n0SbNvMLW65xHMYFW7GKvIjCb29h2yBDnelBxKMpmuNUu6nqDankOKyF2n9Sy9sTX7PO5KS0t7cnHU_6ETBwc08RJWxT9,meebits,3.8998,76.52362586389964
23297166,7937,Meebit #7937,https://lh3.googleusercontent.com/U8XvItMXzDl-rJAqRXZKvNlleNMyQqns_sm8jteNxMSoHH8VS2-nifadbhRdQLIumPz8qqnnk3c5jHpupk2GSLPr0TnntqGi5HbL,meebits,5.29,175.47483709853356
23313487,10328,Meebit #10328,https://lh3.googleusercontent.com/9Xk8WtboysxUEzKneELCy6LTdsNWVITHp1A7fbuCOvjRDUnPfd-slAWyro_c_b1vmYICXSPfbzJg3oTOABVQJHD9RdOleeLE-oRCBf0,meebits,3.6,53.213239464057494
23297287,1605,Meebit #1605,https://lh3.googleusercontent.com/J8w2x3X3zrfZsYCz4udrWhh5MbgV8PD5UzTETbopNwFF9t90sJItA8BN0_WDAGWzEPvwXux5SDdPhZsXUcDxQIqmULPYtkE_xBm47Q,meebits,5.0,47.59420352662451
23304248,9519,Meebit #9519,https://lh3.googleusercontent.com/om9VfNBoBNVr7G14rFKI6A8h5fTE26iHAPKiXcQZivwUTw2IGq7TUUce4nCes4JNgePp331Mb-ZdEsV-SLVbAi7qRd6hMpWiG801nl4,meebits,3.9,82.86870326170322
23310248,14283,Meebit #14283,https://lh3.googleusercontent.com/WD57m6Ri6OkPB8jTZSgg45PGTwlDwPvYdLPFGYmkDWANz8Ox_ROKPaBNvBgLu5Ba-87SHisErqYpnmd-q3nd7veeBdy1aNfAK3Mg5g,meebits,6.75,54.40435662201641
23312768,8957,Meebit #8957,https://lh3.googleusercontent.com/32F8ViV7WqKIINmCriz3f6QVoE2H1jotLw6HXKFGO2wVo-8_BliCQOGNODzPbosRkjC4d2SEpuLOALn-1c3X1jblWVaf_z9tKjy1Qr8,meebits,3.0,93.70602168597478
23310608,13046,Meebit #13046,https://lh3.googleusercontent.com/-6TqmJC2MC60zOvCvIp9I7rw9x7pluLJr9QOupYZamtq9Vwhsj7K_kuEDO8ghzEjhWec9jKX5UcqO6hggaCZBT-9x8UNHvg2_dmhaQ,meebits,4.4799,32.71048890461303
23313489,3829,Meebit #3829,https://lh3.googleusercontent.com/FKG1d8Q41P4gjYyVuqQDE5_TR-SjxaWO8basa6Ar5fH1ndj-UK0xRxuzwab0SJB3F02Am3dXGO2LnD5v3YyUljosNMgMjF9a_1OdwJM,meebits,3.6,51.105604353279844
23311569,7213,Meebit #7213,https://lh3.googleusercontent.com/UhUxIYkZStysHHoCBfO1E3dUpL9bSg7URF9TjrP-v4ufwhL6IzQTbLXXmqCRw-GYK96qHNDrphMAc2I21bdVKJR2jZre_50uQeCbrA,meebits,7.8,59.14756737833578
23309289,4993,Meebit #4993,https://lh3.googleusercontent.com/W4L5K7QKNIv7RJss3ttU7Elgwp3sw5vsofcFla4xDW1IdbsusPOyFy8sVc6odWrcI4j-2ies8grj7XCSzhFDc2ZgD4qdrnrq9wpQGlg,meebits,4.49,51.18036154053452
23314570,7285,Meebit #7285,https://lh3.googleusercontent.com/wBg86r5hvu8Ff57K_XSfuiJq02XLd5SleQBk5Zesa86tXnoRIpxswxKsvSR1PMg2GpjlIHXy0PudphhM-nmyjQDS5Gy7Il9c9VGw,meebits,3.8,50.11057057872853
23312770,18719,Meebit #18719,https://lh3.googleusercontent.com/orVYqX7xD15dzz0g0dc1U0SWzRDUbAfUF1g7eXFj2FK3WBzT_AqMltkFFzo8ZU-Uz2X68g_xFsoiBDVS_1AUHeH0X3OQdGPMrzZyAA,meebits,1.8771,59.99516380976112
23297891,1038,Meebit #1038,https://lh3.googleusercontent.com/yQKTNqg1VC_zGXe4tdGXQwbYlulNmpOVxLGE9d5EH9KAH_5UELB-EspcQ78myx4JKrjpCql4_g_DI2R0DGJ02eFVVk2q-ZgHghTfhw,meebits,5.19,10057.958249248795
23300771,9269,Meebit #9269,https://lh3.googleusercontent.com/ufI61lIPAiAXda_egawWzRa8hpWAVToo2ZHThXIaU9T8gsD4HxgS1wL3veI6VgSnDOlovspuUEeIEjDNZeiZX2KfCTnMqbcfQIaurA,meebits,5.05,65.20721422306372
23311213,107,Meebit #107,https://lh3.googleusercontent.com/LR61wbtVX4mE7pYCu2OykH9dpySplhYlNCYPTxP6923ePojNSbmY4XD2XjrMGaI-nwN9ZPCzrTvgSwFFfA7IYJPKVIAf6iMe_cI,meebits,3.29,96.59458660162952
23311933,459,Meebit #459,https://lh3.googleusercontent.com/ZNH7jNTxUxRtd9-RCX_GPApKVGtWnKy4vV70OfyJMloobQ5oD6Q3IDzpNYdVcrKYJEghcYeNWrhS8ltTJIgWMlNHn5-G3bhpCsbv,meebits,5.25,102.9596229520817
23301494,6035,Meebit #6035,https://lh3.googleusercontent.com/rj4Jswj3tCR9Doerxly5D4PW0Gp5lGMNXRMrhvRtGWZO3hi_55o4K5KMgWIvLwDiu05ZFd6wojDDIIgv3tKCPBv_E-2v7Fp1bpVzxQ,meebits,22.4998,60.59858774766359
23313134,4043,Meebit #4043,https://lh3.googleusercontent.com/15FDSxKmpeYSFx7Cq4-Sy8bHrb-EYxmAMrgM6GG_MUp3vktvhPDl4Q529ic9y4xasoNlANb42qWcqaN-Kjz85-GjxSl8AMgZ858uqQ,meebits,3.18,50.95253616078666
23310494,16381,Meebit #16381,https://lh3.googleusercontent.com/6uSiQFNi-rSmaYFWzJotPtweQIge71yoewlY4dr1YModMoFxWVJLc57SEu7lkkwru2eyLsTaIKdnu8_8UJG1PpW_xiqr2uElTlwy,meebits,5.4,59.26133886630705
23301375,9467,Meebit #9467,https://lh3.googleusercontent.com/g1lflLw9zfzJjOx-7b4RfvPr1C2datXURt97dJ-rPu3oJ8jzm5NB_dXgtTBvnGkRHYSCpcwkoL5f6sqAOaravOQCjkLE8-wHBBBq,meebits,5.715,74.16122464020181
23306656,4190,Meebit #4190,https://lh3.googleusercontent.com/1r6fjn7EDArKJosOVfYwKhBGUEyQuh-I9S_V3av_vu2uU8jxybmCuc6q8ZEG0X35KoE1-PEMzi5U1m-GQurIPao9PXW3Z9fD7mVw1Q,meebits,5.5,103.10772082183212
23315417,18669,Meebit #18669,https://lh3.googleusercontent.com/O-EZYCd0m1PgWZj9jWjmQt1JrumhTmv4iEX0570vT2G6U8AQiGr69qCZyAlEjEq6LRft-xB7AFVChr7x0GAN9-FySUFOSTBBxYGB,meebits,8.5,70.45805911289823
23312777,9571,Meebit #9571,https://lh3.googleusercontent.com/TYVZbNL43BJOTLfdeCY8jVgdZGmmfaNwkIgKummms0nmT13maDQEDL7mDJX6Lmt58xyZhr88JjaOmUuXwtxkbTmu-KYjkxJTOl4c,meebits,6.0,42.80088957620475
23307138,18091,Meebit #18091,https://lh3.googleusercontent.com/ZXMmbpMjUZfsaj3bmB5NvGZzZ1ToAkSUehNa8j4BHP3HVZBE90-6p7IZDPOZL1ovnxTae9Nq3ZyStNRj6bplM9ERuw6VHXtrOWo2bA,meebits,4.0,34.773563862893425
23323821,7057,Meebit #7057,https://lh3.googleusercontent.com/eivased8UmB1r4valItQgG9Ybrs1CjMfl6bA8ihDFvoHfRkQP6CyUBAAcFAWBiR01g6qiiohiyqRa5jFtS0ZpXCvXt_AEUaCKxUGjA,meebits,4.97,106.34180164582112
23296464,19721,Meebit #19721,https://lh3.googleusercontent.com/PZREe0JthKhsbn0E1uQ2IxmGhWzz-0-kx3IREIz1xy3bbglsvQNAUYLGiaaU2_HagYQ5k8pnHhujO8CE6mkt3NCnrS1vXU7-euqm,meebits,3.6,38.03102239346077
23312304,12630,Meebit #12630,https://lh3.googleusercontent.com/k4DdgVS1Q9TtNG-bbHSuKTltaVD9MoBEW0G6ArrZcRVw_R7EeGbxLtUBdUmtmep4exwd9B-86Lh3gGwd_MlwyqIV6Wu2M7DG7J6-sQ,meebits,3.232,55.09178328898126
23298504,699,Meebit #699,https://lh3.googleusercontent.com/Z1rZ_zgzvO64a1QCz2fPOTRJWSvlcsgAB-w7Eow3jbdvp6BynNXfjZtdW_AjGtzyYjK_hw9XTSBkBBIEKlTELlU4ozBuXza3qb_b7Q,meebits,4.0,51.982794979478655
23312184,1615,Meebit #1615,https://lh3.googleusercontent.com/_2UnqE_HM3aa1z1dhMP7kLIbwUr64aAq8w0BmpiRNEiIQiExccz2CcmT5On0Me86_UqDAM1i0mzUDtVVdIwx0p_-AKOIwH5F9NG8,meebits,6.9,95.30906248800324
23301744,11194,Meebit #11194,https://lh3.googleusercontent.com/e5sqkaIbClYqTrKGLpS6BZ-EnLkf-5ahaXDp591usaX3MhxMWLdnmluk1GLh-3fEurvxjJmT5AycZkAN2JqwwwXLAr9dgpN4xH0WYg,meebits,3.4,184.41787929534337
23312185,13547,Meebit #13547,https://lh3.googleusercontent.com/FfzO-aaC0eCyOphmmJKlzOqFJlpXO59rJETfFwBKfEKw-53AGjcOWOZTjHzfEumQACZM8uEIOY5kgJE7fXoyPNte5Uri41Z-8K5oIQ,meebits,3.5,85.58162650223427
23310025,15151,Meebit #15151,https://lh3.googleusercontent.com/EGSxs6GrtuS32Vav7QcBqWvO0OQUcrH_vcyMyZLRnhZ40orxGfW9lewYJ96ULVBpU_T3GGrl2hWAZx6WvUwT7A5xiuaSH4T6_yQQuS4,meebits,9.81,865.0382021046382
23312186,9465,Meebit #9465,https://lh3.googleusercontent.com/kMKgRJSRwhsvKL-bEti-mKgndfpbcssGk1qeJam4GT4Qs-hFthEvgGIJHROCDUxh3U2SZpOEP3JISKtTNORnM4kxTOuWR35g0UXooxI,meebits,9.8,183.73461041703473
23300787,4111,Meebit #4111,https://lh3.googleusercontent.com/62ocKjYm5yU-qLlWIyPdv8ZEuxdZzSbhGPRWLb90C206hqVI-nutX0fJEDnmvj-Trnn-56EpPjL_-r6srWdlOJYXjdNCIX4pXbgECg,meebits,5.0,57.00667412914267
23302347,3345,Meebit #3345,https://lh3.googleusercontent.com/7tbq8uoxzCBHnZGvkEUlka-tZ6OU5-pmXm-6PcC_cbLjxIo1_iIShE11nFbFPwIXcodmuj88MyXv5BfvsFPOfxMV_x1PEaZViTYoJA0,meebits,16.0,152.57647083733525
23312187,15315,Meebit #15315,https://lh3.googleusercontent.com/MSppDFBoLfO4hJYrpcTMXNMnSbXg8D9PDhiH0zZxH1vE1hCnAzjJOWBnlpN_adliHEGshEzx8s9BZMjlxSKD0a8pFnvy8HWoDC5MUA,meebits,5.0,67.82867059698613
23301748,19349,Meebit #19349,https://lh3.googleusercontent.com/rSw3YBnyL4hA7b3pd7DsrgC8A7_MObFYROhWU5xWCLBUZwiyFvGCvOHblcL0S3TXqoxFuifrVaBexxBZZ5BH2ROMQ6uR_SMwOgl1,meebits,4.0,109.51186362641182
23312909,6951,Meebit #6951,https://lh3.googleusercontent.com/E_gRqoWTX8UNTO5dAR1z1qDzpN81CvE_qYK89xAyaBxQWm2rTmo91DOzT1CGujVEKBJxhzDZELOrNuKZitmdOjvv_80G7qdQJbv6,meebits,8.99,98.1091129146965
23301750,19433,Meebit #19433,https://lh3.googleusercontent.com/oBdCIn147bJUd1Q1BqoP3LCCcZhQoP9N7pF0TLpTZei9xfEZZ388BJXzbM7FUzcld_9Wk6WLeyFNnH2Cq8gbcmqyhncWPs2bsX1JkMw,meebits,4.36,69.78620144603013
23322750,8462,Meebit #8462,https://lh3.googleusercontent.com/mg_unfVL7A6rriy4VP6ym4SnQjfq9V7p-coxnB_5Z8HwklseM5hBqa7wc9XXHaiiFivBwqXxNBeDSSHtwxBBTNd4qj54u8ov-0Zn5AI,meebits,5.133,125.23991296950459
23302232,6255,Meebit #6255,https://lh3.googleusercontent.com/A5t1qeqwkpLWDmAeQ9u3pL3iEVFFeTTqGADHD2V2LPUDqzeprSEIZ6sUVel-FyCfvYhFXGGZpkdt2tOaeVB5bIl4LTyI8pbyb2TR,meebits,1.7,10052.619173283847
23296112,19125,Meebit #19125,https://lh3.googleusercontent.com/dZDWU6r36xYr3OLfRgPdMMNTQ6zRgDLgnXIyDEiG1GzxKgb0aOKDj3jXRz-8i615xqAYBZWAXoIQYhgnvojUWPsSuiTNZ6kYXASNIcE,meebits,8.8,92.29591548427389
23305712,11503,Meebit #11503,https://lh3.googleusercontent.com/PZqWWWngv9Fr4Ivi-Asv9IjqTW0MtOURVQV1np6OQTHhJMWFPyBz7v5ZmzOWujPSSwlJQ0o2p_NXPUfVn2IScDsW-RaehzN5b0Zc18A,meebits,3.6531,75.5446843778785
23301992,6046,Meebit #6046,https://lh3.googleusercontent.com/jPcWnI8Fe1aBdY5tx_jGDj0v_6IP4WTuq8aygs9cEECv5cCzLEM9UBkInPwr2j0mfUj7xNOOgcE5NCS29RoF8LVNoe9zKVvIqkvz,meebits,5.45,102.81736180412278
23302113,17155,Meebit #17155,https://lh3.googleusercontent.com/_7Ax3bc1J1FHIN9hQLbUpCxUEF4rl7kv18tiOWcWL4P-SHHC4U9BbQCTJ75ExhGLAeFcVT1uhP6BDw4HbQkdEHc0I3RsHtK3j-i_oQ,meebits,4.39,44.61466280189656
23296113,11876,Meebit #11876,https://lh3.googleusercontent.com/0C68macQE4Hqw1c5KxUNDOmlI0zbYe3MNzCKVtijrGCtqJVBeNGMPyhbPa2hnpmuWrPuicm8llLD7d0YvcEiTv_3mJm3Q_OAT0hUKpU,meebits,3.98,55.342542880556074
23312434,17808,Meebit #17808,https://lh3.googleusercontent.com/iO8bxT8trK0OE9-HszFG3aIzPEeHHcmVRgFDilZfklL5ieEmdPMjBakaG7VDMDpARLfOj6WdPc9ACsRjc1t4lZC18eK_jSSe_l3J-Q,meebits,5.49,125.24876391156542
23310035,17544,Meebit #17544,https://lh3.googleusercontent.com/6luJk7yyf4KxLQ99DxwiCktRWkHp2wKVvnRiFZxJ-PUqio6kqfa5028A44eoKZ6E0Mybp7cJ4dUSMTspie3gKK7br-B4KnSeSTFiRcE,meebits,5.0,126.54432734753969
23310395,17672,Meebit #17672,https://lh3.googleusercontent.com/aHWvBUvUdClq63o93kBLe-bd1fEpLL9kwlzNP9AE5EILCtVSNdX-St9pemFEUquArB-c0yvoQ6qnZLTJeqsoOEsoDYg9PGyAY27nHA,meebits,4.49,63.135898686453835
23312435,4658,Meebit #4658,https://lh3.googleusercontent.com/-znrsdcdqhZ9BvZ5Gig8I1BCN5qrqH7ic6a5n9F6hqpm0qM62NPWl5iKCCmzKBgOx1Lfh0zvSXy7dOW8DHZATOSZXt7LfLtyMvXJ,meebits,4.5,40.623205221079985
23303797,5880,Meebit #5880,https://lh3.googleusercontent.com/IefdNnC1d90Siw7enq8L-wShm-Je6RpL4Fhk-k-JVKDSMxJMEuHTXIvMzPqM9uNqbACKo0QkcjXosPWihMxbo0a1jLBT-KOvYGVVYQ,meebits,3.8,39.60607309084434
23302357,7330,Meebit #7330,https://lh3.googleusercontent.com/SMxFDaMMNkH2gsjgSO1FoLGetWUBeL1sIZzUsCfrdgTjPT0qOdJZctQLsKSWdKDa9h2hcwCvGE9dlQLCMh3BXuFhPFaZDkCnMkrv,meebits,2.72,43.07134722916371
23313638,7936,Meebit #7936,https://lh3.googleusercontent.com/PtRkyQ5JtqKZUoBhz-6mn3Mzrs4SvharrgFhhLZk1-Pgyy589v7nfmPIlijG_5XBiCwqiASlGheSFcNjxPcOj1RbV0I30w2FWs5bEQ,meebits,4.99,97.71040964260817
23305599,8733,Meebit #8733,https://lh3.googleusercontent.com/7sRSYpLVGr4PokjQRR7ezw89DRKlFr8w_RAQLn53o2b25xkiRCxVoEEC_e2YsWczHyxuJbM0WQOqxctINc2rb2FTS4UDFkq6O9rmkg,meebits,4.9,36.125709086490964
23301520,16284,Meebit #16284,https://lh3.googleusercontent.com/2DrjZKlcs8AGkeXROCCZKOGC-NgeD1mBFkk0COeC2mz2KdvUle82BkYnYdlw7vGkHltFgaiCNZcbA7DVJQcWyZQAncb7yGYHd3EE,meebits,3.59,173.59897992060255
23313760,624,Meebit #624,https://lh3.googleusercontent.com/NxjK4by-ZeYxfIi3TgTRYcIHI66tJoGWduwLMM0MqjJJmy55frMnvw8xvR2_955_O7BQNO2GdvAglqt-_4VODbJE56suVPGUGp_Peg,meebits,8.0,197.0325486794461
23298880,762,Meebit #762,https://lh3.googleusercontent.com/_irPaSKhbGxIQHysSrgvl07SzSk6qd9qJm-2r5YWYW7tS5dOkR8Ybb9w-ArCrjtpgrpqZgy8LWQmss6LBkZXO8kp81jGQWQVYKSJWQ,meebits,8.0,70.322044762307
23311601,1999,Meebit #1999,https://lh3.googleusercontent.com/0RvzZISLxCcOaNz0FKFQTdqbWOc_Oe9xaorMen6x4XrfQitugRlkqlJQNkpfFri2dB77QzLzxS67adT3SgWFzmq2AEgXvu5B6UTLflo,meebits,5.21,215.81100196859367
23317122,1803,Meebit #1803,https://lh3.googleusercontent.com/d-teCKv-1qcwPunZLoWcsrIPrTYqvwu1QNZb8TYSTMsP727c_QUlQUiM2HkrI-HWVuQY8id6k9EQG1vgs0YjOLrPRtCaVhHNw5OSAw,meebits,39.0,113.95275831984918
23311602,15280,Meebit #15280,https://lh3.googleusercontent.com/EJePSVDyAIyDrb-gxHBWYMeke4J8ubO8hFreaGcbsTN4iI_BMyiPBEb5HzwgbtKb4AkMnGky9joM2Lv20gzje5dJfRI8y4I9gbD8,meebits,3.29,67.60145660912333
23318683,12359,Meebit #12359,https://lh3.googleusercontent.com/W3d9CCem4qH-K25ngwOCn-bQjJ4C4qZ1Ic95XgSwoA4gQrzxVDnaUIKD2XVDwdqfEokt2Bf5ySnIzgrgqvZNzxvRRFKjK54GkJ4y0A,meebits,3.55,81.07618523353109
23308123,7843,Meebit #7843,https://lh3.googleusercontent.com/6NGFhbN4IrHt0IvdK5GQUPA_Uf1O210V7RbeGGcsMar3xFqeUuUL6orAJwz65LfLKPvKO3awu9Bdg91FkYwtW540iGokUGzZgtHtimg,meebits,3.85,107.15809749358209
23316764,4490,Meebit #4490,https://lh3.googleusercontent.com/v4S_b-bTxBhxjcwKZZromPCz47rBkmAd7Hm8GELZB1Ablur1VOm2PvJsBCZy4YEcLdHDBRS50kVAoaGt1spnalqUmEZsQDgRNlAZbpE,meebits,4.0,66.22795833401679
23310884,11011,Meebit #11011,https://lh3.googleusercontent.com/f_Upk3ZC0Rw42quzFve-evUB3UdG-_rMvOdKDWDzm-gbbwPMmZXVI8IYeu9xS20mWbSxI8IziZVRmd-SusnUxlJ9R_rJvKZOT6bpzPI,meebits,3.13,49.895634007129736
23301764,19611,Meebit #19611,https://lh3.googleusercontent.com/qKpfwfRTwcMEk-2fPYoDXIq0lv0fJ6UywTBQF6NOeibPhNXiFDloCrTBOvFTI7x-Vv4aeJGyBPCRDEGWT_LqnDAh-HVDHryqJToA2w,meebits,5.498,83.19363248229062
23300445,18951,Meebit #18951,https://lh3.googleusercontent.com/wczw8mMnepw4xeRGatHTJrtgNepved4UUNNlsqZgjzSi1ptI5u7IL036nx50e79L3PTsJRwuXl0ayNHYy2psF0KqxbgE1Ji7tw9Zhg,meebits,5.09,49.43389723314976
23313165,13291,Meebit #13291,https://lh3.googleusercontent.com/qhu4B5NqAvyWYyirDJ6ZENegAGZLoZ3jv3CfG4W6c2-V8_V2OmOV_rw_PmQ3UrOJXcQynNNyhgbs1oDlp3yUGWJIfZuLv8qS71ej,meebits,3.33,44.5559245246305
23311005,9525,Meebit #9525,https://lh3.googleusercontent.com/leSyYXh7NPBnvo0TVTlRQ4tYAljjVgYi3y5OXKeBG5umKdfY_FlU2saHlPPiXgmxLOk7l0QRpdeZKGjfyklM2KLmqHwDsaN-VJKYMg,meebits,8.194,62.275691232123236
23312445,18396,Meebit #18396,https://lh3.googleusercontent.com/pMFCOqCqgLxbhJy49rNK-8YemVew03QtCNGfd57S8rku30yqWC2xsLkHWHZ-K0DLN88zQUJyFmJcYrUmy5LgfxE2I4zpnCcOFS4L08M,meebits,3.99,108.7738873136406
23305486,9377,Meebit #9377,https://lh3.googleusercontent.com/UEEEFgAfhtNIMQ98wIaHXVLTckZiqVEu2OEOgVOPZG5okcq-InEACKQy99GLf-VqPzsEsMmLNPBNt8Nm6iEUpe_ijCd7RwBLHpkk,meebits,4.09,90.4642870374219
23302006,8262,Meebit #8262,https://lh3.googleusercontent.com/yD-1tyscyIVEO3_5AhEA_h4EzlOEhCd-u-VE9Rve23oGH0p3_u3-oRvnZtPRE08QG4vcZKgc6ulqzE1LftSpBAvAda3Bj6gFpc0sCvQ,meebits,9.85,28.705311630702308
23311006,3553,Meebit #3553,https://lh3.googleusercontent.com/H2fmAsvE2G56xW9mGcfa0x5N-sjK04lZPg4o9tmlOjnWDCPbFb2eYmvC6cO8WjWLX5XNvMTbuBrE7RHbvuY1OxrKPtyAHQv1cpZkfwQ,meebits,1.75,70.45785462568466
23316047,2295,Meebit #2295,https://lh3.googleusercontent.com/EUt9G4wGHGg2hS8izBliQkR47EM0K6-eEFOc_opJqoyH7459nLlB7bq_8DEzId12Qp86m2VfeiCU7D75Mwib5Uq_uCWAObU9LfK3,meebits,4.78,91.05876677201255
23305008,11530,Meebit #11530,https://lh3.googleusercontent.com/xRim4lHhmTtDLn4tWIIebSmoqiWVqhwPqDZyM5YaJv85nvBMuPrRUvH14r9nOUO8DBnjqA39XBdVIK5WUPGbznWe1oJUPGOsASKa,meebits,2.9,56.48731440828215
23299968,3776,Meebit #3776,https://lh3.googleusercontent.com/ubGg7J44MZNi8eJoTVCJGl9y7Qdai-4FhJ6nr85jjSuzTc8YGztlXfQyogs-Ojht1mLD7EbkbHftqHxpGpe6mnFkdoD9q7pOVsTr,meebits,3.821,46.69165879669043
23320849,17026,Meebit #17026,https://lh3.googleusercontent.com/1f4PIXIUcCM9B-5rpfgHthkKTabv9cTdppwS1APJuPmGrwycgG-nVbm11FdSBrxuiBQKqSOYjObqwb4M_x-4_HA1PK7IdI225X5s6g,meebits,3.569,117.15327229102743
23299969,7725,Meebit #7725,https://lh3.googleusercontent.com/675dGRYo3nrYhlLdgKrb1KaZ3S6DeqlwLkQIydnc89H-wBWGx6CEAjhciev9nNsJT9W4Vii5btcCyexIhGIAV9GEFDdcQN-QLDSU,meebits,2.79,59.57541198357538
23316890,11280,Meebit #11280,https://lh3.googleusercontent.com/LhXCJ8qwDJHgKq3GmojOE9TSqw-zE2E_XBEd8DfZCV8nuZqTb1G5yw44KknhRj006avc3zYyUvxSsxIs0sZmpTEBImqllCgDtVWoEQ,meebits,6.5,141.70283868379707
23311610,14954,Meebit #14954,https://lh3.googleusercontent.com/-PtygftinWMVlmIWf9rIhmZUo5t0_t2l60f3kbMuzvUh97R7_CABAT70WyyBYV966ql6tDfa4HVdrjThNedk2iAL-a9OrdKEtybl,meebits,4.5,115.14142638195301
23299492,18425,Meebit #18425,https://lh3.googleusercontent.com/h99w-dMMk4MkET3gcm5p8PIDm2D10VSz3DH0JwOBqJjUYXZZDxbQ2KZHubfMKVgpgQzrBZtY9CjADBiqrDMMRK0slawq6U4ug9sEag,meebits,2.57,36.27493922788875
23315213,11018,Meebit #11018,https://lh3.googleusercontent.com/CFHEjbuh4w7F45rrSgCbnCDUrtf4ZQY7u6bukoUpIpj--TOlF5-1McW7EZjpKrjQJ-zlp-TFLDaU9w1nQUVswVU745PLkVcGaWdf7w,meebits,5.0,10133.860559788409
23298533,7210,Meebit #7210,https://lh3.googleusercontent.com/Y0jn1hPTyNmv9Rl040LwbcxQ7lsbd1KALfhlyuga8XZIAatJMe0H9QV8qiJ9ScJ2jmdarA6GHzjvFg639LJWlBOHb7dvdY055JyNyw,meebits,7.5,193.00582553918943
23296733,729,Meebit #729,https://lh3.googleusercontent.com/hkl9twNGi0BZEUrRkLz3ITM7qAPMkXqQA9IDn0FX7dADdR75WCm-TS15Lv8Zmb9CCcqaQC4ae1CxgxOnM4to6dFbQseiR5ri8smeXA,meebits,6.65,67.32212991528763
23300094,12093,Meebit #12093,https://lh3.googleusercontent.com/_5mVM2Rv4FRA6OQkGN9Jdozj2d0F78h0U80qSXQmM8w7qJALbdOVjMNrzsTwj3Gbi52YWcKw1wZGhapYBvI81xw9ksh7TrammAILt90,meebits,4.2,97.4750600289854
23313534,3428,Meebit #3428,https://lh3.googleusercontent.com/IGqQq43V6cifO4ZCtYIreWJV1AI2sN8nQMnRIHmvX1mmrbLgK0XVMmVln5oWFr3VrZ8jkQXn1S0kNfU0Qd-vam7PDuE6O35lvyNeG7U,meebits,4.89,39.09674601632334
23320014,4816,Meebit #4816,https://lh3.googleusercontent.com/85Lfsn9oEovGB0brM19ie-zlXLlAH96KcQgg8t-nq7FCuqNVUiEx3kLpIMwwsuhrdVPheweVXtRxjJ_KmDKYzFsFQY4tylQAMK23,meebits,3.989,81.49328985029734
23298775,18974,Meebit #18974,https://lh3.googleusercontent.com/I_Xo281JZWmg_txhUJ_qFKwuq1P58gs43bw_xAW55MXbw_cAyBvkXOwXIxvIvo0uDtujziKEu9wWH8pcmWjd7Ec595KQqQ8_0Uc3Ldg,meebits,4.127,83.98592827867468
24287816,3927,Meebit #3927,https://lh3.googleusercontent.com/NAQwf3w2fG28_i_mrYs-Fh6CmNa-qBSnnaG7C-k0Sy1cqoydfGjRmb49j0KMJ0kIsnIPXPM4lt3FFAqLSG6xjVpz9rIS7GDqvIz0,meebits,4.5,47.43388202066954
23297816,16788,Meebit #16788,https://lh3.googleusercontent.com/7Lk7NoKTJCi4xpVOKkl7YSht4_4Z0CordMGSPVNOlO2aTmLM-WQLNUU7Wy_Js6MqlVVhCxzVKmC-aJHHX6AZfsyDqOB0oSWuhbfy,meebits,3.9,37.998757383882904
23301057,6090,Meebit #6090,https://lh3.googleusercontent.com/5Nvxecvb2o2YgJxKFY226Coy8O4lL3_ReVqaLXPteDi6Vo9vs5UHcatzMnUr1scDgJVWzWLkDFoZieVkH6SFGMuz8aFOqV4zu6F5AwM,meebits,3.6,69.21575926611796
23296378,2593,Meebit #2593,https://lh3.googleusercontent.com/GKW2IQiJbRTD_sXr1Zi38KLXRS85ctQERg9BN9jFF2XaNAquMcdSwUWMGCqfHfsY889zlqYo9gAJjYH5OBw369JvcyNGXyJ21ojjB58,meebits,23.0,333.3075693451303
23304419,16243,Meebit #16243,https://lh3.googleusercontent.com/ghfWyditu1OuAQql7aGUonDrGBqCkzw3dooLsrmTdTy0ElaBL3gpdGhIturY92muuCLjtg_QfmEUhQ5qy8IuTWlwmI3QKzRp5Tq1,meebits,5.444,67.05106079514528
23301899,16145,Meebit #16145,https://lh3.googleusercontent.com/DCQU8S0r-xJGYN4TaXs6LwKVyJxsvmeYo7xY-m4zOjBbz2wJcpglzeO39LwNb4awD9LutYhTY4BdIN_uv5TDY_zLl_lWG4pabHkObg,meebits,3.9,58.84492959016679
23302259,9415,Meebit #9415,https://lh3.googleusercontent.com/neRlUwJCe1XUtMAK4zEWjLINyuiEh53UuWBQ2yr_8QcW85cFMCxOL0iSPlwEJewhP357mVHBuRZCENcIxhtKxAbMSmshARceFwyx8g,meebits,3.88,83.59879430462887
23295660,1493,Meebit #1493,https://lh3.googleusercontent.com/b-ofnA--7OXpKkBA4hjXsXEVCkLUx3WHZ7jRq-1e-4hd9G9fngLQKCNdjSyooRM4HWDrV6rCUQyL975hOuPJGu6374sD69LYdXmm9w,meebits,3.39,63.59959622224563
23308980,15919,Meebit #15919,https://lh3.googleusercontent.com/LzEvS4tBhv_PPyoI8c2uaQLxdQm8pmjZ6sqHfSoERVYyla_Gjo_rGXfZCUSI1CRdFKG3TINfILtITSSC53Qcry6bEq1OByJpiGG36Q,meebits,4.5,100.61169783984508
23301180,16074,Meebit #16074,https://lh3.googleusercontent.com/owpDYeypH-L89DOxyuDz87E9ZKTXoG5Jcv4RGOeMFVywOO950LOuotj4eU7jMDx2Mf6TVn5Qp9nhbukhDO-EMsmQH6gGsslmrpEL,meebits,3.5,60.379953004315716
23297220,9959,Meebit #9959,https://lh3.googleusercontent.com/RVfUN8sbsjdvWMEJgh7KybYucFChuLFgDXlUKaGl3anJ8k2wj1qPK64ucWK8YVxOukVas0XBFTe6rxZFD3Fkvj7m9097M3BgUF0Rdg,meebits,3.6,65.13630964374941
23296740,10244,Meebit #10244,https://lh3.googleusercontent.com/O9pgivoPlr-hbs0EJXla1XLZvfAzBJ3TIQrZ8BEAc17z7EAhR6im34TJ1Vav-VVD4xzMso6ZI26dmPEm8vba15rzwYT4jDzHFR70,meebits,3.6531,49.40971819318873
23314261,5085,Meebit #5085,https://lh3.googleusercontent.com/4E0D-tZq_m25N5gxnSvcbtKozqFhJDf2YwmhfBzPk_Lmfndi0cxvIAuBV9YOITVOfSvdyL4XZLsTVNupQYQhEuKUz5dOIJJfaFCoNvQ,meebits,5.1,76.59365847854852
23312342,17815,Meebit #17815,https://lh3.googleusercontent.com/EJLn2bMjsP6DmODKpLAWSIHA5xo05u1LTNWbb0yYzUAhLBH_lr_xqSHMMPesIc-Pk-76lVpiOe30lLO21XOF2DXGZPWCv2RulfE_3w,meebits,10.0,46.44364157561836
23296742,7985,Meebit #7985,https://lh3.googleusercontent.com/OQCgHLCn_2-qUapXO69WNRG0aUP651XKXT3nuuMeX7ljXEXhNzqKlTgSQxSjTEeyeA5PeqPMoPVfDhJ3MEava2VbdjRQFmfJdYv2Ww,meebits,15.69,171.52270143013908
23297822,15741,Meebit #15741,https://lh3.googleusercontent.com/sy3o6XkLOo72ajc_fzZOb1FK8pJLtG0AW1nL04DQsYPh9XmGwT4K9tmyYlu2cm7xo2nGodeNDP15CX8uQhCnWzdXoPqamp3qFDULi6Y,meebits,3.5,141.21046757918117
23309823,11605,Meebit #11605,https://lh3.googleusercontent.com/MGUUmwkl4F0I2cykeWAKxkipuzGw3nHIMJxHIXnqeGehJtatvV5nOposbrxIrCc3rIJVdjxTH7F0piIVgaN-vl0YiBIyT4MmWGdF,meebits,3.0,67.40504488364049
23302864,19058,Meebit #19058,https://lh3.googleusercontent.com/iWuCibxbj749VBUhe1Kh0qFEll4KruZqOOjCKM2jPDrtw1OMBYyrRycNfSDC_fZ2gXS0vmQJHXGurYF8K23hVL3le3G0xNx1cqJi,meebits,3.15,71.47449606151427
23309224,16679,Meebit #16679,https://lh3.googleusercontent.com/oRkHTRv65h9tc4TfnKCqmdePMgwE00HuGtNixprHwtW460fvxRelN3wyCSj7p4aVQ-nv54rGtBPRP4bN1d2WvivN4tIjgo49slgN7g,meebits,9.0,63.81222649644672
23310664,19240,Meebit #19240,https://lh3.googleusercontent.com/F6sJy9Xi-gvp2YgPFlEsozWutBgSUc6AYQIt7ORKUX8-nGRmB_kQsviRRQLKww9fQTZOVswSE2iJGBykLaoqKNkAhTkg6k5D_aDc,meebits,3.8,102.65696756269618
23310184,17179,Meebit #17179,https://lh3.googleusercontent.com/4M3LHTtCc9gyiHFtTfPO-tDQw2P2difxEpTUR3F0ilzulzM7P5hXYcKs3oBo5ISpHubduHMwcSt_xuJwIwt2LZaiZqZoxYGHJTdahw,meebits,7.8,55.62483564460783
23316545,6279,Meebit #6279,https://lh3.googleusercontent.com/7bgZNXHm7kv_6em_AsJk8GxAas_TKa6HgohF1nQSybf_tP_0oMdHVanijAQtUGMm7CjXRkTdmKH9Q4gmQlckHodH2kkWgeDDmWLn7w,meebits,5.95,82.7517460999875
23303585,8975,Meebit #8975,https://lh3.googleusercontent.com/e_8MzWZjGuqpGAa5MJJmVnBB3etjgOWtGTc0PtbimFIzvvIvrmu1-ghF3jd33JStYdKNtY_Z5WTwga-N9P7mW0ciPZb_wT3ybgqU,meebits,7.98,56.90326096319905
23297945,5908,Meebit #5908,https://lh3.googleusercontent.com/U2TGean2vz2MN6zedvex9-k8rw5ruNLFfRG7oiRLtvnRx32qqs6SixHP60AphsorJj1-v8OF-_L6xsEVvciQ1rFqzgrd-mJI-NbKpZQ,meebits,2.0,91.68507729160845
23321706,7708,Meebit #7708,https://lh3.googleusercontent.com/ucTzU-dRigWv-F-pZqL7XaXc_jHTbrcfBF2v3I9HYeyPy42Ehc_ZVByoIpYJ-poaSlUxftLVy0z6Ww1j33aRwD9WntLbIug8tkYm,meebits,3.19,79.38476705341468
23296986,3525,Meebit #3525,https://lh3.googleusercontent.com/rCuyouSi_AyHqGLOBh2M3fDrhWCSbxgkfGGt5imhGsQyNuPfPTTHuJ-XN8OTsPcrqp23U0jo_z8J9w5ZstpNfyHTn8A4XitXXSOFxw,meebits,4.75,66.50702173591604
23318466,11751,Meebit #11751,https://lh3.googleusercontent.com/gli2-Bkd9DJwaAX6NgZb6Cp3O3I433lz6AeJprwdX_P89lbcI4KJUbkMW7ut8BeX7C1fhVhgfCqlBeeUPvpX1ID2ZxIla8CLNHgppw,meebits,5.2,63.26826155811824
23313187,15372,Meebit #15372,https://lh3.googleusercontent.com/_omTGEnnVbsGM0uLozy8iRS73IcXaDDSYPROHtVaXwrFm7OMh5iEEXOjtFjN7BGAMCxoYkiwL1fpSk4t2AUZjywWZQp1At_E200Z,meebits,4.4,61.41321577996313
23301067,10394,Meebit #10394,https://lh3.googleusercontent.com/lLcLaWQdluYiFU8u9CQr5N1M8BmJ6TD74bmzF16W3tPg4sG2jAfOn9wvNau6aYElNY2aYo5a40MWemHUC1tWZxNx-qnBWkkKQ7g66w,meebits,5.55,57.5181883383911
23296747,10139,Meebit #10139,https://lh3.googleusercontent.com/h-SvDX-X7qH3ye2sxDuc4j2OxCPTXX8tODGsZcHso1z1xjfX8StUeb5ofiEo8IJ3MY6Ko-anU5vutGgy60zgVDgnuOmuuiSwmJ_b2A,meebits,3.97,45.28512004036906
23300588,14987,Meebit #14987,https://lh3.googleusercontent.com/0JVdq70QtjU1NiABN_93jJzV-LYFup9TeglGoxZqhxO2UXFcHu92k4cqt94ill2nL1fQRabtTYkAzGbjYRJrE1IEc-h7GBwm4STc,meebits,0.93,58.679896523714035
23310548,5848,Meebit #5848,https://lh3.googleusercontent.com/QVSNXfBrSGWu0z9V8sUtr8EN2adV86KR25dQQD3YIHocFTCEBQMjibW404E5kXa_kIpNRJf5Vl8kXO6pIRzzq-y7MYHi3YpmkvyCqg,meebits,4.8,60.1856985039611
23298428,3058,Meebit #3058,https://lh3.googleusercontent.com/rpPRq4mxZEGM130qzhJldNrOhijpwAMHJuFyZOVmpT36rEVm-AB8NshzaxpYg_gCA-5x0JczM_FdPJ6eUKL7XBirg6UMYlp2F9V7ZA,meebits,4.0,58.73413859077609
23315108,1541,Meebit #1541,https://lh3.googleusercontent.com/cg0DACmHqu6-jP9YbuZhCUPmvChCwHT1PavOedq8vZ6LNneHNKH56OEhWaJRYfkooUlwtoHqR_WrrP3Y0Fi5cgOJWf7AOFWre98TA-k,meebits,3.79,248.52364644081175
23298549,16768,Meebit #16768,https://lh3.googleusercontent.com/FfKkSSFutM8sfTC0NkgrvVMXQWcG-unKYWxzrzn4hH76OwziXE1aZfYD48IjASoFNzi-AnybQiPTKSw8BEuWpAjQOze-JTQ6e4jPYw,meebits,6.12,90.78607694528198
23309829,13711,Meebit #13711,https://lh3.googleusercontent.com/RvSQOhfr97NO_IJl-WGVyaKOdqF-wpmO4TiABLLOm9GuVZWBgc20tS8aJdnKsxBxOHW0KX385vADgU9ins4BSIbugvvLLsbPrHnntg,meebits,3.8,61.01876317285412
23311392,11665,Meebit #11665,https://lh3.googleusercontent.com/1QDqT94Nj0-1RX3af9_Neg2yx6-Kj_eDlTxtTn9KVJpikq9mkExxlhIs_XfBnlNxJjgByuNJRU18cHzRcL5JJuUVM9megZ_O7kJ0Fg,meebits,4.2,62.146696985425685
23299513,3585,Meebit #3585,https://lh3.googleusercontent.com/8WD8gVCfeFNVCpwAmgxLepIWb6_uMlsZTGEYOFJCpKiAskpAwyVTI3QZ1wnmTGXNtEqe8DodTCv4mHpJcZXJk0LnrCzBEMxLyASKXg,meebits,3.85,170.9157908089816
23310434,15087,Meebit #15087,https://lh3.googleusercontent.com/bDE-0aT3o0OnWxsDSDvFmCC7QkN2-kRzVYhAEkX53C4n9FGQHR2hQNXgKfhNuq_bsv_W7FEMbzjKVrxvOa1IM-lrO3vMGwkQewtn,meebits,0.99,54.80894740866228
23318954,6071,Meebit #6071,https://lh3.googleusercontent.com/foLbvsfHnnh6aF6n7RhKhC2noFX5lTI_fAojh5p62tMI1ffRjRqH4zW8jnfEH08ChK9Gx3K1gPLY142dSC5eZwlD98AbAPbTUsd8JA,meebits,9.95,62.578035364930656
23321954,4865,Meebit #4865,https://lh3.googleusercontent.com/-h_Ex5RJ_bcWtnPBKF2Fk2yjxJKQFSky9Qt0LEmavOSNxGjKuUrR3xDa0zfAnIK2Z4M7D-UNKD8ZRGNVsd0S3gaZlxLKuMpyYNqx1A,meebits,4.0,53.772374703266365
23312355,7512,Meebit #7512,https://lh3.googleusercontent.com/j9g1b2lCe_8svrrI27tMwWKEgCygy6BRIf2sB2aaZDIgQj5PApNhIDvnZgyN54p3nzMgan2nkGg83D9PZU88FHO2ParDEmAtbQ8htPA,meebits,2.75,73.3773159231922
23302635,12777,Meebit #12777,https://lh3.googleusercontent.com/2S2y09SFkaV_NgKbp4FePzi8ed54E8bO9neKHdxPbQ8FUqpjKzcpsjIM6d61aOjXC-sGxJSwzDIz-LoILwB2vUT9QMNvzLi-zjqAZA,meebits,5.0,48.777320436214296
23295676,10417,Meebit #10417,https://lh3.googleusercontent.com/svspS723n8Ntz9lDkA0SyQAIm7UlVj8R4mPLQhBTE1WE5C1C61GqpPWfaV1AwKAtcdwzoG44VrhzRP5kqv0ZQVixZt67k5JO7TWvwQ,meebits,5.5,131.90567921188983
23310316,16610,Meebit #16610,https://lh3.googleusercontent.com/q7_fpr2n61NwPoWLgsHXZ7gn5_yJR5hJxSHsZdBAqBU7gYlDdt_AuCtJqDCSG8-o3YWm2uSBNAsF86W32SzFiRQaTNjXQAIfz-lQNw,meebits,4.0,75.93168815955735
23312116,12622,Meebit #12622,https://lh3.googleusercontent.com/xJdt5Qxnw79w6jy-TTCmkOqmk_PpOemp_kRd29SC9_zObSSalZq-Pcj4IecoxhXrDCypst7p23to41fWkl3wMFCJKI1NfWviId97,meebits,8.0,52.9321696748315
23310676,19516,Meebit #19516,https://lh3.googleusercontent.com/E_GmhlZ08A5WrJSITyWirL2ECgc59kgqHt-ui_Kz7qtt-C2dn1YIHezUJjmgJKy9UGAlgKw9ObV2UfzOtnbvjPgrrVgfgd7JBGqk8Q,meebits,3.1,147.50907333465702
23296877,7709,Meebit #7709,https://lh3.googleusercontent.com/BFHovY7fhwrKt3C-G0jM3p0vNFM4ZRs59VxP1kMYF6zfxCIu55bnlU9w5CI5s5qrbvY5-NA0KR8VCnTyIvRPnm3aT1SNUHzU0dMlpw,meebits,3.14,49.39940557976
23323397,1433,Meebit #1433,https://lh3.googleusercontent.com/d7vs2U_0lwClnbs4NgeMKbSxxAlw0F4ZTVTIgu9V2LK-JmrOHHTHhqMs_pgJXSQFUrDLRZ-evv3bU6jIEMqS9XNj-DwJTdeC1797,meebits,8.45,51.854372855411754
23311397,3910,Meebit #3910,https://lh3.googleusercontent.com/2Q44cGkqwSVgDedz9V_7ytD-Am6-ibq-merrrEKltF7Hzj28kby9icLR8L0NW1QkbDfIC_eVt-cGHDDO9RqcNI99DfBnUK_BX1FAEHo,meebits,5.5,83.30529159007358
23313437,15286,Meebit #15286,https://lh3.googleusercontent.com/JUXeW4qo7RVdYCADo-iDU4cwPmiz1EougPJuA7-mXZsYWAAW4qCup_yet_eaEfjhspF11vpZemVqY-vW0YOl-2g1vWXtK2kPpHPB9Q,meebits,9.99,71.74444449041681
23313918,14446,Meebit #14446,https://lh3.googleusercontent.com/Rws_yvkJPA4dgnv6bW2SP0mOtmEqmaZ2s9vs4E4KbOt6Q7FXKh2GPtFlZy1VB_cCwlluCNNKrXrM9daX_bbiJZl65dzh2vkbK33ZDTc,meebits,4.8,48.27353028843863
23297118,12328,Meebit #12328,https://lh3.googleusercontent.com/7hqcaA8yEG2dPUNenRPz82Y8Fqy8nT40ZIc41ePDr_rgK8UUvtD-obuMuZGe_hq4KPmyMnZHFRGmP2CCQDs7MzINI0IeN4XfrcX6,meebits,9.4,175.77827171667008
23302519,10697,Meebit #10697,https://lh3.googleusercontent.com/jixktSBU6HQljfdS9d9x8KzkfSXAXnmwRV_xuTvLD7G02wPCt0rqodOHtQ0tdJRVp5htExcg_EEg4Ln4dPUHz0QlY-KV9fa1PRqx,meebits,7.999,51.517647251735696
23309599,16860,Meebit #16860,https://lh3.googleusercontent.com/mMGhi1eMEUDCpFD-2hW4rO8XZuhUi4TNvuB3PjuOCjgB9CAxAhtmSSFgnGNK-kzGg3s3hxDkqPwAs8_Xu-A40u8S-Fe21gkuWvxlow,meebits,4.5,145.32968150953374
23313680,19075,Meebit #19075,https://lh3.googleusercontent.com/RPashA1FgmkJDHSjkBDBuMBvaLmCdHFXs9xpZ6mGFhsjTIVLm0POmH4_VRz4VB7dJfIWs6tW2_VyLf_ebsPQV4NIUgGPONJuXkji3w,meebits,3.35,48.59559561083536
23301800,837,Meebit #837,https://lh3.googleusercontent.com/Ldc9p_AgOBhaqaSXSBEScVX2D34g6JUjtxaaM8xNg1fuYYZvURCiQElXJ7teztCq31NRQSmdqNb1Kh3yxHjfqhSumpTYwkskVJlw,meebits,5.8,119.45684133629734
23302040,1715,Meebit #1715,https://lh3.googleusercontent.com/i_TjT8-aOHq3YJtDJCplNozP9eh0tb0dGp8QUo7O6DHt2uqExaHngFD3wz59S1-0onMpUWJIjpi68rbqjcK2biGyZ6HcsPWy8VWSPTE,meebits,5.5,117.97628363876721
23305162,660,Meebit #660,https://lh3.googleusercontent.com/pfFVba8eFhgPc5it9A07FM5OdoBqlvo7ar7THxYSlz4Adhlp5NwblRVZ6Ku9RMX-7AXl26IYRQmeb8wYBwfLVeWCG0aibxo0DqaysQ,meebits,5.9,56.24102365045769
23302162,18737,Meebit #18737,https://lh3.googleusercontent.com/qCczP9s4uhChSzza0IHWkXYZkiaQwTUruZN4uA9oZfVD8wNXrCzaliAOD3e9vhvAc9Wdx9iH4KMS8ZvU0FElhHiFS0amlwZUZ-Jb3g,meebits,0.9999,158.62531062578336
23311643,2452,Meebit #2452,https://lh3.googleusercontent.com/mkDf0hfg6W4sD4yv4p2168s5lp19MXmvVSLTKnSRW3Z7CwFV2KDpmSXhjBnyZMzYrAHxxlv-uQ1uIwIZKx6zoTD_iW9JgTCqHW4qDbY,meebits,4.25,81.88542161211012
23300964,7467,Meebit #7467,https://lh3.googleusercontent.com/IWXRc7eKJ4Kd7iRgfW3gMdA7RJlRklTvpsPJhFQ3Mlw7n3GSbSUatl0ONQHqHeo42BusqwMCCZijGWdiVTjE96xSnF96zwwGVgAp,meebits,6.0,90.88457312308017
23315604,4178,Meebit #4178,https://lh3.googleusercontent.com/Yj26zxKWdo7O1ASpM1hsNWq9BNbwRWZgqgAilLC0RmWb6ODNMsUnbQH1kksWu-uHEIKQ2le1gfXa_W1on9-mBCoJDUMCiR10HV_2Jvw,meebits,4.5,76.82725982236128
23300725,10018,Meebit #10018,https://lh3.googleusercontent.com/UH7SPgTrdfC2GBUjq9-VzM_nhG8211TSOvgn9BjTIx08bZ5iNDE5PaU-SYnQSH3p99NJIrFu_LV3kS_UNm5D6zCvhzb-Q4KDIX6PNw,meebits,4.33,39.99895842181381
23302166,18767,Meebit #18767,https://lh3.googleusercontent.com/FRhAUcaz4SOmU5lRSGwt7FjuK56OKKUlZqB5EBJAOUHWMYU97ASiCJ0Vyqadyll_g7yzWVwTqaGpWI66B6gcz5-ywPfIgrefLQK3Rg,meebits,5.75,62.694639741919985
23309967,1103,Meebit #1103,https://lh3.googleusercontent.com/QL69wNxuHZxhWcGxlxng39Wxj2toc17XTlKOH4C5xwu_fcJgPiwgPVy6hDHedvAq7TE96EZRU_ad5l0o5HqgQ1PXCuBTzSERdPq_sQ,meebits,9.9,67.44750636744442
23302287,7924,Meebit #7924,https://lh3.googleusercontent.com/XhnKmyR_iEIyl3akxoU1RLu3cwNNviKO81uZrc5D2KzpKcnM5SfzQBtUQDQBTUsW8g5NL9pmZFhdIv81N5nESktO110K_6nHv1l1xRg,meebits,1.6,43.03837492095478
23305049,13256,Meebit #13256,https://lh3.googleusercontent.com/k9FVVBAkgkPwN1iyVeTGJBXYvJp3HUsP37qXWVEU0Wo164DCSqdpGlDBz-J04q6wXkE6bk45sTQEVCQmiFUowtaCYPqDRg13t-boBw,meebits,4.9,117.49540809209097
23306129,2323,Meebit #2323,https://lh3.googleusercontent.com/ae4d7V5BupsGjKBfOW8h5uXEUGDerWbV1dqNE8zrAnwsbS695WYpnydF-xLVszNzEX1OOuonexPxD97TX67dsOVrJ2cY3kGDpvXy,meebits,4.25,34.93486894696025
23296530,19457,Meebit #19457,https://lh3.googleusercontent.com/KG5OuHYZldpIvfK-X_bs4Wo2SVOMRckw5SdQ71rDR_Fiiqa-3tZnFUq24iCCCwMoBJxwLT0_OoOcKOyJ1SxQmqPpb7aoUDe61l9k9A,meebits,8.2,91.10583793226098
23311892,1788,Meebit #1788,https://lh3.googleusercontent.com/r2DXe0JplxRpMc8NllOqnFrh8OdxFZlO0rSEtdMCe0aZh-8iVwjPVej_l6VdQ5SJb4ETN3a0_BwN2vRi-Nld5sdwjLO032e7vepCHw,meebits,4.6,78.9860208317825
23310092,17967,Meebit #17967,https://lh3.googleusercontent.com/VF09Xcw5YmFSm4UIUzX6D0c5Yi8MNEdSjjw8QGd1rx_NWF84Q_lCphSpYXoKa5lugzpindp_pwCl56XsmYrAKp2NS9iMaZq8kbIgbQ,meebits,5.2,46.254093514469275
23311652,16163,Meebit #16163,https://lh3.googleusercontent.com/N4R0dkcpvTvK_PU6-R3WEamue4OzQL2PFeJeUlZ7w_5DUGdL_O_ItP2cR5xn6SwaWP7HZHieonCuE8lR21GipdClT2w_0zK4Ms5szdI,meebits,8.0,57.18589783886867
23311653,5644,Meebit #5644,https://lh3.googleusercontent.com/94TcuaRuhzWBF_HzZY5vgK4hByX2CdPvU__RkG8LxiRa6t4nRPjEdPTc6w-p8Y_xgxOBDezbzk5ByHyLNLSPj1X9Jc8U7__bCF-zTQI,meebits,5.0,114.00153856044356
23311893,13995,Meebit #13995,https://lh3.googleusercontent.com/I-BVFo55w1IDGpBhtRamm6uKGq5sekv1ckGg6CBK8mCJ45ZqWxdM2Y053hiUQWz5Aamj0PywQd5iVpsGG9YXs1kkeOdBHmU4hcsx-g,meebits,3.9,113.79174738308488
23300734,4251,Meebit #4251,https://lh3.googleusercontent.com/b_AochobFv_ZH1dc-De1rq9YvCcE1C_az3UIVABW23EURIxszdwnQrghGKVYDL3JnU7_D_vdzhBi2btYCNJ1bIsLyKEbCfz5Nq57Ug,meebits,7.24,92.34987461854604
23315495,8225,Meebit #8225,https://lh3.googleusercontent.com/VooSgDA0fiWhPMd7MpwjDjmuEH-cl5aqFvM072WkijPletVQlYYGQagfvcMtItfixPvPtYi1tjZPAkaUZ-l6OzIfvTHM2OqK1JflgQ,meebits,4.2,58.140676528650644
23296895,1179,Meebit #1179,https://lh3.googleusercontent.com/0gjGswFSwLPUVXL6GZ-tDZa0CpGQRzb1Cgm6qwoxV0M26jvcWnTWKz5hGOrQZQXfKZlNs7MCW9W9i_xBwwpUiwlO5u_KPXex8oJQ1g,meebits,5.1,33.81852755442863
23302655,7191,Meebit #7191,https://lh3.googleusercontent.com/uNKzoRAEnp8FheIrLxni0HD2GWXf7VzJjPu19L0UASqOo2mlyqViQxezGSsHG4S7wc2E-AgzRGaTco2B63u1tA9fw0znQiRViTCy,meebits,3.69,59.818471829223846
23310095,10641,Meebit #10641,https://lh3.googleusercontent.com/KnqHooP9a6saML0C-IenRUH1zb3xRD9m5JRFQtMaUIJZW8BVyvYSKD_kvTWqOAQomTR5KoXXsKpVgUkFzgiJMKeAshiLbPHAyXYx7tM,meebits,1.4,79.22251174387335
23300856,9620,Meebit #9620,https://lh3.googleusercontent.com/thoE77vnVTnY1Ok5S79it8tcBI7yes-yNFCsCujcjOd0t2-GSjcw58_7tYEa9g3032oG28wt0xTBy0CLvJ-GdkWZGJZT5Ks0fm4r,meebits,3.988,58.37316713605951
23310096,10718,Meebit #10718,https://lh3.googleusercontent.com/Eb_5rpqz7EXpOHAjzY-Ip4CtvaV1aqoYQP6H5MQSFRNscpkDnVHW1ngJgXzMvYOowt580dKszGfBQc9AwDkCfETFBJCKiqfKuU134g,meebits,5.24,85.61171149278938
23300496,673,Meebit #673,https://lh3.googleusercontent.com/0IyqGY5Pe3EsQNR-MlO7XjInfmhyurddKdFB7HzDQpxCBOetapmzCEgJw4YFNGuRXrsgt088rm6o34XFK3VYcpVfNSaMYfupklR5S6M,meebits,3.7,62.28359149394875
23300977,13669,Meebit #13669,https://lh3.googleusercontent.com/oyaXvfUYEXSl0ypnMOgQLmCCm4H3Xub0Ik-Td7PKrovXtGfmL4I1GRNBf1zowXKxQCa1iKLHQd1gT5KTRhbaaG3Dtfe2L-XIafTL,meebits,4.19,43.034105297217195
23310937,10055,Meebit #10055,https://lh3.googleusercontent.com/F-WgDWKuki9Tble0xGcjmv5ZXR3KtRp6ykz7H58pwJ2SVnDSNBMCkSVGMbc8Gmn1DUT1XxWs5FOAAS3QkQNb1ySSGfa9qVmWRq8f,meebits,4.98,53.70429650608049
23311897,13732,Meebit #13732,https://lh3.googleusercontent.com/0a6JiVL2anau88f_bTIEzYJw88Kw2rAMaryG1FT6miMRWrY0ThJ1LIE8gNFVRrDqhvklGxpdHVTMvkmWvCLxgf9FwOruJDU_YFhtWkE,meebits,4.09,106.9464503998014
23311540,4200,Meebit #4200,https://lh3.googleusercontent.com/780p0iOnLfYCFWamxyUpMVQbKjzT96RNcn1dhPjAjebBx1Xr287gfnZXxrvo9ESg9_7D70toXgVlHVBTCokOG6BpBYbRSyUtXNvcNQ,meebits,1.89,82.65923602640981
23315141,3317,Meebit #3317,https://lh3.googleusercontent.com/vY7D2opFuRMIbrcEiz4NPJ2ihYUQD0g31tBc8yrGAQ3zUAjX8YyKV8BioUjaAzvDTAMyYzx-SCM0KSsZSrteRmjOZrTfaoY7-0x6,meebits,7.9,25.127391087460104
23312262,10292,Meebit #10292,https://lh3.googleusercontent.com/JRyy8JPsl0G-soUklXmcWOTG220LUrPAMVHvIs7SxSYzPNfO4YRONzI3JSsrhA7i6aqgnZ5Qj2PGvBnIM9-dhPstesEqFhlKZaCYAPI,meebits,3.35,95.50208195028583
23313703,7150,Meebit #7150,https://lh3.googleusercontent.com/Vyl0IUZNJDTDaJM77DG_M6ji3s-flljUqASrjleGAcNvZexWPrD2PwR4h9NN6HooK5gpPfvIvfCZXN5GAaurD_WBjnWO3Q09wQtXeg,meebits,4.884,130.88707979494862
23322344,14883,Meebit #14883,https://lh3.googleusercontent.com/T7ls6IY8Z5G2pPxO1bOgTnpr56Tl0vWCLZrexGvQyD-fR2izjvY-jsVdQ2dQjdNGHohgDL8bTIWe1syf4kgv9r6xyFjVgyqTad_Tfg,meebits,4.1,36.20018742192548
23302184,11823,Meebit #11823,https://lh3.googleusercontent.com/euFHJ7oo2APV4smg1iIPUlGmm5p0GvD6uJ1DT0hV7VGkntHFMGE_S4tiUuBLTj0nvgnl7_9gCKcvUQ5C-L_GEYTMS93bxtAT5Vjojw,meebits,31.4,147.4857738182483
23297385,4209,Meebit #4209,https://lh3.googleusercontent.com/GHXBitafBh1iFuZqMMzE-P1cMpQiKj-Vv3oA3fkIrB9m83INuWdmJgrTbNdVKNzyV0hcFww371_2ZTwDjW1r1_aSFz5qFKHB-kGWrLU,meebits,3.74,63.403597931222514
23308305,12162,Meebit #12162,https://lh3.googleusercontent.com/tW8AEvJLoZLqb1Yw-vZfnHO57RuMS2lVonCh1UY-bSjgBylYo_N1y_bdIC_a6cB99EVfLKgZ9zMrFLeav8aq0dw1uEr53XhWlskMig,meebits,4.4,64.5803600140705
23314547,12412,Meebit #12412,https://lh3.googleusercontent.com/z5inCd_IX7hqoyOthomL-sWtlXHFX9t57lVGYM4ueC9fAsvsuzk63WpMDhsQ-z9TR87q80XZ67Qt0U9g8aUAgrRyo3J9wgNeBDxgwQ,meebits,3.6,93.40914634263217
23310949,6940,Meebit #6940,https://lh3.googleusercontent.com/fr0QmaqbQnbZMZ_9pXAcp7UTy9d4eD7sZ5npvqgzxrelNvBsbVEOmdj_gVGWmfmwJVuJUKRVirrdS37Wgom_Orb9uFFTbCgK5AsK1w,meebits,4.2069,143.08042372178164
23296189,891,Meebit #891,https://lh3.googleusercontent.com/m6ipe9Li9zOwDa6_orVAXoCJi_eLg2CZ48oZ_B3JFQM3syJHJsyiZ5DJg4LOvK7JIvwhvNJmLJd2_pAvWn-XoATluVU6caSW9SJdbg,meebits,5.4,74.84570513894818
23301950,14714,Meebit #14714,https://lh3.googleusercontent.com/_4ug9NG1uq9J6WnCykdMQzMYUu_-MTlGFHQYqd8FKHzfisk6HehAzwDJQGymxw-zGWJtiLgTWkJT2nyDvpdCD2AlpQF0zqXSwODD73s,meebits,3.77,76.74146050689527
23317670,6980,Meebit #6980,https://lh3.googleusercontent.com/4jW7rjkt8g5ashTRVUvG34U17PeKiU6O8-V0ECRBpKyyY8SsaAszXYkHWCzVzY6E3-N6t0xpDB5nXMd2UajUboJ8LkhdvVs8YpQqRQ,meebits,7.95,52.237201735025934
