id,token_id,nft_name,image_url,slug,last_sale_total_price,rarity
67759680,8481,Meka #8481,https://lh3.googleusercontent.com/WmmDlkvR-uy3yZX9OPAfbuJIzJ5EagY3FJCd1V8P0sGYOA42OOa56kkBKaTzPY364P2aKjfVYzgcWZDtapDr4jVNpwHa5hP-QpyE,mekaverse,1.665,147.17799806838494
67768560,8809,Meka #8809,https://lh3.googleusercontent.com/5dr0WevLjOC5ZbaQ12zaw9TPn8stgj37dLRhNl7W3_JFkjl5m_uNo7vcDS_gfapeKplqb5IbHsP3_ZsoN7LI3pIkD0uitacB7sexbQ,mekaverse,4.99,214.45956273558556
67767360,3201,Meka #3201,https://lh3.googleusercontent.com/nxdyaU4Sy3adndYu_aXq9-u8kNhXdDatLVyZsz6dJokN1mS9A_rnUYlpTOqcH8WzhTbYikBJpHesvuiEPyElVk8PLrlGf0IynLog3g,mekaverse,0.98,107.35260127623856
67768800,1860,Meka #1860,https://lh3.googleusercontent.com/W3SmM9lY3mRrOWTkXy82VDDFEAFogzL-yX3lART6TjEPBRDev_QzmESdOvOKot_JWaMY-CqppxpEKK197UParvMOxUxHQVUe31hg4g,mekaverse,1.61,116.45455265352041
67761961,4907,Meka #4907,https://lh3.googleusercontent.com/876PVxFU5GFNtxlPRlILKSdhqMHg5-qT07R5WixY8WBZaOLcFP9DE8Wf7YYDsz3q9BmeQAN3otgdTQVNhA1WGY8cV7GnoAGNp8s1BQ,mekaverse,2.0,452.28996954616497
67775401,5994,Meka #5994,https://lh3.googleusercontent.com/4ObP4E8eJVAVVHvTpsEOo_O5HWm_fQSHaDTvhd4ECphHUu_Gf6OSllpmLLe28An_5jJLdFzNa0m5Hit9u4SU2ss98WUcI48NP67xlgk,mekaverse,4.3,481.92224109215
67766402,2782,Meka #2782,https://lh3.googleusercontent.com/-cqA_Kfv6kIVWjea_6s4J_Xm62xDeY1YpbyLhSAvg2Ze6mAwsyRntJYnUkjk8iRFljQKEJPW_RPfrWBthjCccSpsnJPMc8_gTl-HIxk,mekaverse,2.524,369.8038581298896
67767842,5180,Meka #5180,https://lh3.googleusercontent.com/s3G96Fa4ixXnbvTZxLqCptp6WyDFjBgZ-iHAlPQt2VUmUny_lkOV9xmahZBefKIEBfxknZYC8RoSfKHgbdFGjVs9hAyxsGTZQn6kEdY,mekaverse,2.0,170.25200889698286
67758122,3836,Meka #3836,https://lh3.googleusercontent.com/nR9LixU-NCzjOnK4ISDFkVZ6tf3Vtg-8NuFkHcMQw9PhhS6exCaBtj1qeT818sMXWGuLsOMuAhLWBLtTrwZGBd73m70ERp8wRJv9xPk,mekaverse,1.55,369.96236325999354
67765803,8045,Meka #8045,https://lh3.googleusercontent.com/txpXrQNSvE0xQ9Y8mg61rJui5SjVibQqgaKGmPUd8U8zp1ZBssXNzaIrLMN4m7NoSReLt8z3pqZRNlrZz7fjiVHU2BYeulTW_ouG,mekaverse,1.4,142.98291396045778
67764123,2758,Meka #2758,https://lh3.googleusercontent.com/lvlP0GwN0lQN7_TTO9SM-E-wGxrf45DfO716YSLlTzjMqsMReg4wdv3qZad25VkPcXVdbF0NzHrd65bdwi5jzXJxbwjzAataoCE,mekaverse,1.6,167.89147323668976
67767364,2515,Meka #2515,https://lh3.googleusercontent.com/_CBMBpZ5GNHzI1L9c_L3N-AOkF6qcF-t2QBJvBxVg4QwXwbf3T7bAjlIngyJB1UFG9r_LIwdfZX8NC-KnkFAtauXJlxt56iZ8fDs,mekaverse,2.69,156.36869168006953
67762805,8712,Meka #8712,https://lh3.googleusercontent.com/9Av88JreRiyAoPAhz5XtFe93B61HuFjs5c6xgISGBCK4AOlgqH7bMtb1Ovk9g818Dit0BikOFSxANy01HyvrTqh6M1Mmgz4SvtaF,mekaverse,1.18,157.06738381433811
67758365,3869,Meka #3869,https://lh3.googleusercontent.com/Z4d0L1GTRfRKxTe-64UaEEuZG7kuSNtptKw9H9OAHxvt6TvFOZ95pvLktq8LBK7QUyRW4Zskw5F-WVOhgV0joHUqWeCwEwLvZeAXsg,mekaverse,1.743,129.05067562824686
67772406,8494,Meka #8494,https://lh3.googleusercontent.com/31hsw5VWep4Hf_ARcWTI4j8zfdtOmM7wphzTa7vYqS5PuqSiFil8ID7O3Vcz05-bzFtQLi0id8dIh4T7RmsZCOQHitR0Yv5hr8ZP,mekaverse,1.49,93.6884568333168
67768928,846,Meka #846,https://lh3.googleusercontent.com/q3ipsu-grgSMhBgnmsoXC7BqzgHgmJqcoobojzO8THKNX2j7_HN-8Km3qreqTtFcAb3207ZlUFIirUl-9Mrt12tTkBugqIfXia6KDg,mekaverse,2.18,250.81911551386344
67765689,8803,Meka #8803,https://lh3.googleusercontent.com/yr1N8ait9xj6DuAjXBbv8tXmuZISyAu3cgTgPuAl64HH_SXeeHptzQkVC_5cWcvjkSl8Jz7QhS_yK2hpeYsNG258Kfq3pT_--WfWvg,mekaverse,1.88,287.4856920248798
67773009,6598,Meka #6598,https://lh3.googleusercontent.com/ZqUb41kK0DDoohaUPY9gcCn7zmFsOr9lrBf_1z90LIM-tzwNxtnc9-bWbmiY5FwleFneqdAtCeH6e5R_X1LGvar9dZy-bjK0Vm0zYA,mekaverse,1.15,129.83623484955268
67761969,5487,Meka #5487,https://lh3.googleusercontent.com/-NOxoCa520msZI1k7C6B8CQVNaPi24OqAL1q-47ANI6X-vmcRmzNfSN8BAnDw-ScF82JFnn4C655UUeE0giideHyQs6CqzrzXSGPEuc,mekaverse,2.3999,161.77513113986274
67767369,2027,Meka #2027,https://lh3.googleusercontent.com/MwquGXJaaHYFkVFT6POTxZ_QdFS6JFi7-HL3j2SMMRJSBoY7FwLtBWtQI1hcGw02vvQRpppsTGU1DJ7zPJBctR1a4fXQ5KLPBAQ,mekaverse,2.4,257.13324194109236
67764370,5908,Meka #5908,https://lh3.googleusercontent.com/u1Gn0FRDUdV-bEbCit_82F0RpniBpr5FrK5Rl-3FGPbktCX2tugZRft1-zPCBFCLyby1lgy-A8MmI4oLlh5-gcFwxqOThtvqt47Kxho,mekaverse,1.78,164.1776000914553
67757770,5512,Meka #5512,https://lh3.googleusercontent.com/SbscQInYSbzBXFW6XFeGVRi0yk87mLZEDawbSnPBI4HUqOypDcCludJuHozQQs6ppZeLiWXlt21wyqT5_kNggu1v2NxoIBNDBLQcIg,mekaverse,1.499,130.1702728359855
67767011,1159,Meka #1159,https://lh3.googleusercontent.com/sJ3k780Bwmkx72qdgP1irz0GPD5pM7WRM1Lf6C6-Tgpoe8TgQEi4PZK-Snl9YgR3k_vaxTmNyc98InjN22jw9iTRfzMD1KnXA-tz6ho,mekaverse,2.249,98.32641005961753
67765692,195,Meka #195,https://lh3.googleusercontent.com/OfWi7V-i9Qs7vQJZgAHNhECKYJ4HXJEU3sXKy_cjJmZKASkdmWv7_jBhYJ3JtMXlmwX9MQ_DEXXmAj1MK19ztV3XKja9c_Hpq1BoSvI,mekaverse,1.97,177.02978869754244
67767013,8709,Meka #8709,https://lh3.googleusercontent.com/WWPaByXEsBPuNh_zWPmgOoAIhbeC5MwBBsWyRsYnEJXZO1SJH7M2JllQDoTgiWWWzyxddkEkbAZKAkM4IlA9N4ZAJ3HqqkB1h2WBpg,mekaverse,4.0,183.46714224319973
67763053,6147,Meka #6147,https://lh3.googleusercontent.com/7a2bAfxKYuzw6o8oP8505ASKhhqeLikwMGBDYTC4e0xpjs6MpW1DbNZ7tj7BcR3KRV4GkqcWgHpM_nqAyB_zXZUgmnrpzJs1EyClEw,mekaverse,1.699,271.2405909197002
67772173,8093,Meka #8093,https://lh3.googleusercontent.com/bGI1Liecg9k9LTpcBpw6Rv3sdubEjP_SvapBhxIZwF8qeCbYtXZS4TO504g30tkRo1c62Li3BLaE7ZsTuvncuZWnJjlR1A8xBWSM,mekaverse,11.0,235.56977301830253
67767615,5100,Meka #5100,https://lh3.googleusercontent.com/Lu1iIip6QiMHoZKgr-fzvkdCvMZePGTHP4onX_nddrP4boSLpK0KJtuVXgNA6rAJgnrsZbvJms-Sy9VV0SIAV_jWNZD6BA3kkFwV1w,mekaverse,3.5,444.6692872916513
67771696,2835,Meka #2835,https://lh3.googleusercontent.com/lb1HLrhrRt5eVmz4sVmc5Ilq14pmdJHPqKPU_J5ZcMQJ_zQ4wY3gJ6ttJSCWOeQULB26aYNV5_IFvvgunw5QXjQEjxY5U2PDJzA9M2s,mekaverse,1.09,198.38493374110325
67766656,7233,Meka #7233,https://lh3.googleusercontent.com/duD8xFimyV09GPGkRNiEeDyhG_f20aCA0xXGggn9mD_IHDDFLrPNeRydSFsrN8fTIFhrTbS9qOc4BF_YyL_UeU4ug7wImqibi1wtNQ,mekaverse,1.9,205.48522603614163
67760297,2214,Meka #2214,https://lh3.googleusercontent.com/tH7W2k-soHZg8y1bULFbQHwFD5IpdTAfIU8IptYa-49g9ApmSgCk71SPHdb4fRSGEhJMHtkDFa0561F83xupPoyoqtarB4k6R6ReOw,mekaverse,2.75,434.13298543145635
67775537,6633,Meka #6633,https://lh3.googleusercontent.com/hu6SaGtPHiI0aqzb_pyAA--yMvGA5_rDynQQUaY823L0SHt5LfSmaiaTQLO8vAt4XztcQYB9TAFUWPZ-QWxzfBimZY4SGQ9PdaYmmRo,mekaverse,0.9,113.97907056055378
67761977,6469,Meka #6469,https://lh3.googleusercontent.com/fCkVePKkB5KPa9nrEoIRI8_8CcJjAiqqBH5M4njljXPKHFEvDqJZ1IxtGKOJNAfJ6Sw6pdw-0IxyWTHutup09VGySt4rtHw1dzfq1Q,mekaverse,8.888,295.0433529675962
67771697,3486,Meka #3486,https://lh3.googleusercontent.com/8QT2x74x6Jnl_GBsGnqlM4QZRWaEl4RgoxvoNr4ZAAXHeSnYQbhnPRqfFtSPVmGHsIdEUlPVqUt7Gdvd3RU1_jxr_C8E1dadY8ssXQ,mekaverse,1.0,105.47829059871844
67791617,6189,Meka #6189,https://lh3.googleusercontent.com/yHdLbNY765ZWs7azRM6pHHNedUchCNI9euNqhWACKob-zNpBCrZsWLQbtYYOT3hFsLDqhrN-A-B78DEzFuTNR2HDyJVwK7BjFloJfw,mekaverse,1.1915956695965413,115.7810137647423
67760298,7910,Meka #7910,https://lh3.googleusercontent.com/dFFK76TC62E3KYLbLqlJhVnlEKBOnfbSU_Bwfvj9lhZGEoxdrtVWzZ_9yr8RstWdO8v81KPJ2PrHnZzXTZ6qEADrlanjxn8J4llmTg,mekaverse,7.0,316.238689494963
67762818,7526,Meka #7526,https://lh3.googleusercontent.com/-lRAGc-4SCKXSi9SANmOAY_SKFt-H6RyvjKv3ghAz1g_DKgsZ479eQ_dOvj7wzRMzHHTQ0xqZQ4GjXIDwhd5vBNDZ60Is6R4uQ2_KBs,mekaverse,2.0,367.7430369198086
67761978,6470,Meka #6470,https://lh3.googleusercontent.com/nZA7MsZI4SPh5_X53im08e-qGgGv3o0bdL47rhFISp2O5g3FJhmv3guQQM_N3n0cSvAkpWjR9w78Lkk2IfhSYpeif3_k6C3mC4IBiQ,mekaverse,1.98,227.68113082156393
67761739,2248,Meka #2248,https://lh3.googleusercontent.com/Hf2BNBVQIzlcFcjVdy2zeWm6JxdE99PBMEA7wyuF5VVBoLYJk5GrWZC8q-GnY0tw5FfNjGdXiJUAglHF6EChcwZkXatqUKhfuRhK,mekaverse,1.279,103.65031797176664
67760301,2173,Meka #2173,https://lh3.googleusercontent.com/JjrcPhysJDeKVKq8_vNSO30Nzj9KcLp-Jn2qC9O4fV2B_Mph13o9NurK4N9WHpQNuDRU98drBrAwEr3O-_eluhQ4OGcWYURt1usWZw,mekaverse,3.8,338.4338728377339
67768821,613,Meka #613,https://lh3.googleusercontent.com/M7dXjOqZHF_bE3GM62QMjNHyzoxp_gkrqO_Ufk8JNrvSPzF1cssGM2RGsfIschHjlzJNlHriOeqMLvJ9C7zLt3n1hawFLlUQ1GqX,mekaverse,2.19,180.1740097493951
67772182,580,Meka #580,https://lh3.googleusercontent.com/LemGfZmT3H413XR2FRrL3lUUOfFeJZc3qGBxoqKwDLFApyKcOuFXXBbkAss1_xuDN1HceDWUki9gLXOrABrNE3yj3YCOF1Xk2tgK,mekaverse,1.36,237.12294935379532
67761743,8567,Meka #8567,https://lh3.googleusercontent.com/o0VdRLSJMk9ufScZSamqfy4h3sO9GBfCPbdFExEDd_lYaveWyHVixBzK49Rzey1zJoyCDapdA0mS-M6myazmGV_BO6Dt5HN6ZNeEQA,mekaverse,1.69,259.3581052128336
67767623,6446,Meka #6446,https://lh3.googleusercontent.com/JNC7SrJajNP8ADThtlgHTzVS1JWgnnjVtY8_Jxq9PsSYxAS693mEu5o_PQDFVfApTfBK_dNA_Wlkjy0ezfeLsEqgPPARvnt9x0ErAw,mekaverse,1.476,363.512191205805
67767383,1928,Meka #1928,https://lh3.googleusercontent.com/sNTAU6GYsKZPEFS3sPy5ips7WDbPn883muCbjbD15tNfhK5hd9cNELThkRGKB_fnZjowHhlHvOuMbXj_sBNVN2wyhy1lD_NmaUU-LQ,mekaverse,1.5,257.43304563979365
67765344,4019,Meka #4019,https://lh3.googleusercontent.com/CUGDSwkNRcmjFikrw9UR_H3u6ry3Qq-5QZZBHkRmy6B2bicyV6lSYDEEE4TPQVPJDCYXSWgQk3fO12QdHJSbmB6Qhv_WU7USb5udWQ,mekaverse,6.9,299.79000768912005
67767624,5984,Meka #5984,https://lh3.googleusercontent.com/S48XZvDSKSf7pBDKwJv0iUdTxRpoimAnWQ8ZHekSLTtigiTMCmZqrd8L2gpSupgN7NTyqun0ubmgoT3ctKgdc00HTZCKZh6W9yN3qw,mekaverse,1.499,154.86126666139887
67771824,1365,Meka #1365,https://lh3.googleusercontent.com/5leN6kf96GU1oZOfxi3dLpH6i9FJD_z7WG67VZIMBBiOASYb68TVAx949txMmFiE3BXM6DTR6NUfkSTwCY0g6crywGAppw1Ib0E2M80,mekaverse,3.5499,98.8477585922864
67767385,3467,Meka #3467,https://lh3.googleusercontent.com/pWjR7zrVKWqKb0RLLqHA-lNgvpPcV1DlaDJoHwv8uaxsXDmZmsPKncMSO8vyZJx2jY3JuICVxgTIjED6qe8VqXVpSUbhe7XwL20jaA,mekaverse,6.594,240.7785346572206
67759706,4812,Meka #4812,https://lh3.googleusercontent.com/haLClzR9njCyrC9DW9tw7JqP9w64dGG6eFkseq9cXmd_WF5w8rNdWg0f5E6dHPCJXxEX4zL4MtJWZSjNQQ5wibWzsPl2IAW5bcSQ2w,mekaverse,3.5,178.50666987654503
67763907,3937,Meka #3937,https://lh3.googleusercontent.com/8wdJ1U9_qyL1_lx2LC1GrE7-0x15Wb7CjCzKke5kEtRqFzYwE2LDtBZJePix5WuriYJ9kx70oBZkIzPIHmbjE_XcsOKyoioOTHD4GVs,mekaverse,2.19,237.50693266438282
67766667,5828,Meka #5828,https://lh3.googleusercontent.com/4ZutoP2BJne3wIaD5JlfEuytlB_77cnDdRdUDVqjfbcCO8uqhaTjlxhOj8ziE9NFTJAJWYodBpBipitdAa0jK6yPhs1L9yDsImvRIA,mekaverse,1.4,139.34046506022338
67768827,6437,Meka #6437,https://lh3.googleusercontent.com/RpFhwHfHnetdiH1wDGlM0XRu312CHjK7PlsBRM0bZo1XJP0NOkkzkYqTl0iC-SphGoEXAqo0eaTkKTK01C4cZrzpQwRzzH1Sfs02ug,mekaverse,1.1,106.15050472968512
67767627,1563,Meka #1563,https://lh3.googleusercontent.com/77NJPsXJX7CZr2uzZXEZ47S9VV5-U7mFEnmWjKXLHsctWXnqLaAbxCQ-w_2O5qmlrL_u3K1T3NxJOv1mgkKbl--SmSy5DaT1wEBDxQ,mekaverse,3.35,342.1164279808889
67763068,1542,Meka #1542,https://lh3.googleusercontent.com/ASl9ycHG8K5OE07geeeewCU9YPzX5LjcX7FtQTKaXk4OSlBr1A0ulH1Z9GRadqHX45lOTc4iHM7llAgsjwIhO2bqtnJjnt--d6-9,mekaverse,3.3,314.7798101799961
67767628,4401,Meka #4401,https://lh3.googleusercontent.com/gtryybAy_R-_-Vg_MD443n5ZRp9i3LslLMKaJcfCltN9rG27u698TCTUeoH5kploSbT2CkTNrIBusglxlGXH9jlzai9AyDjpiIAzGw,mekaverse,1.4,194.66240648427495
67756830,1042,Meka #1042,https://lh3.googleusercontent.com/Efs8I59NglY_j4Jkyk82pwqXzk68VR40Id_zZ8ID3TQ6blOEUTK_L4DM1OOBMIdaSG-f8iRqlVs_YIpF6pW4JQA11LEgdP6f5X9Ngg,mekaverse,2.95,163.3788036426093
67768590,3082,Meka #3082,https://lh3.googleusercontent.com/-XoKqMYQwNwg3xfGSMwggv3zR39ezFSXTwjZLKqmMfCle_-6aI2L9ncZLVi-R6SNjKHgFw-L0mUDOp9U8NJoQuuhgfgoQW-m5sZSdg,mekaverse,1.4,113.70457978468654
67756833,2511,Meka #2511,https://lh3.googleusercontent.com/YeiEpcu_i4aKrEWaQWUcP8N8Yb4pZYfm1dKCzoprWAafrD7uZPgPHNwCYIYl3dttZ0TlnpkxnoJLsbwUYKT8Lx7oReIPAu4tg8lW,mekaverse,1.3,275.8267647247776
67761754,5500,Meka #5500,https://lh3.googleusercontent.com/QTusw7OZ7VnMruOhJxUMq5j5czFAr9lXFkLu2Lyma-7ZhS8Rvk5qMvHm0aQDyajiK4jBxrLHpoe4gJVObGqbLQmqxIbDckCwG5m4,mekaverse,2.2,171.53488273489992
67763434,5721,Meka #5721,https://lh3.googleusercontent.com/BD3luxN5VHGDIO04z80woJpDUwT0ppcrAl-dZO5m2Z9tBXbxMWAQ0kIzZqWMco2BAzbCeebo382nJMTlJXFtd1g17kK6IlPGBIEP,mekaverse,1.255,135.25558977576318
67757315,4717,Meka #4717,https://lh3.googleusercontent.com/J6d51U-myM5UmC0hCxBgTnJO4tLhSQVz_nQY1B3SqAZMEpzV_AhR4zhjfTOd_k7f6F-92TGB-nGvvO6ggl9adu6t9oTek-J75C6Q,mekaverse,6.47,236.21502364555633
67763435,3036,Meka #3036,https://lh3.googleusercontent.com/NLMT1XFXhxtFc91tTEjF5uiRgs9pz5A43iGDl-GMzTlmXf0voJjgF8GbgZpmihEaDpH4x4UBRr79-50GyXz1ndAHz1LQM7LGCg8HLQ,mekaverse,1.82,194.1183581445625
67763076,5453,Meka #5453,https://lh3.googleusercontent.com/I4MA3qJPggmvAdhsaNHeMIAGWkyiuoVRGWU5Aa9-lFyo3qXUDtMsKqIqt1tuQ3ycV4BxtehSk64wa8vUR78dQhrzjE__RZHlPJQ7gBc,mekaverse,1.1088,103.44344094393742
67769436,531,Meka #531,https://lh3.googleusercontent.com/jsU2xUFJblgD3LlXcD0kX28ni0gPEyo0IxeJPZOBmQziebj_0mqBs8jk74HNNfwgcsNlWOXLxlDfpjAfILtPqMZNvOo5eLAr7XemOw,mekaverse,1.86,145.84385144044236
67759477,1213,Meka #1213,https://lh3.googleusercontent.com/DEdQU6v_zaVqp_QR5cK7AYosckgDfGaPxHLe2YLlW-bavfMkngpLWyy6-A-MvRxVInphTdy3ZlY_9wo1uiR-lO0aAk0U4-w50qXI,mekaverse,1.96,181.93743528475295
67768839,2675,Meka #2675,https://lh3.googleusercontent.com/YCXvjhSXCRA232s-oKP_j_qtTQA7q6VjlPekyjJsPHUf0wjSRfikUKSeI3UspN1hOUeeOg2JkpyYjbnOU0QHVuYx3pfXLlMBVDdltQ,mekaverse,6.6,194.0429940611268
67767759,4171,Meka #4171,https://lh3.googleusercontent.com/do0DHulCqdS3GAFcTo_7q7HdiiKEO-1LRlGT8IEYn4FStA63r04DgKA0DVBPBK3NCZ1PXuc9oZ06iUB9TBS6MNlkErwYzwxdpM24UKU,mekaverse,1.894,238.2305698331229
67767521,2405,Meka #2405,https://lh3.googleusercontent.com/sfzmQSnHSSlfRluARKvu9XayBzNnjrgngYx2-uOk7J0iWLVthaXQCGQTjy0bMe_xFewN2A15_iEpVhmy4MB8TfthW3QXENlwSmYB,mekaverse,1.25,260.1726477518011
67766082,3482,Meka #3482,https://lh3.googleusercontent.com/wWjaEsMz4JIWsaz20G7LZwU80NMtmWIbsoET4TOydP00o0p4FVJm-OsoQMUwn2o1DY_c_x-xEVliUb8xMYNqqLu_3JP6jXhiUtyW,mekaverse,3.5,323.6662456931375
67762842,1835,Meka #1835,https://lh3.googleusercontent.com/tpzNF0ezDarRGrJKo6ZFIeEqesEfB_oCm9EsnOyD4dxDjNNpacYs4jFQASkLUoCRqFAf0zPO2oTgwJn_3Vf34rBaJb6Bbg9Azuz5eec,mekaverse,3.89,336.04409115059144
67782402,2040,Meka #2040,https://lh3.googleusercontent.com/PwT0eLXaTWTtlLt4qvF-neXOIFVkNIXi_2Xm0WFUoRmWpCVxfkCewkOiWa5kAmKCaqjo6WKOOnLO-YcapxpTqIKCZKZiaSskIZw5m88,mekaverse,3.1,231.87001848516724
67767763,7801,Meka #7801,https://lh3.googleusercontent.com/rW8xzwFrIWYfrCDG07X8MNHw3EWW17IQGpTDaRJXUy5z48jVqiA1kc7C7IPhSW9D2Kdswz2dwgDdEqqCrTzj8rgRIKV7XGkP2joN,mekaverse,2.2,351.32391692644677
67769565,1214,Meka #1214,https://lh3.googleusercontent.com/c2jmiU2tg-Hw039tqd69hRguh_XV4b3-YWE3BkCXpM4FX5Asl1sI47xjlu-CjrYB2lg6iqLqLTIlvKvmt0PfIzf6CpXOX5Z7_7b-uJw,mekaverse,5.99,384.9761540578274
67767646,695,Meka #695,https://lh3.googleusercontent.com/FRVqOTHS19sUYFPmTMKEbkdGzwRDYUww2y8AxjLVCcKByJUUHB9eUfIkmw8BjjIpBKaxcBA0tH5F5wIEtZ8XhlMgG9Jq5zgTgpV80j8,mekaverse,1.1,103.55936172888968
67776408,3457,Meka #3457,https://lh3.googleusercontent.com/qS5Gi7V5DhM4UVKbtCIOEFPSMeF7ocR9McITm4OPk__JhAtkbZMkvOGtxknQbdxXWUuW-m3E-NpIchFi56-n8dwpq2np99_7FAeq,mekaverse,3.3,218.69864610749838
67767528,1527,Meka #1527,https://lh3.googleusercontent.com/bIKniUDIrV_xKU2YhWiMkMeZdHuKRP2D8gPI9MxsZOv8PifSN2TYl5RWrYls622EigKUtnIIYimJ0k2RcLGSMcx0LJBjm1YbvlNOYQ,mekaverse,1.4,83.88335463005394
67764649,7127,Meka #7127,https://lh3.googleusercontent.com/8sWejvOujKyz_R-sbn3H5p_bgKSqgWD8L_h7AFVKf2GuXGjt0sneyCnX-UqM7H-Utcaedcj03GRKgEe4ZmzO6y1t55AE8VZCQGIzo90,mekaverse,0.859,131.75450812577733
67771370,1552,Meka #1552,https://lh3.googleusercontent.com/BChJmkKKBNrlxqP_zZYD-5jyI_iFCmdM-vXxgIRpQo2vVWDjmlTeFLxi1OF5sguyTJl_A5lWo6XCvTGXUSok3SjWc8zMFX_rvP2xP4c,mekaverse,1.0,146.17859330879327
67765370,1424,Meka #1424,https://lh3.googleusercontent.com/9JtXREzbGCE9hEPj5-N9dEo8GfGbo5n_nAJRpkgCL49dVCQScuzATZEocYFnU8qjXJogDbvgM8hxFT6WndyhYhCkpL61Vrqk5eG24A,mekaverse,1.989,116.18536211315975
67771971,2711,Meka #2711,https://lh3.googleusercontent.com/VfJyWnnRoeWyVc-5yqlZkEGIPWlZGp3epNCMe7O1cqYORoFCnQl1N9ToJgxGjPPUSl_9pJaZY8tXfUxP3L1BPNbT6eJpRBndsdzJoEA,mekaverse,1.12,105.99620845186574
67760811,6072,Meka #6072,https://lh3.googleusercontent.com/gDVJTCcnHjzf5IOb8MYuDALUN43UJfP7nzq7uUR58pmHdLezDIJHl7Qr-4Yuc22waWY2Yhq2kDrNuZ5E7rDoUz3OszeOjOKR43PHBw,mekaverse,1.15,196.1912472538904
67767651,1169,Meka #1169,https://lh3.googleusercontent.com/ATTrUrziPra8SMvc_-3WiwzDjzQZ5hR7EqU_6gE3SX8I7dWTq6xe4gtH1JUgS1qyX3KfnEQk_UaP5YtHrcYwQqQh6pBfBpkl0mq9Ng,mekaverse,1.9,111.74026075442413
67769931,1177,Meka #1177,https://lh3.googleusercontent.com/iwGNIHllryHPQ2eornOLHsmGHIm4mutRJG4Po5YM96HAUq8gnhpRC_7dKAs_kPgyjtk8J1QEoh-JaXA3Dw5RkY2HFB_Mc0QRZ43u7Q,mekaverse,1.49,160.07162878260255
67762371,163,Meka #163,https://lh3.googleusercontent.com/QzxzD_DmVnmK4WtbFi2UAWhWKS9bSHmo2LkqXIJZJs_C5xu6lA77btK1wvWn4LGefW9n0wzZFnmniJcGN4BVDuXTPsP1s6ooTOV8-g,mekaverse,0.999,129.07688419226204
67767411,2678,Meka #2678,https://lh3.googleusercontent.com/vj3d3O1-6UijsqNqFRbT_Hm0JmsAbT6-G7_FNdK_DoCoiA-zRwwxbCh1ckPXdLjFBXXJ8MNm2dwQR69fcxW8P2NilJihRHHftxVaZQ,mekaverse,1.997,311.35108233784433
67757092,793,Meka #793,https://lh3.googleusercontent.com/_5Py5wZiZCKJ4lRhIVEFkmyw5lpqXQSISnwmo_9tVzCJKMTIiQpgKcCVMWPX3-G46n0DjLkEEwzw-lUhTPLYcsDbI8q7pFxTdG0JEjc,mekaverse,1.8,93.856966822601
67776052,4147,Meka #4147,https://lh3.googleusercontent.com/jzlKTsX-BMS_mto3kU5_aAkqunH8Q4U8rATsQf_nntvDr6jQ7y4_n4tLuGhjdeqtpvQQ5d10owZsRP1R7tUH0oEx02SgVIL912NR0g,mekaverse,3.9,85.22760091034719
67771372,6283,Meka #6283,https://lh3.googleusercontent.com/37GyoP8tXwAFxQ406sMN8baPt5HdJfBTA09jkbEKsF3UhXDKDZKJukv-FRhCLitONwfxsS-4_KjcFVpbRHuWJX0sgHihMyXCVp71UL4,mekaverse,0.98,126.12851864355271
67767773,4299,Meka #4299,https://lh3.googleusercontent.com/mz-jQe7xujxiIGLm5ZyTyB4lv8gqd3dliLsXOpRoqe2oMjbFuWOzocMaMQylLpBIoRMlltu_yL-nGrc_OX_1VXvhhmdOiI1jvGZlJQ,mekaverse,1.4,81.10978060698743
67762374,4099,Meka #4099,https://lh3.googleusercontent.com/ymc-vmuvGnhPeaBCWpF7L8CxJmuIZfJEkQZLrXUBpmtwvXzA0osYo-oneAiLLbGKDh1HXWxo5SVce7lS_uK1sJVjOHytsB8hvFa59BA,mekaverse,1.847,143.97697416974836
67768975,759,Meka #759,https://lh3.googleusercontent.com/YCZGD9ULzbj7gPyIFWlsoBPvH3c1TUCL_HpYOrRH491K72Pw2Lc1B7XTW7r0AP4tMvScRzaFAUDSgRk_1UtZMSg3rxT6xG8M9OhUtg,mekaverse,1.969,210.04021132316512
67758055,2803,Meka #2803,https://lh3.googleusercontent.com/gqLTIxhQ0PFbQELZBgCACGiQwgoglKiqHQ8_D3txIqv2TOrizthUVA7nN3ZE-Nru5RSXxaItvlR-qTYa7Zj67ZMWgxGb6knU5qvD,mekaverse,1.28,114.8162116257686
67760216,1072,Meka #1072,https://lh3.googleusercontent.com/WHz0qNX6C5VPBiha-TVl6dvujMHid8nXegHrDWAZoYragN4pXRAoWMQ_rjuOzaeFGGqZfq_zyaj8wpzBIg_YwVeRQaz6IdnQbnXLLQ,mekaverse,2.03,149.00835592408734
67762136,790,Meka #790,https://lh3.googleusercontent.com/obZrcE65-LQP4AHc1MUDcVLXd3NI_EEDypLabU0mlzy-HtPXvoocGrOjuZI7eag2snZWUJHa_7V8AL9HB11TZqXEmOQZ7WlhSKm5NQ,mekaverse,7.5,184.73270910140042
67769217,5912,Meka #5912,https://lh3.googleusercontent.com/kvnMGxslmNAf7tMIKRXvo-R-A8wvGHx_pJW5c9pDkTU-89xjtxd9nCXAEuVwjCvo70LNd7Ornd3B_PN9GhyW3t3zm2zJyJsgKbRAxw,mekaverse,1.7,149.5217436283398
67759857,5479,Meka #5479,https://lh3.googleusercontent.com/ibM3kLojW7DcCN-jxAaa_2zewkHebsG17XvMpF-91Ekju3IXFwyWob0lW8EyWnG6dduj7g9cYZwF16Bcc_EGuU_oJX3om3lIPJ4qD5Q,mekaverse,0.92,166.97354567973463
67767778,3772,Meka #3772,https://lh3.googleusercontent.com/WbruBMutJBqhlMKG9yb4yWOFLs7fzn2C23Mf-Atm6rX2MyNaRl0j-CKFqkRJJtAnvIRf7WurjLo4SAWlyOVucySvBQjeNUbCDvG1,mekaverse,3.97,145.35702726374876
67765738,4062,Meka #4062,https://lh3.googleusercontent.com/Z9zOL8dMQ2BKAP515ZWmESUKiJdnp_kwUXXEH2YiIHS-1Ov_akQxpZUSX0K0K3x6ORdE2-YloURIboKyPmPzD6iwFVx--P8Gy0FYdg,mekaverse,1.75,292.5485466644303
67757099,7564,Meka #7564,https://lh3.googleusercontent.com/Bl2_im1oQ5lWpROU2XGWCmFpEa4cbfn5xdH0VKo3MfrYmcbUfjzjVx-ghXQFxruX5mHcRGPIBj98OL7jDPZSv_7OV_yH_ur0waZb-w,mekaverse,1.2721,220.4458171235968
67763099,496,Meka #496,https://lh3.googleusercontent.com/oH9vlpFLkmQX4ZZlQV29qVCI12QIo4WH6-RoB7alMbTue5JCpenVkB7OxMPBuE5TVCzlsxLVDVRqmr8uWgZ79Amtsa0JdmbkhiEALA,mekaverse,2.2,126.0462751224082
67758900,1794,Meka #1794,https://lh3.googleusercontent.com/0del643ME2SVx3t4blc6p1hTQZr9Q8gH4ohpzxZoiQ2X4M-V_nqSbBmEM9zEoz9NcCYM_otOmX5p83LUHAhLBrPzvkktpAhOsxMz,mekaverse,6.9,479.4435867566895
67774620,117,Meka #117,https://lh3.googleusercontent.com/WE9sU9f_ufXlTmWtHfwcTKJUfP9T6x5cJZns6eXfxvl2V9UFmyW-dysUmyhWNjHv61-n_KaRh9u47UktBzng7kdM-BOPI1sElvHEWg,mekaverse,1.1,251.18095736765733
67826701,3884,Meka #3884,https://lh3.googleusercontent.com/KipRUq1x_2KP0HhCEF0XUlgcz7c7VVw9RGWDy03X0l3jXUM4NWUvAT5yBnW-QV4UFbyn_NWIrKR11y-BGnbfWb83YW7r2pTYof8n,mekaverse,1.089,75.63326793918546
67760221,3511,Meka #3511,https://lh3.googleusercontent.com/htYhgPIQaEv6OXBPIXRLXg97hidTrieEt2ydFWN2Sg41P-CJWxa-rRiCyEkyJQzgMHMuT1NOqBZS0TKwyC3mf7VPmc7fpl3ZtWQJCYI,mekaverse,1.23,112.79466911370078
67766941,7933,Meka #7933,https://lh3.googleusercontent.com/oVRDwPK0hP-TQyNf8vQ5V9LqQ3MGAWfkq7U80HKobT1X3TynMVfXKFvj9diToC8JDNZGKEpxU3v1V1fVt5SuTE62RU5NAiKzRGgGi64,mekaverse,1.16,178.78057104917372
67759501,5738,Meka #5738,https://lh3.googleusercontent.com/PkjYl994_leT-JGdYZK5VvTZQFGVsSB-Ot89PP3jmDkzsbkZCsdFYRBfgw5AnuyycWXZMJd_mbWaPBh-5H9BiMTZoAfmpfE9QGAwpw,mekaverse,1.999,74.76906594364588
67766222,8700,Meka #8700,https://lh3.googleusercontent.com/FjyEEe0w1J2i7POGaX3ZwY5N6pDJtYkB8D_RgsttlzqnwdSzgH5n-K6eScqq-EGR06nmVI6_mLfdAfkcoTxb3nwhldDMw1aSMFac,mekaverse,1.5,326.8822012943278
67766342,4808,Meka #4808,https://lh3.googleusercontent.com/nQugJopmexc66WbrrS6a6PemSBRDhVU9mmIiapnSq7HDEEfuulDurbCw7pTg1e4j7JCtCjxSR-xos_XHPHLwrGvHq70OhUUkzIvLNQ,mekaverse,6.0,325.27245777171254
67758902,8577,Meka #8577,https://lh3.googleusercontent.com/4P1lvMhS6LNcq3IBh84BoYxIQgzKZjpTYU27iHKNUjLT1XH0aOvyYZ3E7Zg6gdkuBK6OO_GnaZ1SK5scTJ9okX0PuONPhKZ8bQTZyQ,mekaverse,1.49,265.67509425182067
67803063,6320,Meka #6320,https://lh3.googleusercontent.com/OipJk2aoGn7Jq01FPtCakj0CV4x6G8OXJ_rREtCCTR6x1CDuYceDJ404x7YVATRD5vVd6uTKuInFdpmPDKL9JtiaswQql_Whcyotob4,mekaverse,1.86,95.77955657705566
67777503,5267,Meka #5267,https://lh3.googleusercontent.com/9OXS9maWaTIgRFP6xLzmt-T8JZxqe3Y2sHELqxsvCOJoxgz8dYmo7uuDHcmq83wxxJW4Wid7Bpo6CtjIdcUP8vX6DBA_GSotQknAKQ,mekaverse,1.149,92.14596150587381
67767183,4621,Meka #4621,https://lh3.googleusercontent.com/ei3dK-21JXmPO0ScsVMoKyMHrEU63M9BV3dzNsoszxfgVpldKa3hR-DmJSXdBTjyBy95YaPBWmU9YCxqJJw-x142ExDFiussfZnb_w,mekaverse,2.39,309.347681623064
67768983,2103,Meka #2103,https://lh3.googleusercontent.com/1XsdNUM2lzKZmJl4Q-p006MH181QtdoxsofYMpVfd5LC-sMNbgpCK8kSK6AVHqZxHls7526jRwrEtpNklMnHIzYBMxGNK7dLJkL3cw,mekaverse,2.25,237.53558139686206
67764544,6279,Meka #6279,https://lh3.googleusercontent.com/iHVRKOa582eOlv_ODfztXFr8kKNhFx6uKMNryst3G9JZHJq3v644fZAMBx0pU3zXC7dQiYoz9b64q6_uYevHmPc71sofURnAM8cV-Q,mekaverse,1.39,84.80450050162915
67767785,8287,Meka #8287,https://lh3.googleusercontent.com/03K24EsSreAb6sWbS6jkVpDqmlusnI6qnluRaZhKdRJCXOI6YxNtiLpS7sA46bQm0lU9JD62DY4AvereuPhAACbyxT_EuUzE923UNnA,mekaverse,1.9,191.84428532293865
67771506,440,Meka #440,https://lh3.googleusercontent.com/qeIuehgHk2rK-Oi2StiEdMeCLcpZqD5Mpvf-ZdfNJuusZpYpToiuVian3kHXAQBjOws3WzOU3vT8KIGoNBUYOJ_lMJ-HdA3pdmgY,mekaverse,1.8,307.1952747576
67760226,3117,Meka #3117,https://lh3.googleusercontent.com/XXwPO7L9255ZJjxLCgH9eCDi_7mWoo6esk27YF--c_D3MUFLEqdRix7o9CPua8T_lgjbDqdsOUXQZoMHhUulBv0NQmEyYB0WGoEfSQ,mekaverse,4.9,325.66223809509563
67767786,6632,Meka #6632,https://lh3.googleusercontent.com/hyCaaURzJrqyyDrWZhOgjzNP2GVJ96Zi-E1lWLr54z9_3kZ_Vq2rsiuLtc8V0O-A7z2FNyW3aX7P_ZToI8omEQ6Btirak8vwi5nP9RQ,mekaverse,1.47,213.60503249951083
67767186,6160,Meka #6160,https://lh3.googleusercontent.com/o8U1jwedBIhotKlWb7vv7vS-PibV2BA3QxM1mm-el9SLV0C0066VuLNM9oSw8weRdTHAUrscKAguOnQ72iV0iOedaIuQlupJXV27PA,mekaverse,1.5,119.47348745690486
67766947,4945,Meka #4945,https://lh3.googleusercontent.com/UzOzIrlBnKq6jPwITrEGX7vS6o3Hbem0FEO7b-KcMhiGDzhGjy21UpzEN4pJSJgJWyjYu2mdOXOstytM6TxU5Mus7djoPCykzJfI,mekaverse,2.29,200.0547834728731
67760227,7703,Meka #7703,https://lh3.googleusercontent.com/5JZ4V3gLcARPW1oXSBx2KBtd-SPBbPUKoLP8dUehbydobuf2W00dxfOe3RbvtBy9MUi2wxFXLGFG3uFmTiSKt-UTvzMlj8X5TVh7mw,mekaverse,2.99,285.2423461183528
67767427,5129,Meka #5129,https://lh3.googleusercontent.com/pVcguqMDleQCt5ORE5zD6eUXYLS-r31ZyHcPDnSOQV0ng82kybORqwZOIDJnuV2qgd7qfFKFnTJi_PZrcmiLoR1f8MLRiazlnFbV,mekaverse,2.691,235.87465605992688
67768147,4468,Meka #4468,https://lh3.googleusercontent.com/XyxI1mbFmHSA-L_nkiU4P19mpnSCFr8bjVnTzz4MCSWoIgzNdWEN3UWZEWAMr8-xeO8tui9r5Fj1NK5suif4h6_6njMBDwztCne0YJM,mekaverse,3.2,169.24863658352282
67769348,6614,Meka #6614,https://lh3.googleusercontent.com/hL_1tVal80D91FxGPJIf-Vpl5bsvk1QXaq0NwdblEn5G8sVYYFBxiEPymSUN1F217aK3mTSMfe3BF5xpHvv3WimjJM726wowuJpq14I,mekaverse,1.29,180.88677889444253
67766708,8544,Meka #8544,https://lh3.googleusercontent.com/-iM28mVAapcu-ktgIy5mv6mVnI37IrDdtnOUli61ZeDR30oQJ_mddh5l4G7HuEFHYdKViWbIlffLmCvNi5qoHnKV-0Yw5iSsFUM4bQ,mekaverse,1.14,150.30716709377637
67767428,1725,Meka #1725,https://lh3.googleusercontent.com/B5NnA5PHc68ykUvbJ-JCU0OwejUCX6Pg8tq0_OYG5XKmArTKGkVYyAi9_b88DIVm9P4bvxtwLhl3bsZIzSVSgwKntVdAxkaxMrxoYQ,mekaverse,2.0,373.4042219935828
67767909,4193,Meka #4193,https://lh3.googleusercontent.com/cbRuX4FPqvoKcFAI4MrYj_BYUJ791Glrd9mkXjoXzV5GoWgD-H0b3Aj9qTTjifeztQ1s6D5HIDndOrOiYGxwAN935_kUDStKolC1qw,mekaverse,6.5,200.26810988526302
67766350,2589,Meka #2589,https://lh3.googleusercontent.com/-XnFnDpgRrJ5zEgbgcElRHC1EIkfwZFgxrBYtD2xLV_yba6ZPmM3XP49oom2W6ZCN5PyhFavn364OVn5aMYT3cm6uLbt_BPZF4iODQ,mekaverse,0.87,91.93194453238945
67770550,5619,Meka #5619,https://lh3.googleusercontent.com/7snZ85Xkobb05immqVQqlLfLZ8LZHWzCGqxLNBWWDbCpgtJ3vbGZUpDs7Ow7gGY3SzEo-v1hA5YqF7efYqrt64JXbTS_CoU9Imk5cQ,mekaverse,1.4,230.27413586533214
67762630,533,Meka #533,https://lh3.googleusercontent.com/1kgAPYS8XS4Kjt98dHMm_Ijqy11PMJ3Z57yFyenzg4WcSQvlbAmupI-ppq8fOBPgD-eKjJ6Ie-h9LbX2cSonqAm1639uS-nusI11pw,mekaverse,1.97,105.63876808269016
67768271,5802,Meka #5802,https://lh3.googleusercontent.com/mJk1bwTM8qG2TMgPA5eOIncfnT4rDmeMtnjAEqf9ar2T8e63KNZRMRigE3eBJeJCkjQ5at8dtgTpIk2LhkssfqX9jwsD1uv8Vv_H9Q,mekaverse,1.15,168.75395326041718
67762151,5455,Meka #5455,https://lh3.googleusercontent.com/FmtHAjcaBzPvzpO7cKU1fXNAehB6B2yDo9kyaOG1TlFJOmNv62RIKz77x6CM6LR6tlx6nQ-YYR-Q8KyP338uifju-YavYYQct9B_jTM,mekaverse,1.68,257.73361993566715
67762152,7023,Meka #7023,https://lh3.googleusercontent.com/EbWVKtBEUla4GNbKx7OU-ttsoH2WbdZVppgLFaG0GH2Uh7vFgY6YrpdyWqtdFBLww2ZeJvv3wlXTfyNud6ZaFXlOdlc9xmnmYlie,mekaverse,1.6,159.37593209270517
67762153,1473,Meka #1473,https://lh3.googleusercontent.com/72-xo5UIzurM6xscRr1FWUcfkOt4DU7TJJs5rSMx7YszsO5GvHUZclcFBXfcDZ55q4uyoTKt9VJzavwYIF_gPe9PeYtNB4z-tmvOptM,mekaverse,4.3,320.88622671129326
67768154,926,Meka #926,https://lh3.googleusercontent.com/mO7E6VlQH_hry20m-8Ni-bPKX7nFPdmykIZ2T0XiuNQ5r1rBjx_59VIkj0_kUfk0HZWTir_MTgZ96gJEVNCqIgR6IQO4NZGeH2_0,mekaverse,5.35,260.2031950820434
67769954,4132,Meka #4132,https://lh3.googleusercontent.com/rMv7LFJxSTte8EUYt6H5EiKYJxXMKPuKgdbtt3wT9fApHCKY2_RSZq_fHDlNy4FKyIyY36y4mXMlwg-QdmhZEtbwI2Zf_NDc0xDeBg,mekaverse,14.39,522.6531297883745
67762154,7807,Meka #7807,https://lh3.googleusercontent.com/CVY7ec_lNdIQwTwYM8z7JTcblNr1Y2mOjUiVKErnth2Yr3GhNV42zMkxftt2Dm8G9SasTkdSkfz84kt-KsbVp-UqU6jqVEDABA9r8b0,mekaverse,5.15,232.66647426968865
67763835,4796,Meka #4796,https://lh3.googleusercontent.com/jyFiHD5gbL1rlYfNleiSdF_VGwGPResMlpYkCv-wUSvcrPKbfHqrnQq6gB7IZKqIx-tCIgfoYFcGWzUMizZmRVADtQfkT2ZgWUubiQ,mekaverse,1.93,112.45087997818874
67759875,4559,Meka #4559,https://lh3.googleusercontent.com/SlU52UhRIarcCCTS-ZG-Im5Xh6qb2IgB5sprJrbTwsEaJBGT973h2XOin8MQHgch3hRskcETSxcjFcYbikTxHgNvzzAgSxR70ChsSw,mekaverse,6.78,461.2822454346248
67764555,6022,Meka #6022,https://lh3.googleusercontent.com/RJReDY0JdUAslYEoZTYc1Izxt5I7YWhAGMOj_H0PTsCXu0OxwZdbSGUe88DWG4-Cbq0Tvj3DTtB0P-aeOAxcLKxiwR3bebtH-eaP,mekaverse,1.09,256.6552788887804
67768755,6094,Meka #6094,https://lh3.googleusercontent.com/PbOMeDrFjIhRwETYHu4c67C1H4PNPhjeLQldtMWVBfMWKVkbdw_zgStMWXiQALAXTwZqTQGcKmYke_P5vExyXvUco8hn4zFTu8eGWQ,mekaverse,1.22,190.15173761921332
67760836,6372,Meka #6372,https://lh3.googleusercontent.com/RWgCD2OHDBqX9doTrKQ7lnQfb5CLVYih3bzweTChwrCt_Om0NTf_T8e0LTNAcSFt0_icJ7KBuzgIqlTTgHdjZofFBUkaX6DbEtbOLA,mekaverse,1.0,205.82436446583884
67768756,8193,Meka #8193,https://lh3.googleusercontent.com/kJk4or9Mu88Xc3zqGwgWIlOYto_hNei48S326b6UvBe_vqultwHGr97r51_X0oQu4-QvGa3qxchgy6EuCUwafcNKyzTQbw-4hAvw,mekaverse,0.9051,85.14180133868805
67771517,8664,Meka #8664,https://lh3.googleusercontent.com/nH2aqM6fysAHHEPdwdtGQRwGpk9itpaZ1_v8j9J7OatYIahZcjK7CJcfKWaC1dvztki8NYYZ4O1Y46ObncEsYPjrdTrVYrdmUOoi,mekaverse,0.95,149.35062137414866
67758077,2522,Meka #2522,https://lh3.googleusercontent.com/lbr_6wcRcyA_nvVwVLnyP_vOgz03K5TLZNuXoy-ZIhz3G2JS4Ax2oh9HFW1UEKIiaKgHrr_twLvOXQxBFQYIWd97NwjJ5a4CYcpn_Q,mekaverse,1.8398,108.81327191752145
67771997,3438,Meka #3438,https://lh3.googleusercontent.com/8bB-pyr1OaDA_iVbUgazWAyUbD_E-r4IEw8hOybigUgfoEjvwdVvcKe9nSsztEposy9okmSPMOWlkS8wSXVrCOs8dFt0Y92C9HbF,mekaverse,0.94,125.71738366638156
67766958,2273,Meka #2273,https://lh3.googleusercontent.com/rOO8KsyJ5GMoEO66E33yb9KPvoEcZLYpFdmc5lCpZoUysrApTkBLHiXPjmZ80eNi_LeOPu3fZPDkVokQGS6m-sT9N8-Ado1BCuTS4g,mekaverse,1.79,525.2764181331673
67789399,7537,Meka #7537,https://lh3.googleusercontent.com/jahfvVkjCbyvk47ZB_MEj8XMRemxZOurFokM9c03I-DOUfVjh6RJakb1_q_X3dwclG-kgpIEMtm-jmsyYpl6oaWxZ31G-CN2N_wvbw0,mekaverse,1.344,226.24774419180548
67758080,4348,Meka #4348,https://lh3.googleusercontent.com/q0ekz_hsCK1991xGeH6N3rdJRxVlWUVg9Zyzxkk5vARLzEpzxp6IWX2hB4InbbP_P1bJgGIXxt7MOaAwpxA55v0oUilSJ4mIrIi27A,mekaverse,1.2721,204.14677252718027
67774880,5354,Meka #5354,https://lh3.googleusercontent.com/ukDBKfO6d2I2S_bxzSPSYqzAbsX_kr1uZxrAbYd7lcrfDDsn4YxGdnb3yi-ElyfOy5uwluiKM-ZFLrSGuePqUdRtayox-at7ni1ZWpk,mekaverse,4.5,261.4607656056586
67762640,2659,Meka #2659,https://lh3.googleusercontent.com/BCDIgYWT-bQXaLjfbjm0m1CMAZWk6Yq_E_CaoVLCxYeyGB4IVhHgk18PWNWJuvu3PyTzv7vYrBodDbQ5UUYLtgGpoCSD3c1KmTRv,mekaverse,1.19,160.9575875416902
67764083,2371,Meka #2371,https://lh3.googleusercontent.com/sgfpFkFVn7U9nl6fTblJLuKlhLBItpFR_xcxhTwZkEhDXD6Gciks3RUXiaY6jPLe_qMHt-DTUU5CQx6A5wL5Fd4Gl_1bnHA1TBVg,mekaverse,1.98,265.92788011103676
67763845,6642,Meka #6642,https://lh3.googleusercontent.com/fTBsbnENaqUP3dQvxCbt14M2MvOTH3Pd4vqs7nqPq8Hekk1qX00UU_ZMimYP52OFttZvaZheFWg8otBCuiEjJtOz9cbLtIiIymPPmEs,mekaverse,1.3,203.81581848746546
67762165,5456,Meka #5456,https://lh3.googleusercontent.com/lkX-OmRvznxZGMH0KlhIwBoOlRLxXncXGeF4FfsxUXpREhqI3PSzKLPCZ82OBYGJ5bY5KmC4HV7iQWvLRmvUCUriJYAP_g8U6obOYyg,mekaverse,1.499,95.80007460839154
67767085,2536,Meka #2536,https://lh3.googleusercontent.com/iLfkk4sR_2hZbK1xPssSFHtlDtpHkueSjTs-jcBIoInmRiTkZTkFkRNALOrx8ZOrJJsH0hYltDQJfLG7BWxFTeUBn1sgzZPlb2v8RQ,mekaverse,1.3,113.46482604560255
67767205,5110,Meka #5110,https://lh3.googleusercontent.com/CkG6togOuiMfy9kog1vrE0qoF4xhVrDlkoFwqU3T4sxCHWW_zR6zAXwwciAglbrwt1WLN773Lsi5INsjpZXE6h0WSdHUD1XCLenhDRc,mekaverse,2.772,192.90323404276518
67770685,1634,Meka #1634,https://lh3.googleusercontent.com/9ei_Dtz5uHi3frMapjZQ_LMJhfYmbACLlD5ii_9WFXhlyH6AiPCLiaSuI7rhzB4gA1xFUdVXXtdbj1zRjh0r0w6TQGvmC_9i0NjFZw,mekaverse,1.94,68.72286778928138
67758086,3782,Meka #3782,https://lh3.googleusercontent.com/5KHMuYlaphia7K0d6ALcxM7aaexmlGrMf7UDS5hqvMeYJIg3iYZLGjPu87myC10Sai1yzfHFyrCIRB0_3xbN3XAPfa3KdhCxhhM3yw,mekaverse,0.95,112.83414151639906
67766006,5429,Meka #5429,https://lh3.googleusercontent.com/H_unmjgRhU0kSVb6fgi-ahZMgGP3kUCx7-25zqAt56s4PbgouVHtJtzi5k_wtaHCKr1STa3GkAU63N6VZcdLVY4myEtguhxt1Mv4xQ,mekaverse,2.2,186.01985437884582
67768766,5656,Meka #5656,https://lh3.googleusercontent.com/7tXXJjEZgtUGwOr7ABhhPLqUC9JVgWhP8fHFFCR3KCZfZbJPAyVYZ0FsqEeaCk-nWurcRUUb4YGmnJMMwPmwgbVbOhLu8D2lXnPV,mekaverse,3.2,125.053663963507
67764446,4618,Meka #4618,https://lh3.googleusercontent.com/eSh_Vb_Et6AFWFuvnxMx-3kg6NpfQRDMNjawyEaxaKJcpLvlq_zmu1DM6O5abNsgUFiWtmsBy5Mo6J7jixQQbI7xjzkkPFsTE6QTCZQ,mekaverse,6.73,174.3811253588352
67767089,3806,Meka #3806,https://lh3.googleusercontent.com/S5-vYIVI1PClNtYMBaa2k36u3AA_whRDGKVJfMvfMgzBisiP7BBekrFLzpXB7tdgY3gaV8hGBSelpaHi4kvnzkcalUdOw5h7K7VZzQ,mekaverse,1.05,140.47630110838378
67762169,3314,Meka #3314,https://lh3.googleusercontent.com/uIER6ygax17CCNsIKt83iLeWEWk4RWIfxK46ebplr7-pQKV8M_MrNuCER1PttUf4wnsiZZcRg9sepus4kUl3zVJJtb4AXYQ3AqqO,mekaverse,1.16,98.29006406728527
67780529,5143,Meka #5143,https://lh3.googleusercontent.com/r45P2Athnl4dUpxXhQZaCWAIBNl1bFD7kYHdxz7t0fByW5sQ4TWcYSxAp3K5u1IkmrPox72sossgtlq4q2e1jUnV5GHICtR8ozfX6Q,mekaverse,1.87,137.37704222143586
67768770,6362,Meka #6362,https://lh3.googleusercontent.com/9gBtW-yy86H0QDYKjc0Ly2iDnLrvVYDENvqfr9PlE_Y9Bysesi8wka2PN9Nn_Qw1kLpsMcMxbtj8u8z0_APsyQA1ahM8ELsFFVgsgw,mekaverse,2.149,191.12233425665107
67762170,7808,Meka #7808,https://lh3.googleusercontent.com/bjRdfoUvyGd2FTz_OQBwF0A8JtgdsfltoCkRHu1NQTNqXg6uliFZ4hScbdbwR9T7JJ15G9w7f39hemNkA8QRkpGBu_zhvD5VMkNe7w,mekaverse,1.09,126.98692937737849
67770092,3307,Meka #3307,https://lh3.googleusercontent.com/fUwcThjSSv0YyUyrhpo_9BOzG7ymvXJ3w8XJiPGhh2cZghDT0YlvHTkrf5H_I3as_v1_bX1oEIFaxpeIIBGd2R_LGxcj4yWWwi0S,mekaverse,2.888,261.48982963042204
67760252,1291,Meka #1291,https://lh3.googleusercontent.com/J-tegqIBxL7tPc3MMaQZzexU0NPEQrix9ChkD97MZauupr4D0m48nxpYysUn5iLOW1ZIH_XES3Us-7LFrCTbFbmbiI8Ae2ZBUGDbbA,mekaverse,4.98,156.8365416422099
67764453,7266,Meka #7266,https://lh3.googleusercontent.com/iGKlC1oqZWpqsPt3IG0m4wHqKBUL3s0pQtC5_xwuHrn16ExMkcAjVpb0FJu465ZB8wThV4aO6S7c_D2FRc9V9tsUDtolKv3uwgQq,mekaverse,1.75,180.46294497890142
67764693,6007,Meka #6007,https://lh3.googleusercontent.com/g5qrwykvJ60UR0IItAX4gIp2DwIQUi0zwKhueWW_AE-IRgPKwPVMMyUL_KJiiEW9zDI_MBlmYONTmOBl1UaWFXyGkv2u3GFUBgPv1g,mekaverse,1.9353457499999998,169.2139571543792
67762774,4613,Meka #4613,https://lh3.googleusercontent.com/xNvzbeC-1RS-AFXaawjH__xKm0peJa-MwE0Ct40ORLzVO2mndywc8zST47ze3siYavedWuFnJBoReFggVngfPe28jcBfRlD_i7mHvQ,mekaverse,1.79,332.2547376138776
67791814,2204,Meka #2204,https://lh3.googleusercontent.com/L5TM6p13D6UtjRVyZd-V8WZhaaTm1IRbtaTWQGpyb6v_js-pYotJ-fHBsFK6NXrWEDvXMfdkaKHPvBDudvIJaIFpdPQSOLs6f-wW4Cg,mekaverse,1.14,107.17710716590818
67769254,5870,Meka #5870,https://lh3.googleusercontent.com/Njhdfki4jHG9me8qpQB4gcvBmcWbrZ7qZ_xfD2O4JIKRTf6YLSyDYj2WiVQXwOu-KsmXM9Lk5zJ9OmPMbSG64_B6qrd7QOrEd7AMCA,mekaverse,2.5,439.1408252133352
67760254,7704,Meka #7704,https://lh3.googleusercontent.com/Wvc1zDNIOgEOGaynvZOStIm_O0raqxPXFYDh6-lcfpszgxjTblnoqRPfDxE7634hxprH6rk0O2xfGsVzvTLZW_Ql9-w6EgzUG-WiFA,mekaverse,6.0,224.34511887653
67770334,8875,Meka #8875,https://lh3.googleusercontent.com/ohrt3oxpWFUmUo2CRFFTZvfEfo_xsX_gCRG3nJ3BMCUSgrNQHpSsRwLyTJrjVRq8bhAbRSImpdOiN3CR2H9o_NgjImEeXUzoreqV2g,mekaverse,7.5,685.2090468105
67770455,4386,Meka #4386,https://lh3.googleusercontent.com/IxMb_nUSXln-RJGZYA4iGkP7ihFebd2a6bTQSnZBSGg6kEpmxxw30hH8J-fPktNZ6LWu2j9FRqMGyRium6Dc51TEq3GKVVct9oJAZQ,mekaverse,1.33,202.40119995464144
67762657,5673,Meka #5673,https://lh3.googleusercontent.com/DrxPsm7JwvA-cuQx_-VQP681xqdZ3XLpMwwKs-y7_U4e8jTW9NUKBXL3LAkvGUN-sWblfCotjATKE3e_L7hTDTv3J2jS9z2hgEDc,mekaverse,6.5,349.0392182886516
67766738,459,Meka #459,https://lh3.googleusercontent.com/iJJ9gnmR3BVpgPQBa-UTF5UlYWhKE7Z59UGtUys-weOqCatBHd8Hn1KJHk_X-aa3_ULvXfaKy-bjEooRrUsMDdNhN8qgPYI8sr-LTQ,mekaverse,1.55,274.7004288820249
67757259,6702,Meka #6702,https://lh3.googleusercontent.com/LhJp5oA0SWpWaJCIWGO5OdaOXtbAC4akqjxsjvc9EEt5WIGfJ4Z8Wd4oLaS2kM2k5zt5eeY_18G-Fr5sbT_1rQVSgrPpkYvHU4PnQA,mekaverse,1.9,216.58369779253363
67764099,787,Meka #787,https://lh3.googleusercontent.com/NsN1X1CQUKC0Xw1kML6zUzcByxvOaupXfBMn4pQyyKIhmNc1tMYbOnAOdReLY32FSQIC47qqpDwQZLDZgUsZzz_jfjs1r7wj32UPPA,mekaverse,1.2,93.99176211304618
67767821,7948,Meka #7948,https://lh3.googleusercontent.com/-lrn2BdxtV9f5tKleZEI4X48or21tB55M1lVRioLhR0S6ZUAOkyrgGOkh9UByv2eE8tjG0eh2OL9muvGb1Z3z85zVt6hiAY_ySr8,mekaverse,5.739,122.87169407634394
67761942,4756,Meka #4756,https://lh3.googleusercontent.com/OBDJipBIAt247NEVr3mAHb5IduhhPDKBELY8Rs9KvfWAvICZJIe3TT4ErL8y-UHvU31T9C7HK99wkSNuiJzKfFOUfv-YiVfNb861WQ,mekaverse,3.55,342.15031768316874
67762422,7972,Meka #7972,https://lh3.googleusercontent.com/Lx1Lypp7TXr9xKwiftoRSClEcAgRy8f4fC3l_LbjUXDLcnoRNmj6SxA8qZr21Ho2fjoiHnFWT6V_Nr-DnejdGRfsc7edZar-EfIUKw,mekaverse,1.52,109.99863459136287
67761702,2113,Meka #2113,https://lh3.googleusercontent.com/kHerv0PrvIjheeBuatMj-cv0e9BwWn86rzbXbu7Ltyy-6GjWKbExPB_ymyEfuwQZOwjWSH0C5XM2WLoy5tUnaOEcFAA6_3QO9G2YOg,mekaverse,1.18,236.63990308635707
67760262,6236,Meka #6236,https://lh3.googleusercontent.com/lQ4joJ8nBItzHCYcyJEn_1f_x2X--96ioJ2dgwxX1fdKGI75zGfhSY65juetb4M-XhBlH8c7Pu9UuZ33LDa5JzbRayOaS29KzbIl8jI,mekaverse,1.95,193.94680883706417
67769023,2391,Meka #2391,https://lh3.googleusercontent.com/8Itmjqb81Wwc5NKFFT1vcweAA8q0Wa6ZeeAeuq5P-Y58SLvb872ItZC4jb9EVvi8haDfKC6bPD4d1hJKwWzL0aH0dYzspcDQJlWqkw,mekaverse,1.9,209.2774519221477
67766743,1345,Meka #1345,https://lh3.googleusercontent.com/0O7s_NEXUgvC_4rLJAg-4Zy5Xe5OiDUnYDNnP__qxHqtcQ5H7WCKma4oMlfB2DKMezZpR77E64B_tZMlOM730pT0fbrDy65XbqkfTMY,mekaverse,1.239,103.10285308438588
67768184,3950,Meka #3950,https://lh3.googleusercontent.com/EVvq7D3WiuurE9leY9g9iBIf-G_TmR69wNUGKwd_kba_aOUpMNRd-Pl_N8GcSwSDvX981vSRmkn2Yguuz5kU_DFoFGBQPc0dZp8iUA,mekaverse,1.6,149.7682861955475
67768064,2451,Meka #2451,https://lh3.googleusercontent.com/NVhTZA4nf5jzsG_vHg5FjkKe6HHEEZWzD-a91M64xy-6fdM4RPWrvCL_-PDHLlNnnMTjHabrrXqSYD5e8B-j_httq2G_numPluK9aBA,mekaverse,8.9,129.86159002814722
67778024,7495,Meka #7495,https://lh3.googleusercontent.com/hBcrrlqkb06qNefxfScLB6GN6ulp6Oyh2XgL8a_OCut5N28tBVfCajp5X6d39Ki-NTsQkztIqokShk_-J9iroOTl8vrURbVmx9Z5Ug,mekaverse,1.18,168.65932150161592
67772145,5805,Meka #5805,https://lh3.googleusercontent.com/vplUOYSv9TdABLO0fvjWzGd5c0JtNMo55T2LTdrGO0CmEWFbtUriadYgc6p5f7JFnMriWWPh4qmi6ABHAc9rSTSNwB6F7CPsHQwqtw,mekaverse,0.99,176.87658441154818
67790745,7361,Meka #7361,https://lh3.googleusercontent.com/JODC6Tu7PpscwVDPLlC-MkugvIXqqS1ifXJT-1QUFm-R5TsyXou-DBt4fqMOJJhjjD8u-gVTNMBVXGwktg9ydjRLL_EC9ElKAoWw4Q,mekaverse,6.999,220.85896019467853
67768187,7914,Meka #7914,https://lh3.googleusercontent.com/WEz6hYF127KSePG217Kc0Oz0871CDkusU5VuVzxLoYmDOcDA2VMMJHKYFsJQsTNjHeJ2VGlgLLq1_-W7mK-DJblbMITKWn3NrrGBW4c,mekaverse,1.2849,204.51445015673434
67766987,8785,Meka #8785,https://lh3.googleusercontent.com/zYvInpr-2HruytAMjhfEtItxrWVL__eIeLXeF_cnzVhg5qpwKlgNd7g7WgWWjlFmIAYobEtkA53Lq0fwdElpU8SskT8XPL8yjpQfN1A,mekaverse,3.95,120.20468223462251
67762667,2660,Meka #2660,https://lh3.googleusercontent.com/H2YSF9Lmq0HXNcjFzSlGIG-9bxHHdmAiWwoLI2PbUWK2En2Ur83Ybxn4eoTlihz29HtmS9YkBCxFlsM7Qqq3zGIkOoIWjvemza6DjQ,mekaverse,2.35,149.61635309839926
67788707,3882,Meka #3882,https://lh3.googleusercontent.com/FqxF8AYY0qx8k9SfB99a_DLH7NnHpzUEBe5_a8jd90thcn07PJNukzp02WIyfT9ZSVgh7hqPO_m7cbzxZPSNdFsm89KbfFxGzu8v,mekaverse,1.2984,237.5517081155417
67761947,2657,Meka #2657,https://lh3.googleusercontent.com/oa4pXUv8xTYJL2ROsA5ZctY56p4rZtrjPIog4HBrRwIQgTF717wvbKCQ5MSfqGpPCi8eIoakxfQr1dKyQgVo_ZvKaGohKUoS2XzblA,mekaverse,5.92,128.82979999484073
67767348,7173,Meka #7173,https://lh3.googleusercontent.com/-5LL6G-gIze3lrihZrgPCVxQIdCyUPvkUukgu0yKItJagnQjS17NyXU62BhBuSDBjJM-zIOLi5pMy4z7bT56XcHIYow-vqsKBw3EGQ,mekaverse,5.75,379.5343097412686
67766989,8539,Meka #8539,https://lh3.googleusercontent.com/wk6hAwivAtCEQHWNzGO0AaB2KimXITsuTcdBfuzCObiBZjSwkYWzGVE2USkUx0YG_9vzY6DflgSwgi67dNduqtTl5fRaLu8GK8WXYgA,mekaverse,2.65,423.8764980620154
