id,token_id,nft_name,image_url,slug,last_sale_total_price,rarity,predicted_price
42201841,5994,,https://lh3.googleusercontent.com/uLcwmckd71Y3yhQ0aWE2VbW5bRZissybkWODPSxCzDfhvqAWBPTzCtU-54DwHEOssYBc3a4hHJsCvTZAl83IOLxvsfYqPl4zbwuk,mutant-ape-yacht-club,6.25,984836.3589258954,5.740219903861014
42192123,1146,,https://lh3.googleusercontent.com/VjdsG7LtmhvwxculOrMI2qoDfAQG1_SYh-Pq89PQmj-QyKkWEPwz4KFmgWYUbxzFqLPmwD14Xw2jQRaHQxRuCPx7b4wi216Wi1zwaA,mutant-ape-yacht-club,4.29,461757.49308243504,4.907734838627896
42189603,217,,https://lh3.googleusercontent.com/f98aXFktBZyRZxkTmbz0gdnMuAKD8FtZhmENMoW9mupDgsNED-XRpMFBqH9UyH2sgbLMtgPfPG6ruOPIBXbswtABtk4QWHOi3Zs1Cg,mutant-ape-yacht-club,10.0,2014217.437364676,7.378489828706918
42197764,3589,,https://lh3.googleusercontent.com/US8uCOl4vCbviwoin7ZpgG8nmw7Qq3sL58jKZ3hS9tf014sOOv6IeGC7zBDf2mhy3okVejOAqFCCJwOiAW3i4Z69vNdsReFW6LhuOg,mutant-ape-yacht-club,3.95,392489.4761170668,4.797494120855825
42189484,184,,https://lh3.googleusercontent.com/TjOTdGbhVDckyOsSYQCIqX3hMJF6mYcm2i_8Of0y-swplv0eH8pb3AnCRJRDBydpyYc0uQohAr59GQALw0VRaY3uSjkbegwY0TFY1vQ,mutant-ape-yacht-club,4.63,431364.0266990759,4.859363343434696
42201965,6132,,https://lh3.googleusercontent.com/vc9so8WJxkPuMcaJpPimE6y1OHFS9BIW4zrV7RtMv0q4NgazaUAp80WfEXXJHMZrEJdAZfVOZHZ2wnbT5XucLyTcm5I-B9cncmLVhY0,mutant-ape-yacht-club,4.15,432376.5733264045,4.860974821168066
42200045,4923,,https://lh3.googleusercontent.com/7zRTuqVgKTPFzgg2T1-LQe1mGvb7zudf_QUK-Z4zpvrOW544OFU42LdBrM84Y8a21d2zT3oXQub3Inex2ScrOCIhFuR65TW1E6j5,mutant-ape-yacht-club,4.2,354214.69270256814,4.736579433514705
42205326,8403,,https://lh3.googleusercontent.com/BZ5cHztnjoaijkqWxGZa8zyLSes72sZhFrnfdEzDUR3Tu9Qebz8bGCklR-iPU2aGQqXdbNFZsfgzZ4F21Qb7Y1GLmW3wz3kiJ1Eqyg,mutant-ape-yacht-club,4.6,637185.235453258,5.186929784338011
42205927,8727,,https://lh3.googleusercontent.com/hAccP6SdJDnlY2hFHf_8wi1zUYpsATz81hxXk0XJKRu0NAK40ET0xJs5z8AQmabuKuhqONV2nQmZwlPwf2Phl7Xydg9DkGBo37YO,mutant-ape-yacht-club,5.9,872806.1455594004,5.5619227376543465
42189847,329,,https://lh3.googleusercontent.com/7QB8OY2EiXhVJaMC3_QUrQG8hl3Aesp8t-yGoAlLjMEXa4nNrG6LzSsuFNfYP7X-WndJ5e92Qv0PxtQXIzEEggR0AUnuDFr-aZ6m_A,mutant-ape-yacht-club,3.95,392267.6287096991,4.7971410485650985
42189128,17,,https://lh3.googleusercontent.com/GgEneCKGOquJBDUAYsLj5Rvsfd_oTGmfeJo_4UmLB4f4JvpvVi10hOkMi77ikxTU75CFIYahepXfrgLIaV4lINet2ptGMjqO9zlN,mutant-ape-yacht-club,5.245,554010.931749859,5.0545570769593775
42206649,9253,,https://lh3.googleusercontent.com/y7_jwWxaA9Jfxc8BkKe6W5TLRRGF4zFgti_FvpEuRyqrzhpSJ8uQNv3snSOmWaUhAs1VvC9hAvh52oJfYQBzj4yoYxbRrahGj7P4aw,mutant-ape-yacht-club,3.87,525284.0419393183,5.008837954472351
42199689,4664,,https://lh3.googleusercontent.com/8lv8yvA-h6Phiqkdnw88LS6XYAzFNe-1DC4HDPVroXRrib7xrUZnc5oC18i_XT3YGud40zZABdyz3hvd7KONp-890_I5rQZ2mSW3zik,mutant-ape-yacht-club,5.69,651926.6257504298,5.210390849321738
42204490,7740,,https://lh3.googleusercontent.com/64VxdSBcefKuYQEQOmXvBR8S8tmluWivLQp0hHshkQwgvmfXYsxzowu3x_v5M40wpYO9cKAdRwv9FY9rovY3szxB0sjYy-pc4A0XAFs,mutant-ape-yacht-club,7.98,2880605.4858536613,8.757354772715944
42199331,4563,,https://lh3.googleusercontent.com/2FkwFGr2S6Xnqy57pXN4pg5lZlEQDnLUA1AF1mE9s2TCFIzPFH5sNpt8BZtxoV41HSTc_JMShSvH5j-ULsG1SgbmKxNHYhfbwb1HdYY,mutant-ape-yacht-club,6.8,1620217.574294905,6.751435242625368
42194892,2199,,https://lh3.googleusercontent.com/auYn4q1HGL_OEMwVpYmmWxnbSJ1v2xECw68b6BeDL5aWACgArwcy8EtylUxjH3OV_GJy--ee8U9M8x9r612z33FKk9jlSNrkEKgb,mutant-ape-yacht-club,4.95,737250.853645609,5.346185181808765
42196933,3091,,https://lh3.googleusercontent.com/F_xmPk_ZfJg85ZvYNJlpdE3ZvMKoJBK3i8hGVWtwavhJFfFydKqjEyMVDxQUJvy0De5b13sUZHSpr-YttvJ30-49JstEJ_MkVlhb,mutant-ape-yacht-club,6.831,2104431.097198499,7.522065739330984
42201853,6043,,https://lh3.googleusercontent.com/J9iJEe9uiHLVzAnmmmGKWNGnBsYWEYFcVplYL95JWiV7nkDejmvrWjz2dbawF3MIha6d8pSofHIREOvW0aG3fG_omxYMPL4EeWKP,mutant-ape-yacht-club,4.99,625288.7473866713,5.167996408721337
42198014,3783,,https://lh3.googleusercontent.com/gjE8syGdIjGgNZhhAwKFie4VTHeYF1PuFswmcXSARl5af0WW9b84Lehw9c-2VKoG4BZk8XVhD7WgGt7Z2RQUuwqN5lWp0uvQevBvwg,mutant-ape-yacht-club,6.65,1108104.356115077,5.936402111520503
42200774,5350,,https://lh3.googleusercontent.com/gdYpDSo0FLDyNSdqsFFnEQPxyR8aIhDPcJibjO7H_pRhHzNxqVxcRgxRshIdRg_lprf5ak3KBWBPzxCOW1OmaUR2AwOEM--Wb7EX,mutant-ape-yacht-club,5.676,968748.2225301024,5.714615479458712
42199695,4668,,https://lh3.googleusercontent.com/58D3Ir_EEbrtT-1TDZS9V1JL8JVIkBoJB3lAGhXjajfzsaC0JWAk7ejnsH8bNRMyCRdM2ovwfR3I8qrTROr_9isMFCoRYjInFvMk,mutant-ape-yacht-club,4.345,474323.35321990674,4.927733526358063
42203895,7399,,https://lh3.googleusercontent.com/VbQmeJ4xxk_nMroR_RF5Kd8VkJeiv2UMCsRG-Y9Mx3YWY9HbpUAEnalGPVRKG0POVSo5l5j0ASviNXxIk_ULZ5N_CHmRqOCUXmrkZQ,mutant-ape-yacht-club,7.77,1525792.630692528,6.601157033224373
42203655,7187,,https://lh3.googleusercontent.com/ctPxdaQaIWVjvLPCOc6FR9sG0nrx8QWdn4mg_X4NfUgyrZC90-H30EBK-1L6_uR6hn9oieqdmhG24rHhW5plXvAUZARW2bAVkuhriQ,mutant-ape-yacht-club,5.78,1009534.4797457086,5.779527201602176
42203536,7140,,https://lh3.googleusercontent.com/aBWuFEDFaYb2cNhGw_72YqT968pWJUrCuy8kMiJD91spn8gPw7dqHcqaVqlvmucf70SbpxAjgVlr2xxl__3UYYEFxHuMtarqAagR,mutant-ape-yacht-club,6.55,1719678.3692995445,6.909728058153407
42202936,6783,,https://lh3.googleusercontent.com/a4kheQk9eB1v8R6WhjXzVy0XMHbVtFbHZ2M-ZDpLYbNASxx8T5Q5ZbWiXpkeB7UZAR8mgQhjyEYi6z6ScwrxdPZbEWhS4CUgnFc-,mutant-ape-yacht-club,7.9,1886111.8265377765,7.1746085122366114
42202336,6407,,https://lh3.googleusercontent.com/Aruq5J2oDEZw_yEqJaCoeM1Gmd01K28aFmmFYqMjXuxoPrpvaOBE9-WkG1zvF9uawcKndbW-MeJmL-vBaFscW6wYhC9K2X_ytizmug,mutant-ape-yacht-club,6.25,981611.1007878712,5.7350868743949945
42198137,3863,,https://lh3.googleusercontent.com/aO4dHUCX5hSJ489QxlQ8T878ZZnMgDFrUOLaRhZ83mWb2i4WBn3c5JGEu9DdpxP-VFy4dA3BZZcfC4Sb_MRu6IFs7ckInrY075aXLg,mutant-ape-yacht-club,7.49,1408042.786663362,6.4137570195959395
42190337,462,,https://lh3.googleusercontent.com/wwPEcikPeKfOLoTkdWh97KnoEvIWmVciVfzy3kSb83DmVSmgKk3ejrZ-OM8Zg3RyCsj7T-sc53HPowtxXpQ_F8Umv7GGaskfbnc5ew,mutant-ape-yacht-club,5.69,650284.4144040168,5.207777254108632
42202578,6541,,https://lh3.googleusercontent.com/Y6rfEUluHVugTusxO4ELmOSL3Hb9S_3eePouiQwVaWGG9rfHq2gjQbfR_6UfTKiisGRx-JGJwZVZZrq4F7138jldr3mxrKtM0x25,mutant-ape-yacht-club,3.99,479605.2813532095,4.93613976597839
42189378,161,,https://lh3.googleusercontent.com/vorwIQ9WDjnNHyj_VUX9VXgRmho_UVIbL8njd6gT-p_aMJXgHbZ1urwB9mYTR2QbBUa_8zGCI-THqphC9KS_9WEk2xEA4io93do1,mutant-ape-yacht-club,6.9,1192240.846799157,6.070306148768652
42203298,6991,,https://lh3.googleusercontent.com/vzed0x2yrcJq8vu_NMgfpxIod-32KkgDzD8C6vgN4bzoIOavbUJT9NfsU0uAFxABt5ACfuHeiTlcMMhUjf9arB-sWARhp_jPYX9UXg,mutant-ape-yacht-club,4.9,602509.5183389246,5.131743045762016
42199819,4777,,https://lh3.googleusercontent.com/_Ypq9dAwiJaAI1oSmqzXw_C89cpMyhXpBZXroO4YZSpEdx5m2SMheE1UPix7POiogsxCzJWxk3PilQ18jX0EbSXXpKjAwRgVoFpA0Q,mutant-ape-yacht-club,6.75,1596729.6179489174,6.714053933328246
42202939,6803,,https://lh3.googleusercontent.com/3ti69zkyMjggEPGWlGhhP43kSJ4Eyy6D6xS7tTBTLAM-p2nv1YZV_g3Dia9A2gLQLOmARHtxN_aO3VJ0ECTssMcmLfHpzKLV6a2XEp0,mutant-ape-yacht-club,3.7635,425702.4117925968,4.850352828649043
42201019,5504,,https://lh3.googleusercontent.com/oUznOgZ2Pw72WJtIXYX3C3Lrvh-Gz06U-6Kwvb7iL21GvNk6xBSv_i7AyI2gX8Bi_5qf2T-k6cCdTiwh1l16VIHcWdejf7MxvtUu,mutant-ape-yacht-club,3.989,400513.0807706466,4.810263765128624
42199939,4861,,https://lh3.googleusercontent.com/9hxE5eDOxTzFWrHHt95YyMbHq_U2bxIvPKfR_PLoiA1-B9FTxOkGcCmx-lHb02oSAOIhgSHitglPgDTs2mJfOJwJbWo3hQD4cHLyXYI,mutant-ape-yacht-club,8.0,1295647.069748263,6.23487815096279
42199340,4569,,https://lh3.googleusercontent.com/fZ3uuKmQH-FmqmYK2EKDHpRqEDXqoHo3iiGhujsiJWtzmdBOpWMKUsPFbvsgXKxbbJgG5MeN4_84MNYwATnjBXHy_pOyAlAGjK2nAg,mutant-ape-yacht-club,7.5,1696866.5034634608,6.873422753430344
42204143,7566,,https://lh3.googleusercontent.com/g-69YKftgfYs-e4eiIdHXJhJVaxvOsf-fyUkJORLD4Y4BIDMAGZOlmzLEeUn55XXzaHmyUtmfbM2LciheeMi2ZQo0jfA9gzY4_IPGas,mutant-ape-yacht-club,3.45,418068.76428883534,4.838203804945154
42194303,1966,,https://lh3.googleusercontent.com/u5I3j4_joSfZzWp1Fn8Wlh-OdpYPR4SXC2xfwWJsnz7YSg-TY6CnZY5nv4FPInYW8MBH2j-D3a-PSRs_icXFk624BCa6W-UEfEWHlQ,mutant-ape-yacht-club,8.0,1607335.1237128377,6.730932698145995
42196223,2800,,https://lh3.googleusercontent.com/QhLof0L0F14B0zinv6gTVoxRyO8v7WOD3IUMaLIR8VGZDdRrqOpMGSDGYKaT9YbBXT10ZREdFWZX4Q73BTFVMUvzkixBP0vc-AFs7Q,mutant-ape-yacht-club,3.99,399933.28074446507,4.8093410077890795
42200423,5118,,https://lh3.googleusercontent.com/KJbX-3121RALa79mcQQzqHLjbRV6J7UIlg1wvfzvBGObwuV1CxLpkDVW6x25PH2nadBro5i5K2Fi2NU1lHN0LBSSwZjllLmkVS16HNY,mutant-ape-yacht-club,3.93,310466.0762567996,4.666953088055331
42191904,1026,,https://lh3.googleusercontent.com/7JpgR1AIBziJiJ15ryyQWZsSMS0ICmEJYYljr7sleN5ZHPoOFVD6UCz5WP9FgD0ZRMyjLGj2O5twzibr6FSHWROH3i6B0eHPPZf43A,mutant-ape-yacht-club,10.0,3060481.818647724,9.043629693035077
42197785,3610,,https://lh3.googleusercontent.com/h--YrAcQKA0JgkRu4LfVeh7WFnQ9l9Bq6un9FUVpc2RTwk3kg1DAXgA9IhgSONR3wiVBsx2CwjfgtcQOgE3W-_Vf-jQ-91jv4LNjYe0,mutant-ape-yacht-club,3.75,633764.750332563,5.181486049244184
42193826,1774,,https://lh3.googleusercontent.com/xrXJH5ux2pLQmoS7G9q1IbBN7rHKHfo3X3ltVqZi_IgKvAQJFrY9_dTabgYh1hM95R-TXNq-NRlzRYVuXIzVD8cGPQ748ptCDk4-,mutant-ape-yacht-club,3.45,298256.5128609293,4.64752145002941
42194307,1960,,https://lh3.googleusercontent.com/BVRHv39RanpD8xnWSgoyPo-wBEO3rH4nTDkgCaaZd6Ig92g8vaZvP27zDnQHKHYtiEJxsFcbIPQpchuE00e0AmHCZov_8tliWaquGA,mutant-ape-yacht-club,4.5,407207.2850995941,4.820917655949622
42199588,4708,,https://lh3.googleusercontent.com/UAvNzO9K8V4sneL5DpqZAYUf6yITvlAet9mM_aqpgfMcLha4YJ-9xw_WH8kM0uvMa8MgxXAVGhgju3serVhi4cdU48Fp6uthJbKezg,mutant-ape-yacht-club,6.87,1420702.166961538,6.43390454556479
42199828,4801,,https://lh3.googleusercontent.com/zDKZ7Aj3avOb9VdLMBH8J23CM9bm-1v6eqmYISTDU9WSvG6pdLL1fuTSwckVlaI1r9CVtAkzdZSpRuTNoUGid6NAZTVAHtnp9WUQ6QA,mutant-ape-yacht-club,4.42,392200.89277988166,4.79703483768847
42197429,3390,,https://lh3.googleusercontent.com/u5PtE8LNllYXGEVwnnzOgsvoCPY4Yt1Ke1egmS7c9jMj3stPQ_rhMf4MINJCNjOyDcTYN6VBVyYR_sa2fICOWC4k5mU5qdY710bK,mutant-ape-yacht-club,6.15,950495.9820995132,5.685566862590951
42194669,2120,,https://lh3.googleusercontent.com/Mc3E8f4l8Rd_xTiMQkRMe2M3NXMPXubgC_aTCTLQ-f7_GtJH8mSvTMJj8KsB0hxkWSzLqvc8qw8khFN9bd8dwULGq1EcWNs_S8ZX_A,mutant-ape-yacht-club,7.69,1777874.4205584666,7.0023476356056005
42203069,6831,,https://lh3.googleusercontent.com/_51PCOKBYrVVjA0-pSczQyu-NUk7QYYqq-f86Tjt00QGKByJA8VlSxUu9SPRnoSR7f0lhBdKWwqIiFHS7VJgESh8knIC3NBwQQOUxg,mutant-ape-yacht-club,6.9,1194589.8882490506,6.07404467091578
42200550,5152,,https://lh3.googleusercontent.com/8eD0fRHaZ8d3i0fJ197NMLYENTrJDSyWE8FXvAwmlXlyOu0FKGGjz2TOufxAd6DZiiZKsp3HNh-o6vgI0cupyl2qbsIsEj0APGop,mutant-ape-yacht-club,5.9,884935.2608997339,5.581226341823166
42200070,4922,,https://lh3.googleusercontent.com/IYBKatt0vV-NYKhi3YVaKgP7IUshLaaMA9qqLbJdHlTMlfIut415X2IXoHy07TUstBROH-XZKnayuw4Raakk9ImX6b8ER9l-5w_txw,mutant-ape-yacht-club,6.9,1201875.8048792193,6.085640277577059
42189030,3,,https://lh3.googleusercontent.com/ScIumxrQNriajHNuSNKhx48Z-Rq_wGfsC6U2e3lxaOQA642CTDinER4O_B8-rEwcbAw4T1_G_2NDPFKZBjtIAU2t4-7GA0hF0DyU4w,mutant-ape-yacht-club,6.2,963885.8517674116,5.706876969444473
42204871,8010,,https://lh3.googleusercontent.com/njgUxbnd8XGMGy_-0JzK6I8Tta0vXEHO4LTXUEce2Z1QvuigD1NnejOuqDmbj5fov1XmB1wuj17AvHeWaVLR9MlkMFIr3CIRxjcIgg4,mutant-ape-yacht-club,14.66,9781439.937358426,19.7400994287448
42201872,6060,,https://lh3.googleusercontent.com/Rnl2a7V0Mo_OC14RHLgiyPyaFyOsflxCd_ElFWmGUOawg22jNuyUSmtAtNsp1PWHgqlXGasUTJN5rps1TeLArBAiyTSJ85kqWP-rMlI,mutant-ape-yacht-club,4.95,615949.12337931,5.153132306941037
42194312,1968,,https://lh3.googleusercontent.com/gKwgQFcF3ezRygX8NgXn7avv_I1yNukm9bH2z27nhtNn7F9Snb9iSMOu2KmA1ZwdyoNRW3f8c13PcsUA2EM3icX6YxxbpL6uKdA6eA,mutant-ape-yacht-club,6.66,894404.3826077331,5.596296540444311
42191794,993,,https://lh3.googleusercontent.com/bTUOvQnYliEAvhGsOZzIQRC24fBiHZ1Igi7fcIXbmp4Y-Qjjpkb8YQTsD3FDb78y0dHIyJZc8BZUocXzNdUNSMk6_sMsKEZcBbKjRw,mutant-ape-yacht-club,7.9,2514029.5734165,8.173945668840073
42195034,2268,,https://lh3.googleusercontent.com/FlrFePb2IPAWclgDCr3ULF1qOpeEOM5Go0y0chVqhCDjwavZ-8MUgTvg0SFgDXbsp92UXvr7r21968K7iSVvRzNoyKm6eMk29VoZ,mutant-ape-yacht-club,6.8,1161521.7965406596,6.0214164836947095
42200795,5354,,https://lh3.googleusercontent.com/V8Rn1plJo6qg1GlIbfcdXLWQ41S953a_GVHJ7ni4_AtGYHsQiZ-P4_qsOJrc0vSDfpXyXEMJ6m5lQBlRBiYcbHYrEmlRuYRgrE2y,mutant-ape-yacht-club,4.9799,621364.6292645342,5.16175113684322
42199595,4706,,https://lh3.googleusercontent.com/5544YJvICqQRX_vqXc1U75e42m-SpeAN_ZDeAjl_A8o8XVuwJhq2kqMPI0EVbfpMJ4QQAqBMppk5tQTjUG2QdP3kgTykxyayMWZYNM0,mutant-ape-yacht-club,3.5,368502.8548070259,4.759319181453882
42200675,5293,,https://lh3.googleusercontent.com/v8_EJ6FU00r4PhfkQUCMY1Y3tQNrK8SdNIc_1vqJCaf2WspiTmoMbKZrSQCP9bWkzUKCgQ2f8uGFmpL9b_DUldlfVkJ6MNHt9T1UiQ,mutant-ape-yacht-club,4.24,361403.608862029,4.748020662990329
42200436,5173,,https://lh3.googleusercontent.com/-Ut4SRIAkkC9WZg9WLTt5wMXCU-cU4E1HlVCakDjJp4Ne_5_5Suwb27G5hES8VJf_2zDpmf15f7RAwL3g1vTVSQs-k7hZ0k0YE4,mutant-ape-yacht-club,5.29,703504.5134314037,5.29247755554231
42200678,5290,,https://lh3.googleusercontent.com/X_ck1lEk-BJfx9BgxeIlVFWcSD_uwPJrD8DrvFsM0Jit7M_lLAJcsk8D40lVruj2eQAXVaf0Y77so08GFwuqlh_9nozj7KBKaW39tiU,mutant-ape-yacht-club,6.4,828409.2847571733,5.491264705042973
42193838,1762,,https://lh3.googleusercontent.com/msgNk87dT9u7BwF4l0S4At31NTN2JWrXRuRFqoGGTabkd55-vnvGEtPMkBRsNR4AccjcoHHh0I4LNxhT4PkdhSPOBjOA2xFIofgmeA,mutant-ape-yacht-club,8.9,1612446.2709895803,6.739067138384246
42190118,435,,https://lh3.googleusercontent.com/7DmUmX41wbwBgAHdTKuqwxJlVqVxndw4qr5q6udj4Rbvpr11X_-e23gWPgevZwhOoiUDIYZuEGVVIZ1CDd2opYydoU3suLrbjM-k,mutant-ape-yacht-club,11.5,2675667.085355302,8.431193329675144
42206679,9271,,https://lh3.googleusercontent.com/nl2f0ULgsRrmAOZ9-3sR7uN--sYoj-e3hR2jBklWUj37QC1JkpgdhsWG0ByS5nHml31P1IxQJ9bqbeEVHrc0I4ApWny--t5JAQgNgQ,mutant-ape-yacht-club,5.29,705017.8428747179,5.2948860339623
42199239,4488,,https://lh3.googleusercontent.com/hcy14qQZdLPLEYHoaONys1YjUoRtv9QIfGWrmQPokI7ZNOlmNtUHF21af9yuiTJjZx9DfNED7FqtyVGlPFt2dcqDX6evBFzy9ojKig,mutant-ape-yacht-club,7.1,1519015.8697616616,6.59037175277435
42203080,6811,,https://lh3.googleusercontent.com/RgCd55qlW-5SpsFMRA4rbyn5O8cu6f33jHOIjNcpUP4tkFmmAXHUSjM3OTXdyC1ZGfGk83Mom4uO7JWTejMyz7iREhlBlsdLa5XBrQ,mutant-ape-yacht-club,7.25,1320981.5963400495,6.275198294634443
42193240,1570,,https://lh3.googleusercontent.com/lcBXMchPuHwPWvW7sA3Il_jdypPqqYJnPMSeXKrL1J84fqNCxgpygy_wmZVbNqEdBKkNFpFsQKt9OCqnogyZcM6MuK8YKMnjHvkNcQ,mutant-ape-yacht-club,6.3855,1226631.157874858,6.125038660878614
42200441,5180,,https://lh3.googleusercontent.com/u0kzq9i78yQBSN6bLJQ9MwIKt8emgaox5LWk-FEeAwFHT53A8uVYXhUwuVrTaqQglq3flNvSUWFBuZFtY491ZLAS3rwkde0z28YObA,mutant-ape-yacht-club,5.45,602403.8098414944,5.1315748096677565
42189161,54,,https://lh3.googleusercontent.com/GBuD5BdEg6NSzu1-4yNNsq6oenKwQ5zwxtG1Y34uBGJmygZdW_eXIVU2vZk3wokvMVSUZ55mpp9WZq4Dg-34vm365eX8LU9n1Dlcrw,mutant-ape-yacht-club,3.6,390391.8319536616,4.794155699917345
42194922,2212,,https://lh3.googleusercontent.com/CnfvhO0Qx_ZEKZLGAvlefhnh-lQULpM1tfw-YkxFk2ok3XCvEwwZcb_cur2uC3-oRbbkjQ-sYgKDncWwwWT_2sh-vB3bh_xIbh2lNA,mutant-ape-yacht-club,7.15,1284130.7337236404,6.216549790991211
42203082,6815,,https://lh3.googleusercontent.com/P8BEkEYXH6cfqwsYmijejuyEJpzFA3J9w3kQyJLz030h9KJGkPo8CTI21Op5yOShapq5QDOs89moe8skIZrCdrFsUfB5Ac-huDNPnw,mutant-ape-yacht-club,6.1,944578.0777750366,5.676148460722121
42198523,4057,,https://lh3.googleusercontent.com/VxjRTDBGwjeaL_Cc11dk1wHNw9d70ViIKw0kLYKb6HAvUAi-GwzJdawbiP0kcFKv8oMvyP7OnMylX-3Sp6fWwJwsYaw70AXbqrk4Fio,mutant-ape-yacht-club,6.3,1193433.3353013156,6.072204005733124
42194444,2072,,https://lh3.googleusercontent.com/Xu8gS2f-NmTmVm8VrCDneuS4pkCvPmaKkyBJHO3uO30wL1GxkZfc0tI2u87z3B47cuHgcfzfk4j9TgIdbaOeRcuMimPZY-O9G9_dZg,mutant-ape-yacht-club,4.475,503620.3862675493,4.97436003731158
42196004,2701,,https://lh3.googleusercontent.com/TvbfujEkX8jCw3yyLnd7JCZ7iAk2lOTyMhmS1o3rKcuz85FvATfZPla1KmFsPCjiTZiPpICuMZfEho8irRM-D2N7XQlcY1xOB6lXTA,mutant-ape-yacht-club,4.55,519110.5760055026,4.9990128238348515
42193844,1791,,https://lh3.googleusercontent.com/LnqhdUQ2xftngtLWLsYEWWBQcgUQIHIYxJPwhJ3HpnwF_d-FTgNgc0SUua3O_xaf7DvcKpfcs_8EZAZ2FEh23itw5qRIb94N140oqY4,mutant-ape-yacht-club,0.0,0.0,4.172843330192049
42192164,1175,,https://lh3.googleusercontent.com/1ivhqKHXAQEzPUPi04aXv1Llgc4qxdFUbJQ_cJ5OgRebQHK_YBJNhKTnFBektBmkziPzDDFpEx4MtC6y6VTn8TIJRxSDOLW_1ddfKw,mutant-ape-yacht-club,4.8,463731.468719318,4.910876439912416
42189285,93,,https://lh3.googleusercontent.com/JZIl-r-cEt6vO5jUlRw6V1zaViPWlnPU-GUGiUar7s-CmIyT70p6Nq_fhTunWH8NrH_8VJqLAooTUVFqL4WDaE0jspoeGCIkvU_y_g,mutant-ape-yacht-club,4.60362825,531826.3574070702,5.0192501127042926
42193845,1787,,https://lh3.googleusercontent.com/uZJcNbc7_2FmkQKdRwvy4NwRCjGEZlBYK14xVK4iD8gWrlJAlSaQHIvGyWFu4q9xrklwk1_rZISCh2c5a12j4WRmgftUdtT0x11o,mutant-ape-yacht-club,5.15,532685.0977864196,5.020616806309029
42206805,9344,,https://lh3.googleusercontent.com/esBCwVhSR8yjHT3RdaD17KtdnQk83liO9ZK8f8KpbtXNj8xLimKXq7SJdChF0Kunv7FjVwPlkt5TK4hRDsnmfAxO_CuXb_veohBx,mutant-ape-yacht-club,7.49,1692254.2578963938,6.866082320079859
42191086,780,,https://lh3.googleusercontent.com/flju7LIjiypTpUIP7-xUs6zw9n1M7SnQCVsu4clqNf_7wOVtqxC98V3SuhSzyQeI8fNmWcHbRfDTyXjwtfHwaLAzJF4Pjxzyqvy9PA,mutant-ape-yacht-club,3.9999,481777.9277971844,4.939597553770532
42206206,8915,,https://lh3.googleusercontent.com/oGOqFc4lmGVxqrbGkEqzkw60d10sQgOrb1msScqyo3_nSs5FGS55R5UiaUOBNtQ4tnTRLqs9Ykg7wR-267U8koeKq6yfOCKcx7QKIUQ,mutant-ape-yacht-club,7.3333,1354884.9739493302,6.3291558474313305
42189646,284,,https://lh3.googleusercontent.com/Q83-gdmZBlHWo16KkYV57sr8zx72RPNgIAajSNWkfYESgAsVM7VONVzLv3fmR2d2-snBRseZO3VDrWvphaZk9s9MRC6B3JvWhL9u,mutant-ape-yacht-club,6.15,1139622.531952436,5.986563592668635
42205727,8687,,https://lh3.googleusercontent.com/ouJfTlH8DwkKroC-V_N92HOSIW9YXrMSaylPZVTLe3Z_k4EI-0BMsEDx4NN7hW8KMI_39daoMuCuWGTIZH4ecyT0TUmSbd5e487aIw,mutant-ape-yacht-club,6.49,1477906.54118975,6.524945859448124
42200209,5028,,https://lh3.googleusercontent.com/-xGeKseh3c2ESRoddNcbibViOQ-4gvh62I3zdUIDytvJfYeYiVuY-ZJ94-CLBSiAGryBHgndbXKdfoHCWtJYEU-eyQ2LUzeANYx5RQ,mutant-ape-yacht-club,6.66,894897.1383974581,5.597080766041137
42200449,5114,,https://lh3.googleusercontent.com/ZwfN47VSVx2nAVRoPIJzGAAUFS2Um7wxv8XpqQzktWea4g0UvE3IOjhL8PTMJSaQ9StmSY_8XCPE44h7Nx-g11w8GDOJdqmUhil29g,mutant-ape-yacht-club,7.3358,1084321.920238145,5.898552135206731
42200450,5138,,https://lh3.googleusercontent.com/1yf_WcwHqbq3MMeVAvIYiU3CDmZASBWrgsWzdQhrhFnVkRwkyPwmObjSxYQFflLCx0LtqfurcVC4Vwf-tO4eA-K8xU5pqwex3fBaLv8,mutant-ape-yacht-club,7.5,1131037.0205083687,5.972899668313654
42191331,835,,https://lh3.googleusercontent.com/NEHTqoDCt4Z453t3GfMpAoYREr7V34EqyqhxrCbpntqUu0DjHIXULuZZkmSpKIkpwAbAD8MgxtgTf-2gEFWBc54kR5bkiGm2OhHq,mutant-ape-yacht-club,7.0,1229352.4732315051,6.129369660542585
42196972,3116,,https://lh3.googleusercontent.com/PqRds2vBNLhNOaCKoEKL42X2wjM28fEfePgTpahfTuMgbsiHFfSlGLRj6g0WoYxhKVswGmpqxP6Pfl1S5Xr7kSNmepEuz9OzPkHn2g,mutant-ape-yacht-club,4.33,845080.4877986942,5.517797085641367
42201172,5588,,https://lh3.googleusercontent.com/kbuLkcGUAJgDoTrkyZl72QkXfGFex85QSc5xtnbtdIU0xnWxe_EvRL8pvwL0x7eRUiCcK9xJ6gEe725fyXsUO21p3P8QMdbf6l3y6QM,mutant-ape-yacht-club,6.5,1058468.734563501,5.85740654059714
42202372,6366,,https://lh3.googleusercontent.com/HkL-TXjCZzOfQJIuyWcujft0bhPUnA-8y5gIuZx6xvjlMU7cVTeX3bz93lpI08jhWNGTW_PlGnQvwjrzP2Qzxo3rFDQ4llLXJKhvRQ,mutant-ape-yacht-club,5.95,888335.9882265726,5.586638632197312
42202012,6172,,https://lh3.googleusercontent.com/E2BSubgL72MHI0WRLOnhez9fFbQkqJA1kZ_9Zqvzj0Py1RPE3CZt7S1RPwLSszw9TFLqW8jDrK4fySyP_VipRfmfBULicWoUOODlhA,mutant-ape-yacht-club,4.0,401128.62421874,4.811243408469239
42197452,3432,,https://lh3.googleusercontent.com/Wk943oe1o7GRPoFh9ZGDw0BflSYnij6VcXi0VhelX1YWO9n1L5gvDcoAho_c68XDYja_xTR5P2vUCHxPKKR01ILn19enayEYncAX,mutant-ape-yacht-club,9.0,2451955.9908886743,8.075154962936471
42191933,1048,,https://lh3.googleusercontent.com/xZ2eEaLwK54XppytvAHAQ_UnXn-QQcTjQn634aTCPtQHxh-JuaD1ZDlGTDTz-9M7sH4EggGO_QoW-26WZmqhwo8IrSlIuFnImhUVU1U,mutant-ape-yacht-club,4.0,401552.6927046648,4.811918317558902
42199373,4577,,https://lh3.googleusercontent.com/iakEhotFkixC-QNsB4zqnWAtXauBlaZ_HBI5GnuaJK9_C_RESpls5UzBZAro7z8LX49W3tTjO5vesKUwSux0oItj25zUmojXpjW-Ww,mutant-ape-yacht-club,6.45,1252065.4933366654,6.165517651330544
42227454,26426,,https://lh3.googleusercontent.com/EX9end6FQYQWFQhuM4MuDTfSnVGiB0iDUDXMcRzlG9U73QiU8DHxvHiSvdSmlpjsDPH1QCMGszjWDxGGzx0e932L1Hjot4awbd2Yv6A,mutant-ape-yacht-club,3.41,523949.555868961,5.0067141070071255
42201174,5581,,https://lh3.googleusercontent.com/nUZqmOGoSxVcs7yJL7goZ_Uu5HF1McIT0AgX3dyV2sveit-jVWnsyecedAmjgsWbp62y901HsVkEDbxihr96IQKMKamXjn1i6joo,mutant-ape-yacht-club,3.99,399525.1194509727,4.808691415149754
42194334,1980,,https://lh3.googleusercontent.com/myKBDsg1-DenNYgOpPdLvQtNTuW1c3OgjpR2C3AuTiNqNtvE_Al6E-SaWrkDw_zjdpf-MDpa6c4ojbe9xzu82UzFwZtgQJ6ro7-SbpE,mutant-ape-yacht-club,7.99,1607185.0914125326,6.730693920291523
42199374,4593,,https://lh3.googleusercontent.com/M9iT1sY4E_R16x0KQzV29Yqf762KiflTFV8goeBa6RKAxEnxGV1zA2vvLrMwx-dbiOYrr-Qkf4pXpbwy9Y9aBZPH2U0kmFDMbV1V4Q,mutant-ape-yacht-club,5.0,630123.6080562638,5.1756911361568045
42206094,8919,,https://lh3.googleusercontent.com/4priIdE6Sb8F5DT3Ekl0muKdfVEShi5C4re12xOJ7pZ1km6DNb12RoNeW4coCzTuTOTGvTuHj2QxniMktREy6llgNaxr3X-37rpl,mutant-ape-yacht-club,4.399,485907.6883772536,4.9461701076058935
42203095,6810,,https://lh3.googleusercontent.com/NE-5LQ44tzEdqQGiy3ak8kVP41Xrgl5NvYPiAk_glQFlfbNur7jIb8JDqtegWGsXxhtbqDEQhzpX1aGoNOPeJc84fyrUy-FSzz-vNBs,mutant-ape-yacht-club,6.689,1127720.42172898,5.967621269335024
42199615,4730,,https://lh3.googleusercontent.com/UCNfgm5qQUjdtZRESt7kphUxjJgm3c_ifQ9vsJx4EShkUtXIve6Yis8M5sB274bJuVfkl6-Nv6UAlpxdiqQYypyC8HqPRhN8zpRg-w,mutant-ape-yacht-club,6.66,892805.2348514652,5.593751481350694
42189416,167,,https://lh3.googleusercontent.com/k0E_xOl22yFc8eqcAiC1oBSvStk8aRXUcxomQIWGpq2qk4zIRU2iVJrxbsDjRNVEoaGBmsy-15EZ3i8F3K9Is9KHWwcmYn7hLJuBuA,mutant-ape-yacht-club,3.86,373139.3811477645,4.766698257890091
42191097,785,,https://lh3.googleusercontent.com/mCMm0MxXWCLCWVzoTLwsisnI2CLTy2wXABY8E7OZZBODLdoCATozfck2TzG8mLRuzjReUFbnXARD487rl6BKEON4hwGjj-9dKhy3_ak,mutant-ape-yacht-club,5.999,1083859.748500361,5.897816584423853
42191818,999,,https://lh3.googleusercontent.com/-TmDs9Mr-yUxdsVBm9Hs6HanxtX6t6DdsFAiEPrXpk3ONHoppqq41LHYWqcCmgBQsHNnFHe_YTPOemf1vrB1wPz0-t0GtR0rer_-Ew,mutant-ape-yacht-club,7.44,1670355.6011306474,6.831230396409126
42198539,4060,,https://lh3.googleusercontent.com/CvKSqA3FpI9mWNtiq4q4RV14BxH_6VyGTGOYfQho70TfdwPNR-YSLU1UVn81XRkZ3Y92NfTnMQ0pnPbm9pljBfveBf7FLRMc9FwehA,mutant-ape-yacht-club,5.35,863445.8813110328,5.547025786731207
42189179,40,,https://lh3.googleusercontent.com/jHKBOkbs-m9pdcrIUckkE7xJ8Mr2h_x_9nEtcnnvwm7uIt9qmeQsdOUo0N_dFgP55kSjbkpCBSmszV1IHf1VtBETj9igDmrnEpEg1Q,mutant-ape-yacht-club,6.739,1366899.96821775,6.34827782681238
42199619,4722,,https://lh3.googleusercontent.com/i5d07r-6BG2KL0OCLR1GSt7XxENPahJCvlhTN-mquEfz4tzGlg50OGzCjxCf519lVIr9Z6ZtmXELeZaWt0bhI8Wx9q5YIc4A57hy,mutant-ape-yacht-club,9.2,1700582.2912153048,6.879336465512743
42198300,3911,,https://lh3.googleusercontent.com/NfOJ053jVgIdAxItxGGF5I6e83SUniiq9uPafSbVXRYuxQ9EX0RT-6kuaH6vf-r2Y6Thyk7yxkRvcy9kqjaGA7oTW_2mWs6iUPMU1Q,mutant-ape-yacht-club,5.4888,1509082.5509516494,6.574562779983602
42198781,4237,,https://lh3.googleusercontent.com/Q9jo90vBh5ymfAaMZj4oq3Dyr7UJwh1arY18PwhcxhjvvF9Qdoj9H3QHy7AzgdjxApUH0SsrBKbwsjK6wvtzNQMOyuw-F-LwMgfm5A,mutant-ape-yacht-club,6.15,1325874.8489868154,6.282985953465347
42189181,59,,https://lh3.googleusercontent.com/UrKjyXxu8LfDdSPKdFkpIqebk4iPv4l1ba3TjDnUHNKxYBNXAErdMkIBQXWCS6xX0u31TpvMJ3C1mZd8GncAwxBl3sE1_HnBQZddtA,mutant-ape-yacht-club,8.5,1829344.5258944863,7.084262805183556
42191941,1038,,https://lh3.googleusercontent.com/STQzr6WF4Rj_k_oBa1Ai8nSNDMxERjtnqr5JA9Fw795FYZlcKMsnRsATpgQky-T4d7O_jtGgy0HLHgpgZsL8KMKdKWD0f0xk8OiZb54,mutant-ape-yacht-club,3.89,379861.5060146839,4.777396584516841
42192781,1434,,https://lh3.googleusercontent.com/TID5qY3q0BatmHDSMHPfRC3rjUOa-sZH0280EvwMUfvG5IHUPoaji0Zqpaib4Byq3PRJ_pdTtLduLNnYG9ri6zI58X6-KeU7moFkhQ,mutant-ape-yacht-club,8.49,1815158.287871642,7.061685270404327
42199621,4764,,https://lh3.googleusercontent.com/zOtoLfFdrY2XVO-PTb-TjeWWZAsKbXqFy56pc_IXPQsnBbCjG_Nl86SkfvPu-CwHoVTAuUG4XMSgC3qUdr0FlKNq_6WIsxhoatH2KQ,mutant-ape-yacht-club,8.99,1642445.351966857,6.7868109653959365
42190742,657,,https://lh3.googleusercontent.com/wtg-5Sh1sOQkSMcH2QwX3ik9jQRV04Km2jSz9ufMh5L8f13IOAF6AvFJz4LERuchfOZU0pTCH-KS6bK4qwtqfBRCHnSRc7KhOcUrDQ,mutant-ape-yacht-club,4.8,579431.8297333155,5.095014681534775
42200582,5221,,https://lh3.googleusercontent.com/2AmAERf7ymcUypLV45Mbvp4ziBOZM2I8DqwT-j2_XYZWFLk8j5lrBqKtdCAgWqprvUxXrHKlLRUDHNOy7MqTZ9w3bCsI5fmJnrg9yaQ,mutant-ape-yacht-club,3.7,343665.6077699724,4.719790462994742
42198903,4287,,https://lh3.googleusercontent.com/--tPlZkgk29ZLegJcR75GWNyVu8zn_c-6ZPEOukHXntd9gCJUa0bk_uJdw-a2VgiDeanZfCLBqZMG399C3I3OXVnY8PUuwbZWs_xQQ,mutant-ape-yacht-club,6.45,1677649.9819795978,6.842839473956317
42206223,8999,,https://lh3.googleusercontent.com/xDxo6gmU82BJXaEvzUcHjJ0R-2_DV3Ec9ZhfeF39uHhlu53DyCgj1joLo28jP-ugAS6cFZY9zgvwSGAChy3l6f9pMIu0nxswKncZ4g,mutant-ape-yacht-club,6.899,1670896.4691683366,6.8320911931131025
42201424,5787,,https://lh3.googleusercontent.com/oTDp0cnBS6lMYULIPEkfmYh-ggkKy2EFUukUCBoD0ZYumeT_HXH7c0Staim4TcgKO3PtJKWcFKeDJxjrHrMYxXQ3vfMcaUclLEYIhw,mutant-ape-yacht-club,7.0,986840.4954391333,5.743409506471452
42202145,6233,,https://lh3.googleusercontent.com/1jNRyXs3zrvAep8ysxbBQx8SywG0lmb3XUMmdxcKoJj3GqILCAGqSdAAybquTdlPQ7rFP4dlwSqxlJwYn9rhQmO5ZQXkP93K1n_1,mutant-ape-yacht-club,6.32,1202410.6153372026,6.086491433584449
42193986,1836,,https://lh3.googleusercontent.com/RixYY7jHQULx0Rq2kxEafqC6W6Q54mqYzyXaVCOWDk_RkDRq1BEhgBrU4SFNuvJ_emOS9MmKwvNk47XdbFWCatk9fzBiVhNbvZ1ROQo,mutant-ape-yacht-club,7.89,1258931.7095369613,6.17644530070554
42199626,4634,,https://lh3.googleusercontent.com/TvCxDYxDS1_7USQiQZYq7nd1c22ziPxwyTim-k7Ed0yx-FyFjKfvAJ6aH8C805jR1oo8xGw3kwj6hgwAtfm9qdQES44IbFaxh6TSqQ,mutant-ape-yacht-club,3.85,297696.5002033898,4.646630184478104
42199867,4852,,https://lh3.googleusercontent.com/5otE4VCOM9C-HVdfZVuCarShoy5P500tggFbg4VxAnuSrEq9som8w1zGzfMG8PDLhN67rkUa767pAZonUj036lx83OBFpI6Py_Effw,mutant-ape-yacht-club,6.9,962424.5834576052,5.704551346821103
42194467,2050,,https://lh3.googleusercontent.com/7V86ZSQ1ge7LRLO3KYEyIztB37ijQLYFQc8br4dp4fWXWjPKFHFbUOgpHW0ZFT18fCD5Ef3RQcuofg2wlCImxMzXnmzPE7C26rA7,mutant-ape-yacht-club,4.68,443941.7482813351,4.879380908768763
42200708,5309,,https://lh3.googleusercontent.com/ej0B252-dXjGX-UiAGC-LE1FvFO5fuQrI705Ckz5RTs5qYCzBLwKOuPdJEz0iUlDK3m2JY4d2Qr7Qk_ip4_JDHsse6o5RRb-CxDA,mutant-ape-yacht-club,5.95,1253273.2381963525,6.1674397889353205
42194828,2136,,https://lh3.googleusercontent.com/TifiBtonJoC7rF1EOexg9FmFTmzWONLwqxnz_WyIpNN8daIgi0OQEEe5upho2FgS6byY04x3e7THYA_v-THxH12qSbMEie_vKZsyqQ,mutant-ape-yacht-club,5.0,631772.7275496342,5.1783157257524906
42190748,650,,https://lh3.googleusercontent.com/KXCePYgmpWSMjyCSv76G-vrjBfIsOmEaxgMrbdR-aXjMHn8UNy28r1lCov4YWgGBLoikAqiQQMA1GkFYMDajlPGtSdNkEJtjeq2x4w,mutant-ape-yacht-club,5.336877,714399.558488808,5.3098171249410955
42190749,652,,https://lh3.googleusercontent.com/HHYLVaqVn7pgqLz1Kra6juz455vJlFyitZrCGVcj25LLuXaSvrPZUi5d3r4gaejssFJkFst7NT63iW2GSwcj94jvsZHtiGQA_zOwNRE,mutant-ape-yacht-club,4.75,566271.3326775299,5.074069623407987
42197829,3621,,https://lh3.googleusercontent.com/7qPoEl9Oy83mLLuSzNEQhog9wnzmpDkqnx5_NNYE--BCAYsnrnrq3g1Ky0iLISymUvo8tzH8jWdcfZrSDEZeCujuif0NOtbx03gh,mutant-ape-yacht-club,5.5,909614.3364586986,5.620503328847809
42194470,2027,,https://lh3.googleusercontent.com/RGVf5MA1xDd-PSAgtWmEjLKIsATihpcjWlmVGg5TUs8SbNu6SXdXUOQrRuLm1zyNB-0JnOBTf0SyK2Y-4dVaouglLhV2A4vmAkHl7w,mutant-ape-yacht-club,3.88,302520.5555674977,4.654307715165569
42201552,5835,,https://lh3.googleusercontent.com/LmiShwT3LOURHEZxi-xc0W4fF7wGLF9hZtKLoq7FFq54vZyOIG19NIyJm2PSoZQ7YiVi7t-86SBwDrsigVEV_gt5aFFgjEFf7wVOFxc,mutant-ape-yacht-club,5.5,757209.909187255,5.3779502114048015
42200352,5054,,https://lh3.googleusercontent.com/LRYYSUxZsDTsPA2U1yC0r4WsRx7ICmWzgJtjtOVKW8xxMUpfHQnkLysHkhkX7k4UMg8F7yuk-KCo6wYtzCYkc4QR08P_3hQf8e04,mutant-ape-yacht-club,4.69,441210.5145225085,4.875034123871963
42205874,8782,,https://lh3.googleusercontent.com/Mv1fbZZzJfcTIPsi7k19YC8sGQN9ypYowvuelHEni4h40eoY79VWwj4BJD01gikONBCxW-LEpLXHJrpiBOcB2zVQ5wLwFnk_gx8_XME,mutant-ape-yacht-club,3.95,548222.4724630648,5.045344688117791
42200594,5261,,https://lh3.googleusercontent.com/4IAZmSIuqC2aPfraxtVMD_E-8zu_uWGbIoCUU-ZZCROexaZL3t76uW4Hz_nMZF61ubbGCA5T35tXw1M9LAmc3cHhFgmmt0vR2yjpjg,mutant-ape-yacht-club,4.2351,544625.2836818573,5.039619727442214
42199877,4840,,https://lh3.googleusercontent.com/nG9L3TkFsSmrzNoJER83Xk9sxYZSLn8MpmQpFF8Qx7_rFSZYK0LKIIe7TtFJRcBwnxRW9PFSJDySztUf5OfPEs6g_gvnFDNHKeklzg,mutant-ape-yacht-club,6.0,722749.2047804452,5.323105667628743
42200238,5026,,https://lh3.googleusercontent.com/Q94k-XVEWZvuzjD8aD9IZBibOp-RvBqoimzxeb23JRpQzUnqsuA6li0RUkHzCjeJw7XnJzYKVPUbyv3Nzyi_bcfo7-Q3GZ2mh-wo,mutant-ape-yacht-club,5.92,880710.7642631388,5.574503014639182
42197118,3156,,https://lh3.googleusercontent.com/zdMontKNdgLu_CCVW01eEA6CPnL7J8oOlwDMo_bjxrWi4gq2zddQEHJiTb5NUKPwEgeCkhcjM_8eGcboaxJe6zOWe_V5nXSjmVgtEA,mutant-ape-yacht-club,5.79,1008359.1324884198,5.7776566250944095
42202159,6243,,https://lh3.googleusercontent.com/0Myad-rVMJwcMwBB-rJWl48X8__EkLMsx_HLgaPaARnkB62czAQHa_qe2y2bYegH5tJb6mMi4li3kfGsKigO8j5tsZ0zA179fhaYANg,mutant-ape-yacht-club,12.5,3965360.0254971753,10.483752095691141
42207200,9556,,https://lh3.googleusercontent.com/LZENYPqbcqsLix4Bk4pzdUsguSJUqBRJXOHkn-Vhir1M7Ly4rRORvGiBCBOpn95W4BoyvgaGp_sl_GbCxwoaCW2PC1SJb_Lf34gV2g,mutant-ape-yacht-club,5.979,1075233.2831146414,5.884087481475329
42201200,5586,,https://lh3.googleusercontent.com/PtKJ69wyGI9l43N-DMM34iwd97O25hZXJTqWga74QeTBp1LW9axOECdozW3CrbiakgarsYZU0H085z8Zkb_CD1eC7ljZt4ajs4OYtyg,mutant-ape-yacht-club,4.85,590933.839079038,5.113320240458564
42203120,6820,,https://lh3.googleusercontent.com/WjJKHqxCSVxB8ob5PX8oOLoEKrZR5sQZfZ3G-wjFyai_8Ite7MNm2BCzEbVil92YWNT9d6V_3UUR6JUqZgbJGYrcJMM6eH8YllkXzA,mutant-ape-yacht-club,7.5,1436558.1942205273,6.459139566034892
42199880,4822,,https://lh3.googleusercontent.com/8UKbb2UL2nILmG3DC1LdC905Gt18YXyoIp8Xb6Y-5-f6Mbm_b6pwgb-9pJusBqUX7gcjP04m04l9ttgq3jP37jl7NcAM3eepUteV2g,mutant-ape-yacht-club,4.83,703529.4069831376,5.2925171738702375
42194000,1843,,https://lh3.googleusercontent.com/dZiTktUbRhJD1PE-y6psJMUtfIu7NUmZNegWgSXEvuVJubd8dKYo2_sX_tACbjwnpK3620qaSIssHqIrm_D4GLTr4ZqV4ncSqosn,mutant-ape-yacht-club,6.73,911307.307865588,5.6231977091872425
42192080,1098,,https://lh3.googleusercontent.com/Ukr1NY7QZTF2TrsrZzDBkN20xgVjHJq0ljGI6zGfGvq2_RrBfgY5EnHMZVQu6Unt1u-ElpPPmjjN5ntGZ5eoVRi1GmcMBcDUzC66,mutant-ape-yacht-club,8.5,1452820.9364356375,6.48502187728443
42191361,840,,https://lh3.googleusercontent.com/Jmgt7Kht1d0O1ZrTuzHfOO8gw952BY4fQLOzr3cAv8VaS-2PXO5pPMLFv4Ch90Om6yWR9yFKJsuF0uUG_JIodCxy77I6Qdk4iReajkg,mutant-ape-yacht-club,7.1337,1024521.4598190504,5.803379125085808
42204082,7523,,https://lh3.googleusercontent.com/3vmOtoy75x7kVD4ZwOhPj7_vi3B-5MeS97jJ8LwBl1Yn5FbP01SSylCq6Ma8c7LZwoBWoU6R0LdLT-dr3fRJMN2kuqAeM4nlIKLr8zM,mutant-ape-yacht-club,3.87,675172.8397345638,5.247387423315986
42200482,5140,,https://lh3.googleusercontent.com/P8e8gZLdqMLTWQMNyIwgCsqZQl-_S2SRAN6Hn0-TLWGAm7eNErsbas1guSdumTxL3iDrWNV4YzFiGrQxNYqAq0oD-vqBr5aG_lD8HLE,mutant-ape-yacht-club,5.4,731789.0305474804,5.3374926376150595
42197602,3471,,https://lh3.googleusercontent.com/Yg_pLravA7H3nNwRE3P-5imvHYFeO_iIEI34i2jgxiYQIOKJVWcdSOr8-ARFhrCjjrI010sLpfT0plvYBzaaTmOwm62mQlhrjH6rsdc,mutant-ape-yacht-club,7.1313,1282366.5547354054,6.213742083098566
42189563,210,,https://lh3.googleusercontent.com/AIJkbexBmrHDl1jOhbZsQOO28DRn2J3kWbdP4cse0lf66-WRMuk4PBznL5q3Ip47OFRhNhiMLn7GLNn9D32Q3QftQ0J7xMqXR-4R,mutant-ape-yacht-club,5.8888,696522.1577093133,5.281365068997069
42196764,2999,,https://lh3.googleusercontent.com/sM6NYw_HgE54vC9kv3pBcbKwGlu9m9HgD63_yHn8LB9FJFDzEYzEyZxr1P1jaFv0PNutzbxvta5_YUsiflsn3EzEUMq1VBszKWAoeQ,mutant-ape-yacht-club,6.23,1362739.832337109,6.341656930392889
42203004,6792,,https://lh3.googleusercontent.com/mihiPFYGU7zvDEDh5PuNYSGzcDW722VDlO0CLv7pQdAGnx7wXdK3WFhGWbX_IhMriUqnAAHQvQOv2NjEKRPgPJnh9pwBBrrOT8YqAw,mutant-ape-yacht-club,6.7,1576774.508146305,6.682295183413977
42192684,1394,,https://lh3.googleusercontent.com/snfGGsR7KzXrDayvesd_XG3RddOy2MNk_ydaQAC6z7Ye2wzaPsKycNdOs9ZBYSyvYbkvhM3DloIcZeRFTvXPat1LlzQPWO97R7H7tA,mutant-ape-yacht-club,4.8,580463.0610781326,5.096655896176427
42198084,3799,,https://lh3.googleusercontent.com/M_rYpepiplvAr6iSKEXdS3xH5iQocQV3Z1Ly3V6YizC6B2AV3-dJAI1KpJLz15qIZBwJrzDOeXA8EKUU3vYwedUyxv_rXIhsl81vwQ,mutant-ape-yacht-club,4.49,506591.22870680015,4.979088161736659
42190286,458,,https://lh3.googleusercontent.com/JKEMny2kIwQSaNtZ3Sn6D4vnea_aZPdpjgfpOKklw6hQa-e9ez5ulMXSiIXwELrxR_GgY5Gomsi4NhRBzuBQgpFVBD1F-4gHdSYFnQ,mutant-ape-yacht-club,6.9,1215246.2533026256,6.106919475332463
42205046,8246,,https://lh3.googleusercontent.com/mDxBLxN3u1x7-hEVslVo7lxwY3GIP5cYKBaOxI4ohwpLN-6hjgf_FQ-0CqEq9mq0Zc8RSjuicZp6LUpThbEKuq3U8jUWxA_r673Xew,mutant-ape-yacht-club,7.0,1473890.232449856,6.518553865311761
42201087,5575,,https://lh3.googleusercontent.com/r3dJd2rWZPi9bAc07lDSHUlC3EcQ8gMA7Iro4Ba58N6DEO8o7I2DkNOohS895qCafA5VCz6d7ZHeSg2mZa8c-cu9Vbeh8Jwi7WGx7UQ,mutant-ape-yacht-club,6.1,1120343.3794163573,5.955880635270314
42200487,5215,,https://lh3.googleusercontent.com/IjrqILihZGBN9kLtAkuKs_LBZEcxm73EpzkizKx_-DMr4-7qJH-BplPBnmQ1fz2xFZIgttccp_CGwkVOwrh05SqjV2OGMQE9xfZ3VA,mutant-ape-yacht-club,4.9,482738.0930677269,4.941125666068843
42201929,5979,,https://lh3.googleusercontent.com/suQD_wK8gDfsLA5e9Jrcp0GyrBpeSaHvRsGdHVM-0jpKgvaZkZHQMo3s1-63gWjXy4hLquPEs95ar2VJGa2QX-bkk0FZ3VSD2MET,mutant-ape-yacht-club,6.24,1171883.1589117078,6.037906691945539
42205289,8295,,https://lh3.googleusercontent.com/1zMNwSW1DBKNIwATL1TPmGoLBDftT0f0wgbMPgP9KsI3gnRS-P3BYI7eqJfbAtiLYhVSUIM01ShVQGlQQP8m4Uqv7__3v_Yi5be_NQ,mutant-ape-yacht-club,4.98,871159.7399140374,5.559302467173967
42200609,5260,,https://lh3.googleusercontent.com/BEg5eeiZAUzJpLOcPAqx0JxaBdqELFBR2ONwcSEXzDrMUaKTUECTHD8xHrsvUhc3hhXZC0rtkeV8HtS5FSr47FkkRfIHobEACR-mEA,mutant-ape-yacht-club,5.99,720855.2945765126,5.320091491253783
42201450,5784,,https://lh3.googleusercontent.com/ErXWsvh1LhAHH9eIHKRlbe2D2TyRzx76xDQWe7Gt6jLuNpJonV7xxhMWCN3vy9fEnP2eT_9_fY2qU0lAx5JxNAzfq0ffUoyELvyYBA,mutant-ape-yacht-club,4.44,495614.0492456293,4.961617874641284
42200250,5037,,https://lh3.googleusercontent.com/qSXMOxJ4WD_SJC5CEGPzxxP008I7bIl2y2en0_Ws1etOS70nHrT-TvlSyOQu-sNxaq35rrB9tvEGB8XeV6hoMSjpWiSmvGyfky-kvw,mutant-ape-yacht-club,6.2,775571.990116492,5.407173640486652
42199891,4865,,https://lh3.googleusercontent.com/RbpeQFYpoo4doXqaOcpOF1wsYyChqXEm2J9o3gq6s8GjHDYTq4pxf6x94JtymKoKvG5Y2twcbNzhdH9DrQebP4eqXpbl6IowOjYCiV0,mutant-ape-yacht-club,4.3,372644.5904085656,4.765910793651531
42200372,5093,,https://lh3.googleusercontent.com/41dZyRz-b1NQ0wvEHl5AOquI3-AfoxBqOPW3Ti6M-Y-xw9rVicLUKy6JYGyk-3AtS-OczIrUbiYikZ9ZxsKwBawucZXN3O2c9ZYS,mutant-ape-yacht-club,4.1,421210.2076644131,4.843203442407522
42201572,5823,,https://lh3.googleusercontent.com/XjCo2Jhx7hMCSeRjMeNUZTBN55gOFrRzmTJIK6HdX4pxwnwZ6GnyLb3Z0L_cBszJ9d0CeADZ_tg7nIZ3Nxp80aZyNttQiH2Z_F3O-ig,mutant-ape-yacht-club,7.0,1474766.3319384009,6.519948186106381
42204576,7780,,https://lh3.googleusercontent.com/Bw7xD9673_yEi8hpCYeqC-ebi4hJm-YW8GfApTMSueKg2s9dC7ta579l3YuicH34xetaNJaBT3NkfwsKs22-vIPMucUenqy-T9o0XC0,mutant-ape-yacht-club,3.93,619468.9092361081,5.158734080115105
42196297,2840,,https://lh3.googleusercontent.com/ePt4VrL-xZyaripIqhUsvuuNlv1QIjZUDxlu7-JT6e2D3QMkrJfZgzCdz0TcJKYaGHms_rEqPAatLc53WbQVM6NU6yQK9PJPyFMi,mutant-ape-yacht-club,4.39,485628.2600766599,4.945725394767663
42196298,2815,,https://lh3.googleusercontent.com/tVJu0yE0RyFYBZbo0pMUDoblR88XEUmXBF0srFLfWGGulRFB7TToT0GAOQinr_MLKgjB783XVqPVFAvhPy-Lm-INzvRgpAosHWh3cA,mutant-ape-yacht-club,3.79,360163.2444507457,4.7460466110542505
42194259,1927,,https://lh3.googleusercontent.com/BLAxvv0BzmLaP8j4KkATIGxbmzMoKkVKO9s1DYPqsCG4VNVUcHl_nSmRK12e4oP4g5vgAXn7LL8fVu9WZsN4aspbec41fvFgk6q-YQ,mutant-ape-yacht-club,3.78,287693.82969563553,4.6307108377908195
42202660,6572,,https://lh3.googleusercontent.com/MT-SqHlpsUE5btqfp5l_aJzedGlG_HxxvkilNyEYZUXXLY0nNLUzkJH1C8FCm1VXAn7ycP4h2uHSwaJ9cYWkaOeZJwXEteVGnYUTeQ,mutant-ape-yacht-club,5.95,1418404.3630762808,6.430247568496473
42200020,4881,,https://lh3.googleusercontent.com/_j713KL_oj1eWFDnYMwgQNpsgdMHaC9gczPItX7l1BIy5JzVmeKlOkxFxY-rZ-NwmTkkchEFIJQzrg1t5T3_4qPrBy6lZIJxGo-0A14,mutant-ape-yacht-club,7.29,1332481.016140007,6.293499732271144
42194020,1863,,https://lh3.googleusercontent.com/bW0-hlqAVWMw4IvrndtKAyLBE2hjVcrvL5o6kuTk7Qy5obEs8SZF7bNZbZ4yQWDy5WCJsi9nabiCIkbg3tdv_8G72Cfd4zvUUbwRA6g,mutant-ape-yacht-club,4.8,463240.7569050456,4.9100954673222565
42189100,7,,https://lh3.googleusercontent.com/K0QVgNJMNB1O8w8LLrrHoiK6sLb_Pw5rpjFBXSwR5guaXUgWmSogZ-p2fnotmIZJ5vVXfx5M6XxuwO3s7HDsevUbtUC1onO2Dwnz6JY,mutant-ape-yacht-club,12.0,2897784.830681365,8.784695865873076
42203741,7298,,https://lh3.googleusercontent.com/jnEfQuDrqgW7oulJTsTMB9yNrgQjsd62Kz-n2hbSeeFVNaozckEu8g-yhC17cmH1SP7WKbGsVoFkt-gxLmjKCy7KO111yM9ZzQIb2Q,mutant-ape-yacht-club,3.6,519458.9050730071,4.999567192908846
42200741,5323,,https://lh3.googleusercontent.com/TRWvKqDXk0HAS-0sJRfirAd4L326kZCWoDZysD3FWLI6YOEWtqhS-ZKUJVpTO2A9E0PwFqS4kOgR7DGM5oUrf-xGwDLrKqQUmq120w,mutant-ape-yacht-club,5.69,1298241.4936486396,6.239007201648989
42192581,1342,,https://lh3.googleusercontent.com/7WDDezm-YkAFtmmJCN54SDOd-0nimVdeJljtg2Q1R1a0NclZRSnNbVm6yrlKt8Nsbr3r34l6QblfElv3RMwYUxLncuF-PtSJTYpMNQ,mutant-ape-yacht-club,3.95,391016.9455270587,4.795150574204779
42192582,1348,,https://lh3.googleusercontent.com/pgq5ZngZYxPVYCFtKBd8ix7bQGAADDh6bqSAeQ5O9MpP94WxIyf8q6r_smkKeQiSqwe3lEaW85YHCkxe8Tu8ag14Ffm4M_kMDNaTOQ,mutant-ape-yacht-club,4.45,695193.8388719863,5.279251036742756
42201702,5957,,https://lh3.googleusercontent.com/j7iHsmPFzHLU-7PAMPEYeLgsPyYB-u8ukUOf98A05i6E3d6CcN9mmXG5QpxbD8_OthQx-ylGltza14EgJqVfq1shGMAK3jzrIxfa,mutant-ape-yacht-club,6.879,1424289.3435732396,6.439613571775933
42207822,9996,,https://lh3.googleusercontent.com/2LfhG0PIbC-xiEMjl9leYDEKtVmLhBFtT-aJ35McHJbilqDnSEv1e4loZ7wXCcrgXMbmGNJx7zoLj6IJa_lOt__9vQrguhVUaH5sMw,mutant-ape-yacht-club,6.98,1708297.7780860956,6.891615737359405
42204583,7829,,https://lh3.googleusercontent.com/lfAH1exUqAnSlJRW4YileIUA_yMpmFv4XtdcYT_-JEl9O6Zswoy0rHWbUN_AuA18A8ZsdYjoxlMEZrRLV3Vr04ExjtCa5VX1cuglRw,mutant-ape-yacht-club,4.49,506493.4920622606,4.978932612923242
42202183,6244,,https://lh3.googleusercontent.com/ho8aq1hZJtNzNRpBlWXMwLLSvlPyafcFGJ8oWBcBnCJDBXFie6LeliViGsDGAiRap41bJnLgeQCj1SRkRHIoWh0wU5GCwbrKAeJ83IA,mutant-ape-yacht-club,3.95,469367.37297670817,4.919846035951811
42199664,4658,,https://lh3.googleusercontent.com/3WbYk03OsnFXZzS2mpvb4S-3g7ks3ZHByae07c9YYdJ_7CJryOQLq2QeGUyturw23gmk-WCxOI8lcW8Nxy62NwLYNeZV_73epJNcYGU,mutant-ape-yacht-club,3.8,723384.99879426,5.32411753994022
42203744,7297,,https://lh3.googleusercontent.com/TquSlnDpGBgpgkMKctqmTqkdAlF580kRyFDTtUBYau9CBgRsWzzofJGo5U_U0n3XjOQpLDPAB5I-CDoKku2gJAxwXdIZ88N4Uk3djQ,mutant-ape-yacht-club,5.48333,755550.8465437322,5.375309797189649
42206984,9398,,https://lh3.googleusercontent.com/s1ip486wblFwXBQSoy1QIdNl5Z5VKTO-HGTLlwmE65qXi_gY-C1E2LXKkSt0T8316YLf1xeGlunDeXO04hdhyjleGWy4IaX2KKr3nQ,mutant-ape-yacht-club,4.35,570661.5369124571,5.081056675834597
42615825,27028,,https://lh3.googleusercontent.com/p_02uZ1CnhEjZzKkvP-MIcmZeLNL1CiiK-mYvRMgNsWdpeaukiHe3WJZmsKljCODViPpzE1rxeDJAp2pvUuud57u9orO2oR-4N-OWXE,mutant-ape-yacht-club,4.25,723821.9673116555,5.324812979554516
42200385,5073,,https://lh3.googleusercontent.com/9AKASRWCQw0Y-wHGBdFaXOZzkbReg9Yr27day0JmQB7ALjxWZpQJs8NQ0TRFUvpex3W6TiYPx2EkHP0OePNkthR4Us3Pj7-qWSaa,mutant-ape-yacht-club,6.79,928102.2438502398,5.649927011959251
42189585,213,,https://lh3.googleusercontent.com/l5_yQKnGnLfIe82y8hXVS2yjbln0BG1TPcWjN8vDXIPvjMSVLyQSrhLdRaJ70jziOKzjlI7Ny2MtR85CIUHUEBSIz75K6zkuPk1gqQ,mutant-ape-yacht-club,6.0,721818.0705011429,5.32162375843328
42201586,5904,,https://lh3.googleusercontent.com/oefr1Bs7eBrgR7ZMnWFwqE1FWxZLxAtbBnNKI0t45LVEG3Baph6bumPlCfxMTiWKBnUpaXOHStPymGN30vdgxcKFyibOhX3QHZWkog,mutant-ape-yacht-club,4.1,422219.8210376572,4.844810251838696
42205546,8511,,https://lh3.googleusercontent.com/U8Za-WSuG0-5d1YLlTNVtYDhEtIjFMOxN1D1tAPZH7GgB-q6Kh48Slr4G6P0CYBEaRPCv9T7rSGVVMq1K0j4E0-1y67TSe7N5RKm,mutant-ape-yacht-club,5.75,995926.096431048,5.757869328170116
42197987,3722,,https://lh3.googleusercontent.com/05EPO0Yi9CxWOZobBY5Ux2saaLX9-dCPfhV9Oa7Yi_a3aV71CO05WIuM1shro9uDryEyZCEQXDGKriuT7b3o132iTNt39-WrvwL1JA,mutant-ape-yacht-club,6.95,1938450.961583788,7.257906750988363
42195107,2319,,https://lh3.googleusercontent.com/dH11yFbTjtEsTYLA_i-GoXEkJo811-NgegD9g_DEsPJwr58cTqZlECJjWu9VVH-9WGeMYlGVmpm7eUcAn6LsR5o8C_uks_ZTlg0NTg,mutant-ape-yacht-club,7.25,1844375.7757781476,7.10818518449773
42194267,1933,,https://lh3.googleusercontent.com/O_9CVnHwR40ucjD7YIZAAYDYbva2hqwZ2oGjJUo-RslZYIDcmPGGSk5Gk7lU5m4xWy3L-JNpO9qZHIwdVJooMygafrGRFiQv1rkwzg,mutant-ape-yacht-club,4.9,483503.0133819718,4.942343044134148
42197629,3522,,https://lh3.googleusercontent.com/2EVexVQdd9Alf8RthPfQ2CITWgAlEiZZST7liO8pVTBPUWhkop9xjIZ_kliB-Ls294M2wpIV9FfixO8U_HDqWMdj_tcUWuMRehUf,mutant-ape-yacht-club,4.35,475773.22168370127,4.930041006016442
42204710,7945,,https://lh3.googleusercontent.com/DiYg5uIlFoj9TiBJFTAKlxvIzVCrwPkVRl4Lvw-HxAZ0QaBz1XawTB8EoLMbfQ5uaLqNs2QERr3y91y6LNdysmDj8Ju-35YZv-mqlPY,mutant-ape-yacht-club,7.3,1870025.558390774,7.1490070611702965
42190310,474,,https://lh3.googleusercontent.com/kfFbDm4RCp9HbfFlmUW5Q64p28HhXG2CsvJKWwUqIkEkAxnRUjjWcwce_OFYote7KUuiHFdkc3gy7KHR28XDVKIAQSJN9lJKze4S7qE,mutant-ape-yacht-club,4.2,442727.2254476905,4.877447983952992
42207230,9580,,https://lh3.googleusercontent.com/ELxZuD1wSFM1F-PgmC8cawCCQ2YmE_0LU5UOtFHlQ0k-bEuXy_D5VtD9ql0DN7gHVyV4EcpQwrXEMCwbyDkRHMv6ElMXkS6vvTesSw,mutant-ape-yacht-club,3.88,528145.256445123,5.0133916049829095
42194990,2264,,https://lh3.googleusercontent.com/zFNr08SnXQImKr6J32XSNaDkIeeCTVlsf8rNm-hy3f31TIuidoJnZkh6m-5X3vpbjkS1W2ObVCbcVZkDihivd5nGm8SzTUgTSuwqi_g,mutant-ape-yacht-club,5.98,1078127.9283790046,5.888694337360903
