id,token_id,nft_name,image_url,slug,last_sale_total_price,rarity
42201841,5994,,https://lh3.googleusercontent.com/uLcwmckd71Y3yhQ0aWE2VbW5bRZissybkWODPSxCzDfhvqAWBPTzCtU-54DwHEOssYBc3a4hHJsCvTZAl83IOLxvsfYqPl4zbwuk,mutant-ape-yacht-club,6.25,211.81078850292118
42192123,1146,,https://lh3.googleusercontent.com/VjdsG7LtmhvwxculOrMI2qoDfAQG1_SYh-Pq89PQmj-QyKkWEPwz4KFmgWYUbxzFqLPmwD14Xw2jQRaHQxRuCPx7b4wi216Wi1zwaA,mutant-ape-yacht-club,4.29,89.92523853027585
42189603,217,,https://lh3.googleusercontent.com/f98aXFktBZyRZxkTmbz0gdnMuAKD8FtZhmENMoW9mupDgsNED-XRpMFBqH9UyH2sgbLMtgPfPG6ruOPIBXbswtABtk4QWHOi3Zs1Cg,mutant-ape-yacht-club,10.0,142.1743736467563
42197764,3589,,https://lh3.googleusercontent.com/US8uCOl4vCbviwoin7ZpgG8nmw7Qq3sL58jKZ3hS9tf014sOOv6IeGC7zBDf2mhy3okVejOAqFCCJwOiAW3i4Z69vNdsReFW6LhuOg,mutant-ape-yacht-club,3.95,155.5504641606641
42189484,184,,https://lh3.googleusercontent.com/TjOTdGbhVDckyOsSYQCIqX3hMJF6mYcm2i_8Of0y-swplv0eH8pb3AnCRJRDBydpyYc0uQohAr59GQALw0VRaY3uSjkbegwY0TFY1vQ,mutant-ape-yacht-club,4.63,122.50030083994619
42201965,6132,,https://lh3.googleusercontent.com/vc9so8WJxkPuMcaJpPimE6y1OHFS9BIW4zrV7RtMv0q4NgazaUAp80WfEXXJHMZrEJdAZfVOZHZ2wnbT5XucLyTcm5I-B9cncmLVhY0,mutant-ape-yacht-club,4.15,105.33159102362589
42200045,4923,,https://lh3.googleusercontent.com/7zRTuqVgKTPFzgg2T1-LQe1mGvb7zudf_QUK-Z4zpvrOW544OFU42LdBrM84Y8a21d2zT3oXQub3Inex2ScrOCIhFuR65TW1E6j5,mutant-ape-yacht-club,4.2,80.19799901179951
42205326,8403,,https://lh3.googleusercontent.com/BZ5cHztnjoaijkqWxGZa8zyLSes72sZhFrnfdEzDUR3Tu9Qebz8bGCklR-iPU2aGQqXdbNFZsfgzZ4F21Qb7Y1GLmW3wz3kiJ1Eqyg,mutant-ape-yacht-club,4.6,112.72379268705966
42205927,8727,,https://lh3.googleusercontent.com/hAccP6SdJDnlY2hFHf_8wi1zUYpsATz81hxXk0XJKRu0NAK40ET0xJs5z8AQmabuKuhqONV2nQmZwlPwf2Phl7Xydg9DkGBo37YO,mutant-ape-yacht-club,5.9,73.43135763861723
42189847,329,,https://lh3.googleusercontent.com/7QB8OY2EiXhVJaMC3_QUrQG8hl3Aesp8t-yGoAlLjMEXa4nNrG6LzSsuFNfYP7X-WndJ5e92Qv0PxtQXIzEEggR0AUnuDFr-aZ6m_A,mutant-ape-yacht-club,3.95,141.33175514815147
42189128,17,,https://lh3.googleusercontent.com/GgEneCKGOquJBDUAYsLj5Rvsfd_oTGmfeJo_4UmLB4f4JvpvVi10hOkMi77ikxTU75CFIYahepXfrgLIaV4lINet2ptGMjqO9zlN,mutant-ape-yacht-club,5.245,138.51066110841342
42206649,9253,,https://lh3.googleusercontent.com/y7_jwWxaA9Jfxc8BkKe6W5TLRRGF4zFgti_FvpEuRyqrzhpSJ8uQNv3snSOmWaUhAs1VvC9hAvh52oJfYQBzj4yoYxbRrahGj7P4aw,mutant-ape-yacht-club,3.87,72.9484699315799
42199689,4664,,https://lh3.googleusercontent.com/8lv8yvA-h6Phiqkdnw88LS6XYAzFNe-1DC4HDPVroXRrib7xrUZnc5oC18i_XT3YGud40zZABdyz3hvd7KONp-890_I5rQZ2mSW3zik,mutant-ape-yacht-club,5.69,136.04559383093564
42204490,7740,,https://lh3.googleusercontent.com/64VxdSBcefKuYQEQOmXvBR8S8tmluWivLQp0hHshkQwgvmfXYsxzowu3x_v5M40wpYO9cKAdRwv9FY9rovY3szxB0sjYy-pc4A0XAFs,mutant-ape-yacht-club,7.98,235.35476934285907
42199331,4563,,https://lh3.googleusercontent.com/2FkwFGr2S6Xnqy57pXN4pg5lZlEQDnLUA1AF1mE9s2TCFIzPFH5sNpt8BZtxoV41HSTc_JMShSvH5j-ULsG1SgbmKxNHYhfbwb1HdYY,mutant-ape-yacht-club,6.8,39.30740257147137
42194892,2199,,https://lh3.googleusercontent.com/auYn4q1HGL_OEMwVpYmmWxnbSJ1v2xECw68b6BeDL5aWACgArwcy8EtylUxjH3OV_GJy--ee8U9M8x9r612z33FKk9jlSNrkEKgb,mutant-ape-yacht-club,4.95,88.80129152571953
42196933,3091,,https://lh3.googleusercontent.com/F_xmPk_ZfJg85ZvYNJlpdE3ZvMKoJBK3i8hGVWtwavhJFfFydKqjEyMVDxQUJvy0De5b13sUZHSpr-YttvJ30-49JstEJ_MkVlhb,mutant-ape-yacht-club,6.831,98.91982136382602
42201853,6043,,https://lh3.googleusercontent.com/J9iJEe9uiHLVzAnmmmGKWNGnBsYWEYFcVplYL95JWiV7nkDejmvrWjz2dbawF3MIha6d8pSofHIREOvW0aG3fG_omxYMPL4EeWKP,mutant-ape-yacht-club,4.99,111.89703602279943
42198014,3783,,https://lh3.googleusercontent.com/gjE8syGdIjGgNZhhAwKFie4VTHeYF1PuFswmcXSARl5af0WW9b84Lehw9c-2VKoG4BZk8XVhD7WgGt7Z2RQUuwqN5lWp0uvQevBvwg,mutant-ape-yacht-club,6.65,57.47879733341488
42200774,5350,,https://lh3.googleusercontent.com/gdYpDSo0FLDyNSdqsFFnEQPxyR8aIhDPcJibjO7H_pRhHzNxqVxcRgxRshIdRg_lprf5ak3KBWBPzxCOW1OmaUR2AwOEM--Wb7EX,mutant-ape-yacht-club,5.676,69.49573821274245
42199695,4668,,https://lh3.googleusercontent.com/58D3Ir_EEbrtT-1TDZS9V1JL8JVIkBoJB3lAGhXjajfzsaC0JWAk7ejnsH8bNRMyCRdM2ovwfR3I8qrTROr_9isMFCoRYjInFvMk,mutant-ape-yacht-club,4.345,124.35643365622958
42203895,7399,,https://lh3.googleusercontent.com/VbQmeJ4xxk_nMroR_RF5Kd8VkJeiv2UMCsRG-Y9Mx3YWY9HbpUAEnalGPVRKG0POVSo5l5j0ASviNXxIk_ULZ5N_CHmRqOCUXmrkZQ,mutant-ape-yacht-club,7.77,272.8066846636169
42203655,7187,,https://lh3.googleusercontent.com/ctPxdaQaIWVjvLPCOc6FR9sG0nrx8QWdn4mg_X4NfUgyrZC90-H30EBK-1L6_uR6hn9oieqdmhG24rHhW5plXvAUZARW2bAVkuhriQ,mutant-ape-yacht-club,5.78,217.9834935437932
42203536,7140,,https://lh3.googleusercontent.com/aBWuFEDFaYb2cNhGw_72YqT968pWJUrCuy8kMiJD91spn8gPw7dqHcqaVqlvmucf70SbpxAjgVlr2xxl__3UYYEFxHuMtarqAagR,mutant-ape-yacht-club,6.55,83.4070112358133
42202936,6783,,https://lh3.googleusercontent.com/a4kheQk9eB1v8R6WhjXzVy0XMHbVtFbHZ2M-ZDpLYbNASxx8T5Q5ZbWiXpkeB7UZAR8mgQhjyEYi6z6ScwrxdPZbEWhS4CUgnFc-,mutant-ape-yacht-club,7.9,221.30790799192982
42202336,6407,,https://lh3.googleusercontent.com/Aruq5J2oDEZw_yEqJaCoeM1Gmd01K28aFmmFYqMjXuxoPrpvaOBE9-WkG1zvF9uawcKndbW-MeJmL-vBaFscW6wYhC9K2X_ytizmug,mutant-ape-yacht-club,6.25,129.2441801695072
42198137,3863,,https://lh3.googleusercontent.com/aO4dHUCX5hSJ489QxlQ8T878ZZnMgDFrUOLaRhZ83mWb2i4WBn3c5JGEu9DdpxP-VFy4dA3BZZcfC4Sb_MRu6IFs7ckInrY075aXLg,mutant-ape-yacht-club,7.49,98.75716199012217
42190337,462,,https://lh3.googleusercontent.com/wwPEcikPeKfOLoTkdWh97KnoEvIWmVciVfzy3kSb83DmVSmgKk3ejrZ-OM8Zg3RyCsj7T-sc53HPowtxXpQ_F8Umv7GGaskfbnc5ew,mutant-ape-yacht-club,5.69,85.32264244355173
42202578,6541,,https://lh3.googleusercontent.com/Y6rfEUluHVugTusxO4ELmOSL3Hb9S_3eePouiQwVaWGG9rfHq2gjQbfR_6UfTKiisGRx-JGJwZVZZrq4F7138jldr3mxrKtM0x25,mutant-ape-yacht-club,3.99,125.77065176785544
42189378,161,,https://lh3.googleusercontent.com/vorwIQ9WDjnNHyj_VUX9VXgRmho_UVIbL8njd6gT-p_aMJXgHbZ1urwB9mYTR2QbBUa_8zGCI-THqphC9KS_9WEk2xEA4io93do1,mutant-ape-yacht-club,6.9,41.81572777057671
42203298,6991,,https://lh3.googleusercontent.com/vzed0x2yrcJq8vu_NMgfpxIod-32KkgDzD8C6vgN4bzoIOavbUJT9NfsU0uAFxABt5ACfuHeiTlcMMhUjf9arB-sWARhp_jPYX9UXg,mutant-ape-yacht-club,4.9,94.10738604434017
42199819,4777,,https://lh3.googleusercontent.com/_Ypq9dAwiJaAI1oSmqzXw_C89cpMyhXpBZXroO4YZSpEdx5m2SMheE1UPix7POiogsxCzJWxk3PilQ18jX0EbSXXpKjAwRgVoFpA0Q,mutant-ape-yacht-club,6.75,44.82014702699174
42202939,6803,,https://lh3.googleusercontent.com/3ti69zkyMjggEPGWlGhhP43kSJ4Eyy6D6xS7tTBTLAM-p2nv1YZV_g3Dia9A2gLQLOmARHtxN_aO3VJ0ECTssMcmLfHpzKLV6a2XEp0,mutant-ape-yacht-club,3.7634999999999996,55.3832282413515
42201019,5504,,https://lh3.googleusercontent.com/oUznOgZ2Pw72WJtIXYX3C3Lrvh-Gz06U-6Kwvb7iL21GvNk6xBSv_i7AyI2gX8Bi_5qf2T-k6cCdTiwh1l16VIHcWdejf7MxvtUu,mutant-ape-yacht-club,3.989,170.31392424973237
42199939,4861,,https://lh3.googleusercontent.com/9hxE5eDOxTzFWrHHt95YyMbHq_U2bxIvPKfR_PLoiA1-B9FTxOkGcCmx-lHb02oSAOIhgSHitglPgDTs2mJfOJwJbWo3hQD4cHLyXYI,mutant-ape-yacht-club,8.0,244.48546481661575
42199340,4569,,https://lh3.googleusercontent.com/fZ3uuKmQH-FmqmYK2EKDHpRqEDXqoHo3iiGhujsiJWtzmdBOpWMKUsPFbvsgXKxbbJgG5MeN4_84MNYwATnjBXHy_pOyAlAGjK2nAg,mutant-ape-yacht-club,7.5,166.51561712819202
42204143,7566,,https://lh3.googleusercontent.com/g-69YKftgfYs-e4eiIdHXJhJVaxvOsf-fyUkJORLD4Y4BIDMAGZOlmzLEeUn55XXzaHmyUtmfbM2LciheeMi2ZQo0jfA9gzY4_IPGas,mutant-ape-yacht-club,3.45,124.44984573285252
42194303,1966,,https://lh3.googleusercontent.com/u5I3j4_joSfZzWp1Fn8Wlh-OdpYPR4SXC2xfwWJsnz7YSg-TY6CnZY5nv4FPInYW8MBH2j-D3a-PSRs_icXFk624BCa6W-UEfEWHlQ,mutant-ape-yacht-club,8.0,114.61130801309001
42196223,2800,,https://lh3.googleusercontent.com/QhLof0L0F14B0zinv6gTVoxRyO8v7WOD3IUMaLIR8VGZDdRrqOpMGSDGYKaT9YbBXT10ZREdFWZX4Q73BTFVMUvzkixBP0vc-AFs7Q,mutant-ape-yacht-club,3.99,121.27943571114857
42200423,5118,,https://lh3.googleusercontent.com/KJbX-3121RALa79mcQQzqHLjbRV6J7UIlg1wvfzvBGObwuV1CxLpkDVW6x25PH2nadBro5i5K2Fi2NU1lHN0LBSSwZjllLmkVS16HNY,mutant-ape-yacht-club,3.93,101.52712266182209
42191904,1026,,https://lh3.googleusercontent.com/7JpgR1AIBziJiJ15ryyQWZsSMS0ICmEJYYljr7sleN5ZHPoOFVD6UCz5WP9FgD0ZRMyjLGj2O5twzibr6FSHWROH3i6B0eHPPZf43A,mutant-ape-yacht-club,10.0,604.8181864772325
42197785,3610,,https://lh3.googleusercontent.com/h--YrAcQKA0JgkRu4LfVeh7WFnQ9l9Bq6un9FUVpc2RTwk3kg1DAXgA9IhgSONR3wiVBsx2CwjfgtcQOgE3W-_Vf-jQ-91jv4LNjYe0,mutant-ape-yacht-club,3.75,67.71557920448008
42193826,1774,,https://lh3.googleusercontent.com/xrXJH5ux2pLQmoS7G9q1IbBN7rHKHfo3X3ltVqZi_IgKvAQJFrY9_dTabgYh1hM95R-TXNq-NRlzRYVuXIzVD8cGPQ748ptCDk4-,mutant-ape-yacht-club,3.45,58.30815886823983
42194307,1960,,https://lh3.googleusercontent.com/BVRHv39RanpD8xnWSgoyPo-wBEO3rH4nTDkgCaaZd6Ig92g8vaZvP27zDnQHKHYtiEJxsFcbIPQpchuE00e0AmHCZov_8tliWaquGA,mutant-ape-yacht-club,4.5,109.0017333132896
42199588,4708,,https://lh3.googleusercontent.com/UAvNzO9K8V4sneL5DpqZAYUf6yITvlAet9mM_aqpgfMcLha4YJ-9xw_WH8kM0uvMa8MgxXAVGhgju3serVhi4cdU48Fp6uthJbKezg,mutant-ape-yacht-club,6.87,101.59919319993607
42199828,4801,,https://lh3.googleusercontent.com/zDKZ7Aj3avOb9VdLMBH8J23CM9bm-1v6eqmYISTDU9WSvG6pdLL1fuTSwckVlaI1r9CVtAkzdZSpRuTNoUGid6NAZTVAHtnp9WUQ6QA,mutant-ape-yacht-club,4.42,75.39223090649567
42197429,3390,,https://lh3.googleusercontent.com/u5PtE8LNllYXGEVwnnzOgsvoCPY4Yt1Ke1egmS7c9jMj3stPQ_rhMf4MINJCNjOyDcTYN6VBVyYR_sa2fICOWC4k5mU5qdY710bK,mutant-ape-yacht-club,6.15,130.43775793544046
42194669,2120,,https://lh3.googleusercontent.com/Mc3E8f4l8Rd_xTiMQkRMe2M3NXMPXubgC_aTCTLQ-f7_GtJH8mSvTMJj8KsB0hxkWSzLqvc8qw8khFN9bd8dwULGq1EcWNs_S8ZX_A,mutant-ape-yacht-club,7.69,64.11346974972186
42203069,6831,,https://lh3.googleusercontent.com/_51PCOKBYrVVjA0-pSczQyu-NUk7QYYqq-f86Tjt00QGKByJA8VlSxUu9SPRnoSR7f0lhBdKWwqIiFHS7VJgESh8knIC3NBwQQOUxg,mutant-ape-yacht-club,6.9,91.15497267487174
42200550,5152,,https://lh3.googleusercontent.com/8eD0fRHaZ8d3i0fJ197NMLYENTrJDSyWE8FXvAwmlXlyOu0FKGGjz2TOufxAd6DZiiZKsp3HNh-o6vgI0cupyl2qbsIsEj0APGop,mutant-ape-yacht-club,5.9,421.8690290070044
42200070,4922,,https://lh3.googleusercontent.com/IYBKatt0vV-NYKhi3YVaKgP7IUshLaaMA9qqLbJdHlTMlfIut415X2IXoHy07TUstBROH-XZKnayuw4Raakk9ImX6b8ER9l-5w_txw,mutant-ape-yacht-club,6.9,244.18829824026884
42189030,3,,https://lh3.googleusercontent.com/ScIumxrQNriajHNuSNKhx48Z-Rq_wGfsC6U2e3lxaOQA642CTDinER4O_B8-rEwcbAw4T1_G_2NDPFKZBjtIAU2t4-7GA0hF0DyU4w,mutant-ape-yacht-club,6.2,75.07418749769181
42204871,8010,,https://lh3.googleusercontent.com/njgUxbnd8XGMGy_-0JzK6I8Tta0vXEHO4LTXUEce2Z1QvuigD1NnejOuqDmbj5fov1XmB1wuj17AvHeWaVLR9MlkMFIr3CIRxjcIgg4,mutant-ape-yacht-club,14.66,512.9359495468228
42201872,6060,,https://lh3.googleusercontent.com/Rnl2a7V0Mo_OC14RHLgiyPyaFyOsflxCd_ElFWmGUOawg22jNuyUSmtAtNsp1PWHgqlXGasUTJN5rps1TeLArBAiyTSJ85kqWP-rMlI,mutant-ape-yacht-club,4.95,138.21542207162747
42194312,1968,,https://lh3.googleusercontent.com/gKwgQFcF3ezRygX8NgXn7avv_I1yNukm9bH2z27nhtNn7F9Snb9iSMOu2KmA1ZwdyoNRW3f8c13PcsUA2EM3icX6YxxbpL6uKdA6eA,mutant-ape-yacht-club,6.66,164.4072587843058
42191794,993,,https://lh3.googleusercontent.com/bTUOvQnYliEAvhGsOZzIQRC24fBiHZ1Igi7fcIXbmp4Y-Qjjpkb8YQTsD3FDb78y0dHIyJZc8BZUocXzNdUNSMk6_sMsKEZcBbKjRw,mutant-ape-yacht-club,7.9,282.47994578592454
42195034,2268,,https://lh3.googleusercontent.com/FlrFePb2IPAWclgDCr3ULF1qOpeEOM5Go0y0chVqhCDjwavZ-8MUgTvg0SFgDXbsp92UXvr7r21968K7iSVvRzNoyKm6eMk29VoZ,mutant-ape-yacht-club,6.8,119.41601515267409
42200795,5354,,https://lh3.googleusercontent.com/V8Rn1plJo6qg1GlIbfcdXLWQ41S953a_GVHJ7ni4_AtGYHsQiZ-P4_qsOJrc0vSDfpXyXEMJ6m5lQBlRBiYcbHYrEmlRuYRgrE2y,mutant-ape-yacht-club,4.9799,55.62750677306327
42199595,4706,,https://lh3.googleusercontent.com/5544YJvICqQRX_vqXc1U75e42m-SpeAN_ZDeAjl_A8o8XVuwJhq2kqMPI0EVbfpMJ4QQAqBMppk5tQTjUG2QdP3kgTykxyayMWZYNM0,mutant-ape-yacht-club,3.5,81.86569853272866
42200675,5293,,https://lh3.googleusercontent.com/v8_EJ6FU00r4PhfkQUCMY1Y3tQNrK8SdNIc_1vqJCaf2WspiTmoMbKZrSQCP9bWkzUKCgQ2f8uGFmpL9b_DUldlfVkJ6MNHt9T1UiQ,mutant-ape-yacht-club,4.24,102.9953309690382
42200436,5173,,https://lh3.googleusercontent.com/-Ut4SRIAkkC9WZg9WLTt5wMXCU-cU4E1HlVCakDjJp4Ne_5_5Suwb27G5hES8VJf_2zDpmf15f7RAwL3g1vTVSQs-k7hZ0k0YE4,mutant-ape-yacht-club,5.29,139.43680273454623
42200678,5290,,https://lh3.googleusercontent.com/X_ck1lEk-BJfx9BgxeIlVFWcSD_uwPJrD8DrvFsM0Jit7M_lLAJcsk8D40lVruj2eQAXVaf0Y77so08GFwuqlh_9nozj7KBKaW39tiU,mutant-ape-yacht-club,6.4,224.83605364192326
42193838,1762,,https://lh3.googleusercontent.com/msgNk87dT9u7BwF4l0S4At31NTN2JWrXRuRFqoGGTabkd55-vnvGEtPMkBRsNR4AccjcoHHh0I4LNxhT4PkdhSPOBjOA2xFIofgmeA,mutant-ape-yacht-club,8.9,356.59981049842617
42190118,435,,https://lh3.googleusercontent.com/7DmUmX41wbwBgAHdTKuqwxJlVqVxndw4qr5q6udj4Rbvpr11X_-e23gWPgevZwhOoiUDIYZuEGVVIZ1CDd2opYydoU3suLrbjM-k,mutant-ape-yacht-club,11.5,231.8872238586145
42206679,9271,,https://lh3.googleusercontent.com/nl2f0ULgsRrmAOZ9-3sR7uN--sYoj-e3hR2jBklWUj37QC1JkpgdhsWG0ByS5nHml31P1IxQJ9bqbeEVHrc0I4ApWny--t5JAQgNgQ,mutant-ape-yacht-club,5.29,193.51499153869148
42199239,4488,,https://lh3.googleusercontent.com/hcy14qQZdLPLEYHoaONys1YjUoRtv9QIfGWrmQPokI7ZNOlmNtUHF21af9yuiTJjZx9DfNED7FqtyVGlPFt2dcqDX6evBFzy9ojKig,mutant-ape-yacht-club,7.1,133.2249506380034
42203080,6811,,https://lh3.googleusercontent.com/RgCd55qlW-5SpsFMRA4rbyn5O8cu6f33jHOIjNcpUP4tkFmmAXHUSjM3OTXdyC1ZGfGk83Mom4uO7JWTejMyz7iREhlBlsdLa5XBrQ,mutant-ape-yacht-club,7.25,131.63560218881415
42193240,1570,,https://lh3.googleusercontent.com/lcBXMchPuHwPWvW7sA3Il_jdypPqqYJnPMSeXKrL1J84fqNCxgpygy_wmZVbNqEdBKkNFpFsQKt9OCqnogyZcM6MuK8YKMnjHvkNcQ,mutant-ape-yacht-club,6.3855,83.20987874697968
42200441,5180,,https://lh3.googleusercontent.com/u0kzq9i78yQBSN6bLJQ9MwIKt8emgaox5LWk-FEeAwFHT53A8uVYXhUwuVrTaqQglq3flNvSUWFBuZFtY491ZLAS3rwkde0z28YObA,mutant-ape-yacht-club,5.45,281.2493844455682
42189161,54,,https://lh3.googleusercontent.com/GBuD5BdEg6NSzu1-4yNNsq6oenKwQ5zwxtG1Y34uBGJmygZdW_eXIVU2vZk3wokvMVSUZ55mpp9WZq4Dg-34vm365eX8LU9n1Dlcrw,mutant-ape-yacht-club,3.6,122.82653963437784
42194922,2212,,https://lh3.googleusercontent.com/CnfvhO0Qx_ZEKZLGAvlefhnh-lQULpM1tfw-YkxFk2ok3XCvEwwZcb_cur2uC3-oRbbkjQ-sYgKDncWwwWT_2sh-vB3bh_xIbh2lNA,mutant-ape-yacht-club,7.15,118.69986255836989
42203082,6815,,https://lh3.googleusercontent.com/P8BEkEYXH6cfqwsYmijejuyEJpzFA3J9w3kQyJLz030h9KJGkPo8CTI21Op5yOShapq5QDOs89moe8skIZrCdrFsUfB5Ac-huDNPnw,mutant-ape-yacht-club,6.1,385.0598703315416
42198523,4057,,https://lh3.googleusercontent.com/VxjRTDBGwjeaL_Cc11dk1wHNw9d70ViIKw0kLYKb6HAvUAi-GwzJdawbiP0kcFKv8oMvyP7OnMylX-3Sp6fWwJwsYaw70AXbqrk4Fio,mutant-ape-yacht-club,6.3,68.86710257786713
42194444,2072,,https://lh3.googleusercontent.com/Xu8gS2f-NmTmVm8VrCDneuS4pkCvPmaKkyBJHO3uO30wL1GxkZfc0tI2u87z3B47cuHgcfzfk4j9TgIdbaOeRcuMimPZY-O9G9_dZg,mutant-ape-yacht-club,4.475,148.79741668733698
42196004,2701,,https://lh3.googleusercontent.com/TvbfujEkX8jCw3yyLnd7JCZ7iAk2lOTyMhmS1o3rKcuz85FvATfZPla1KmFsPCjiTZiPpICuMZfEho8irRM-D2N7XQlcY1xOB6lXTA,mutant-ape-yacht-club,4.55,74.7772493903
42193844,1791,,https://lh3.googleusercontent.com/LnqhdUQ2xftngtLWLsYEWWBQcgUQIHIYxJPwhJ3HpnwF_d-FTgNgc0SUua3O_xaf7DvcKpfcs_8EZAZ2FEh23itw5qRIb94N140oqY4,mutant-ape-yacht-club,0.0,115.63238217363013
42192164,1175,,https://lh3.googleusercontent.com/1ivhqKHXAQEzPUPi04aXv1Llgc4qxdFUbJQ_cJ5OgRebQHK_YBJNhKTnFBektBmkziPzDDFpEx4MtC6y6VTn8TIJRxSDOLW_1ddfKw,mutant-ape-yacht-club,4.8,127.23388538706286
42189285,93,,https://lh3.googleusercontent.com/JZIl-r-cEt6vO5jUlRw6V1zaViPWlnPU-GUGiUar7s-CmIyT70p6Nq_fhTunWH8NrH_8VJqLAooTUVFqL4WDaE0jspoeGCIkvU_y_g,mutant-ape-yacht-club,4.60362825,93.96941754847735
42193845,1787,,https://lh3.googleusercontent.com/uZJcNbc7_2FmkQKdRwvy4NwRCjGEZlBYK14xVK4iD8gWrlJAlSaQHIvGyWFu4q9xrklwk1_rZISCh2c5a12j4WRmgftUdtT0x11o,mutant-ape-yacht-club,5.15,84.27176119971716
42206805,9344,,https://lh3.googleusercontent.com/esBCwVhSR8yjHT3RdaD17KtdnQk83liO9ZK8f8KpbtXNj8xLimKXq7SJdChF0Kunv7FjVwPlkt5TK4hRDsnmfAxO_CuXb_veohBx,mutant-ape-yacht-club,7.49,164.90626391742222
42191086,780,,https://lh3.googleusercontent.com/flju7LIjiypTpUIP7-xUs6zw9n1M7SnQCVsu4clqNf_7wOVtqxC98V3SuhSzyQeI8fNmWcHbRfDTyXjwtfHwaLAzJF4Pjxzyqvy9PA,mutant-ape-yacht-club,3.9999,112.62609980862617
42206206,8915,,https://lh3.googleusercontent.com/oGOqFc4lmGVxqrbGkEqzkw60d10sQgOrb1msScqyo3_nSs5FGS55R5UiaUOBNtQ4tnTRLqs9Ykg7wR-267U8koeKq6yfOCKcx7QKIUQ,mutant-ape-yacht-club,7.3333,194.37111678706597
42189646,284,,https://lh3.googleusercontent.com/Q83-gdmZBlHWo16KkYV57sr8zx72RPNgIAajSNWkfYESgAsVM7VONVzLv3fmR2d2-snBRseZO3VDrWvphaZk9s9MRC6B3JvWhL9u,mutant-ape-yacht-club,6.15,130.80922605422353
42205727,8687,,https://lh3.googleusercontent.com/ouJfTlH8DwkKroC-V_N92HOSIW9YXrMSaylPZVTLe3Z_k4EI-0BMsEDx4NN7hW8KMI_39daoMuCuWGTIZH4ecyT0TUmSbd5e487aIw,mutant-ape-yacht-club,6.49,87.91624876839887
42200209,5028,,https://lh3.googleusercontent.com/-xGeKseh3c2ESRoddNcbibViOQ-4gvh62I3zdUIDytvJfYeYiVuY-ZJ94-CLBSiAGryBHgndbXKdfoHCWtJYEU-eyQ2LUzeANYx5RQ,mutant-ape-yacht-club,6.66,175.51647136907232
42200449,5114,,https://lh3.googleusercontent.com/ZwfN47VSVx2nAVRoPIJzGAAUFS2Um7wxv8XpqQzktWea4g0UvE3IOjhL8PTMJSaQ9StmSY_8XCPE44h7Nx-g11w8GDOJdqmUhil29g,mutant-ape-yacht-club,7.3358,149.45354686852681
42200450,5138,,https://lh3.googleusercontent.com/1yf_WcwHqbq3MMeVAvIYiU3CDmZASBWrgsWzdQhrhFnVkRwkyPwmObjSxYQFflLCx0LtqfurcVC4Vwf-tO4eA-K8xU5pqwex3fBaLv8,mutant-ape-yacht-club,7.5,107.32480903766407
42191331,835,,https://lh3.googleusercontent.com/NEHTqoDCt4Z453t3GfMpAoYREr7V34EqyqhxrCbpntqUu0DjHIXULuZZkmSpKIkpwAbAD8MgxtgTf-2gEFWBc54kR5bkiGm2OhHq,mutant-ape-yacht-club,7.0,88.82598431643416
42196972,3116,,https://lh3.googleusercontent.com/PqRds2vBNLhNOaCKoEKL42X2wjM28fEfePgTpahfTuMgbsiHFfSlGLRj6g0WoYxhKVswGmpqxP6Pfl1S5Xr7kSNmepEuz9OzPkHn2g,mutant-ape-yacht-club,4.33,73.6036673455023
42201172,5588,,https://lh3.googleusercontent.com/kbuLkcGUAJgDoTrkyZl72QkXfGFex85QSc5xtnbtdIU0xnWxe_EvRL8pvwL0x7eRUiCcK9xJ6gEe725fyXsUO21p3P8QMdbf6l3y6QM,mutant-ape-yacht-club,6.5,52.51442753849253
42202372,6366,,https://lh3.googleusercontent.com/HkL-TXjCZzOfQJIuyWcujft0bhPUnA-8y5gIuZx6xvjlMU7cVTeX3bz93lpI08jhWNGTW_PlGnQvwjrzP2Qzxo3rFDQ4llLXJKhvRQ,mutant-ape-yacht-club,5.95,92.46488882346107
42202012,6172,,https://lh3.googleusercontent.com/E2BSubgL72MHI0WRLOnhez9fFbQkqJA1kZ_9Zqvzj0Py1RPE3CZt7S1RPwLSszw9TFLqW8jDrK4fySyP_VipRfmfBULicWoUOODlhA,mutant-ape-yacht-club,4.0,70.53901367125272
42197452,3432,,https://lh3.googleusercontent.com/Wk943oe1o7GRPoFh9ZGDw0BflSYnij6VcXi0VhelX1YWO9n1L5gvDcoAho_c68XDYja_xTR5P2vUCHxPKKR01ILn19enayEYncAX,mutant-ape-yacht-club,9.0,271.0616159095632
42191933,1048,,https://lh3.googleusercontent.com/xZ2eEaLwK54XppytvAHAQ_UnXn-QQcTjQn634aTCPtQHxh-JuaD1ZDlGTDTz-9M7sH4EggGO_QoW-26WZmqhwo8IrSlIuFnImhUVU1U,mutant-ape-yacht-club,4.0,97.04329404154707
42199373,4577,,https://lh3.googleusercontent.com/iakEhotFkixC-QNsB4zqnWAtXauBlaZ_HBI5GnuaJK9_C_RESpls5UzBZAro7z8LX49W3tTjO5vesKUwSux0oItj25zUmojXpjW-Ww,mutant-ape-yacht-club,6.45,95.91955619650884
42227454,26426,,https://lh3.googleusercontent.com/EX9end6FQYQWFQhuM4MuDTfSnVGiB0iDUDXMcRzlG9U73QiU8DHxvHiSvdSmlpjsDPH1QCMGszjWDxGGzx0e932L1Hjot4awbd2Yv6A,mutant-ape-yacht-club,3.41,58.913826761122564
42201174,5581,,https://lh3.googleusercontent.com/nUZqmOGoSxVcs7yJL7goZ_Uu5HF1McIT0AgX3dyV2sveit-jVWnsyecedAmjgsWbp62y901HsVkEDbxihr96IQKMKamXjn1i6joo,mutant-ape-yacht-club,3.99,95.64132455026581
42194334,1980,,https://lh3.googleusercontent.com/myKBDsg1-DenNYgOpPdLvQtNTuW1c3OgjpR2C3AuTiNqNtvE_Al6E-SaWrkDw_zjdpf-MDpa6c4ojbe9xzu82UzFwZtgQJ6ro7-SbpE,mutant-ape-yacht-club,7.99,175.16563120253093
42199374,4593,,https://lh3.googleusercontent.com/M9iT1sY4E_R16x0KQzV29Yqf762KiflTFV8goeBa6RKAxEnxGV1zA2vvLrMwx-dbiOYrr-Qkf4pXpbwy9Y9aBZPH2U0kmFDMbV1V4Q,mutant-ape-yacht-club,5.0,204.94432225054894
42206094,8919,,https://lh3.googleusercontent.com/4priIdE6Sb8F5DT3Ekl0muKdfVEShi5C4re12xOJ7pZ1km6DNb12RoNeW4coCzTuTOTGvTuHj2QxniMktREy6llgNaxr3X-37rpl,mutant-ape-yacht-club,4.399,109.94993939929039
42203095,6810,,https://lh3.googleusercontent.com/NE-5LQ44tzEdqQGiy3ak8kVP41Xrgl5NvYPiAk_glQFlfbNur7jIb8JDqtegWGsXxhtbqDEQhzpX1aGoNOPeJc84fyrUy-FSzz-vNBs,mutant-ape-yacht-club,6.689,204.55610486854323
42199615,4730,,https://lh3.googleusercontent.com/UCNfgm5qQUjdtZRESt7kphUxjJgm3c_ifQ9vsJx4EShkUtXIve6Yis8M5sB274bJuVfkl6-Nv6UAlpxdiqQYypyC8HqPRhN8zpRg-w,mutant-ape-yacht-club,6.66,128.35436453266504
42189416,167,,https://lh3.googleusercontent.com/k0E_xOl22yFc8eqcAiC1oBSvStk8aRXUcxomQIWGpq2qk4zIRU2iVJrxbsDjRNVEoaGBmsy-15EZ3i8F3K9Is9KHWwcmYn7hLJuBuA,mutant-ape-yacht-club,3.86,43.58379740157916
42191097,785,,https://lh3.googleusercontent.com/mCMm0MxXWCLCWVzoTLwsisnI2CLTy2wXABY8E7OZZBODLdoCATozfck2TzG8mLRuzjReUFbnXARD487rl6BKEON4hwGjj-9dKhy3_ak,mutant-ape-yacht-club,5.999,117.25348402545062
42191818,999,,https://lh3.googleusercontent.com/-TmDs9Mr-yUxdsVBm9Hs6HanxtX6t6DdsFAiEPrXpk3ONHoppqq41LHYWqcCmgBQsHNnFHe_YTPOemf1vrB1wPz0-t0GtR0rer_-Ew,mutant-ape-yacht-club,7.44,176.096968049907
42198539,4060,,https://lh3.googleusercontent.com/CvKSqA3FpI9mWNtiq4q4RV14BxH_6VyGTGOYfQho70TfdwPNR-YSLU1UVn81XRkZ3Y92NfTnMQ0pnPbm9pljBfveBf7FLRMc9FwehA,mutant-ape-yacht-club,5.35,166.68290020204122
42189179,40,,https://lh3.googleusercontent.com/jHKBOkbs-m9pdcrIUckkE7xJ8Mr2h_x_9nEtcnnvwm7uIt9qmeQsdOUo0N_dFgP55kSjbkpCBSmszV1IHf1VtBETj9igDmrnEpEg1Q,mutant-ape-yacht-club,6.739,98.56710025831552
42199619,4722,,https://lh3.googleusercontent.com/i5d07r-6BG2KL0OCLR1GSt7XxENPahJCvlhTN-mquEfz4tzGlg50OGzCjxCf519lVIr9Z6ZtmXELeZaWt0bhI8Wx9q5YIc4A57hy,mutant-ape-yacht-club,9.2,91.94578467988003
42198300,3911,,https://lh3.googleusercontent.com/NfOJ053jVgIdAxItxGGF5I6e83SUniiq9uPafSbVXRYuxQ9EX0RT-6kuaH6vf-r2Y6Thyk7yxkRvcy9kqjaGA7oTW_2mWs6iUPMU1Q,mutant-ape-yacht-club,5.4888,90.82503148550632
42198781,4237,,https://lh3.googleusercontent.com/Q9jo90vBh5ymfAaMZj4oq3Dyr7UJwh1arY18PwhcxhjvvF9Qdoj9H3QHy7AzgdjxApUH0SsrBKbwsjK6wvtzNQMOyuw-F-LwMgfm5A,mutant-ape-yacht-club,6.15,55.188022653588696
42189181,59,,https://lh3.googleusercontent.com/UrKjyXxu8LfDdSPKdFkpIqebk4iPv4l1ba3TjDnUHNKxYBNXAErdMkIBQXWCS6xX0u31TpvMJ3C1mZd8GncAwxBl3sE1_HnBQZddtA,mutant-ape-yacht-club,8.5,319.64741722472536
42191941,1038,,https://lh3.googleusercontent.com/STQzr6WF4Rj_k_oBa1Ai8nSNDMxERjtnqr5JA9Fw795FYZlcKMsnRsATpgQky-T4d7O_jtGgy0HLHgpgZsL8KMKdKWD0f0xk8OiZb54,mutant-ape-yacht-club,3.89,103.0264150173344
42192781,1434,,https://lh3.googleusercontent.com/TID5qY3q0BatmHDSMHPfRC3rjUOa-sZH0280EvwMUfvG5IHUPoaji0Zqpaib4Byq3PRJ_pdTtLduLNnYG9ri6zI58X6-KeU7moFkhQ,mutant-ape-yacht-club,8.49,182.51622669283182
42199621,4764,,https://lh3.googleusercontent.com/zOtoLfFdrY2XVO-PTb-TjeWWZAsKbXqFy56pc_IXPQsnBbCjG_Nl86SkfvPu-CwHoVTAuUG4XMSgC3qUdr0FlKNq_6WIsxhoatH2KQ,mutant-ape-yacht-club,8.99,322.2385516332806
42190742,657,,https://lh3.googleusercontent.com/wtg-5Sh1sOQkSMcH2QwX3ik9jQRV04Km2jSz9ufMh5L8f13IOAF6AvFJz4LERuchfOZU0pTCH-KS6bK4qwtqfBRCHnSRc7KhOcUrDQ,mutant-ape-yacht-club,4.8,148.95094328626834
42200582,5221,,https://lh3.googleusercontent.com/2AmAERf7ymcUypLV45Mbvp4ziBOZM2I8DqwT-j2_XYZWFLk8j5lrBqKtdCAgWqprvUxXrHKlLRUDHNOy7MqTZ9w3bCsI5fmJnrg9yaQ,mutant-ape-yacht-club,3.7,103.40451205057626
42198903,4287,,https://lh3.googleusercontent.com/--tPlZkgk29ZLegJcR75GWNyVu8zn_c-6ZPEOukHXntd9gCJUa0bk_uJdw-a2VgiDeanZfCLBqZMG399C3I3OXVnY8PUuwbZWs_xQQ,mutant-ape-yacht-club,6.45,325.70114727715617
42206223,8999,,https://lh3.googleusercontent.com/xDxo6gmU82BJXaEvzUcHjJ0R-2_DV3Ec9ZhfeF39uHhlu53DyCgj1joLo28jP-ugAS6cFZY9zgvwSGAChy3l6f9pMIu0nxswKncZ4g,mutant-ape-yacht-club,6.899,105.66881521356284
42201424,5787,,https://lh3.googleusercontent.com/oTDp0cnBS6lMYULIPEkfmYh-ggkKy2EFUukUCBoD0ZYumeT_HXH7c0Staim4TcgKO3PtJKWcFKeDJxjrHrMYxXQ3vfMcaUclLEYIhw,mutant-ape-yacht-club,7.0,139.60194773741458
42202145,6233,,https://lh3.googleusercontent.com/1jNRyXs3zrvAep8ysxbBQx8SywG0lmb3XUMmdxcKoJj3GqILCAGqSdAAybquTdlPQ7rFP4dlwSqxlJwYn9rhQmO5ZQXkP93K1n_1,mutant-ape-yacht-club,6.32,103.61458843741259
42193986,1836,,https://lh3.googleusercontent.com/RixYY7jHQULx0Rq2kxEafqC6W6Q54mqYzyXaVCOWDk_RkDRq1BEhgBrU4SFNuvJ_emOS9MmKwvNk47XdbFWCatk9fzBiVhNbvZ1ROQo,mutant-ape-yacht-club,7.89,223.12033709644263
42199626,4634,,https://lh3.googleusercontent.com/TvCxDYxDS1_7USQiQZYq7nd1c22ziPxwyTim-k7Ed0yx-FyFjKfvAJ6aH8C805jR1oo8xGw3kwj6hgwAtfm9qdQES44IbFaxh6TSqQ,mutant-ape-yacht-club,3.85,84.09513937525739
42199867,4852,,https://lh3.googleusercontent.com/5otE4VCOM9C-HVdfZVuCarShoy5P500tggFbg4VxAnuSrEq9som8w1zGzfMG8PDLhN67rkUa767pAZonUj036lx83OBFpI6Py_Effw,mutant-ape-yacht-club,6.9,214.75705645043382
42194467,2050,,https://lh3.googleusercontent.com/7V86ZSQ1ge7LRLO3KYEyIztB37ijQLYFQc8br4dp4fWXWjPKFHFbUOgpHW0ZFT18fCD5Ef3RQcuofg2wlCImxMzXnmzPE7C26rA7,mutant-ape-yacht-club,4.68,269.0914366158548
42200708,5309,,https://lh3.googleusercontent.com/ej0B252-dXjGX-UiAGC-LE1FvFO5fuQrI705Ckz5RTs5qYCzBLwKOuPdJEz0iUlDK3m2JY4d2Qr7Qk_ip4_JDHsse6o5RRb-CxDA,mutant-ape-yacht-club,5.95,400.6987697578544
42194828,2136,,https://lh3.googleusercontent.com/TifiBtonJoC7rF1EOexg9FmFTmzWONLwqxnz_WyIpNN8daIgi0OQEEe5upho2FgS6byY04x3e7THYA_v-THxH12qSbMEie_vKZsyqQ,mutant-ape-yacht-club,5.0,270.9091019853671
42190748,650,,https://lh3.googleusercontent.com/KXCePYgmpWSMjyCSv76G-vrjBfIsOmEaxgMrbdR-aXjMHn8UNy28r1lCov4YWgGBLoikAqiQQMA1GkFYMDajlPGtSdNkEJtjeq2x4w,mutant-ape-yacht-club,5.336877,82.26720703851818
42190749,652,,https://lh3.googleusercontent.com/HHYLVaqVn7pgqLz1Kra6juz455vJlFyitZrCGVcj25LLuXaSvrPZUi5d3r4gaejssFJkFst7NT63iW2GSwcj94jvsZHtiGQA_zOwNRE,mutant-ape-yacht-club,4.75,97.89840122016332
42197829,3621,,https://lh3.googleusercontent.com/7qPoEl9Oy83mLLuSzNEQhog9wnzmpDkqnx5_NNYE--BCAYsnrnrq3g1Ky0iLISymUvo8tzH8jWdcfZrSDEZeCujuif0NOtbx03gh,mutant-ape-yacht-club,5.5,69.89542012226445
42194470,2027,,https://lh3.googleusercontent.com/RGVf5MA1xDd-PSAgtWmEjLKIsATihpcjWlmVGg5TUs8SbNu6SXdXUOQrRuLm1zyNB-0JnOBTf0SyK2Y-4dVaouglLhV2A4vmAkHl7w,mutant-ape-yacht-club,3.88,95.15859599171864
42201552,5835,,https://lh3.googleusercontent.com/LmiShwT3LOURHEZxi-xc0W4fF7wGLF9hZtKLoq7FFq54vZyOIG19NIyJm2PSoZQ7YiVi7t-86SBwDrsigVEV_gt5aFFgjEFf7wVOFxc,mutant-ape-yacht-club,5.5,31.732535115869243
42200352,5054,,https://lh3.googleusercontent.com/LRYYSUxZsDTsPA2U1yC0r4WsRx7ICmWzgJtjtOVKW8xxMUpfHQnkLysHkhkX7k4UMg8F7yuk-KCo6wYtzCYkc4QR08P_3hQf8e04,mutant-ape-yacht-club,4.69,58.57922643143321
42205874,8782,,https://lh3.googleusercontent.com/Mv1fbZZzJfcTIPsi7k19YC8sGQN9ypYowvuelHEni4h40eoY79VWwj4BJD01gikONBCxW-LEpLXHJrpiBOcB2zVQ5wLwFnk_gx8_XME,mutant-ape-yacht-club,3.95,136.8352804399746
42200594,5261,,https://lh3.googleusercontent.com/4IAZmSIuqC2aPfraxtVMD_E-8zu_uWGbIoCUU-ZZCROexaZL3t76uW4Hz_nMZF61ubbGCA5T35tXw1M9LAmc3cHhFgmmt0vR2yjpjg,mutant-ape-yacht-club,4.2351,364.8024705860487
42199877,4840,,https://lh3.googleusercontent.com/nG9L3TkFsSmrzNoJER83Xk9sxYZSLn8MpmQpFF8Qx7_rFSZYK0LKIIe7TtFJRcBwnxRW9PFSJDySztUf5OfPEs6g_gvnFDNHKeklzg,mutant-ape-yacht-club,6.0,76.36679945680805
42200238,5026,,https://lh3.googleusercontent.com/Q94k-XVEWZvuzjD8aD9IZBibOp-RvBqoimzxeb23JRpQzUnqsuA6li0RUkHzCjeJw7XnJzYKVPUbyv3Nzyi_bcfo7-Q3GZ2mh-wo,mutant-ape-yacht-club,5.92,129.84969249734107
42197118,3156,,https://lh3.googleusercontent.com/zdMontKNdgLu_CCVW01eEA6CPnL7J8oOlwDMo_bjxrWi4gq2zddQEHJiTb5NUKPwEgeCkhcjM_8eGcboaxJe6zOWe_V5nXSjmVgtEA,mutant-ape-yacht-club,5.79,78.63395254219294
42202159,6243,,https://lh3.googleusercontent.com/0Myad-rVMJwcMwBB-rJWl48X8__EkLMsx_HLgaPaARnkB62czAQHa_qe2y2bYegH5tJb6mMi4li3kfGsKigO8j5tsZ0zA179fhaYANg,mutant-ape-yacht-club,12.5,378.3041631819204
42207200,9556,,https://lh3.googleusercontent.com/LZENYPqbcqsLix4Bk4pzdUsguSJUqBRJXOHkn-Vhir1M7Ly4rRORvGiBCBOpn95W4BoyvgaGp_sl_GbCxwoaCW2PC1SJb_Lf34gV2g,mutant-ape-yacht-club,5.979,77.76711478527055
42201200,5586,,https://lh3.googleusercontent.com/PtKJ69wyGI9l43N-DMM34iwd97O25hZXJTqWga74QeTBp1LW9axOECdozW3CrbiakgarsYZU0H085z8Zkb_CD1eC7ljZt4ajs4OYtyg,mutant-ape-yacht-club,4.85,122.06776826604609
42203120,6820,,https://lh3.googleusercontent.com/WjJKHqxCSVxB8ob5PX8oOLoEKrZR5sQZfZ3G-wjFyai_8Ite7MNm2BCzEbVil92YWNT9d6V_3UUR6JUqZgbJGYrcJMM6eH8YllkXzA,mutant-ape-yacht-club,7.5,538.8123416982621
42199880,4822,,https://lh3.googleusercontent.com/8UKbb2UL2nILmG3DC1LdC905Gt18YXyoIp8Xb6Y-5-f6Mbm_b6pwgb-9pJusBqUX7gcjP04m04l9ttgq3jP37jl7NcAM3eepUteV2g,mutant-ape-yacht-club,4.83,156.9901274015281
42194000,1843,,https://lh3.googleusercontent.com/dZiTktUbRhJD1PE-y6psJMUtfIu7NUmZNegWgSXEvuVJubd8dKYo2_sX_tACbjwnpK3620qaSIssHqIrm_D4GLTr4ZqV4ncSqosn,mutant-ape-yacht-club,6.73,120.31262881351722
42192080,1098,,https://lh3.googleusercontent.com/Ukr1NY7QZTF2TrsrZzDBkN20xgVjHJq0ljGI6zGfGvq2_RrBfgY5EnHMZVQu6Unt1u-ElpPPmjjN5ntGZ5eoVRi1GmcMBcDUzC66,mutant-ape-yacht-club,8.5,108.24825516453504
42191361,840,,https://lh3.googleusercontent.com/Jmgt7Kht1d0O1ZrTuzHfOO8gw952BY4fQLOzr3cAv8VaS-2PXO5pPMLFv4Ch90Om6yWR9yFKJsuF0uUG_JIodCxy77I6Qdk4iReajkg,mutant-ape-yacht-club,7.1337,132.20650216036842
42204082,7523,,https://lh3.googleusercontent.com/3vmOtoy75x7kVD4ZwOhPj7_vi3B-5MeS97jJ8LwBl1Yn5FbP01SSylCq6Ma8c7LZwoBWoU6R0LdLT-dr3fRJMN2kuqAeM4nlIKLr8zM,mutant-ape-yacht-club,3.87,80.94730782496863
42200482,5140,,https://lh3.googleusercontent.com/P8e8gZLdqMLTWQMNyIwgCsqZQl-_S2SRAN6Hn0-TLWGAm7eNErsbas1guSdumTxL3iDrWNV4YzFiGrQxNYqAq0oD-vqBr5aG_lD8HLE,mutant-ape-yacht-club,5.4,95.64576637449612
42197602,3471,,https://lh3.googleusercontent.com/Yg_pLravA7H3nNwRE3P-5imvHYFeO_iIEI34i2jgxiYQIOKJVWcdSOr8-ARFhrCjjrI010sLpfT0plvYBzaaTmOwm62mQlhrjH6rsdc,mutant-ape-yacht-club,7.1313,215.91716741295645
42189563,210,,https://lh3.googleusercontent.com/AIJkbexBmrHDl1jOhbZsQOO28DRn2J3kWbdP4cse0lf66-WRMuk4PBznL5q3Ip47OFRhNhiMLn7GLNn9D32Q3QftQ0J7xMqXR-4R,mutant-ape-yacht-club,5.8888,85.43894867303375
42196764,2999,,https://lh3.googleusercontent.com/sM6NYw_HgE54vC9kv3pBcbKwGlu9m9HgD63_yHn8LB9FJFDzEYzEyZxr1P1jaFv0PNutzbxvta5_YUsiflsn3EzEUMq1VBszKWAoeQ,mutant-ape-yacht-club,6.23,110.48729512890468
42203004,6792,,https://lh3.googleusercontent.com/mihiPFYGU7zvDEDh5PuNYSGzcDW722VDlO0CLv7pQdAGnx7wXdK3WFhGWbX_IhMriUqnAAHQvQOv2NjEKRPgPJnh9pwBBrrOT8YqAw,mutant-ape-yacht-club,6.7,125.29534743384342
42192684,1394,,https://lh3.googleusercontent.com/snfGGsR7KzXrDayvesd_XG3RddOy2MNk_ydaQAC6z7Ye2wzaPsKycNdOs9ZBYSyvYbkvhM3DloIcZeRFTvXPat1LlzQPWO97R7H7tA,mutant-ape-yacht-club,4.8,193.7092481828419
42198084,3799,,https://lh3.googleusercontent.com/M_rYpepiplvAr6iSKEXdS3xH5iQocQV3Z1Ly3V6YizC6B2AV3-dJAI1KpJLz15qIZBwJrzDOeXA8EKUU3vYwedUyxv_rXIhsl81vwQ,mutant-ape-yacht-club,4.49,128.40852509660468
42190286,458,,https://lh3.googleusercontent.com/JKEMny2kIwQSaNtZ3Sn6D4vnea_aZPdpjgfpOKklw6hQa-e9ez5ulMXSiIXwELrxR_GgY5Gomsi4NhRBzuBQgpFVBD1F-4gHdSYFnQ,mutant-ape-yacht-club,6.9,525.0210733590764
42205046,8246,,https://lh3.googleusercontent.com/mDxBLxN3u1x7-hEVslVo7lxwY3GIP5cYKBaOxI4ohwpLN-6hjgf_FQ-0CqEq9mq0Zc8RSjuicZp6LUpThbEKuq3U8jUWxA_r673Xew,mutant-ape-yacht-club,7.0,79.39249897665314
42201087,5575,,https://lh3.googleusercontent.com/r3dJd2rWZPi9bAc07lDSHUlC3EcQ8gMA7Iro4Ba58N6DEO8o7I2DkNOohS895qCafA5VCz6d7ZHeSg2mZa8c-cu9Vbeh8Jwi7WGx7UQ,mutant-ape-yacht-club,6.1,108.66378436864925
42200487,5215,,https://lh3.googleusercontent.com/IjrqILihZGBN9kLtAkuKs_LBZEcxm73EpzkizKx_-DMr4-7qJH-BplPBnmQ1fz2xFZIgttccp_CGwkVOwrh05SqjV2OGMQE9xfZ3VA,mutant-ape-yacht-club,4.9,105.70983205859442
42201929,5979,,https://lh3.googleusercontent.com/suQD_wK8gDfsLA5e9Jrcp0GyrBpeSaHvRsGdHVM-0jpKgvaZkZHQMo3s1-63gWjXy4hLquPEs95ar2VJGa2QX-bkk0FZ3VSD2MET,mutant-ape-yacht-club,6.24,96.44043063023591
42205289,8295,,https://lh3.googleusercontent.com/1zMNwSW1DBKNIwATL1TPmGoLBDftT0f0wgbMPgP9KsI3gnRS-P3BYI7eqJfbAtiLYhVSUIM01ShVQGlQQP8m4Uqv7__3v_Yi5be_NQ,mutant-ape-yacht-club,4.98,126.84230552882809
42200609,5260,,https://lh3.googleusercontent.com/BEg5eeiZAUzJpLOcPAqx0JxaBdqELFBR2ONwcSEXzDrMUaKTUECTHD8xHrsvUhc3hhXZC0rtkeV8HtS5FSr47FkkRfIHobEACR-mEA,mutant-ape-yacht-club,5.99,90.67127952576853
42201450,5784,,https://lh3.googleusercontent.com/ErXWsvh1LhAHH9eIHKRlbe2D2TyRzx76xDQWe7Gt6jLuNpJonV7xxhMWCN3vy9fEnP2eT_9_fY2qU0lAx5JxNAzfq0ffUoyELvyYBA,mutant-ape-yacht-club,4.44,140.71753741727665
42200250,5037,,https://lh3.googleusercontent.com/qSXMOxJ4WD_SJC5CEGPzxxP008I7bIl2y2en0_Ws1etOS70nHrT-TvlSyOQu-sNxaq35rrB9tvEGB8XeV6hoMSjpWiSmvGyfky-kvw,mutant-ape-yacht-club,6.2,176.17039845192804
42199891,4865,,https://lh3.googleusercontent.com/RbpeQFYpoo4doXqaOcpOF1wsYyChqXEm2J9o3gq6s8GjHDYTq4pxf6x94JtymKoKvG5Y2twcbNzhdH9DrQebP4eqXpbl6IowOjYCiV0,mutant-ape-yacht-club,4.3,153.84480305925487
42200372,5093,,https://lh3.googleusercontent.com/41dZyRz-b1NQ0wvEHl5AOquI3-AfoxBqOPW3Ti6M-Y-xw9rVicLUKy6JYGyk-3AtS-OczIrUbiYikZ9ZxsKwBawucZXN3O2c9ZYS,mutant-ape-yacht-club,4.1,57.1212173951934
42201572,5823,,https://lh3.googleusercontent.com/XjCo2Jhx7hMCSeRjMeNUZTBN55gOFrRzmTJIK6HdX4pxwnwZ6GnyLb3Z0L_cBszJ9d0CeADZ_tg7nIZ3Nxp80aZyNttQiH2Z_F3O-ig,mutant-ape-yacht-club,7.0,97.27208037552484
42204576,7780,,https://lh3.googleusercontent.com/Bw7xD9673_yEi8hpCYeqC-ebi4hJm-YW8GfApTMSueKg2s9dC7ta579l3YuicH34xetaNJaBT3NkfwsKs22-vIPMucUenqy-T9o0XC0,mutant-ape-yacht-club,3.93,108.31466931530953
42196297,2840,,https://lh3.googleusercontent.com/ePt4VrL-xZyaripIqhUsvuuNlv1QIjZUDxlu7-JT6e2D3QMkrJfZgzCdz0TcJKYaGHms_rEqPAatLc53WbQVM6NU6yQK9PJPyFMi,mutant-ape-yacht-club,4.39,198.51288010439643
42196298,2815,,https://lh3.googleusercontent.com/tVJu0yE0RyFYBZbo0pMUDoblR88XEUmXBF0srFLfWGGulRFB7TToT0GAOQinr_MLKgjB783XVqPVFAvhPy-Lm-INzvRgpAosHWh3cA,mutant-ape-yacht-club,3.79,73.84691353761656
42194259,1927,,https://lh3.googleusercontent.com/BLAxvv0BzmLaP8j4KkATIGxbmzMoKkVKO9s1DYPqsCG4VNVUcHl_nSmRK12e4oP4g5vgAXn7LL8fVu9WZsN4aspbec41fvFgk6q-YQ,mutant-ape-yacht-club,3.78,134.78273953945734
42202660,6572,,https://lh3.googleusercontent.com/MT-SqHlpsUE5btqfp5l_aJzedGlG_HxxvkilNyEYZUXXLY0nNLUzkJH1C8FCm1VXAn7ycP4h2uHSwaJ9cYWkaOeZJwXEteVGnYUTeQ,mutant-ape-yacht-club,5.95,65.09040537478259
42200020,4881,,https://lh3.googleusercontent.com/_j713KL_oj1eWFDnYMwgQNpsgdMHaC9gczPItX7l1BIy5JzVmeKlOkxFxY-rZ-NwmTkkchEFIJQzrg1t5T3_4qPrBy6lZIJxGo-0A14,mutant-ape-yacht-club,7.29,72.981123774924
42194020,1863,,https://lh3.googleusercontent.com/bW0-hlqAVWMw4IvrndtKAyLBE2hjVcrvL5o6kuTk7Qy5obEs8SZF7bNZbZ4yQWDy5WCJsi9nabiCIkbg3tdv_8G72Cfd4zvUUbwRA6g,mutant-ape-yacht-club,4.8,105.93562955927307
42189100,7,,https://lh3.googleusercontent.com/K0QVgNJMNB1O8w8LLrrHoiK6sLb_Pw5rpjFBXSwR5guaXUgWmSogZ-p2fnotmIZJ5vVXfx5M6XxuwO3s7HDsevUbtUC1onO2Dwnz6JY,mutant-ape-yacht-club,12.0,123.50576862059266
42203741,7298,,https://lh3.googleusercontent.com/jnEfQuDrqgW7oulJTsTMB9yNrgQjsd62Kz-n2hbSeeFVNaozckEu8g-yhC17cmH1SP7WKbGsVoFkt-gxLmjKCy7KO111yM9ZzQIb2Q,mutant-ape-yacht-club,3.6,81.70563834931343
42200741,5323,,https://lh3.googleusercontent.com/TRWvKqDXk0HAS-0sJRfirAd4L326kZCWoDZysD3FWLI6YOEWtqhS-ZKUJVpTO2A9E0PwFqS4kOgR7DGM5oUrf-xGwDLrKqQUmq120w,mutant-ape-yacht-club,5.69,98.76092699984159
42192581,1342,,https://lh3.googleusercontent.com/7WDDezm-YkAFtmmJCN54SDOd-0nimVdeJljtg2Q1R1a0NclZRSnNbVm6yrlKt8Nsbr3r34l6QblfElv3RMwYUxLncuF-PtSJTYpMNQ,mutant-ape-yacht-club,3.95,61.17260227903025
42192582,1348,,https://lh3.googleusercontent.com/pgq5ZngZYxPVYCFtKBd8ix7bQGAADDh6bqSAeQ5O9MpP94WxIyf8q6r_smkKeQiSqwe3lEaW85YHCkxe8Tu8ag14Ffm4M_kMDNaTOQ,mutant-ape-yacht-club,4.45,106.36732089312736
42201702,5957,,https://lh3.googleusercontent.com/j7iHsmPFzHLU-7PAMPEYeLgsPyYB-u8ukUOf98A05i6E3d6CcN9mmXG5QpxbD8_OthQx-ylGltza14EgJqVfq1shGMAK3jzrIxfa,mutant-ape-yacht-club,6.879,98.6908350045348
42207822,9996,,https://lh3.googleusercontent.com/2LfhG0PIbC-xiEMjl9leYDEKtVmLhBFtT-aJ35McHJbilqDnSEv1e4loZ7wXCcrgXMbmGNJx7zoLj6IJa_lOt__9vQrguhVUaH5sMw,mutant-ape-yacht-club,6.98,63.29541806092017
42204583,7829,,https://lh3.googleusercontent.com/lfAH1exUqAnSlJRW4YileIUA_yMpmFv4XtdcYT_-JEl9O6Zswoy0rHWbUN_AuA18A8ZsdYjoxlMEZrRLV3Vr04ExjtCa5VX1cuglRw,mutant-ape-yacht-club,4.49,123.56050130011897
42202183,6244,,https://lh3.googleusercontent.com/ho8aq1hZJtNzNRpBlWXMwLLSvlPyafcFGJ8oWBcBnCJDBXFie6LeliViGsDGAiRap41bJnLgeQCj1SRkRHIoWh0wU5GCwbrKAeJ83IA,mutant-ape-yacht-club,3.95,82.83114736152186
42199664,4658,,https://lh3.googleusercontent.com/3WbYk03OsnFXZzS2mpvb4S-3g7ks3ZHByae07c9YYdJ_7CJryOQLq2QeGUyturw23gmk-WCxOI8lcW8Nxy62NwLYNeZV_73epJNcYGU,mutant-ape-yacht-club,3.8,95.91404392382437
42203744,7297,,https://lh3.googleusercontent.com/TquSlnDpGBgpgkMKctqmTqkdAlF580kRyFDTtUBYau9CBgRsWzzofJGo5U_U0n3XjOQpLDPAB5I-CDoKku2gJAxwXdIZ88N4Uk3djQ,mutant-ape-yacht-club,5.48333,128.98397585686118
42206984,9398,,https://lh3.googleusercontent.com/s1ip486wblFwXBQSoy1QIdNl5Z5VKTO-HGTLlwmE65qXi_gY-C1E2LXKkSt0T8316YLf1xeGlunDeXO04hdhyjleGWy4IaX2KKr3nQ,mutant-ape-yacht-club,4.35,157.82993327822362
42615825,27028,,https://lh3.googleusercontent.com/p_02uZ1CnhEjZzKkvP-MIcmZeLNL1CiiK-mYvRMgNsWdpeaukiHe3WJZmsKljCODViPpzE1rxeDJAp2pvUuud57u9orO2oR-4N-OWXE,mutant-ape-yacht-club,4.25,73.18850168335348
42200385,5073,,https://lh3.googleusercontent.com/9AKASRWCQw0Y-wHGBdFaXOZzkbReg9Yr27day0JmQB7ALjxWZpQJs8NQ0TRFUvpex3W6TiYPx2EkHP0OePNkthR4Us3Pj7-qWSaa,mutant-ape-yacht-club,6.79,130.57935954155684
42189585,213,,https://lh3.googleusercontent.com/l5_yQKnGnLfIe82y8hXVS2yjbln0BG1TPcWjN8vDXIPvjMSVLyQSrhLdRaJ70jziOKzjlI7Ny2MtR85CIUHUEBSIz75K6zkuPk1gqQ,mutant-ape-yacht-club,6.0,50.50195836508398
42201586,5904,,https://lh3.googleusercontent.com/oefr1Bs7eBrgR7ZMnWFwqE1FWxZLxAtbBnNKI0t45LVEG3Baph6bumPlCfxMTiWKBnUpaXOHStPymGN30vdgxcKFyibOhX3QHZWkog,mutant-ape-yacht-club,4.1,117.18150134783905
42205546,8511,,https://lh3.googleusercontent.com/U8Za-WSuG0-5d1YLlTNVtYDhEtIjFMOxN1D1tAPZH7GgB-q6Kh48Slr4G6P0CYBEaRPCv9T7rSGVVMq1K0j4E0-1y67TSe7N5RKm,mutant-ape-yacht-club,5.75,122.52843647781756
42197987,3722,,https://lh3.googleusercontent.com/05EPO0Yi9CxWOZobBY5Ux2saaLX9-dCPfhV9Oa7Yi_a3aV71CO05WIuM1shro9uDryEyZCEQXDGKriuT7b3o132iTNt39-WrvwL1JA,mutant-ape-yacht-club,6.95,131.483082320525
42195107,2319,,https://lh3.googleusercontent.com/dH11yFbTjtEsTYLA_i-GoXEkJo811-NgegD9g_DEsPJwr58cTqZlECJjWu9VVH-9WGeMYlGVmpm7eUcAn6LsR5o8C_uks_ZTlg0NTg,mutant-ape-yacht-club,7.25,89.19430731314931
42194267,1933,,https://lh3.googleusercontent.com/O_9CVnHwR40ucjD7YIZAAYDYbva2hqwZ2oGjJUo-RslZYIDcmPGGSk5Gk7lU5m4xWy3L-JNpO9qZHIwdVJooMygafrGRFiQv1rkwzg,mutant-ape-yacht-club,4.9,137.56823748320303
42197629,3522,,https://lh3.googleusercontent.com/2EVexVQdd9Alf8RthPfQ2CITWgAlEiZZST7liO8pVTBPUWhkop9xjIZ_kliB-Ls294M2wpIV9FfixO8U_HDqWMdj_tcUWuMRehUf,mutant-ape-yacht-club,4.35,143.2538873669613
42204710,7945,,https://lh3.googleusercontent.com/DiYg5uIlFoj9TiBJFTAKlxvIzVCrwPkVRl4Lvw-HxAZ0QaBz1XawTB8EoLMbfQ5uaLqNs2QERr3y91y6LNdysmDj8Ju-35YZv-mqlPY,mutant-ape-yacht-club,7.3,91.49105631026438
42190310,474,,https://lh3.googleusercontent.com/kfFbDm4RCp9HbfFlmUW5Q64p28HhXG2CsvJKWwUqIkEkAxnRUjjWcwce_OFYote7KUuiHFdkc3gy7KHR28XDVKIAQSJN9lJKze4S7qE,mutant-ape-yacht-club,4.2,97.91527481238651
42207230,9580,,https://lh3.googleusercontent.com/ELxZuD1wSFM1F-PgmC8cawCCQ2YmE_0LU5UOtFHlQ0k-bEuXy_D5VtD9ql0DN7gHVyV4EcpQwrXEMCwbyDkRHMv6ElMXkS6vvTesSw,mutant-ape-yacht-club,3.88,82.4514059094376
42194990,2264,,https://lh3.googleusercontent.com/zFNr08SnXQImKr6J32XSNaDkIeeCTVlsf8rNm-hy3f31TIuidoJnZkh6m-5X3vpbjkS1W2ObVCbcVZkDihivd5nGm8SzTUgTSuwqi_g,mutant-ape-yacht-club,5.98,148.65405249953443
