id,token_id,nft_name,image_url,slug,last_sale_total_price,rarity
33432672,10154,Amperage [SE],https://lh3.googleusercontent.com/UnISeepuFDs-OZTWzz23BipsVI-hdWcQGQGp2NypU54E2dhjjjrjXxTeLWcwBkeVaIfXv_o0xSbsXxPOaJ0_RVc1yZwb-77ADPVsQCA,parallelalpha,0.047,135.13513513513513
75519362,10315,THUNDR-01 Munitions [SE],https://lh3.googleusercontent.com/ULMb7E7c8Kahb0je3L-iQVc3ZrmlcAMQ4rCMLYyEm8iame4c3PFeDQoW8QhwzvMRmiavFw81TIB7ZXJ-i8ZC5tckzoW8DIokTQ6EmQ,parallelalpha,0.0089,701.0266080033522
22635314,48,Parallel Masterpiece // Alpha // Ashes to Ashes,https://lh3.googleusercontent.com/Dy7owTRAPLgYZ8ownJKHWbQgrdhjErFZCgQMpPbc0simmQcBaFiT7MG_yZYHxJ-u6KYQxk0xVfOG5BAqWkcpckXyDQwTZtSUJCLHTB0,parallelalpha,360.0,140.8450704225352
33692962,10252,Warden [SE],https://lh3.googleusercontent.com/EVt4olOJXtS89NMSYBI4wRww9ld0bI-Shz2t1pePiS0DbxXu1qjt6PzjcLGCL4vbooyCVjx4kGeIejuZQVZCkJ39snZBlvdMcdXW-Q,parallelalpha,0.05,601.1904761904761
33732947,10293,Eye of Galli [PL],https://lh3.googleusercontent.com/-SuWl8Y4swUMdhVvTw0kMWwKeqwPQhDmC0Gr5t027JUgoePylCnxRj71Ouz0yVYXH4Dle2ssbCG5-hpG54Lee7rokCS2aYe__Z0uDA,parallelalpha,1.99,5630.03663003663
24940387,70,Kethtrexamine [SE],https://lh3.googleusercontent.com/VjGsb6JQ8hd2Gm4rNGqHs42iwPd_3HiMN1tnKNR3PSsAVO-XZczjX9FK1Q6UuhTDYkfaqkmcbzpMWzJaLQtRtTUQs_vRav9JXb5pnLw,parallelalpha,3.5,135.13513513513513
33442196,10175,Master Poisoner,https://lh3.googleusercontent.com/K0NLPpwmnDLG07FIxVrQuvGBR31azDTwx3VPy-GS0waeg5ORsZ_eZSZVpkZ-YHHt6eggoF_SUW5pNcm0yJ7XPJjymRDW0YqK37NQQQ,parallelalpha,0.0084,119.04761904761905
24815172,60,Parallel Masterpiece // Alpha // The First Son of Mars,https://lh3.googleusercontent.com/0a8Vr-OXKHROU-NgiElcqY6U1FRHJUMd0ieORBNAkAR3wm2pveAxTrRWFuUXCTXMIrIbN9gx35WnH1D4KcuQuV5GLe3otYss9tSI6A,parallelalpha,27.0,125.0
24974997,86,Gaffar's Peace Pipe [SE],https://lh3.googleusercontent.com/R1x-8MOojZCAlpXATQUdrhvbl4kL4nIzqbzTLpm7Gaby9sCVgcLiR9TmQFvZ6wHiJ50_VJam3Jduuzf3leajEuHzuIRuRUE7zmZkFQ,parallelalpha,2.0,138.88888888888889
20441013,40,Shroud Parallel Collectible Card Back,https://lh3.googleusercontent.com/jPlLQ1Cf85SaXMzPH0nHPTB1t2EbQOUZyki5bS6yTkEysnLuIxYkfCRkSuO2ABR3_dVGDXZHnUYEdowpioa1GJJzFrFk3UjDioYx,parallelalpha,1.05,140.8450704225352
81986246,10379,The Staff of Shoshanna [SE],https://lh3.googleusercontent.com/OtN2hNqXztqpkD6wzkH6ONfxOb6Nmpdlh6NAczaCaJjP7AZ0IFev4kxtFymBh3RupPM4hwYSrLb1Ut2KJe27md8VN8igr-SMNndh,parallelalpha,0.015,704.7803617571059
33690390,10248,Gaia's Call [SE],https://lh3.googleusercontent.com/zzb2ShDusvwDXYoe_rYaxWSeSSQDjbB8dyB8sFQWyFTRK52M4vpykLbfKSj76KVuu3upn0ac3yHTzO085XjBC4tNRUpSzwgKta9kt9c,parallelalpha,1.5,615.0793650793651
84378118,10448,"Arak, Combat Overseer Art Card",https://lh3.googleusercontent.com/pgai0CdnOvxBihjlPGC5EPK67qhgFYF69E6uImhYIPGJuLnHNn_aiSnFur0mWjjBCCzj7rcGAvnzOY0Xs4N120M4mPlI8OZtYfru1wM,parallelalpha,12.69,1284.3888664784188
33704838,10261,Parallel Masterpiece // Alpha // Cost of Creation,https://lh3.googleusercontent.com/BbgUxfg8Ezf9YTP5JyvfU1SXPzIjML0TSXt8tWV2Z2LaE_y5YskoSwYsN8KiIYvHogCSP2soKNz36BJmmW25V9KbkTZmHA3fIubrAg,parallelalpha,16.0,140.8450704225352
33729814,10288,Change of Heart [SE],https://lh3.googleusercontent.com/LMJS_EJ_GdArRoytwOxJjMxiJNSLVT8luMsSs2s-kInVvPOtnTDnLzAFp4EQoVfV82lnoNuncijuqF1CQAvF0BPTxvIkcm6x0GEJXA,parallelalpha,0.025,615.0793650793651
33417895,10109,Marcolian Bannerman [SE],https://lh3.googleusercontent.com/yIeuGqMgIEuuZ7PsTuq7_l1B7kgq8x5goo2TKsb2al2dOdA_D-St51fuT0N7ASjp9hKMjq7_gvkiTG05_1VxpJxvnBdApt7BJoyRAE4,parallelalpha,0.0297,125.0
75805639,10347,Spectre Attack Craft [SE],https://lh3.googleusercontent.com/wrJxZiQ4Cw3MCNQXv6gjvR-bTCU0huEkW_-blyXYfTUzJrrlj-QujtiADvOSEMDGuhoF2nuO5B27ypcLc5CX3-ZlVZcFAvS29zcL234,parallelalpha,0.0755,873.4032099574189
75824007,10357,Scanner Probe [SE],https://lh3.googleusercontent.com/SJexgkIRckZKtMBFcaarnymDW5rdkd5-lw1G0Bjf7zBdTbE2mUiV_EM-vzqippLVAGdRfsRFhfp2RPP-WwpZHX6LIrMpvD2NieuhzFk,parallelalpha,0.2,1018.2724252491694
33532583,10205,Parallel Masterpiece // Alpha // Mechanize,https://lh3.googleusercontent.com/dGT9zz0HZ-cpYOdGX-B0oFWWnUjkw5rOC2l6eE19WndzTGaicWr-WR-JhbxU09wM8iB1u4pjf5jKZv_xcbXY8yNGe58HTijXVXThzw,parallelalpha,60.0,135.13513513513513
75064871,10309,Jury-Rigged Juggernaut,https://lh3.googleusercontent.com/Mao0pHS07QAHOtljaQetXGJRNwKvnoCkPhsntmRcmE6LwYBF_9-xhnqRssKMZ4HB2fCG0rg9Ccs-6OWdTxBQ1Pr4_pqYEHf-qw8z,parallelalpha,0.1885,1024.0240240240241
33420247,10120,Lancer Tank [SE],https://lh3.googleusercontent.com/slC8Xfx13L_22bBwPTznMZ8OOzg2cErg29J9_-rKzkolcxGuVJwx1eXj6-38rnLHHnAfOotrkqhdIGVjgKvFsGJaWpd0eDDmgjgyvQ,parallelalpha,0.7,125.0
82550504,10389,Seer's Stone [SE],https://lh3.googleusercontent.com/mUvBmd0LWmp9yM-hybLdCdkVF6eVGGnPOTYFLhsktuVVuKhOqbgbihuAE6l3m-a8v7nFohpmQgfXvNmdSOhnjwo5k3dhYzKlghlTTQ,parallelalpha,0.0825,851.6057585825027
77526408,10375,Paradigm Shift [SE],https://lh3.googleusercontent.com/5SLStVAf7h3JTa222BNEpo_zJaVG2Y8WW0qWfoxAQMBL8447wqJSCEn6o-gJUWf5DZMneoXAEpsMlM6uQ0_G-ZvVg1UP-O0gwQmE,parallelalpha,0.11,3183.9470284237723
33731608,10291,Repurposed Hardware [SE],https://lh3.googleusercontent.com/inV2uLvZtxQp12B2U6c-cuLrnmdksi82M8sGWTNk91jf514s29kcdPbDa3MYcuM6G5s5eo_YW41DiqV_DfkOWQeanrKb5UvH32aLrA,parallelalpha,0.04,559.7826086956522
75815609,10351,Annihilate [SE],https://lh3.googleusercontent.com/7f3u1LiJdw1uBE_T6SpOQAIMKdM0Yd24ft1MOQh96t7ttOuoGELRCD0lNGkYDxNybXDM23wqBXTOBVY-AAF_gS_wsdSzZV5FuCL_Iw,parallelalpha,0.064,851.6057585825027
76471705,10364,Memento of the Fallen [SE],https://lh3.googleusercontent.com/lO-UIfXgUAGBnRR8FR4KJAdWs0pJvzD8zTFaGxttt_AsmRar4wR62c_LMgOTlq-8P-3sdrLhNOksW1c08Fh7OjVIeiDftEcT9RXqZ7s,parallelalpha,1.0,6018.27242524917
84396937,10455,EMP Shockwave Concept Art Card,https://lh3.googleusercontent.com/l0u_vBb8aj4sDypvSW5flgihXEsQ5UCSUdBxe0gbOCxpcZ2pPenAM4ZPVK00qV-EvLOW-YlRGT6GoBtowjdh9sEfTLxnOs3j7MVR,parallelalpha,3.4,1268.3013503909026
33731497,10290,Repurposed Hardware [SE],https://lh3.googleusercontent.com/f-KptcSj-ecBdBLmNRbeEYlKdrywtOCND7GhDQtIB1q81MAYsU9GP6U_1MWAn2W2AnCSTdX8p6lKwDgK77nxN9jQWHrdQcRD53Sr,parallelalpha,0.039,601.1904761904761
33431786,10150,Paradox,https://lh3.googleusercontent.com/Espu11HH1TwmTe-V2LDD7y2MToEPYhyx4nsD5YKRCsaFw7MGH9CwubxP-Fpf6Zd1J7RxDKfReubsviyeSjzlqG55j2djBr8JtnwJ,parallelalpha,0.0085,140.8450704225352
33563610,10226,Earthen Logo Collectible Card Back,https://lh3.googleusercontent.com/sLe7H_VPcJxRPPrq8Kyt6_AmmbQNXlSm7y0eGSa45HdQ7ZUpm-GqoTYE2SK1JHCoe_8O_4X0-k3pYqng3qsvdNsYXj4IKyAWjaeV,parallelalpha,1.1,138.88888888888889
119240474,10485,Overclock Key,https://lh3.googleusercontent.com/Um_FZ8KOWmxCJVUngWSBnDALMcAazbCiZcDmXXC3oKYI7QRjN7X8OM2ZfIGHKjDPdFv89UxwvDnwuvi8pZD61F65w5-sXEUxQCU-_XY,parallelalpha,2.75,5268.301350390902
33732955,10294,Eye of Galli [PL],https://lh3.googleusercontent.com/RLE4sB4gPXkVNBYj7NrI3mvb4N3arGduVk7VUW7Yl6n10vEzx63zFscnMUiJoqfJ8RjBiB5w6wJV5Bq6Aj6xnNoAiBRfZLPljlzRup8,parallelalpha,1.69,10588.628762541806
33695547,10255,Void Crystal [SE],https://lh3.googleusercontent.com/BbCAGDXdGsax2M7vKQ-g95wnfJWfslvCFqduNBIlaCFUdhZJ6ypkGw16OBvhm4v1uChyFD_vmVVkb0bTW4pYrS70UOwbu6JxvS3ynQ,parallelalpha,0.07,10140.845070422536
33563612,10229,Marcolian Logo Collectible Card Back,https://lh3.googleusercontent.com/t4C9F2RFRwUEFZbqufPg2CAMlMRKMKaD6Z7ay-L76ZwfEzIyN3GNfS93W59PoNdOq07SO_4AxK-PIHZJf9dUOyaQznMQRgMusR3U26c,parallelalpha,1.0,125.0
33542444,10218,New Dawn Concept Art Card,https://lh3.googleusercontent.com/NzK9vd2jHeMF-OZjXnxqMVuE4f3Oib34krmmN_JPgyyn9mIsXU0CYU6nSGu-MdSFIjKs4DBTK6MoOk6xzsz_SxdNjhYfMIjJ8CuM5Q,parallelalpha,22.0,140.8450704225352
33425404,10137,Strength of Mars [SE],https://lh3.googleusercontent.com/3NO1Pp6Gx-IkBhFvAJBHWXKHnyapkkzGISQtgjY6bDYnlFzzUtkqnOUT86Ov4ShdnzgE338jqJhF3tuLcRTDPWumlUllzNZu1RbyQA,parallelalpha,0.035,125.0
33563613,10225,Shroud Clear Void Crystal Collectible Card Back,https://lh3.googleusercontent.com/ro5d79yrycuPNhv9pO08EpgrF8_yeaM7fR02Rho1RAvdxlefcMpp40wBgNf_iM7mcb_lzlXhrbX60Qa4E7jM3PNykTxf99jrgRNWKA,parallelalpha,2.99,140.8450704225352
33435037,10161,Foundry Technician [SE],https://lh3.googleusercontent.com/Oot2j_1xBIbIGwKpvqHWfn77I2nYb0ESLZBwpG7ydqr8G_sizM3nP5BRK7daU7IKeSVsniu7_S1uzrkUXRJoRchks9o7Z54fcID1JQ,parallelalpha,0.039,135.13513513513513
24970414,80,Marcolian Parallel Collectible Card Back [SE],https://lh3.googleusercontent.com/UW3JxUAMburd_wOG_TvmNfqYiC2XaRZF77iA2CMfFdLry_axFoM31X3CTJskj2e_WcvDiQZejOznmkG4ScYFo6KEmuDI4Neke9jB,parallelalpha,15.0,125.0
24827390,63,Parallel Masterpiece // Alpha // Amperage,https://lh3.googleusercontent.com/ySkvcPLRC7RDG_zUGmkOg9NkCWHAauoeuXk2xcZTCIgbBhk741FOhlON1PBgL5DRjct6OqGiXaGAkDcnCTTOGAVWaSbFJrZkX0SBkA,parallelalpha,33.35,135.13513513513513
33712910,10276,Star Chart [SE],https://lh3.googleusercontent.com/Z8Ka110cQcobJ2dR-WE7ZxZyzZOUWOu165vlYayTv9CnY7dQOlRtq1GXXEFpiTQzvsiJ06Ez-i-ANbWipHTZSn9h4F01RJt-U1Ry,parallelalpha,0.1,119.04761904761905
75796798,10341,Fanatical Crewman [SE],https://lh3.googleusercontent.com/xkJYdB81ZBA1Pw14ZM3rus7XaoNIjtE1_saTcudr60QNxm8gCxxu_LTJXBS5JDMPj3H17s-qaXuUfCPseKPCCslTBKDPskn1C6Ft,parallelalpha,0.01,685.9032099574189
75801614,10345,Singularity Steward [SE],https://lh3.googleusercontent.com/dlKowhab-0pKlwxl6hc7gX-E1v6bja-nqweT6lP3k0-A3wPsqkEA_5ROGS-ruJMbBO-6wWdPyz6nCO1BqJ3aS4ETUidHGuOS2XxUNA,parallelalpha,0.009,685.9032099574189
84359199,10444,Data Breach [SE],https://lh3.googleusercontent.com/A29tK87RmFfxy03O-jWlwtTz-nXwKz_sO80GTDYBFjsJxJAI0OKxf5ck91EvRYzDdI1xFBmToJr_Ujujpin0ymZ18Uo-qIjreINX,parallelalpha,0.385,1018.2724252491694
33562495,10224,Augencore Logo Collectible Card Back,https://lh3.googleusercontent.com/ArJxrFE3buNtDdexJ7Ao8fPFmunaJ0ZevDRXrw95KaV50PKnP-dRcvuriXjTMKmvGF5_o0YYnAQmneeav6zIZFR3PAsBPUMBtrA8cgo,parallelalpha,1.0,135.13513513513513
33420143,10119,Lancer Tank,https://lh3.googleusercontent.com/AFBR-ReFYJRI-j55yzvv2kySEY5RXSbonZnCEcYiBsBRXLVaI1oMYXaVnXGzNMbjcsGRwWPHRquL6D1VcqixowdvudPWcs_d39LeEM4,parallelalpha,0.198,125.0
33684351,10236,Instant Replicator [SE],https://lh3.googleusercontent.com/CBIXr1nXldJIflLH8egdD3FboIGBbFTWmlOuivfpADuQ72b_cukUzTU7K15yQ0aNWZrBtkFMOe7TZHhWuXoY98E0RZs_PVg1rvhBMmg,parallelalpha,0.074,135.13513513513513
33563616,10227,Kathari Logo Collectible Card Back,https://lh3.googleusercontent.com/fgSn0m1WhHGqP7IbHKSwyJcikBpn5ZOvzTUDphn2jkYdctRdMFHWT2Zu8GLgnwtLmlTfIwmaLoqgsHHfhYpW9ailk-JSYHQBtjMQ,parallelalpha,1.0,153.84615384615384
85077232,10466,EMP Shockwave [PL],https://lh3.googleusercontent.com/fHrw6KEFXQa1Dl9dCuabxQtBAJOolXZPKEW4dQ_2vd1B5VXO_OpSGJUk_qwspfw1fEofC8JAbxxHV6-pq5iTA5M0n0De0WBT__yBhAE,parallelalpha,0.082,1702.3809523809523
75785712,10335,Trigger-happy Trooper [SE],https://lh3.googleusercontent.com/kwdbTY5XVJkVlwA4e2Wp5VQF8Fc7J7679eWMM1njhF-TArXpWLHXvgFGpWcyCwv09WkwUPMY5lglB6Lrm96KpcGIzjQEyRKEwq7qPuE,parallelalpha,0.025,690.8914728682171
33710561,10268,G.R.A.U.L,https://lh3.googleusercontent.com/XFkXdgACfiss3lX-z7RNDk9YNscSd3rLFAaJ6z7-ISLotjq-pVfW-L9TRYoR-pfxylESOzudN1zns2G8jOPvBMwQIV41BpaMiqM1,parallelalpha,0.009,135.13513513513513
33418577,10112,"Soleia, Disciple of Gaffar [SE]",https://lh3.googleusercontent.com/DbJ5lGLrGTpbGPdUjGh_qlAUpyLrwQmHfUFvjiIMlJpsHt3L5UwC_h-A8zaHqlw1yC_xfVJgKX5AqfrlNMk5N3WoT8nMC5nqX2fw,parallelalpha,0.7,138.88888888888889
76450322,10360,Tome of Aetio [SE],https://lh3.googleusercontent.com/stmw5bmOIF-jnKXfAVT5aCjMM2Y84m-ctIEyL2o0Yvd7plkd1DkqEl81pPpot4BECUnHkspNfJ9RTFzWSJ1FZ4HV3FHUGrQX-IJpQA,parallelalpha,0.022,3198.9042933810374
33437282,10170,Life Well [SE],https://lh3.googleusercontent.com/9kRnNn0qbDRtDmIa_kRU3dngDLkjx7YZ0tisRB0zBBzlsFVbPDmgBrySOYu7fQaeJXxSKdsmrvvNpQ3HP1hjbloijwIpVxLbUBrmGQ,parallelalpha,0.08,119.04761904761905
33540659,10215,Foundry Technician Concept Art Card,https://lh3.googleusercontent.com/jZRRiY21ClZZqFWrLgwYVgyBGlB9kDDsd_qvN0ieGhg4eZWi-uouGX46ywU7bADFKuo2f2J0YcFATFIbWI8NM-Bnquo1MnpDXJFVpw,parallelalpha,34.0,135.13513513513513
75781684,10329,Claymore Artillery Gun [SE],https://lh3.googleusercontent.com/Mj8ChSXgr0aGwy2niwNcZJV7GeEtw81vfLaEN2o9rYOnSLiN8R0My3ZEjK7q4avxZ6EljsI4w1lV8NO6fLdPt5r5t2fRK_8kVyd3OA,parallelalpha,0.01,690.8914728682171
33426980,10144,Genetic Correction [SE],https://lh3.googleusercontent.com/ju1PWBMEqRwAX4rmg2d_8_zv6zIGrVJDsfBVPsTqECv0i6fFNsE9YN8-aDC-Ys0WuHfBv1vdWDU2U2MOoEFcbJPJkbOhmo1_c60Y,parallelalpha,0.0499,153.84615384615384
33695780,10256,Void Crystal [SE],https://lh3.googleusercontent.com/uB1F3zgTACrsR4OOLyxftfipjas_RdbDQveCpuiKUp0cbYvNqR1Uw4j5nX1vaoVB55bE1wGdxwR_r2hlDVIbv0J_Ozi3Oqe1Tq0ZZw,parallelalpha,0.041,5140.845070422535
20561765,41,The First Son of Mars,https://lh3.googleusercontent.com/05AEnH41ynkwNBfUbqssRBfhy4GtEMju2DWz2F85-W4-GXAudNhCcRAaSTadAt27ZH1jEQ5hUz_uCf3c9FTvrInvLuHZBGU-YajK,parallelalpha,60.0,125.0
33711125,10270,Parallel Masterpiece // Alpha // Seeing Triple,https://lh3.googleusercontent.com/8_J0GOgqVUJOHB4vBzdBjWAWxcqw3AQ5Pj2gZLxRacSPfjtPfuwTt24n8oguA7bkWRdpZB6ijvI0tIxWykZqXDQYN3uBR9XvtELc3A,parallelalpha,33.0,153.84615384615384
33425749,10138,Parallel Masterpiece // Alpha // Supply Drop,https://lh3.googleusercontent.com/BFllJn5Xtd8YlCf26OtO0az1auHe-Yq6CuptsTKCPt-wE1KJOHj15eOHSBDSL-3Lyh9OWqp1tpWqzOfFPJPARrRraGnTVZHHL1XV6Q,parallelalpha,55.0,125.0
26758166,10090,Rug Poll,https://lh3.googleusercontent.com/zWa3qozOvZTxOHM0bOPeYvY4Es2IXj23kQXiORkoYIoMuuagym8oz6Cf4KJWJe9J4vFHoDEvlFf0c65sNLJfMT7AVX88r67s7-EWNDk,parallelalpha,0.0489,553.8302277432713
76474407,10366,Memento of the Fallen [SE],https://lh3.googleusercontent.com/2egisrwGxWCjf-g-PXHztERVPSTPPmsebYJPq24NyXWzd4zbtHM9qYvGseF3mMxMLBdApOm-4MzvynGE-k3Jek_Xy48NEqkA4x147A,parallelalpha,1.35,6018.27242524917
84369735,10446,Assembly Foreman,https://lh3.googleusercontent.com/E1-ZAbD98t6dLDxrYPy2AMGHg8Lvx14vadc7-miuQr4p5RP3wu6vsRV_J-kXAcCxNbyFuRJ2HIx6lTYMdkxMytOA8mYAm2zRSxDfzb8,parallelalpha,0.0079,857.3573573573574
33419258,10115,Reclamator [SE],https://lh3.googleusercontent.com/-UUIlk9cja-7kDN6K9OWzEfp4zjDvpLmDDF8oyqIU5q0nK5NLw8Rndi1Kh_t6s3T7kDy_oSrI0McyxXsSVS_yLoUVGCNkWiUuIRZ5Es,parallelalpha,0.046,135.13513513513513
23327052,57,Parallel Masterpiece // Alpha // Orbital Strike,https://lh3.googleusercontent.com/GccU4sxF994F3xAvzcTIqkaArkrzAzmGSGxbqwB48Cgmqts3TofP85PwncKa-NJX62naImq5Ki0rQVj_GCi8WDCwgDdUfZ-nt23ftw,parallelalpha,2.216183165683594,125.0
33730060,10289,Change of Heart [SE],https://lh3.googleusercontent.com/EB7kcfKurgEGS6hGzJ9NP4M7lz1qrQu62LfVX6eCkIy8jKbYhSvM-5WLkWWrA4NoU9_NT4Egfv35qcM80Zx5vZ7w_s052xnPU5eGNA,parallelalpha,0.049,573.671497584541
20338780,14,Kethtrexamine,https://lh3.googleusercontent.com/BhC07tuDylz90lm5xTXD19O_2D5u5icZ5M43FDSzdygab5RE-tGgg2zPQmUqGm5Skq_dn1clZVqRiCRDMSMsru2x5_LY88uncakf,parallelalpha,0.5,135.13513513513513
20339340,19,Gaffar's Peace Pipe,https://lh3.googleusercontent.com/FT7mbt5bgFauLk0h_Kx6tOyTrR5rvBKMEAZl3xsltUKA1q_raxUE5WCumM2PMsU-YtPMYqVJ767XI342iazY6T9GS5l8qDZ-DtIxMw,parallelalpha,0.3,10000.0
24937613,64,Archivist's Pride [SE],https://lh3.googleusercontent.com/YEQ6elgKBQTXsfcMjewZO9EuDcYvxbxQDey74kLLmNgTwWTNo0m45yNu6IOe6mp2qx7EpeSyXfNfZb5gSmWEJLb0uVzcXV7IryuLfQ,parallelalpha,4.2,153.84615384615384
33528013,10194,Parallel Masterpiece // Alpha // Collateral Damage,https://lh3.googleusercontent.com/zUUffWiQbW1ciJc8C2yqGi7WIF-X9PUTOjWEKHjTUuo9c14zugAYI3gcKgClW-yXGvUJuoMW-pkqqJJZvaerV7GXq6MHIfRSB3spkkA,parallelalpha,60.0,119.04761904761905
23326605,56,Parallel Masterpiece // Alpha // Graphene Batteries,https://lh3.googleusercontent.com/B_rpZFvoKkV4rt8gcz_eU323UkZBy51jFXbcOZ7PpycG03NkYcaPtuXBm30Th-5OPydFHQEwRBnq4fwZte4zXazU7yOas65nyHWICg,parallelalpha,1.5,135.13513513513513
33417469,10107,Parallel Masterpiece // Alpha // Marcolian Bannerman,https://lh3.googleusercontent.com/gsAm1hi965F99QH1_fMLeFMnJJf2oNx6NAtsgCnfeQ0o7a5iEkPaEVKqBxbKjUhOmOB22UBwWwWjbIniJuSmgTZ5e4Vv_uQlUXXyPA,parallelalpha,120.0,125.0
32901374,10099,Parallel Masterpiece // Alpha // Demolecularize,https://lh3.googleusercontent.com/qqmlhAHB3yrxomJXHg5ju5Pw2GVUPHmIH5M87TiLod444FLaSXxtXwwrbJMINPA71PI5Jh7EJGGv9eSzfRBUodf33iECeWg8whmEjw,parallelalpha,169.69,140.8450704225352
33721327,10285,Eye of Galli [SE],https://lh3.googleusercontent.com/-aCuzlluCohKTnlKFWg1xRRG14rPqiig5wlIkQSQhI8itkmV4fyZ1uy9UnmLXp-s270OY0F3zl9KjgieQziBWut0mWAUcLEChngFmAg,parallelalpha,0.273,588.628762541806
75798831,10343,Honored Steward [SE],https://lh3.googleusercontent.com/fynByHbmvVM-Qsv8VlXFsJCLZ96UOnSCb4rnAlho0ctG75gorEFiG4O01mBc3q6b49yeT4LFp5zpLBVpNs4sKD3YE1AXgM7OYIHEvw,parallelalpha,0.011,685.9032099574189
33433936,10158,Parallel Masterpiece // Alpha // Reliant Gamma,https://lh3.googleusercontent.com/5cre9d1DF9mKrEn0JYDq8T0Etcm8LTC-JuEseQATJyZHD0uISQH03sq1dYIu-bm0YMIxXFaZ1CaM4O9GrPA3pPXZhnbO-CjedffQqg,parallelalpha,65.0,153.84615384615384
33452753,10189,Earthbreaker Cannon [SE],https://lh3.googleusercontent.com/SygUhfQwbq3hYnASuhbcbLNotqBppJiTxdTdVKJSxvfTQKqcm7Br57GTsm9zOgm_D9DumnjmfWqIOnJyeUtQ5w-0-5fPh4A7C_ElrQ,parallelalpha,0.69,125.0
33687057,10239,Pocket Dimension [SE],https://lh3.googleusercontent.com/AAWi37szAixkDhpesKvVb7uvbyqiHaOsopbq23QjAPPNxDvnzwT4DCPqEiqv3zNAOk6X6YkGwvqzTeF4i-gyyQfbwu8Hv4O22sp6Lw,parallelalpha,0.3,575.6276791181874
77517587,10371,Paradigm Shift,https://lh3.googleusercontent.com/oQuM_IdG-3_n9HDYQch839GmBa19RYdjLZYJM579ppKR3omLmhUOEJdjtPm2OxJO6vElCZTpso22H_AtUXKc7byk2e_N3qedkLZ3WZA,parallelalpha,0.007,3173.611111111111
82563747,10391,Infused Core,https://lh3.googleusercontent.com/ftvJBvqzj-B53qWjFCzzzaphVQVNrDBDaTljHYhXStR5rTXYnufWZ141ysPBsBa4BiSoHAtJzMJc9R8JV_qQ2wGMleOAuk7uSGPvKw,parallelalpha,0.0069999,841.2698412698412
33532723,10206,Mechanize [SE],https://lh3.googleusercontent.com/GnvPGrMvgoB7-E20vPPxGFH8rY4la3JkLTTWmukfFcky20zR714xyEWhjS17qS129_hYfFw2zcMMM46jrfXTC8ZhDacg-87H5r4xSw,parallelalpha,0.052,135.13513513513513
33533508,10208,Antius's Forecast [SE],https://lh3.googleusercontent.com/hIriax4wR2IdddS4lmkrzyl_pVETHlp8Lg6uhz-Bn11vvja38BjMPpTp4J40cSAbmIR3MDdrCC37XcEl3y3leyc-PYSZ_oGqEbyh,parallelalpha,0.02,153.84615384615384
33422292,10124,Parallel Masterpiece // Alpha // Antius's Forecast,https://lh3.googleusercontent.com/r2pOvnmB32ZX6mZe3hq1ZbF2ZezdHGyvmciPa-g4u0ti9tFNuTPbae0TtvF6VacXiuLlybvyM7tJ1lDAx1pmhtvMJE3a89pCrcAX,parallelalpha,90.0,153.84615384615384
33437636,10172,Manipulation Ray,https://lh3.googleusercontent.com/xNzZ-bcnmX0Sasp7aaiBiuXJ1Ovw8tS6sjG8kC-EI5axpqNa_lLU1ao-kulQx6QjkekY94qEXd1_yYz8Q8bkTj-iDi03VDJXxl-_sw,parallelalpha,0.00912,125.0
20339237,18,Synchronicity,https://lh3.googleusercontent.com/kQTy6yWpWJh2M725tQwLdBMABCtqmYOwDo4JKVfJql1XZaiB6M4gRKYRubJbggYo-0aHD7F9PYVMEPFc9Msf2vc49d2KdEXF4-h3,parallelalpha,0.75,153.84615384615384
83351445,10427,Parallel Masterpiece // Alpha // Data Breach,https://lh3.googleusercontent.com/DeQrg7wlPu8EMrO24Pvl4ePY-zAwReCqmbiV3ox8vrXUYNkO8oRZ7_cHBiXrATl01OoT8_VdYWj1ORiwGlEbS1Iq139wyTzdJroqqtY,parallelalpha,85.0,481.06730783771116
33532838,10207,Mechanize,https://lh3.googleusercontent.com/YI43UiWRdtnnGNW_Nf0Ec4JSJ3odvkWzKsl5nh98qtiZwlMDXuYhvpswyq8B5MW4IBu5_Xwobi0YTKxNBbs83co9HqR0D7YP4zNlvlk,parallelalpha,0.0201,135.13513513513513
77517590,10372,Paradigm Shift,https://lh3.googleusercontent.com/u9taSfTBX0FKGNPfkQDU6_UBYDsucFHRZOiYo5PbkKuEUlgTUimtq9PqoElR_71yKDESHOwLv8TlJdztUbUaVvbSNafLfPKjqWtx4A,parallelalpha,0.007,3173.611111111111
33434390,10159,Reliant Gamma [SE],https://lh3.googleusercontent.com/odZFqni5UQ84dpD17jqLD0otTSRt1MCFyvoze-kg68b-iiEEPUqaKT0QY4t30loP8uYoGveOmxTdDpAc2VzyngwsxiauEqRISRTXELs,parallelalpha,0.037,153.84615384615384
76471062,10363,Memento of the Fallen,https://lh3.googleusercontent.com/QTK0bVSR73EQ-cftj2w-9pOeXbij_jvmPTOmiNnzYWyMUFxdYswS44tSF0gcLk2mRu0axt4yTH6aWAWDAKoXuJL0Gh-s2SwvWe90SQ,parallelalpha,0.799,6007.936507936509
33705319,10262,Cost of Creation,https://lh3.googleusercontent.com/isJpBrCByZdY83fQ29jQyHWnXDGJu_xytZ2JXsqqhuNGGdGkuFvhgcPQi_dLD6DN3Ch4jCoEENEGMup4YByxW4Qc0M7CbBaEoCCp,parallelalpha,0.009,140.8450704225352
84384647,10454,Singularity Steward Concept Art,https://lh3.googleusercontent.com/GJW7BP9YcJU4nwJu1YrmG3-SCxLaBTKDbOSW5uvhsQeNg_uR8MnYFin_NdDnznrm27rtA3bKIEL20AoBxUBfa-jqchbqk4V8SC7TGuA,parallelalpha,5.0,1290.0988017658187
77524872,10374,Paradigm Shift [SE],https://lh3.googleusercontent.com/mKk0k9e1DOGZbHrYHudwUe7pudNy4k5YzPVAHKQ2GNgjncvnAtvGu5R0Ig3Jkiel1HsDrlxad170KG3IXg_rFbxQL3hUYzkKz7b6,parallelalpha,0.098,3183.9470284237723
33687624,10241,Pocket Dimension,https://lh3.googleusercontent.com/ugT-eLph6D_818JxNIlakXyzE_w5XCwaRY32d_QyAsK9oIY7IhyIPmRwQi573dkILb8qoWbtzw86gXZcVn-ZX07FaM20VJpSsDDw7L8,parallelalpha,0.019,575.6276791181874
33686840,10238,Pocket Dimension [SE],https://lh3.googleusercontent.com/DafSEobRn_n6brbwF2SRGqfzWWKHmyu2Crt6gLTMhWcBDL7nvX4NhhLfDJt4RXg9-3mHcQ9czzifVUX8-SOZ2502MrYOBEJnUzbsSQ,parallelalpha,0.224999,617.0355466130114
85742873,10483,Battle-hardened Warrior [SE],https://lh3.googleusercontent.com/BdAwpfX0E0tDFWUC68E8Ob0WzShqvlJNF7jbvk2MeMhWFq4TcGEX5_qRVZ-vzT9MXXNPw8fV2LmYc49Pa-ABCt8D3xnwvVdc9E78Bw,parallelalpha,0.03,704.7803617571059
82563753,10392,Infused Core [SE],https://lh3.googleusercontent.com/8UqES_WIexYywpfPAKbQVIjFA9HiFhvtRHDH3WWitnbhff6KVaK7zWV3lksU-QtsvvlZTUvPRCANkC2CaThhLBvc3KbaA2m7ZCOt,parallelalpha,0.068,851.6057585825027
20436793,31,Shroud Parallel Concept Art,https://lh3.googleusercontent.com/KcIoVN0EFreiXdVjTwV_9ssgqzN5j3GspVeWh-z5aD9gjoqpKExteLQ63mc9vMyTGtExsKnN0UFF5-xIbOXy6mOeSSyF3uH4dgzMeT0,parallelalpha,14.0,140.8450704225352
33700282,10260,Eye of Galli [SE],https://lh3.googleusercontent.com/zVuMqcM7VoxP-oZwOxV6A9Ya6PmPmd7F7IwiJ0BvwihKVOElVA-kt_WPxHSmLx-1kxsiTfE_yH_12BREuQtz09Xl78sdJV2ppOwF,parallelalpha,0.23,630.0366300366301
75802986,10346,Spectre Attack Craft,https://lh3.googleusercontent.com/5zfHTEJRNc_IITDN5XQJTavnKcW1ajva_3QHjiG8T9v0AVT_NIZkMMNMURlB_wn_2frY3ruzq8E52N28gDwFE8mDKL2MAz1_7gUiUA,parallelalpha,0.008,863.0672926447573
85083978,10469,Infused Core [PL],https://lh3.googleusercontent.com/ajwg0ds8lvJWrcP0a8Tc4CkloyaW58wUdxZwnB_y4HT6-SGo3piYgRwfaLoGlNujylAnxHtNZZ-lURr8vNSo4ptOpJIFrbXu2EUhRQ,parallelalpha,0.14,1869.047619047619
22432411,47,Parallel Masterpiece // Alpha // Neutron Bomb,https://lh3.googleusercontent.com/0ZEBXqYZ6TVa8zIAAv_r7kbeb-mA9VYZ7IHs53vRRshZkK5ifh35jsCl6fgQPLNirSKX49mxEfQspEKjnU4dMt_Wbqx54oDeK_1DLw,parallelalpha,58.0,125.0
33684156,10235,Instant Replicator,https://lh3.googleusercontent.com/dyVE6qqwy32RqkoCbOZJ6blfN5C5N2hdrrG6cuM_IhFvQXmSGh9AxtRkaCFu4nq2Be2dGRonWYKZtrmVx6MxKuMnIAwzldx-KS5yFQ,parallelalpha,0.01,135.13513513513513
82563756,10396,"Magna, Tempest's Will [SE]",https://lh3.googleusercontent.com/Gc90qaTtntFD7P-m7665fGJJUj-X1iWPLwYkXnJ4mEpoWn-EKFNma6A3O2xC1LFhwNTwoEko5E-eKvv_EN_XgfQ7bQYeS_4zWJZFmw,parallelalpha,0.455,1053.0709600477041
20440716,36,Augencore Parallel Collectible Card Back,https://lh3.googleusercontent.com/MzVsNwhjQ_hf0hBpMtt4NQhR41w_yRHqb7JiafZymmQgkSKTCZYEeJWbagNoM4ZNtC_8o7XDYH4-F-wUgf0vdUrChg-55N1IcjLq,parallelalpha,0.9,135.13513513513513
83351116,10426,Parallel Masterpiece // Alpha // Annihilate,https://lh3.googleusercontent.com/3vQjk2WQ3vndJcVIMHEm1dcKYp9z-9prG5QRxQaKtkF_Zd-kVBIdayf8eJQtTP8pXaHdjrj3lJLdfYdhmv2EBylQwY4FqKftxWeVvdE,parallelalpha,99.0,481.06730783771116
20339021,15,Graphene Batteries,https://lh3.googleusercontent.com/f3RsG5tCXt7KJXjDkTAW8WU6Z_jukmkaq5h8Ch1zmyOnAcJ8SOC6cZgx5V0hMEl7SEL_LGlyWcjjI9EQtIoNlB-36DjFpYseoeaBlKo,parallelalpha,2.25,135.13513513513513
20440829,39,Marcolian Parallel Collectible Card Back,https://lh3.googleusercontent.com/ASZbNg4Zo6Ld1xz-1OiFlIIXqsp4IZIujED3WoQQvZoH3WDB47IdJJ5phVn28NYclLQC0-zKMdSUNGAkIHymnNymXKNkHwpmd9D4,parallelalpha,0.8,125.0
84382301,10450,Maritus Concept Art Card,https://lh3.googleusercontent.com/wRZe6R68AXznHNgeCQ3LbqhllwjU9Jp6zY7mngJwqthSmJRkTmsugSujqSvMZ6wUbthxFY3fTo1RFp0akn1CY17PKl7ZMUiOYyciLw,parallelalpha,4.5,1303.0998851894374
82563757,10395,"Magna, Tempest's Will",https://lh3.googleusercontent.com/Aaoid1y75WF2VUQTlIMyvTAWUGnKg5GD2tQjRTUk6EluvwHFJHq9uMjoVx7F29Z_56MHpxyMMAVDUlZ3Dfuu4SXAplWhoJ9ZKVpnHg,parallelalpha,0.149,1042.7350427350427
20339022,16,Ashes to Ashes,https://lh3.googleusercontent.com/VDOfz388I_87mtJkMmH672mORU0DAa9dUlmtnVyaR-btCVpmnC--C7nNkT0Sl7zdgH0SXgfEcsLK4YCGhbLMKw6HelecwVC963msJw,parallelalpha,0.0089,140.8450704225352
84382302,10451,"Brand, Steward Eternal Art Card",https://lh3.googleusercontent.com/wl6o4O7m3dswHq2QjQv_Oq99UaDT6tCpsYbP_3PTfwT5-eWprbOq45ggAV45O2PTqLuUGnj_ZBEFi2LDN3fKnhWorfbJcl1OeGOAju8,parallelalpha,3.0,1290.0988017658187
33544606,10221,"Soleia, Disciple of Gaffar Concept Art Card",https://lh3.googleusercontent.com/MH-VPkNq4cgGrnZhUQBKc7-uWVWXmPEP_nf8gLEyyHiOKBekbNBZFi9kvXHtOT5n5_j-8IcpJWhqvKe3Bs7VybeS0BG8w2fl0xH7nQ,parallelalpha,11.0,138.88888888888889
33452430,10187,Earthbreaker Cannon,https://lh3.googleusercontent.com/MMR-YsAaDPplFNMuPJX97JNgtiPeyZsKsMXl464c_jwKaPpMagtbtXjGk3dDTsRdcH-TMdaQ1XT09ErB-xIFEh8m4pkp05mrWwojdQ,parallelalpha,0.14,125.0
33716079,10279,Backup Copy [SE],https://lh3.googleusercontent.com/8evBtY_7QMJ4Ttbo5IiykvC8zskjIbx0e8ElBbdfE3mAZ8snIS8G8G3tGpvAR_0XjuU-EgWW3u08ZU9g0C5MAxXbL1Jl3aaShr_J0Q,parallelalpha,0.02,153.84615384615384
82563759,10394,Unfair Advantage [SE],https://lh3.googleusercontent.com/NtwZnxrkp9mfbDT9vYhsyz7qcoLbDInv_0Vp9AHu2YVTdloCMYobduRbH4D__L35CfQvuLLj6eEqzVjX7uBw54NVnh-6OMRvI_xLvw,parallelalpha,0.009,701.0266080033522
33431823,10151,Paradox [SE],https://lh3.googleusercontent.com/9abBtcUWpAemAlocwulfWFhX6vZz785iL0QOPQsfyF0WKNAI6gaFnkEwDIabH3NXTOJpiP6Xs3qRPuvlS-a9dx2gyrRdB1U9W545vFU,parallelalpha,0.06,140.8450704225352
33434624,10160,Parallel Masterpiece // Alpha // Foundry Technician,https://lh3.googleusercontent.com/WdHvvde0SynLYr07LFNPZdJZolPrla03lFgc8VcnQ7a_gCn4Z1sBOKuFqBu0RzYvev79xLtWAShPSIKm44ycvlvuEXMrDzwtEyuCRg,parallelalpha,79000.0,135.13513513513513
76472304,10365,Memento of the Fallen,https://lh3.googleusercontent.com/CX3OuiyhVsf7KFqa0kDBLjfLUXAB6yBX43BAl4yHG8vOBVVUsLndZtRAcY6aLeN0vtfFdiy2DFJhD5PNE0SvPtWbBs4fNQjNMMZ1lQw,parallelalpha,0.895,6007.936507936509
33689538,10244,The Tree of Nehemiah [SE],https://lh3.googleusercontent.com/FvzQqlM8Tq_D2NLU6tsGIPmTF0kPBZP52LK_MIa9h-gCo_yZaChdZ1tMxYTN7afdZG0S2UYcxVVvdPeBVFTdt_UiqKS-p8G6UAVlsUo,parallelalpha,0.1111,615.0793650793651
82563762,10398,Mantis Corsair [SE],https://lh3.googleusercontent.com/_hk85ljfNVvF6-k3Jm0b_6t9XKfRxv3iB69PusBW-Akq2Bt_N4mpjKybBbbBHM6WOv5ESmYz36uv6MnC00jPTYyFCYcYGSf1n8ys,parallelalpha,0.035,664.1057585825027
75779475,10327,Unnatural Selection [SE],https://lh3.googleusercontent.com/KIShPAGcflHg8GMHrWs1TZBxxn-6MiEA_v9-rOXjR7HrEK5PRfHan4JUInKYP-792CwFCMpk5KZJJk_iLvnUeumdcQqKnbVKvmyM,parallelalpha,0.0129,719.7376267143709
76482387,10370,Scanner Array [SE],https://lh3.googleusercontent.com/oMIQfmXD9E_-V5rXmH3DPpnPP_aDf7zRjIdTWp1vscVcfU8UR38BcmFf74zx8sDtOdAeFhXlpcGie_cmsk62bC0k082tBLDHmJrFfQ,parallelalpha,0.01,5680.193274670019
33689539,10245,The Tree of Nehemiah [SE],https://lh3.googleusercontent.com/orW_pirkjjd1YiU9DhFaJQdUWqlFZy1daDGzZ2sd3slSY2xKcfGcBNBAX-2_69AgHlcvCwNDFPyGgOhmP5LX8SkN_5fGhTIjtPQ1tg,parallelalpha,0.17,573.671497584541
33708357,10265,Trade Secrets,https://lh3.googleusercontent.com/NF0anAZhu8txCZVZ5sRhb_TXPcTMO_eWKJZllc7Ondok4knTCzwABN4IVULt2U408Menm2PKx7oFBM8u4p29y_pP_S7OLc6ih-a6uA,parallelalpha,0.0977,135.13513513513513
33544053,10220,Pocket Dimension 02 Concept Art Card,https://lh3.googleusercontent.com/C6jcCRGaTv8BU08lm8JFcgF9JRZpg4zMquprpRiTfBjANj97dsyvhDJN-daXfFUcfvZDL7dFLId7tcScvGPV_qYpLoB9cZmPxEMBMcY,parallelalpha,13.0,140.8450704225352
33689541,10247,Gaia's Call,https://lh3.googleusercontent.com/iYNPj72lT-eYAILp89lm21Lcqwg8YPXFJEyvUttFNa-u8yZ4WeyzO9tKKu7ihj5ZOJulGBRNZNka9mi5D3MEZ5fn89eb3m0kr2mY,parallelalpha,0.51,573.671497584541
75065590,10310,Jury-Rigged Juggernaut [SE],https://lh3.googleusercontent.com/8szR_LT5yyDHvf9pG-laBwrRiIe8lSLBTu7bmPJpL0oZMUZaeTpn0v4AonmcZNl0a4MN0m9BT2wrYoTsqzHcO7k7W8WX_Qg_tctc_Q,parallelalpha,0.284,1034.3599413366856
33689542,10246,Gaia's Call,https://lh3.googleusercontent.com/NSHW-24My2M1xq-8wNGnqvFDgOHfIEhgkuKTDVyUEWEW0HN8wtmyzuJ98roVuMDvP0fH4gYzBZauXE94eqOv0nCMcZAPITijPjY0hMk,parallelalpha,0.52,615.0793650793651
33729191,10287,Collateral Damage [SE],https://lh3.googleusercontent.com/7xg3xcRGdolDl1vIW_teUSd8iLElduijq7F2fzlUSGSwMMEswKQuxRKujavw32OmlnkR7fvPhfC9g5LGrErESICnRW7kiiIkBKdw1co,parallelalpha,0.025,553.8302277432713
32900728,10097,Parallel Masterpiece // Alpha // Lancer Tank,https://lh3.googleusercontent.com/deNRB3-FIM-UpxyN6yy_ptHMQYloBnOC6gmihg7vG16vDASuWE6Lkns2465GBNwLJ_9vKUir_MOrhV0pQr9W_lx6GR5dmZPl8VXF,parallelalpha,22.5,125.0
33729192,10286,Collateral Damage [SE],https://lh3.googleusercontent.com/iUpCsVhjlegGK9jkluVvOgaHjgL6u-tYOuS7oLihavwrt1qwv4QUV_YHW3PEbLOMcK1SKDZTyW5QGXzoftljnwBuCX9_qhV0FtWy5iM,parallelalpha,0.03,595.2380952380953
33705672,10263,Cost of Creation [SE],https://lh3.googleusercontent.com/t9je9iM1qSo4hqhE-gasUA7bAgZUZi9r3yfnBhRV2Q6UV35RXUY5r2hCiYWhosPGuwZe5A_k7zn-JhZgTMGGYK-NXWXe3sSwp53KuA,parallelalpha,0.06,140.8450704225352
22877177,51,Parallel Masterpiece // Alpha // Genetic Correction,https://lh3.googleusercontent.com/KSIg00GO2MI19m-Pjx7YTKihCBXAdgoLD9tbzwARH21Etl_B7blNYX6wHKeTw5NrcDPEJq-EvWq5alH_7R1qkWrO-rIoUjH7_LZ5hA,parallelalpha,3.0,153.84615384615384
33418505,10111,"Soleia, Disciple of Gaffar",https://lh3.googleusercontent.com/6dOKIaWiCOtsZ4d9B6k1U68SoQALyXoY4G5bkkr9W5uXuKxBUROpNDxApmjglPiKwv0htv7Y_-Fb2H8J69IKMzpZz2vEfVZnQxiA,parallelalpha,0.64,138.88888888888889
33423322,10126,Tabula Rasa [SE],https://lh3.googleusercontent.com/oM4ZWm_KsZOXv-3DpXftLIDHOVQ2fgeK_ye3v27gqO4nhSlg1uyZ2VrfVJhXf7BYwaJ7rQUVT0n2zA6KwWc5WWB2YqircIcP96m2ww,parallelalpha,0.06,153.84615384615384
33419067,10114,Reclamator,https://lh3.googleusercontent.com/CSLFEs-LZ3fhKIpd71jklL16Qp852D1V7ikP9Lz-KNzaABC5Q_Tv7aEw9vTM6HQBW75r3Jg1SBVmWrRpK2SqeGiOCTzZ1J3Lzou8,parallelalpha,0.0076,135.13513513513513
33721131,10284,Warden [SE],https://lh3.googleusercontent.com/l_UmSqqff1JOogOSiU3iFydY5rHgTaWDBe5Mt2pJrnsFlzo05DUB5oXp2JAWH2WstHrw6KnA_wQwG8_3w_ROWiShaRi2WdEz2Zv4xm0,parallelalpha,0.07,559.7826086956522
33443035,10176,Master Poisoner [SE],https://lh3.googleusercontent.com/LFLoBv4fcRdCQvKnsAv7EWQNe8eobwPrXTPvbcnQbmbofLpnRlQNQerJ_WPWl9hyxXRG4nvdWQA_eqjns6lhY4XfdLq5oRm6gkdh4g,parallelalpha,0.075,119.04761904761905
33424891,10134,Solar Grenade [SE],https://lh3.googleusercontent.com/psvaqNrWOEuaf_J_RvHI35YguqCV5WyU_MTHV-uFM3nn6vIBgW2tBJbbFIL4twgmzBt0rqQ2duY2THFDXeSHViYFkCxOXoHzQwXyzA,parallelalpha,0.08,125.0
20440732,37,Earthen Parallel Collectible Card Back,https://lh3.googleusercontent.com/X7jpJ2bKfzGae9kuAD1XEpNvuEhya8m2zhtGG29LFGrT9LuIvd5PTyT9E5z0PC5cutcr3g7UIhi0Vlhgo8AYjF6E8n6agEB6R71e9H0,parallelalpha,0.947,138.88888888888889
41345868,10304,Rug Pull Art Card,https://lh3.googleusercontent.com/uZC0vu6LJ4bRPsjRYchdPMS4vL_ApT4HaIuRGzJhO8GIY36elKBTflVqpRmZUmIVVJAWoXBMW6eWDUfSrLuVPZqv_2lOmuLuMavfNA,parallelalpha,6.0,595.2380952380953
