id,token_id,nft_name,image_url,slug,last_sale_total_price,rarity
17765520,13000139,Ringers #139,https://lh3.googleusercontent.com/kC_2fXwyR7l8ZevIvKKQN9PmxqxOjlsIP-TMY7UzNxV1dQpuUEsyT7FDj4UZjMI0ofM9gnpq0V25BiNBeD_pSydCq-CwOH16-DBgjw,ringers-by-dmitri-cherniak,225.0,156.24682419415677
17765402,13000036,Ringers #36,https://lh3.googleusercontent.com/XHiVOCqOrmpTQqapSLlp9WqeNAucshK8hJcYql9RCf7xdxEzh8XsQvFsLJ8UXP-dBgaogqtyBkePXFbcvx5wLdb2srsOrOIOD-__,ringers-by-dmitri-cherniak,9.0,184.6379889634755
17765763,13000339,Ringers #339,https://lh3.googleusercontent.com/W1D1muINiJELgOltNQxzQOchqhDurw2WA7dAr0MS-u3lmOoo-p5b8Q3OsSiwl0dGBRhvTJlMZSbbL2F2LJbP2yFoiZCk7fzMTTRs,ringers-by-dmitri-cherniak,2500.0,3578.4872438219722
17765644,13000233,Ringers #233,https://lh3.googleusercontent.com/mzsTJX68S5KcVZy7OeYrjsXokzZwBQjuFAu0G_PsE2K6AlQ4eMGD2Pc2qgGrCe2vwODkBF3oWLqZ3UK_OwWN3_INuQyaS4pLYbOtQmw,ringers-by-dmitri-cherniak,2.2,839.02275963112
17765764,13000338,Ringers #338,https://lh3.googleusercontent.com/yxjQckIvE9RntyMqiBLvckiFUWcDCxaT6nG7sLvO_nI62jRisNtFyo68-FY9lVNMNhvsQIqWPyq_dCpv50w2IkM5ESh1ge9c4w7w,ringers-by-dmitri-cherniak,1.2,356.99328532607365
17766485,13000960,Ringers #960,https://lh3.googleusercontent.com/czqIgZD281ch499VDGCJ01XR0SYLY07CY--NA6kJsGaAjBKH7-83McY35yTsIpUCP3qeqZ03ZzeVqB8QkSvMESVd8DmHXHx0LavVrg,ringers-by-dmitri-cherniak,5.4499,189.88280161925314
17766245,13000767,Ringers #767,https://lh3.googleusercontent.com/-rlZ9Vk15cBeXohL0EjHTp6qQEvHyVHSBSdj6dI_VhZFdU2THQToXE8jx30_-DFC9Mo8eKY8YTZASdRWScvPNCtG8Pc6ZKGECtd9rA,ringers-by-dmitri-cherniak,125.0,544.9464835810533
17765406,13000039,Ringers #39,https://lh3.googleusercontent.com/YLXX0INt-uCIX1yr5CKTzy8TpEzTbji4SaE3PzOZje3AiFJISLOmozw27PFZdcA1CuVrZG_f1KelbkRZOfyL9AZ7VK1chHhWmdzegw,ringers-by-dmitri-cherniak,1.0,536.1167404422268
17765647,13000235,Ringers #235,https://lh3.googleusercontent.com/N_zMeaz_AxqxpLvBy5UMHNE2SNS5mkKsXuJTGx3WdsZiWyl6ynmDWQZAIILYRjuM61P57aitWA74oAar3d0Irw132JgffRSsdd_iKA,ringers-by-dmitri-cherniak,10.0,350.1923649138911
17765407,13000040,Ringers #40,https://lh3.googleusercontent.com/5MHbizVLYpFL7knRlPO8qFxhuIEIAQu5MO3QZJxZsJLLgglNrC9KsVymCx60c6XcwjI8QrpBs0fjuE6h_S2OvejWaoZa3N1hW1J49A,ringers-by-dmitri-cherniak,13.0,226.27344231978657
17765767,13000343,Ringers #343,https://lh3.googleusercontent.com/OLmyw8uIIi6_MfeNXPyQFDGQzMV9hfYivpC3913Vyhi-lQGspgWiFIhhQcISpeOUIugFLj9J2Ww9BhQav7TevfPpnztIU8_uiJXdvQ,ringers-by-dmitri-cherniak,0.999,357.08073614337866
17765888,13000450,Ringers #450,https://lh3.googleusercontent.com/xmJjsEk2ORin-N5tI99uHcBP_qMQsxEMKM72YnBEL4lHoGJRzsdvwVfGMZ30HTyRreumab5bk91qffNaiu4FrVmoqFD4Hr5WwE4x6A,ringers-by-dmitri-cherniak,330.0,258.7963034812717
17765408,13000041,Ringers #41,https://lh3.googleusercontent.com/oieeNLPjQBjkeIQfuxhFVr5g5yTARXvcuAymFY1o3qJeqNRgYKI9j_dB75UfSRTuJEhcMpgTDCsg3XW02ED6ML69yK8QUqeU2Mm-,ringers-by-dmitri-cherniak,6.0,152.93679624533362
17765409,13000042,Ringers #42,https://lh3.googleusercontent.com/KagsiXPm7SXe0us3RjfHJhq89GGGWaOEnL9i-JFXfrPrilM_vXkgnofW49v1FB0KBMcbz1Y5MiEJoSNpwCxDbFiVRXaRpreYN6ct,ringers-by-dmitri-cherniak,5.99,461.036353756076
17766130,13000664,Ringers #664,https://lh3.googleusercontent.com/IBw8U9-lLuVWUHygnj7gHfBphMNDaKYs7zgfkh8AtiwQnJ2pf2jjz-K-R44jgI8DUBOrYxSQGniHYOpBRRB1HLIyjrghYaELJWURdg,ringers-by-dmitri-cherniak,220.0,151.38024142001365
17765410,13000043,Ringers #43,https://lh3.googleusercontent.com/44gIViFKYhqMX2nPP676OTcudUG7Y5QXbBFi5NuhVcjrw5m0Gigma9RC0pkhMy-CCPbFA7zY0_txgvqdtWZhcF2NpktkqnJFTPy8Cw,ringers-by-dmitri-cherniak,4.6,579.4259395718586
17766010,13000562,Ringers #562,https://lh3.googleusercontent.com/vBmO37B-pJuPo9ZTlu5xsroH5tS62khUoGc_hq4I26JaSyRQyiAxVG7qiV-PSTJHRGZwRQEChbsM3e0YylBdZELVIUpy_KStXdKgZw,ringers-by-dmitri-cherniak,0.36,162.2917168579352
17766250,13000771,Ringers #771,https://lh3.googleusercontent.com/qtjqb-DQpRaNGW5z6hnMQ4bS7ddXg0lC4h2lpwKJPNu77KJyv7kydOL5T-CpmP1QoEbhY8PIdK8z1qbHonV5K5AlfHtq81_xwV-0Jg,ringers-by-dmitri-cherniak,8.0,318.4911721957492
17766252,13000772,Ringers #772,https://lh3.googleusercontent.com/K0yCX6xXFACleD98AYFyWMyQ2aJiLyEnI0ZuUqisi3zUrZZ_f2v_USPnhHcW9c91nmO_A38LW14wtObD6QTBmy8RNi1cjY4lDI7nLi0,ringers-by-dmitri-cherniak,6.0,412.94192961300075
17765772,13000346,Ringers #346,https://lh3.googleusercontent.com/lwM7Mt79o0gQ87xj3HwcZ4i0jpSL4I-ippRdI2atz6baAW0_nt3yT0wCoKZtGsFE8guUdfKumHjUGy9k3O8pd6c0Cftw42kLYUVw,ringers-by-dmitri-cherniak,5.4,191.5045500705972
17765653,13000241,Ringers #241,https://lh3.googleusercontent.com/T2qvlyKJy-8ZenKTZKIxGOc8u7_WJqNDmLJmapNHBVInHNzbOF0lWVsGdrq4wf953IQoPb_PXx8OpLS8eAzYmIRXySA8W8aMAyDXFA,ringers-by-dmitri-cherniak,33.5,496.7946961979029
17766254,13000773,Ringers #773,https://lh3.googleusercontent.com/RNsXisRVX5VsccEy371ROg-1VVA7IAcgU3Lh5q7guXGJTrX7ME9wuk2GypR8A_n9n4gnJiM_Z32A5hVrLov_NpHMZmEEQxE4Ix1P4g,ringers-by-dmitri-cherniak,5.0,152.93679624533362
17765415,13000048,Ringers #48,https://lh3.googleusercontent.com/4aQmody8P4br75cs83GGGIHbTO5J8F-_mEMrj8hgkD3NYFGVlHJ3gd_Mt_DuijQqJHj-4L-UVXH9QY2y1ENMmBcDwCVlJdHSkj2KIQo,ringers-by-dmitri-cherniak,9.9,185.45965740681876
17766015,13000565,Ringers #565,https://lh3.googleusercontent.com/H9H0TWuVCozllavGRsFgul_rUOEAvdd_F03OK2rfrG7CrLItmxvDFRQd4F-q9Bn5dLGxee3yGZURMSVzh41nkvyiY1tIrxxflT-9Fg,ringers-by-dmitri-cherniak,1.0,308.3822199333417
17765655,13000243,Ringers #243,https://lh3.googleusercontent.com/yYWwH0-l6VsDwnVYAYM9QyEw3zTlT3lF3BvCbjycL2xICgcu2Pdi6FP6QQTGFIQCGtzsdZ6naNImIZ2Bk3BKIEfkiXTgr90PIznK,ringers-by-dmitri-cherniak,0.55,498.2453338615635
17765416,13000049,Ringers #49,https://lh3.googleusercontent.com/x9fOkJ-GkXtQ-87KvRs88jbJX3oyLIvDLZRaKeRjYV1fMwqPRBUhmJN1XXfOt4CEaeUcmlv6cIR9LrbrJRfpTlQQNIwTPBQBE-LSHvk,ringers-by-dmitri-cherniak,35.0,278.7693467166793
17765777,13000347,Ringers #347,https://lh3.googleusercontent.com/BBmWaO27hjasUt2oX5K2iiB84fKpjotDPtOHGHL4ytO7Vdu779_E-bjxDnHoe-oY3Z-PVoBFUItWXYu0mdOmgdhSpXHZB-BNJVNlGQ,ringers-by-dmitri-cherniak,44.0,150.98020141601327
17765538,13000157,Ringers #157,https://lh3.googleusercontent.com/nf8AUnaPM5t238z-Ge3U6hnU0vstE1VSsHzFmfQKn724ynG6bBKMX3gSrdui5U3a5wLMLinPz1tOpPVLF2PWQR0HrhUUzAfO_Hcwqg,ringers-by-dmitri-cherniak,5.0,229.98351027261012
17766380,13000876,Ringers #876,https://lh3.googleusercontent.com/iYH5yqxfVY1XVxnb8xy_vunK77AEfHh25x9VpYScluJewfIsRsma-uFsB9Cdr1u6bVNYPzkrXSN4EGNajKPTmb0Gxhqf_cOnvMUA8g,ringers-by-dmitri-cherniak,250.0,402.4941736494617
17766020,13000570,Ringers #570,https://lh3.googleusercontent.com/-JG-gPAo_yjnRMZDWwOathLwMoQVLlqmpm3XMI9BkdZcNQw2H0ivhKxZqBgRaYCFyc7-_P0x4bxojjnRlsRhd1JDkuylH02PQkhSpBY,ringers-by-dmitri-cherniak,2.0,436.0343640361656
17765421,13000052,Ringers #52,https://lh3.googleusercontent.com/x_5rrYn3w5F4NI-L1fmFJYMSONH14HSEx2DTL7MkrtI8ooAVwrOgpEY4eJyrQQD58mBD9TOJGRn4wxFz6c2mIYzC9FxcMvsduGjK7Q,ringers-by-dmitri-cherniak,400.0,1466.6929163910233
17766021,13000569,Ringers #569,https://lh3.googleusercontent.com/QijZMffZ1vobXTGtelYMkk3Ylhyvjjgs22AZOlONuCiVD2VyzcZb2HMRuWsWzFt4rgK6yqJzQOcijZjMEMQ1E9gAIwAOwd6cPeZVWg,ringers-by-dmitri-cherniak,1.44,151.38024142001365
17766261,13000780,Ringers #780,https://lh3.googleusercontent.com/AMLeU6c_4EuUvupA14vswFgWYd39Y4Z1qsRcZB6A4D47uxGi2qMIRnhYlnss_vJV573ZMuGrMpS8WM9s5amNNnaywoyouZojhPfm-6s,ringers-by-dmitri-cherniak,9.5,152.53675624133322
17765422,13000053,Ringers #53,https://lh3.googleusercontent.com/ylJscjejY_WTIAQXZeSoNpHSE0BquWSysHQfAL2kn6RqFs3uQup79_Qtb6iwruGE2I9_ZpirmopiAJRXDOAeWb_0O4eSPVzbA7gcisg,ringers-by-dmitri-cherniak,5.25,220.62858966000852
17765662,13000250,Ringers #250,https://lh3.googleusercontent.com/_B04vY0NRIH-gkeilPJ24BRDk1FnqGLCp6FicfFDBIvDJeiKQjAqJJCc8hZ1xJDTkwBn8cVj01dC6J_sRjb-KC5JnnJ_ro1AS8Wxyeg,ringers-by-dmitri-cherniak,15.0,495.3176374075837
17766022,13000571,Ringers #571,https://lh3.googleusercontent.com/6Fp3tt9k7dr83qIOA1ZfIKaDzQuCz4dtM1zD0-Vkl1IC5vSsQD4YsTx8yoPGsVhgG70VIzdOUMnHsPLZq7QjpBcztSTQYX4gbBqI,ringers-by-dmitri-cherniak,1.95,396.7175539726568
17765423,13000054,Ringers #54,https://lh3.googleusercontent.com/9bHgbVXDV2HjLov9jsC1Wj4LtG6PrdS5oxibAEKng8l86upRZHge_tu0RM2_vePL4ObHXz60y3eJJABK80iE2v-MwzdS19tsV4SGzg,ringers-by-dmitri-cherniak,4.2,260.57100354809967
17766023,13000572,Ringers #572,https://lh3.googleusercontent.com/fabStNUYFjDFd2TQpfqNjiup0WShIrv74bjvW5-KQhI8--DJXabFpZNNVTiQRSKkmlBbM3MDUQuRNI0OqB49oHpMUzlDCScTt9rd__A,ringers-by-dmitri-cherniak,6.0,222.40328972683648
17765783,13000357,Ringers #357,https://lh3.googleusercontent.com/VM6OHs6fxWeZgEuhf7q_4tnbTaMFxp9glZhj3HnVICkNyzzPkjuzLAJVwJzQFX322RsMH1bN56HUlzCmEQ9Hm8KzfTjRBzy-1-Vl,ringers-by-dmitri-cherniak,1.5,156.6250540757913
17766144,13000679,Ringers #679,https://lh3.googleusercontent.com/-LZI5S6MXs7e4naeMyaMcoDbovQs9XdhbJlSewf3N6pjpPVcV6-rOTQ0KLOXCTW5Orqg-ZS65P1KhF8hI8DhORHUQ4eFMmtsyTWZ,ringers-by-dmitri-cherniak,22.0,218.71740495028058
17766025,13000574,Ringers #574,https://lh3.googleusercontent.com/wqjQo-jAMuluuIZkmEE_1v4hxgr-bjsiwGU1Wy8Beak-KOlVnj2gOegSEsrlNnIeGyIIcdmoXrEMUQiPmSHLkulspWM9FyHo7F7gBQ,ringers-by-dmitri-cherniak,7.25,157.0250940797917
17765665,13000253,Ringers #253,https://lh3.googleusercontent.com/f2RrEHuNqxY8Y-7yS9iXBohvyZBCJokzOdeLbUf1_iZXuT5owKrY0RfLqhFqYWv1tBaTa8CAW449nkzgOOGqM2k6erViPbpfdfQh4g,ringers-by-dmitri-cherniak,139.0,157.0250940797917
17765785,13000358,Ringers #358,https://lh3.googleusercontent.com/3eV5Bv_fmyt4a3-shYI-mH203Yn0HQ_qIDtusxWG7pPLY9SS62JnGL0l5iB2VbOqw-AgoWJxlrz0C3Pwf9ZPD8pJC991GET8fUVZ,ringers-by-dmitri-cherniak,96.6219219733432,3443.897248222735
17765425,13000055,Ringers #55,https://lh3.googleusercontent.com/ILZFX89l3oPtq3zZDSi3P4NjOMv1346GRw__EFf6i97zRW4-LzeTDLxCovsRTvXRMxVHWliJ4YRtItglZ2Q9G7mqSQXXIrwcI--HV-s,ringers-by-dmitri-cherniak,3.5,526.8305415520678
17765426,13000057,Ringers #57,https://lh3.googleusercontent.com/fGB_2nLBrJ_GVG71fy1PftXiz3R4OeSYVWjHMVaWg7SJ9QyUlMTvMB2COoOwZmTCF9PLk5Ijv8vM4KgnIJCKb0piRfyoDu7gh0yi,ringers-by-dmitri-cherniak,1.0,312.805364145776
17765906,13000463,Ringers #463,https://lh3.googleusercontent.com/eF7gNKCLwE1Hku7_kL9sC9KEWzP1EjhyuyO0HXjUA5a1W8wCYUYGAKtqkLM9jv9R9fc4t5fhKRxiG7qtP9xOwHoNiv-d1Sz04CFtUw,ringers-by-dmitri-cherniak,1.7,400.1350956486277
17766026,13000575,Ringers #575,https://lh3.googleusercontent.com/5WqDu7cIoGj4hvdAjpQ6bQsScS0ZRftMZvEN4v3qTWU5QdpiMhL8bz_p61umOJTDhJLll8cMvsQNiWyJYgfykd8fHDVRmsxZWD3xOQ,ringers-by-dmitri-cherniak,4.0,483.5649379158232
17765427,13000058,Ringers #58,https://lh3.googleusercontent.com/tiJHHU2r-HCbo1hzMgQFrJglRiQ6-6mr6z0bwuzFu64kGagDgSAoHcl2GVps52MwuESe6OIvqU2zHEjSyxwfkiOsJrSTPnOrZuKM,ringers-by-dmitri-cherniak,0.45,161.89167685393483
17765667,13000255,Ringers #255,https://lh3.googleusercontent.com/aFNeBMc-daqxIKnM59nGtx-7QOZqObm-TgXL7igQQbhPhmPbEEbn_oyJkCjDUXYdY0pFHzmKt1R2d-DNbKwiyRnYRclFZt6vyroF0bM,ringers-by-dmitri-cherniak,17.6942,240.2255723579902
17766147,13000681,Ringers #681,https://lh3.googleusercontent.com/WGAJVFmIiZnhqUmyAW8rORzIgHURQAlRq0t-E8rIRhoCAjgbWxx_AZdFQpn0fUPN0CmTLULguY0Cu7Ez1I7DmevLlMyZ-bv7P1bEfV4,ringers-by-dmitri-cherniak,48.0,285.9702370192508
17765787,13000360,Ringers #360,https://lh3.googleusercontent.com/io9hxOMRxUW-i74U1rAkw0Z_VvOWJOwI4z7IvI49qfZuhifOPmpfSBzf5DaeH2dpszAUDomsV2PIQRJMjfNSZEPloDDNnPZcbl2Leg,ringers-by-dmitri-cherniak,370.0,843.0852578067839
17766268,13000787,Ringers #787,https://lh3.googleusercontent.com/wQmXo_xCXAYUrEvkdYr_X0moAyhLemKgm4s0OpFOK6Nef4k9F3pNACDYo5FItOyD4xVYPakoFSbmXVJ3-xOqPJjM17uftwFdEXL57YE,ringers-by-dmitri-cherniak,275.0,291.21504967502847
17765788,13000361,Ringers #361,https://lh3.googleusercontent.com/BD-06wI4IsoNwHVUq2z3y88RYdn7PI0isSE1-GCB2w2ZqGseKfeU0pTF4kYPpsTMHe_2Zr9lhNPECTfgc059sodzrVT-QXHvOyw8,ringers-by-dmitri-cherniak,58.0,385.0264507891045
17765428,13000059,Ringers #59,https://lh3.googleusercontent.com/2NvVhkIlU_umAKSrHhyW3RZ2Y0d8zna9lNtva6RpqzJ9G7gMTZ8TV619ajqCxUoDtFgf3o_c7B6tavy9ICfNNRyedFGyOQwNZpVd_g,ringers-by-dmitri-cherniak,50.0,328.9631814491674
17765908,13000464,Ringers #464,https://lh3.googleusercontent.com/H9dMfw8BgSS11973tfMBvmq6T7FhVRXt_eUSTpbu7tlyjdGfXVnrSDIgNScLhGDokGs6dO9PAOvbK-jhpLAeEyYfDmsV-xxBhk4kFA,ringers-by-dmitri-cherniak,5.0,158.18160890111128
17765789,13000362,Ringers #362,https://lh3.googleusercontent.com/_7MuZHwd8yEMxBtHomsRlaexc6G2IZ8y8Qp2DGPh9hsbieeBBmYathPkf_Y4Tze9gXT68919d0bh_1DKDHhVL8aNgO3tz7YLBsOYaQ,ringers-by-dmitri-cherniak,0.39,550.9913762448317
17765429,13000060,Ringers #60,https://lh3.googleusercontent.com/3SMI0JPUu-4njn7lzWS2J5aUmxy_9wwbLzVSd1w7mEig8vVbymUGxFhzvEczMWXnZbP08YZL_lxyA86a5IyJBoisVzvUHod9h4WpFg,ringers-by-dmitri-cherniak,6.0,219.11744495428098
17766150,13000686,Ringers #686,https://lh3.googleusercontent.com/4xuhaze8qMJMmUfitjtmvjLnLQBxZwzUNdFWvZm-dEt4zMT9SSAFOP07BXoKpDNlSh2deuHgOLoIfVzXCcmX9kjJOGlGW8fJKbzgVw,ringers-by-dmitri-cherniak,500.0,454.53835439019986
17766030,13000580,Ringers #580,https://lh3.googleusercontent.com/UZjzDru_3vheATeT1wQejDco7Swct6JCj3uqHQ27fkz4Bk_6r0cfU2qxtzN5a_o9DBnQweRDFYlle2ZIsyWChD0KNLZQSnnRPjTd,ringers-by-dmitri-cherniak,40.0,279.1693867206797
17766151,13000685,Ringers #685,https://lh3.googleusercontent.com/fYfAqN7asMLgVf3ehsPhGMUD83rs3Gxjhh20rPtV0QZoj8llDi16_UWlkkHvB6ZAeNNz92k9eVVaHobnvfCJHcD499G0lvpDT8kb0A,ringers-by-dmitri-cherniak,75.0,234.18067969421176
17765911,13000467,Ringers #467,https://lh3.googleusercontent.com/zUfZY1ZWF9lBE267v1b4xrv5g0OyqA4NNrsL_tGpkXAh6OVdFwimdiLuM-Nk3-IssKlc_JaMRsR55KQ5ORKRNBbNu0H1ai2r-Q1aDOM,ringers-by-dmitri-cherniak,47.0,191.5045500705972
17765431,13000062,Ringers #62,https://lh3.googleusercontent.com/Scgs8whYMqj95eqEHRG73ZprofZWeFCgvk3dQhgVaOxuOZVmc75TsgXEBsFh0o19VPfHDmZJ971noPPQwQ36O3h4IEBc9VlScCY5-Ww,ringers-by-dmitri-cherniak,4.0,538.191939370496
17765553,13000174,Ringers #174,https://lh3.googleusercontent.com/vDglZO6UXoeCFIyTkyolTEPOg4wb972ALY4AvucNV0lvKmYPzJ0Nz89pPtGXcMquz-z64TDRD9Ees6HpWAFvLlTxwgtgf2T0hOgJzQ,ringers-by-dmitri-cherniak,7.84,156.6250540757913
17765433,13000063,Ringers #63,https://lh3.googleusercontent.com/C-LNLhfPWY9RFy_EzcFlDbwsg_p-uiyZPm8gBLj4RPYOKW6OCax1J4oPq0FIb4pNPPu9jxNBvVep7ILiR1ogrxnMh97I2ftSPHK5IM8,ringers-by-dmitri-cherniak,1.65,810.6515847919475
17766153,13000687,Ringers #687,https://lh3.googleusercontent.com/knkwnxx-5PyTZzbb5iCLxbe71Y_dg_SR5FreXY9Ylo3MG9468SqNW4u4vgeVihXEI8May9Ny2-bhwrkgjpPY8elrifZu2uA-Fu-EUMc,ringers-by-dmitri-cherniak,33.0,219.07203483468857
17766154,13000688,Ringers #688,https://lh3.googleusercontent.com/cvgEUqK5LcYdPS89L9JqPKc2IACtfPn6DfMduLuPrbT4B5PNYdJIUR_vWkVPhA52L51QSUF1FwD3XSG33XnVB5i-4WvAJM7GxaE,ringers-by-dmitri-cherniak,4.0,358.47873841774515
17766035,13000583,Ringers #583,https://lh3.googleusercontent.com/n4Ri61ghOrefpfRh4cfA2M_v-TfijLVvGcpCKItDYcDtXkc6GDFVkEEiM-FjlUtgiZOGJ5fatzdjWA4kJc9xVq2a8alxU3O2WPh3lA,ringers-by-dmitri-cherniak,6.5,457.2871354136284
17766155,13000689,Ringers #689,https://lh3.googleusercontent.com/sW8H7SE28cH1gOTHJLRq3dGQAcF5Lz-Okwlcb6FKfiEtmOeWhIyCwlFudfFnWk4gJXsqBKZ7l7AidY09encYYmNM3O-PzDR-3PpTbQ,ringers-by-dmitri-cherniak,10.25,239.8255323539898
17765555,13000175,Ringers #175,https://lh3.googleusercontent.com/gvHtZPO6VguWwiV3d0Q9NZwuUwwg-y9ZuQxgICQiW_-H_vLEawM1SOlDssC7mj6ugyXgNTE9zKTHXlgeglWMx3nVOhjyMXVuF72J,ringers-by-dmitri-cherniak,18.5,193.06110489591714
17765796,13000364,Ringers #364,https://lh3.googleusercontent.com/H0GJC3dawcc1ua9810tNeEiNfswtvYvDwsQ13qTaapSzoTi9_Dm3b1SxT69Ub5BYaxIthLArxe8_m8X7HLyFz5CmkeMytf8VpQhGqA,ringers-by-dmitri-cherniak,150.0,357.3543462184861
17766036,13000584,Ringers #584,https://lh3.googleusercontent.com/hBPAuEQFgw9qcKqTnDealimB7zQuPaHUReoDFMyJF14dNt1ByacR0LDqOTe0jX36bhfwOdIcHlxUScNcx4tz1IkC4a_VEtGz9slM,ringers-by-dmitri-cherniak,185.0,150.98020141601327
17765436,13000065,Ringers #65,https://lh3.googleusercontent.com/e-yoZHn6TQ6u4xs4lp8tX3W8nguQBy5_VNbPil4NdO0bbxw2_yeqJnd8ywgPZn9b9Hj5XzAOsZqKiaqaFEelQK6R-HV3UvwMqzqA,ringers-by-dmitri-cherniak,0.42,157.0250940797917
17765798,13000365,Ringers #365,https://lh3.googleusercontent.com/kF6zHU0uylM2YlvX64DekO3SSNHweiX43o1J91g22_6WVnfU5cKE9rlwEtWCmP0leqck5gnQizsCXxarXXjBptmA5O-fKvxffa3w,ringers-by-dmitri-cherniak,5.0,1183.3052634211092
17765438,13000069,Ringers #69,https://lh3.googleusercontent.com/FNFvI6TSXKtijHtF3ggHMSwKAp82dh8hVe82gLYiWkHOIW6sZyWxoasi9HWva8C_XKfj6NGqzN-N8D5I7xBnxP3-4T-xkj1tF6RT,ringers-by-dmitri-cherniak,5.0,239.84734247635566
17766039,13000586,Ringers #586,https://lh3.googleusercontent.com/sSxcRocn5RIYrPBNisBZSjvrSzW4GiUlzs5AAnjwHG1IUFmdxDc6dqeCVLzHtGmuVWs4xjkI9W2qOiwOTmiPMaXa5bi7uVKrDxVOZlk,ringers-by-dmitri-cherniak,90.0,156.6250540757913
17765439,13000070,Ringers #70,https://lh3.googleusercontent.com/poyoM7Gu0efWBcXWp8-q-8mxUYmKt5dbsufUvGrjFOvTSi2ntemIpJuhpTm53tfXddILJSieG5t-q3r8MqiqTbe6WQyY15puo6D-4g,ringers-by-dmitri-cherniak,0.5,224.7168874944666
17766159,13000692,Ringers #692,https://lh3.googleusercontent.com/XUE6Ljl4AudMGmbsoaJi_4l0yQengCwGqA6zcaTNR3BELGJMSYX057FAKuosz0yQUvPVdxY1FRqOZoTgmWyI_IAcYzDV4iA3lwoo9_o,ringers-by-dmitri-cherniak,2.5,445.3892846487672
17766040,13000588,Ringers #588,https://lh3.googleusercontent.com/GroOUkUwlJ4SwwAhxY5ujO0gWXBPI__1yFLnB_Xi337_OOrf8gySCiEufnFIPM0PRE233KGM1TUcByl7DEwESnGwP6COeUiwPPvPeQ,ringers-by-dmitri-cherniak,225.0,161.89167685393483
17765920,13000476,Ringers #476,https://lh3.googleusercontent.com/79KrPbYI7HhZBNOYwJ7ZRRoXCHq_qX7EMJ2leThVwfpq0esMnBRxhZBhzdI47TgQSvi0f-oxU5HCNMr9nKp4e0ElJCWcduOwH9pHiQ,ringers-by-dmitri-cherniak,7.2,292.7716045003485
17766521,13000995,Ringers #995,https://lh3.googleusercontent.com/uP2ae_hvFiX34cqFUIkThJxbtNhtwxdw8tAbH3k3YhK5AEgnZjj4gIhwosZFaxI7h7lfTYxwu2B9kulaDGjdI6N4xpFVig2ehCvx,ringers-by-dmitri-cherniak,4.7,156.24682419415677
17766281,13000800,Ringers #800,https://lh3.googleusercontent.com/NyLVEkNCDL3BCxgTL98ym-XWdEUDjIBuNxfvd5AzzkPcZBpxubE7lC1-_qEa9faiHSXLG45tENfynN7h7PPy0DjUcF042CJblPXURS0,ringers-by-dmitri-cherniak,3.5,239.8255323539898
17765801,13000368,Ringers #368,https://lh3.googleusercontent.com/Gcoj7nw6lzNle9UeMZm-VS_PuVlkaOORs_2cn0HSM-B0e21jGZVlqz-dbuiUndto57R9n_XVAlx_eFQJbkSD1C9X3rdRJEZkaV-a2jQ,ringers-by-dmitri-cherniak,15.0,227.64810238261413
17766042,13000590,Ringers #590,https://lh3.googleusercontent.com/g-pZbxp-ATYNKOP-lqHBAhgTmTAlMU2Wh3ovGNYb0rkvrVBSU97YXXKmmsc98CCc6oBLJlBTYixA1l4ZzSmojyeSnnRqdvGP5Yvn2Q,ringers-by-dmitri-cherniak,6.0,454.13831438619945
17765562,13000180,Ringers #180,https://lh3.googleusercontent.com/gRa0FTC_zRZj6b2K19_MpMf9S_wpN_ROT6ur7963K4IYAsroQouORUeiejDhkwQxHH8XOXQ-R3nGF8gOyFoj2O5zDxOKyWtL6b-G,ringers-by-dmitri-cherniak,55.0,413.737572197551
17766403,13000898,Ringers #898,https://lh3.googleusercontent.com/C6oJdjRddfq3uGNlapHwLe6-RteZmZet7IKaTXrxvSZgIKj5dd7Rkj2zeYVxukUQpcy1mAOiODmuiaR61gpq_fA75cHtPZEvQdk68As,ringers-by-dmitri-cherniak,40.0,346.83937001298875
17765804,13000371,Ringers #371,https://lh3.googleusercontent.com/Ltr99OTw61a-SaHOALDp_e9fivn2jMiTnYlCmENX11SopfjghxN6p6DJu4G-M9oO15KtpOatmxYJczghOQRa0obgqXQBdEslaguMxw,ringers-by-dmitri-cherniak,18.99,269.0601756890177
17765444,13000074,Ringers #74,https://lh3.googleusercontent.com/alIGctimt9QSSkQCyAUoo-CdrrfdII_ZoqGeMIjlFOlJCXdc1n5f2k5rzw6bjtYEVfEpgr-HXxjM843M6rPd4yfyUNVQtXBC8P3X,ringers-by-dmitri-cherniak,7.85,239.8255323539898
17765445,13000072,Ringers #72,https://lh3.googleusercontent.com/1fr24AUTbJLGXbDD_vMX3i76oPm2raBG9CN4sH04-MTiF91wYX4qO4sKPJHs3ri4wHlRCAlaQ-KLg97rG1Zvf56t6q2RGV0yX09jWA,ringers-by-dmitri-cherniak,0.7343018088907816,781.8304228880324
17765808,13000374,Ringers #374,https://lh3.googleusercontent.com/Wsf5172ufkqa_RsgwpOytt-tLwuraltIEDAMoRLW2ytm51NdhoGabfFp4CxRUM2x7zKCzcPoEN4vFyG7Z6HERlS7qkHo4uZ698WQ,ringers-by-dmitri-cherniak,7.4867,579.8259795758592
17765448,13000076,Ringers #76,https://lh3.googleusercontent.com/o2AQ4VLExEapxPWg1WyMEY8bq0hunjtTzbmZQDc2qdIPRp-HMpceFrbWqQCY4oLsUkC2GALGsn28oKiB2HbVhU2IShaeFUxSCezI,ringers-by-dmitri-cherniak,7.8,241.38208717930976
17765809,13000375,Ringers #375,https://lh3.googleusercontent.com/h8793X0Q0foVm7fn1gpyKlKN9u7Qkb-DMzl-SfxFbQErNnvXox3TD06HsS5kgA0Qd3VZZ8orTqg-19j_aWTDvqeSa-Ofx7VvH-XjEg,ringers-by-dmitri-cherniak,55.0,387.95766567725207
17766050,13000597,Ringers #597,https://lh3.googleusercontent.com/ky2VwzFHNdXP3RAsEqmAb2xP-0wtD_yPmlelFqD-rjR3GYO6WdLsaCsXVMw2f0lCaGc6SQ7oJFGcXwLIBRM2tob2h_sB0KiQYgHtR0c,ringers-by-dmitri-cherniak,13.0,253.70444244097794
17765690,13000275,Ringers #275,https://lh3.googleusercontent.com/TcJX6kkIwTa3qYU59arRL3flGahYd-uM5zvscXm9DF3WITSA8l9JmREGJzviGboLVT-BgSEjvBcCZCBlQHUwhPphOeiYkgbTm6E3,ringers-by-dmitri-cherniak,300.0,640.1783039342107
17765570,13000187,Ringers #187,https://lh3.googleusercontent.com/ykdqp_vQo6rnWnlYYRD0Oql3TaFnuDkuwi5adTwjlCrmnG0zoen49e-80cc6pvV3N1X6u1GEOOc8e1kmWPj81sdVZMTiXlzh12PEyQ,ringers-by-dmitri-cherniak,32.75,258.4180735996372
17766051,13000596,Ringers #596,https://lh3.googleusercontent.com/rtTRUp9H0RrOURP4HMJWmkQ2o0TNhVzaQGqvcjvbZP0Iahn3yHZtcvtrXnKuxGI2kkn2Qy_9yHFUFnyO5ZqjbvcdIVgI_KGd8YB1,ringers-by-dmitri-cherniak,149.99,187.0162122321387
17765811,13000377,Ringers #377,https://lh3.googleusercontent.com/7PcGcQwUkZxUhaGZ6L8k1z7ssyY0rYzycnLT4eCEnQ3lNkerIErYZgqmXvQQWkun0LMYsz5MJpjHATRCsTElJLwrK0Ll5dRrefsCNw,ringers-by-dmitri-cherniak,350.0,1061.673232948338
17765451,13000080,Ringers #80,https://lh3.googleusercontent.com/iBiGvpGHOzI2AHDVsVYPnaJsnTTb8x8YnqUNkmMz7E0cZeTAOZI5g1pYL2HERntKBY-DmlqDnN-VsdVD8gX_-uwmjBn0KBxagWmW4Q,ringers-by-dmitri-cherniak,50.0,842.5146823424355
17765572,13000189,Ringers #189,https://lh3.googleusercontent.com/IQMsW3kk0efX7YTydh_cD5QcCcaoq0iFuSIps2Qd_C6KRPOcIC7JnWx7_QpKxREYLSDFx4X5ARZQ_jfK-Eq0ZD1YAKXA3hVMPKfh,ringers-by-dmitri-cherniak,0.42,161.89167685393483
17765813,13000380,Ringers #380,https://lh3.googleusercontent.com/nrp0yHG3Gf6sOGnZSekYHFYNsET1tf0R1hOBx7ThlUSV6twalOR7aCVxqnaHKnBsMf-uuDpd_EkjnYytVeZgOTUq6QJ3GUSQpluNPw,ringers-by-dmitri-cherniak,0.23323489727858251,185.45965740681876
17765814,13000379,Ringers #379,https://lh3.googleusercontent.com/gJWPlBrbRGXbmCOFp7kFPTdYlsKpQm25eLOVU-I6kFviqZPI8GWiIGflO1eyjs2WcvfkV9iDFKA_NpLyB-rqNSRsvqjB9cuA1KeKrAk,ringers-by-dmitri-cherniak,9.5,152.93679624533362
17765935,13000491,Ringers #491,https://lh3.googleusercontent.com/Aa04D4MvNv80862UrUahx_7dj3OZajf8SbUAyq-69Y0sK-n7olWlxUyTP23rsi5K1X9-dfN4kG-lcZeauaySHo4R8a7k2sgrInmpFXA,ringers-by-dmitri-cherniak,9.99,550.9913762448316
17766176,13000704,Ringers #704,https://lh3.googleusercontent.com/dxvgOVjNP9LDiHxQOB9PWk01aia7dY0XzzKtZIfhEN1aaRax4q9AKp85_qto72CfSBA-Wf2PMayn_CqStK01iaC1Sz4BYVAE2oICsw,ringers-by-dmitri-cherniak,9.0,224.3622576100586
17765936,13000492,Ringers #492,https://lh3.googleusercontent.com/YWDLWtJe0M2jyln9WpcKjVD3iQKyKYHxYiVkPM_hhT4nJsfyJFjpllGqIbDHVGeC6N7zqrU8-2AY7YjttfJLmCfWtNFterEuxu3sYA,ringers-by-dmitri-cherniak,0.35,429.2960106483101
17765456,13000084,Ringers #84,https://lh3.googleusercontent.com/6Be3_oJl5nCvt46t4WaEXBnYlZNJCEDqK8YhlSBGpQscfad90PQHa5WgKg9FyX-NaSPA1tmK3vvq4of07RiqfCHSw-WUyDQZuB9PsA,ringers-by-dmitri-cherniak,0.5,579.4259395718587
17765937,13000493,Ringers #493,https://lh3.googleusercontent.com/140PfXvbMF1sAp6SQ27dMSw7zMsinJ9vk20gGNZg0NSA29CQsJ4pD0NPrPEHT2ekgstG3igoE9oRnmvjKb0uamkqwvHdzflNScXJ16E,ringers-by-dmitri-cherniak,6.8,158.58164890511165
17765577,13000190,Ringers #190,https://lh3.googleusercontent.com/ziNFp8nlwkWNtOueCPJWbiMncUs5kXGsk3ewSfsq9T3u5fVwHE82EaTI7NUpRh3Y6gCAB-QpjKsddqedyb5A_LoZHjOyOrYbqV8HyA,ringers-by-dmitri-cherniak,0.4,353.2339257619675
17765457,13000082,Ringers #82,https://lh3.googleusercontent.com/jbrY1HSB59vlNHAZJlazKHzWuG4tNR7WDQAH7k_GfcohZ-LDLp5h7_HgRfGoPNAQ-DKCd0shhmDkftFP1w9iLrQ7nwmc0lM78pNt,ringers-by-dmitri-cherniak,0.65,503.89018652134155
17765818,13000384,Ringers #384,https://lh3.googleusercontent.com/FS7AeYQYR1vrFf1x4Pn64NsMi02zW345gc9iYlYIp3-AWoOG7XnvtigvuuE4GGIHIeEvuxi9GCt-hmt_9g5AFOB2kiIn7t-eSdesBg,ringers-by-dmitri-cherniak,6.8,223.93861760883166
17765458,13000083,Ringers #83,https://lh3.googleusercontent.com/AlxJn9oIxWbJ4ZffV72MNZPVVWAXFNnM2HbQr3qepNkt-81g7ZdK5TbGbSEoKWyWDcevkQc1kMFm7mNHzfjOvS9M5gDQ3XkjSKwjrMk,ringers-by-dmitri-cherniak,16.0,497.8452938575631
17765938,13000495,Ringers #495,https://lh3.googleusercontent.com/235d-PfSeroNBNIfUJNvtms3Cop8wFNp96wNheUJx8IGzJRsK98-GUtJ99zWoS0gx2zAxF9v2eFsteFuYqnx8UrMp3c0-A7XpzT3,ringers-by-dmitri-cherniak,1.9,434.47780921084563
17765459,13000085,Ringers #85,https://lh3.googleusercontent.com/VU9Ff6ATTX1M6x5i3gD6UC8txhuLxZ_p6fd9pn1Y328GDhSGcCUCqikjpc-fXcgzhTzLbXMB0ndU1EClJ6H58dFk2OD0wfqbn1K8Hg,ringers-by-dmitri-cherniak,6.75,150.98020141601327
17765820,13000386,Ringers #386,https://lh3.googleusercontent.com/Lbwbld8RhhJQdDX3PbPLNbyAiGNmQ7KYDt1KUwzp_nfJ3OX9rtohFMCJIAlKBeKshufOs0hms_5F6nlbN6UQi7QSUoVpscYM6yiKwQ,ringers-by-dmitri-cherniak,4.9,156.24682419415677
17765940,13000496,Ringers #496,https://lh3.googleusercontent.com/Bh25YsIowZusW1j04inSzVpLIa9QEiWgDD_UxF1G4plhczqW7xF98fo_GQHxqZIjNQRprm2UlOs7oKRyYvMUtMlMVU_FZYSuBvq2BQ,ringers-by-dmitri-cherniak,0.39,353.2339257619675
17765460,13000086,Ringers #86,https://lh3.googleusercontent.com/7aO81LYcm3qnZRYf4vFZOi8j8Wt13A-kE1HGavkMMrlh6Ph0LwdajOD7El_YyecSDQMxDLA02wQDZrbl0yXbYXWJ6Yqk9ueLr8bt9A,ringers-by-dmitri-cherniak,100.0,251.92974237414998
17765462,13000087,Ringers #87,https://lh3.googleusercontent.com/gb2hvRZOY1CHO-l9pvpokJvQMLKux1_rIlUOgIbUzArBWhLI47GhkIrZG24cgpv_vGmTs1m9l9YDOXidiADuJnW1yRkM5F2HGApf,ringers-by-dmitri-cherniak,0.29,152.53675624133322
17765583,13000194,Ringers #194,https://lh3.googleusercontent.com/WpSUFvcwTKgSd1hygh2QPhltZz1xASefKtaPxiugJEgpPk6WbCxMjvVvyqeIr20lExU5RWipdFxvfD5SmPzz_3exm8j5HShmlhTy-g,ringers-by-dmitri-cherniak,115.0,334.6080341089454
17765944,13000500,Ringers #500,https://lh3.googleusercontent.com/2Bm9TbdTv4qvFSKelvNu9ny7onOzPjtluL_9P_7UxRnBFIS0W_j_6R2fuRgck0DGB8yKjBq84fkyLAs3o4WvBJ-DoqbL1AacncKXyA,ringers-by-dmitri-cherniak,1.5,443.89724822273473
17765584,13000197,Ringers #197,https://lh3.googleusercontent.com/v8_zNUGyTmopIuHtUHf6QAea5jmaCSk4VIRjsYuW3jlr9jz5U1WCMGh2C3fAKMe5S2t3FculBRQhLeUgMYe3iK_cTo-0Xl5LLJoe8A,ringers-by-dmitri-cherniak,16.5,190.72628018496226
17766424,13000911,Ringers #911,https://lh3.googleusercontent.com/7cBngIJqEfKzuTvSyyCXtsxQJ4hS6mpqT7EoC6IxdOhUx3ZG8Kjs74AIV6iwMVdNIunkWFw3peP2VPH1koeBziLfFlWqsuKpEUrFwQ,ringers-by-dmitri-cherniak,15.0,486.3433898441299
17765704,13000290,Ringers #290,https://lh3.googleusercontent.com/sezgwqEkW-3Vzl7J84REbAl_gHSYhIlmD8h8l-B166c0FvXXx62rAK8ifZ3nRosYLcEdAhndRFl-FZcqI9Bbi2XqVqO4WuxtaqWm_Q,ringers-by-dmitri-cherniak,87.0,187.0162122321387
17765824,13000389,Ringers #389,https://lh3.googleusercontent.com/-5ml2c8hQoHhipszmOC5td7JhTYDenlDtBHNxkhaaSkAv182GbADKWe7JZ-1D1CppG315G8EDHJgBejN3Q_-afCH6_0IbqrWVfVrPw,ringers-by-dmitri-cherniak,136.5,191.5045500705972
17765466,13000088,Ringers #88,https://lh3.googleusercontent.com/YzIeYfBG4YOKy3PfCPJotqdhCFHVNzm2Zz0NQXeAofzj5pKQlNXKDgq7ogU1DJ6sIlcThJ3IbG21hmk5JaGNm7qoaKLHtoBHvWFywy0,ringers-by-dmitri-cherniak,0.88,449.5421008825128
17765587,13000200,Ringers #200,https://lh3.googleusercontent.com/X3HXGbqXjt1DF4W0nRB_Us_vYxhSmDnsImo4DYuUjF8jVokaTicZoARdMrIU0gfToG7pyAJ1NTktNgPP-feJePJVf5uBR9i8YKJDXg,ringers-by-dmitri-cherniak,35.0,152.93679624533362
17766427,13000917,Ringers #917,https://lh3.googleusercontent.com/4xj7k3OrHzGX_QhGt_LIt1OyoArj-2B2a6m0l9r6UAWj94tAIe45vblY41W7VryglLGXxgNyBFfQBFLOzPSN6KiXloVJ5BoIj9pw6A,ringers-by-dmitri-cherniak,6.6268,443.89724822273473
17765947,13000502,Ringers #502,https://lh3.googleusercontent.com/7_Uuqk4XetALG9jBAU2tvoJvHwexJGLaJ-qv7i9R90K0praVOap8TAVoOn99QovDMY9eddlzk6TVcA6HhjbnLZAouS0dfLsvjCZlQw,ringers-by-dmitri-cherniak,133.0,228.04814238661453
17765588,13000201,Ringers #201,https://lh3.googleusercontent.com/itvtSDCW4PlkinyFyf65rHX-I7dg-kW8_xyYNEUknf-oO7ttXGWGK1LxyRxZK3FVScpMyftnofOMzbOgNcXn4oUMtTOmRtO9YWh-,ringers-by-dmitri-cherniak,4.5,150.98020141601327
17765468,13000091,Ringers #91,https://lh3.googleusercontent.com/wcN5b88y0XF5Lhbi6_KThG9r3pK-rzLFHYfFAchKmT5lq4E3o-n-8tIzFwnPEt2iASxgToluDanct7lEwgxDFQPuO_kNCjDJlqYm,ringers-by-dmitri-cherniak,3.75,185.85969741081917
17765949,13000508,Ringers #508,https://lh3.googleusercontent.com/XJy1N6eYZHguZPEMULvo0jmqrwE3qr9JFjrW2yuIJxFRP8sBbvtgZmBECl2vJLjXczL-xNbitqkiw3KVeVKfqz12oKyhQvvtTxEq,ringers-by-dmitri-cherniak,162.5,152.93679624533362
17765950,13000505,Ringers #505,https://lh3.googleusercontent.com/VZLhcf85YPSMgbZWgrLbMLeUZv3Wfk7Oph4ThXz1BeWk4Jj0NOlqsYst3CmsntV3nLqb4nSUWdTrDILNb-3D14jbgLAY1Vg74dS_1Q,ringers-by-dmitri-cherniak,20.0,223.93861760883166
17765471,13000092,Ringers #92,https://lh3.googleusercontent.com/x02NOnmZl1Cc_RCBejeop6t4pTCF3e3rAxPQWiyzyssmw2xvco605dXLj9m-Ubqnb6SsRGwpq74x499t3qdurrF-78ejOo3wQhQGNw,ringers-by-dmitri-cherniak,9.0,187.0162122321387
17765952,13000509,Ringers #509,https://lh3.googleusercontent.com/G-aGwApMIUlYffHFbH8qlJ9Sl8nJsBFnIV8BCRdkdZtvK778-ZqHnpWiYGZ-XCMg1lAIfm82uJWTwi4VIAL5phyasFZwtZVUDbsYjQ,ringers-by-dmitri-cherniak,9.5,443.49720821873433
17765953,13000507,Ringers #507,https://lh3.googleusercontent.com/qFuWjY1p2f8a3wXPz6l8xdxuHYn-hs-4F1q6HonVlmZoJ4q6BNPM9fBHzR7aKGct9siPk2uFeKnrA3oXHULhctkwzAvCwm0WkuhB,ringers-by-dmitri-cherniak,325.0,323.69655867102387
17765833,13000397,Ringers #397,https://lh3.googleusercontent.com/qlNuUxr0Ij1LihdY9y2kszgghA4JZzlk6Uo97RwDYh_wgyPZi8VFvBTVXrNQH7JnnJCo_V1-yatUD18wwK57twaB-Litut92oZObhw,ringers-by-dmitri-cherniak,1.65,224.33865761283207
17765835,13000398,Ringers #398,https://lh3.googleusercontent.com/Ry2d225AYWJ3ucJNCo_XoeJNiXINSRXVoeL6RIPjQUBy2W6E_rx2Vc1PT9sDUgcwRpwKGeDrw1YI_jb7uyfislCkOuLVOfvA_YHz_w,ringers-by-dmitri-cherniak,9.5,545.3465235850537
17765595,13000208,Ringers #208,https://lh3.googleusercontent.com/0HyLteb2NCTDepbeARtnaiufTiDHUP5aNo7hn3cxqt1886JSEOVRtZX-pPXPVxZxFEHEM5U5lnJSRHuJNzBybJ6YXWNHPsFuhjIj,ringers-by-dmitri-cherniak,8.5,190.28284162325355
17765476,13000098,Ringers #98,https://lh3.googleusercontent.com/njpV4Jneozsyjb-UOHGGQZ_z1NmPgos0cG-qh9Y-0GLsskoRj_ndBLG11uB9IFlVg6mIata3TiZnRNWRZj7f8PAUA_VDwijOukaE,ringers-by-dmitri-cherniak,200.0,422.43712166805756
17765716,13000302,Ringers #302,https://lh3.googleusercontent.com/eGtD8uhsn3xmKu4dEw9XafyWt-mbTsPxKL3ZT5Ra2Hrl4H4nCaU0_wn1HstOOpfNsMpovJUAHUFbeahMV99I8JIvC7u0WL-DwA1z,ringers-by-dmitri-cherniak,1.0,150.98020141601327
17766317,13000833,Ringers #833,https://lh3.googleusercontent.com/nclSGWVGSCgKPGKyFKRBmz0xWz35yR7OvlP0qv_uaF5lOvMfHkvhcoLw1r6K7KHEP9PaFPEeu5Gv0gDSrWj2xfsA40XW5LU7BQv50g,ringers-by-dmitri-cherniak,66.0,150.98020141601327
17765837,13000399,Ringers #399,https://lh3.googleusercontent.com/5Ybe2TRZ2iJiDdeBTp81-o13wvKPyX0JGnczQQHUo6o23It_I8h1H7u_goAdQyt_aYLZf0adQflhze7kSqv67PJxHv1V6szkr5KLq2c,ringers-by-dmitri-cherniak,14.2,251.92974237414998
17765717,13000303,Ringers #303,https://lh3.googleusercontent.com/ssTpMCFT6-qcqKVDDdRAR0J_VX4PbHMTWUZPhE3vasl1u9UFMv9DEFSdnoDCbLZSGPAfwzWxHUANz063aYorUnac8aXG2RHnURG-,ringers-by-dmitri-cherniak,0.9,637.0295444569181
17765958,13000514,Ringers #514,https://lh3.googleusercontent.com/DrTHrFxAiXbfuPYqY1FhyxGIiXj6PPNzxci-CuOKhHStLaKrFCyvaXcaYnZ4_p8cnu3bhOguCwSSNxHur3Piunla3m7GzrlBk-qVfg,ringers-by-dmitri-cherniak,5.0,235.7372345195317
17765959,13000515,Ringers #515,https://lh3.googleusercontent.com/dJ6bQVy4750rnqC-ZTy4yo5HM50ySoP3NzGAWbKzHYuhmQc9Vtaf9UZbsAn4UVFKmc927ri8kHNH6Dx3GM3mj_tiXFXjaYm1Z6gT,ringers-by-dmitri-cherniak,2.9999,157.0250940797917
17765839,13000402,Ringers #402,https://lh3.googleusercontent.com/8Z6PPAzZ2-AFaDRv0xt5NUY3U_KEdw8lDon1wEwE2fWbTZV5vdjtbFSjxPse9W3Z0J7eviaRDeLYVxb-yBKWhLSqOB5VCC-hrdeA,ringers-by-dmitri-cherniak,4.85,218.67199483068816
17766439,13000927,Ringers #927,https://lh3.googleusercontent.com/bLRDnY2_5LiVJrwuo3XdsorolZNZeiq4VEoaNYetcloq4d7F0m61m3ykiOe0Eoer9LKynClvn9b-kXr5mIpXOZ-iuBrnr4hVjEfRlw,ringers-by-dmitri-cherniak,0.375,152.93679624533362
17765480,13000101,Ringers #101,https://lh3.googleusercontent.com/GyL0jFv3SPCzz5IkOD_YrUGJTKnJXvs0FjNwX5qIBftN6WPV4vK_3Fax9U63q4XCbElp2QVzJvMYLfIsxwwSevrglG5DC1jZCwUfZzs,ringers-by-dmitri-cherniak,0.5,307.56273588825707
17765960,13000516,Ringers #516,https://lh3.googleusercontent.com/7CGCGVd7xgeJ-wjHX1wI9Wyc6DN2mh-2-Y7Rsw3wPvSv58RIvWZbyUOLUqNNEb2Izl9yR4XsVf-pzm3JAYg11QV3doSvXp3dQ6ilhw,ringers-by-dmitri-cherniak,9.8,152.93679624533362
17765840,13000403,Ringers #403,https://lh3.googleusercontent.com/j13tUZXjg_UPDyNl3cC8JCh_XpZqg7_XOMOXelPYXF3NWEFAshZftKY6k6KQdWyj86-GRLLziEzpWJhJDjjYAFRY2vXEQf6xu7irrzs,ringers-by-dmitri-cherniak,3.0,150.98020141601327
17765481,13000103,Ringers #103,https://lh3.googleusercontent.com/K1AOBEwE-noF4V3GVCkcL76r1ZvKn7CVYjaP3wm7Msd8ePlYh_wipuNvEkvn3xkKAJVLTXFgwqJaHkvOweFtZNhcmmqM-3go5rCfaA,ringers-by-dmitri-cherniak,145.0,187.41625223613912
17765841,13000404,Ringers #404,https://lh3.googleusercontent.com/a-kEBfb8QYOimWMgBEPboqYFpQuoWCaiRFj3Az8JxOE-WuBBHcR54CQicwEVR3GI_Gbv-8cvxGmWGlPpDA2nwyUuHUYypl5F9MFH3g,ringers-by-dmitri-cherniak,3.4444,418.839030575482
17765721,13000307,Ringers #307,https://lh3.googleusercontent.com/QFaiqBqSyASCIlT30lJaWVDOOyHA3zeGmR2PMr-2bb4GloDXnq1CxYtI2empYsE2hq1ld6_0Y6bfqcLiJ52elGL2Qrwl_-L2uHTpGrg,ringers-by-dmitri-cherniak,31.017187069657854,579.8259795758592
17765482,13000102,Ringers #102,https://lh3.googleusercontent.com/3KOp9k-GM_tc6NeKx99mxZCAUe0IR6UwLHa2IohVminu0O1HRchCN8ftCu1cRjzhrLNt4vVcwXEGFy2axxArNXBRpgK3aNiivpE9,ringers-by-dmitri-cherniak,1.99,352.8338857579671
17765602,13000211,Ringers #211,https://lh3.googleusercontent.com/N7sTUkABmAXBBk2sVzDaXQ_ALrufqmFPb4BenwKswUq3AsfVK2HOXzV8PPgPE_9VrkVEQi16ywkel5BOxwjQEHoemCKtMChoTjc2xw,ringers-by-dmitri-cherniak,92.0,520.7729612096614
17765842,13000405,Ringers #405,https://lh3.googleusercontent.com/--q6tuAL4Rt1axlYD53mjJ6ZjG16FXN5MfG4MJXPDxtgUZfPUIUiyLw-kpu6CCre0AXt9F-Owl4iJ1XAw1Qm28B3hA6KlUS8c6aFxw,ringers-by-dmitri-cherniak,8.0,318.8279445587123
17765723,13000309,Ringers #309,https://lh3.googleusercontent.com/Qn-1VUFJvYzvrGw6gxtJSA0_q-aPJ5Nz5w8rUG8Z00Us9H5_cbv0eOMR0sPT-f8Qg2uja8-DoBkqtZjEGlHBgzOhw48x2XiUXhqevJ8,ringers-by-dmitri-cherniak,25.0,327.88456708114
17765483,13000105,Ringers #105,https://lh3.googleusercontent.com/bhT4LpiG6BxPk5vSYDGOLltqz2Y6A0l9pMWVvh5dpe7gSJRHsquzcKVG7rg7lPYkioRLGWwXj4SKwgpyUuRtjDDSTEOQDg7yg8wG,ringers-by-dmitri-cherniak,4.0,357.08073614337866
17765603,13000209,Ringers #209,https://lh3.googleusercontent.com/Q8aMOfaM4PqhvBOtvMZN5SNTPAyVJoeEZmT3WMcx6kS2kQ1czOa5jkoQS1q1cBHyRGo-QVX55zbYgVsLwiqVwuojF23BPgOej0w4-g,ringers-by-dmitri-cherniak,125.0,157.0250940797917
17765843,13000406,Ringers #406,https://lh3.googleusercontent.com/CNPEPO4SQFPuAzRNJMuERbKIhYkzqRub7pfwEH0suaM1vI-wqOZsAL_ovaxdXCx612XqpFWaiYEGmDKeM3AxqzNfHYxAfc83D35GGIc,ringers-by-dmitri-cherniak,9.75,390.57997113988745
17765964,13000520,Ringers #520,https://lh3.googleusercontent.com/4WngzHhxmBg9uLRwG8_VmXe2-nNA77Jky1jPth2_WPhEfK_P84RvC9As4SU_4-HOr5ZQQNyf-TGALtMTjYGG8EqznOfMNwfhzzcnSg,ringers-by-dmitri-cherniak,2.4,253.55149082549406
17765604,13000212,Ringers #212,https://lh3.googleusercontent.com/fGjm9T8Y3lReba71AWNvWBs0lO8oNiRarzoRPIBO6Oq8ZU8wNQypMH4wReQ0qZaOMrUqSnV1L1yJGdFh1f35BF4g3xmGJoOtlUTzWQ,ringers-by-dmitri-cherniak,20.0,454.9914610922975
17765484,13000104,Ringers #104,https://lh3.googleusercontent.com/J22RI04k7ET9wmVwjQelIuRuXOTAebqSlFf2l3IryTCNXJoPTzJnpmvsbF9Vj0Slq40xXU00dmnvItS3Gt28pOFdTmyR6KKGV_yitfY,ringers-by-dmitri-cherniak,3.0,293.1716445043488
17765724,13000310,Ringers #310,https://lh3.googleusercontent.com/MIQ3eKGLpKnVh7ry6QmaWuGrcGAVDOL-TUBJTrjtt4zZRamwSLJr89qf6RHZHFUYijeU0G-RZwyLxJrww2bTsJSJ3J6ROo23oTpA-Q,ringers-by-dmitri-cherniak,11.05,274.7050283487957
17765965,13000521,Ringers #521,https://lh3.googleusercontent.com/qq5czRNj3NtCkC80ETaWJZTB5WfvOBeVKgd5l5G_ziQ0eCQCaTQ-c9LmNUhr3Qg5smqABfIiq7eJ6NZk6h0T9rjxAEFOAiAZbfL8Pw,ringers-by-dmitri-cherniak,15.0,290.83681979339394
17765605,13000213,Ringers #213,https://lh3.googleusercontent.com/7rmJPtA5lEGVpuHdDR-MRI8JkWn1nAEpZJr4EO4pt_2UOdkv3T1rMBj3EDuzT87VjrJ8BoXJCU18Ob0SQMKzjmF6Spkjlpysov11Cg,ringers-by-dmitri-cherniak,125.0,653.8054446463074
17765365,13000001,Ringers #1,https://lh3.googleusercontent.com/pdAWv3GSLma09h4AAZFLnfcdSyhgq8pH66DfduftpfNEL3wa4fhy3tzsKIcvbIDAEa1HimKAQJqszv4O3vmydh6UXPvXV6Quw4OARuo,ringers-by-dmitri-cherniak,5.0,496.987804062985
17765966,13000522,Ringers #522,https://lh3.googleusercontent.com/cfoWL2LQ9pjbJArTBkZXOQolkw9am05Egd4i8wlcP-w8RSKQOBWmGdSZ4bUWHGOR_gjDfAa-2lXeU3z_a4nc2aBMTpT5cBMp8OfOx5s,ringers-by-dmitri-cherniak,1.66,319.2279845627127
17765606,13000214,Ringers #214,https://lh3.googleusercontent.com/wfe4ltQM2ePiJ-MjxVyvVNKsvEuoe24_Cui8VCiguNylo7rJJYzFM3tXermfBP6RK1dWZwoxYwSLNKReLpgpUqe9fqLfwFD10mgCX4Q,ringers-by-dmitri-cherniak,0.27006721148705415,460.6363137520756
17765366,13000002,Ringers #2,https://lh3.googleusercontent.com/uA_hPjf43jhJQ1_5BWTIC35bzubiYqIQhNMm307UaO6n5QoMcA9QjGr9hYQnIwIElwQwPCUml-ieXapkeYTNVec7C2C8D7-hlp6U91A,ringers-by-dmitri-cherniak,2.15,162.2917168579352
17765726,13000311,Ringers #311,https://lh3.googleusercontent.com/G2Xj5hUZIf0BKJOmndHDQ7g_TF4xL_R1bgAEQ3webTco1dmw-SyVmgBw0no-5RMlPCySoknjIPOaYOsJdzTBNy2P2SgeL4oADrfj,ringers-by-dmitri-cherniak,9.0,254.10448244497834
17765967,13000523,Ringers #523,https://lh3.googleusercontent.com/pdvKFKsUriBu9XfSLLXGw_U83jIK7pDfYAVnJX4NCsKDmS80Ys7jRQvaZ15MQanpGZRJGRbbyDXcMxrpRle50O8cZMc0m3dEZ8SW,ringers-by-dmitri-cherniak,5.270662695228101,191.5045500705972
17765487,13000108,Ringers #108,https://lh3.googleusercontent.com/LfkSFhFrI5qlWq1u4tPk5z4XycTgQu1Oj9D8YSibRz9CXFO-L2xnv9DmuSHt5ExPha0izRv8XoKLs2t_Atmr8CPxlEGxzWksBNT52g,ringers-by-dmitri-cherniak,6.627379065381634,455.39150109629793
17765727,13000312,Ringers #312,https://lh3.googleusercontent.com/vDQI1rqX95_4jETrZPCcHCOx67LeD3GPI-GBT6p3aq2tJaypDJ9WYiECtjfFqd30AD--5BBC_LE9by8F570Rxz12oIOyDeN5-1FVhw,ringers-by-dmitri-cherniak,120.0,161.89167685393483
17765847,13000408,Ringers #408,https://lh3.googleusercontent.com/SPQvgzvcLZcHkAP5ROzXox-TA9g-9fnHDA1XA92hfb6BZvX9ZfoBkvcSOTvOl3aFQIAkogCCvS-34BLpq0Xy4cjVUWEhjhS0fDjS67M,ringers-by-dmitri-cherniak,99.99,156.24682419415677
17765848,13000411,Ringers #411,https://lh3.googleusercontent.com/Oa6DSHN5SaUm7cF1_ASKiv_Xdd2y-qEsFzt6JNjK14pWbEOrfjixb3G2bw5JsoFulqR13g5KkHSpqjTPuVSrwNtztkFIisawU6iN5w,ringers-by-dmitri-cherniak,44.0,162.2917168579352
17765488,13000109,Ringers #109,https://lh3.googleusercontent.com/SiEOuXqGchUuv0ieVzOwbUYxANgWPWpGh5FY1G9FqW0Atebc3wre_beLhusesVmdZ2s_dN3TctmdJCkV0j0OQ8qSHnvkRmm2lNXT,ringers-by-dmitri-cherniak,2100.0,376.22696496350045
17765729,13000313,Ringers #313,https://lh3.googleusercontent.com/WTXez6WwiDt8jQE9tpGH6UwWif_zgQtPYFRFSZ-1nl2apz2eeoUbFc04IVbNbKZsHct3b6TO5nUSngCDpjXfIq0ykXQRjLUJ_0JgJg,ringers-by-dmitri-cherniak,0.75,866.635654514804
17765609,13000217,Ringers #217,https://lh3.googleusercontent.com/ElyXSeabj4Fn4PePRqDiZv-Xyv596jfVaSnEVFh0yO21uzxW6h8HNsKvmv9ukjp_4NNjeSbPHPZPRy-ZIrL29oVV2LdaaUO0GLtTLA,ringers-by-dmitri-cherniak,188.0,152.93679624533362
17765370,13000006,Ringers #6,https://lh3.googleusercontent.com/nUahLucbCgqYQkcudfc9S523sdRtBzLF0EF5W_L05WyxLwYPbI_J5QpY42R8acIKX8ouIiqcWMXMuc-yqBSocw1keX3InaydQ_xdtCM,ringers-by-dmitri-cherniak,10.0,542.0797104649707
17765610,13000218,Ringers #218,https://lh3.googleusercontent.com/qRGUwTHZN6gLctS0Z_VbOqtkCJPG_Qm4srPr5Gdcpw51UUtTkh6wCWYnCl-BjXktqRDWMPz1cRfXcQ96x1TMJT-A0iR1u_95yJHeeQU,ringers-by-dmitri-cherniak,5.0,550.5913362408314
17765491,13000111,Ringers #111,https://lh3.googleusercontent.com/VOki4TJNfj-Th3xQMyaIU0vK9y3DVm7inU5m8Fhk5s3x03TuAl0ep2HYPW-f5maAnFI5dmT70EUnAp3YYeYfKLfjcjSRpwiyXPeQyeg,ringers-by-dmitri-cherniak,99.0,151.38024142001365
17765731,13000315,Ringers #315,https://lh3.googleusercontent.com/AOhqNp-Kyif-iK3perQnGX8O-3BhqFsajBReL4mUWa2zI8HAWvTJ5F_B5XnSg_t2nQkOrUD1ptXaL2dw6SDklwq3QPBlI-NCh0jxVho,ringers-by-dmitri-cherniak,0.21,156.24682419415677
17765851,13000414,Ringers #414,https://lh3.googleusercontent.com/hCd_SS4zMHpOYY0A7NXluoNwu61Q28rd_8H1ilNjjQZ3XZVTvDlWcdWS6tdrlPNAV3Dbfcz-T6Ar8OLpQH9Vagq5C5hq-Ix4eBeAZw,ringers-by-dmitri-cherniak,5.0,443.89724822273473
17766212,13000737,Ringers #737,https://lh3.googleusercontent.com/a21hXkCpCAp8u9cs-oXo5gdnp-zSpkGSW2IOG_LdHl8H8-B7oiveedvenKldQpulmCztbxEXqZzx3HoDQDWjoUx1ioBHt7mI53uATB8,ringers-by-dmitri-cherniak,160.0,329.34141133080186
17765492,13000112,Ringers #112,https://lh3.googleusercontent.com/YwlRvK4e8fRd4gOyVSnB_UXeALdY90xNShbHnxPQG7C4IrxuGB70iLB182IuyEftm6I5TUty9J-MXTiao-XBMsiqcMdMZplRezseIA,ringers-by-dmitri-cherniak,150.0,429.6960506523105
17765372,13000010,Ringers #10,https://lh3.googleusercontent.com/HNmHb4gF3p4PbhSCtqj42eAc3_McECSNEQ95dQdth_DDUiKKr9oBuE5PqZH-Sh6tvBBFR7Ydn7prDpwORQ3ygFxF3hMQHJ19ESn-_g,ringers-by-dmitri-cherniak,1.25,393.40810920287475
17765852,13000413,Ringers #413,https://lh3.googleusercontent.com/SvevJCJ2yJJA8PSguaisXAwID9U4YX8a518icceNdSTo0r5ADbRSGlmbtA-4oP-23J10-EU0axCJzPjEoQutnJlsSgQMEXJkGeCd,ringers-by-dmitri-cherniak,7.75,226.49158756129458
17765973,13000532,Ringers #532,https://lh3.googleusercontent.com/L0cqe2nbFyy2n_TlhHgvlMBW2cR4gjb_yIVNfA_JnLxL7fEow_WHkIJYw8qnsPANDEN9KphPFsAyetC_Sfnku7vssHC0_rzolNTN-w,ringers-by-dmitri-cherniak,2.9,1441.9686047457883
17765853,13000417,Ringers #417,https://lh3.googleusercontent.com/SRpqi5ygIvkQzFHiUaa23MuX8ElO7ZFg_Gs3fmm7WygZ64D4q1L820RcXHqyalxAi_QumIdVKYNkRmlOEBtAgv7SUGmiSbQYeRY-,ringers-by-dmitri-cherniak,0.99,926.5582446629452
17765374,13000007,Ringers #7,https://lh3.googleusercontent.com/pj0rFmSr6-LviuJjRn7d9NXRvTg-jQWCQPZspPA17EQ3yksytIQ7Bjm0O6UIcNlmfLj4zWLySfWkXiOMlztEk5Ixq7fd4-UqEd45rEc,ringers-by-dmitri-cherniak,12.0,241.38208717930976
17765494,13000113,Ringers #113,https://lh3.googleusercontent.com/g7wO9MjthRk6sQCd3KdRtuqM5mNR-Jj-FS_0dLPK6_A0RWQHcwJNjGT9btXHJvXzbRQdYwLGs2-t1Y8HMMNMkpf775QqHY-l7IOpJA,ringers-by-dmitri-cherniak,5.45,235.7372345195317
17765375,13000011,Ringers #11,https://lh3.googleusercontent.com/mPxLuebnA0ghrryaDSy19dKhakCsiqNe2tnqtZCJWTEgs6IEss8KkliV8UsK6pqk2-iEqKZxQ7rsAzDacihsZel6JK5o11R8jrwhl7M,ringers-by-dmitri-cherniak,155.0,152.53675624133322
17765856,13000418,Ringers #418,https://lh3.googleusercontent.com/5n78e5DfG7jLhNuCUUHIG37Z5ofXYL_rc7mBXbFD-dRmybP2iiYAOD-31bScgPN7-2Ng5HsLD6u3bV4dU3QSoET9-ibazfUP8f3wuPA,ringers-by-dmitri-cherniak,25.0,662.1872743381139
17766456,13000935,Ringers #935,https://lh3.googleusercontent.com/-2kolfUyFlGzy--TIEP9umW3P1vO_TNuGSjmi7HXZPGNc_WbhKRIRPCEbkzd0tKaZkFdqp5sRtAw9Twg0RwhZxG3I_IGVeLmqupq,ringers-by-dmitri-cherniak,175.0,156.6250540757913
17765496,13000114,Ringers #114,https://lh3.googleusercontent.com/Ep-iMgKmTlBnPbsY0whfAIW4xWNqQPzBIbjqwepVbsXNIStPoDZoOlDxzKNYa4GXuHS4je0TV8et64j5rMwuciTrH4XWMZ2FgDWrEYs,ringers-by-dmitri-cherniak,2.5,150.98020141601327
17765376,13000012,Ringers #12,https://lh3.googleusercontent.com/6CpOaX82CgYdbaAKkx-G5wzM0TpepuQfzIKSEUh0CzA4hot7N_xlMxWIizNv0GOGqjO6aR_X5oBOkrIdsCa1D-GaO26ZxUcxcjpy,ringers-by-dmitri-cherniak,0.47,184.2379489594751
17766216,13000738,Ringers #738,https://lh3.googleusercontent.com/Tk8ZMytiJ-e_uMTKhLpLC3b3MGIv1xwHSWSAojDGtsUI_iDG3-LbsaFKO_J2a3pZLgQhWI6MZ1hq_NjU9SwheXkDE2ctwcbPSISK,ringers-by-dmitri-cherniak,68.0,614.412977062556
17765976,13000528,Ringers #528,https://lh3.googleusercontent.com/TY5rElBtEds3GG5l_df9p-nvGoR32QHLs5IhIQQbBBFbZ_6qH_SWvWKqWc5DZm2eqq09ekDMXSrpU1yuO9iXGPNUeKOyPHWwKXuUxw,ringers-by-dmitri-cherniak,10.79,330.8979661561218
17766457,13000936,Ringers #936,https://lh3.googleusercontent.com/PAnEV4OTcPYDE3Wp7ojC_ifdlSDJByQMqFSXGVOccY4wE0GNnXP9HR6K5KNiQhl2_fmERmUdjT6-QNL2KEl8v0qkermvNgzygrRImws,ringers-by-dmitri-cherniak,102.0,151.38024142001365
17765977,13000527,Ringers #527,https://lh3.googleusercontent.com/0h0yl_8wTFUN9IxUFa9vfhXSrceSVCf_D7ywRwMwV-XiRztyDb_JS58WjDVC8GCI2wasi5FPnLLgbuHqUQVMNz4fBmBP0MUCFQQO9KA,ringers-by-dmitri-cherniak,10.0,649.3530640745902
17765498,13000117,Ringers #117,https://lh3.googleusercontent.com/LJ60rZRpBhmo2pWGXMvPAGqPOtRIRALjUr7_pJmv7Ka9TANINxaIpNDMm8viYBadJT1rJrGxqDv_Ap7fA5FDqH2c2d-dXpr1xhyGhsE,ringers-by-dmitri-cherniak,12.99,583.5588762785985
17765378,13000014,Ringers #14,https://lh3.googleusercontent.com/xkrb0XvMO50m3wCFZBmm_Ue3Tt-WnG5TPevue6a85bFrxwhq-67MslcdHCfxqI4n4nnZkIMh4BiNRP8WMpZ-oJMKh_whXzlAQtKJuIc,ringers-by-dmitri-cherniak,55.55,224.762297614059
