id,token_id,nft_name,image_url,slug,last_sale_total_price,rarity
50006280,5448,Sneaky Vampire #5448,https://lh3.googleusercontent.com/sXVsu96xBUeMhjOI20bja0bJgVoasaSXQGiD8ZW1d4ooQGhgkchkaTYHP3tbpPAzzDdWcIRzD52kYmkhefr3QVd4XrbfYIkNOeaFWjE,sneaky-vampire-syndicate,1.6999,208.36259604917288
49995840,2416,Sneaky Vampire #2416,https://lh3.googleusercontent.com/BNb24cx9x59WaSqKDgQ4_dJLdm7au-XHd9ewH2cyOsURDerITPzgjk6tCBSf41Sl_aBIccyN1xyCwqvaSlNNTGjPpcQi7U0lSH7lSQ,sneaky-vampire-syndicate,1.69,132.77940952939747
49997642,3259,Sneaky Vampire #3259,https://lh3.googleusercontent.com/np25uKDtuROyQNbq7IgKR8qI0VUtH-epynqIh0KkOR6Pk5HmGl7M9o-y1tOcyzoibe3PFxGn21PplV84q4qboTEKyXkL1gqGTuYk,sneaky-vampire-syndicate,1.94,209.328831396078
49998124,3480,Sneaky Vampire #3480,https://lh3.googleusercontent.com/LQvvYnEZXQ6e5Wq6bcXx6AjRIP-OXp7dFnH_ar8MbV8MLPlaMRSuEzIh6b9lekZ1_jUpfXSQkz_kR9vXp6ILUC1zRoO6H76N3H_X4g,sneaky-vampire-syndicate,2.12,127.55333873868399
49996805,2867,Sneaky Vampire #2867,https://lh3.googleusercontent.com/lA98F8uTjb_Sj1uF3AjXUJsPW5rAood0ag9tDaUua046VYKZC26YwaEJ3GJfmrIFfkGLhr7BRR2P9Cmu0s2S59-peV-b9qsA9XIyGQ,sneaky-vampire-syndicate,1.8518,183.17521272543667
50001126,4407,Sneaky Vampire #4407,https://lh3.googleusercontent.com/6pXKwizAe8bLBX3OOvNyrVAzKiouZc2CGWkpuI3Mn6nhArtCOHk7NPe5m4ii-Vw6lvX-bRG_xiimVy9f2Q1h8hoGwER5BGNuFJ1s_dI,sneaky-vampire-syndicate,0.675,127.93636962895873
48089766,107,Sneaky Vampire #107,https://lh3.googleusercontent.com/OMN72Ajh1Pl-g3JP0b_OWDr3kmPfycICV4SwKml_EtLPNEK0K2CUpTor2QFcJrEnDR6L4cGB_KrMB3F6eJjptRDQFGNfqdhMFDLb,sneaky-vampire-syndicate,1.0,228.67569346530607
49997046,2966,Sneaky Vampire #2966,https://lh3.googleusercontent.com/lTfSWHKB2AaRcPnc6el947EAcTuOt2EJEzJ9qJGCrABaBEnnvkXdoT12-E0RYMqUcyNK524ja-DMJp0o7fzi15lQD2IQqXj_cdik,sneaky-vampire-syndicate,1.5,140.7753589961561
49994646,1632,Sneaky Vampire #1632,https://lh3.googleusercontent.com/e9oCZtoUE_mZoz5RflpKXMlqPfw9BnCVvevOtEcwjPS1MBWgAYUPB0mOdv8xebpkMzTAXA256HPoWQBPdkR-qmNCuERczULz4A8HBpo,sneaky-vampire-syndicate,1.75,185.47705151906445
49994647,1613,Sneaky Vampire #1613,https://lh3.googleusercontent.com/Z_9OmxURgYnwFOADpZw5NmHEcC8vblTUrFjPKdmcs8vZwHRd7fNcWYZvzJQnaRaESTIeRvdQcVtu0THTQikPC_6Xw83EV_Q9iL0SIg,sneaky-vampire-syndicate,2.0,194.89936854693008
49997528,3247,Sneaky Vampire #3247,https://lh3.googleusercontent.com/DcvwcMA4VcId1f7H0rDcf3g1wseWWS5uPnuB1niDfHc5iOSitsZqa440L9qxQWabI6GvoEtsg4ohgYeQ5XCrbVdNmAWUvBgJQ6MNVg,sneaky-vampire-syndicate,1.79,188.7547591952111
49997288,3116,Sneaky Vampire #3116,https://lh3.googleusercontent.com/9zfRwMpdSvMsDLnub0plZXxYok9Lu4_U6smrRTZW4ymYgD1Lq1IffLdQDqC1yfaAJgv7INRjfY2F5uY9ETxQL0cE5dFxslVASO4jFQ,sneaky-vampire-syndicate,2.49,175.66735016378428
49993689,1143,Sneaky Vampire #1143,https://lh3.googleusercontent.com/ET3BX_fGb5pnoPKttJRgGW5kLzgJd-Y-0Uk43yTZ4pgkSgLv8FfFtv_N_6qPS8Wil1AXOXYFuZHkPUHMvxDEFEghrT_L0F60cKYz9g,sneaky-vampire-syndicate,0.69,163.05531928412086
49997290,3075,Sneaky Vampire #3075,https://lh3.googleusercontent.com/v3wTZf8MzhgFTjn6ekMqmRLeanD9FmWexb1t_pBaYRnZLnO_SlzfZgOZXIBzHqgJnpn9ZSfTtAAJ5bGeEy98UUZlNi84Vg7AjfvE,sneaky-vampire-syndicate,1.9,222.66182396499084
49998130,3497,Sneaky Vampire #3497,https://lh3.googleusercontent.com/DJHudK7Tb07rRWa7akrJghRJhkzDxAtz_ECh4tovAkSTh2uvbi70rxm7bhBA3EEmgwf1pyFjqQksxkhYlpi9BcODI9E_feOyoqu7,sneaky-vampire-syndicate,0.725,130.18212201709687
50006291,5451,Sneaky Vampire #5451,https://lh3.googleusercontent.com/P4RSk3k4vjBSS9vcKPGixjAsKFk54EPr3qnVY02hxFgKdHEq1oqcr7yVrpoP0wC0R22lWaNItUh3Qj-SQin2Rto4XFihBxtzIEn6bg,sneaky-vampire-syndicate,1.599,187.33048106397865
49997411,3125,Sneaky Vampire #3125,https://lh3.googleusercontent.com/JBqb7XW2oZLME7LNUvodYa6FDNPf7JbK8tFgNpJRWDUWtTUYxgHG4Og0JTAaxspedCTeuniYmkOAOeSDGg9bVxvCwcCE-RtR_glbgxY,sneaky-vampire-syndicate,0.85,138.46579360457926
48140051,362,Sneaky Vampire #362,https://lh3.googleusercontent.com/FTaZ-488YzRTxFtKCoIjEViHf7yOWJyoa_Rk8bkWXmuPQIixD0S9O99uGOsDUky_SAN99nDsabnzH-gl0xAGRKiPmOVisBRaLmXaFw,sneaky-vampire-syndicate,1.5,185.22022305026175
50001132,4408,Sneaky Vampire #4408,https://lh3.googleusercontent.com/46d0yc7Jr7yX3CaYB5CCkF7QPMLB3teBKfiF1orwNh714yClZKxDftpwSSSop2M-2qm7LYEaabSocxr1HV_ZU9VXzM09paeXeIto,sneaky-vampire-syndicate,0.9,156.49286424556436
49997652,3283,Sneaky Vampire #3283,https://lh3.googleusercontent.com/AoIYkM9dNXE9qTZrx_-bbQs96V0j2vIvhMokAKaE_YS_41Gjzw_EXt5D3QMCjIyEh5x5aLFKFybYdm5o0ezC95bDOvgPTQbX7HhK,sneaky-vampire-syndicate,1.03,130.59856280447838
49998132,3498,Sneaky Vampire #3498,https://lh3.googleusercontent.com/tGhGklzGJZK9YR_nwQDRTWAXAeNq4KhBLoHYeT7cNatYdVzVnyKz-aZnr9eXI1BYrSiQ4Xm0z4ZNEX3zXDcduCHFvJIct9XYeeKPBQ,sneaky-vampire-syndicate,0.7,166.99375866056482
49997413,3160,Sneaky Vampire #3160,https://lh3.googleusercontent.com/BeDvqXZhLOQiHp3ChS0CciwK_CY7PG0sCQn9rSeKS6uEqVH8GYEpnieo8-kp3pS25gxaht7GMFTcdFnhv4Syz4wQmME7rlevN3y7bQ,sneaky-vampire-syndicate,0.65,236.78846188337013
49997294,3068,Sneaky Vampire #3068,https://lh3.googleusercontent.com/dk6JLoZnPB_7hg9vkuHdSvc8zgb_7WQ8hlAHbmoBQoBlbxWMV-tzmJuRIgAUz39hnFnJ1vs4habWjPc5aMY_RqRSwRkQCRUmj93MXw,sneaky-vampire-syndicate,2.75,179.30547608232067
50019615,6851,Sneaky Vampire #6851,https://lh3.googleusercontent.com/gIRBRcTw069EbvPvf4ePxedRymUhpMmGjB11QdZw2d9Zq7l9DmCmZtZ2F_DPaunCCAWUQiGew5Yi9hFLLBDVm4rnNM54dl7x9Lxd6g4,sneaky-vampire-syndicate,1.7,179.15736891744268
50009776,5977,Sneaky Vampire #5977,https://lh3.googleusercontent.com/XlR1sWufl13bIil4h_zsIHPUpGbxR83PUEQSgieDzicN0Q2fz55KQKtya3oZ289s1eBLIxGg7Gvl8PHg2FpldBUF2FogRWgvZ5cm,sneaky-vampire-syndicate,0.71,148.85496269677907
49993337,973,Sneaky Vampire #973,https://lh3.googleusercontent.com/h23yyIQ_CGZEZSOvZujzEat9QHXLoFAvIqnaV4Lqn5yvYBrn-5yysVImFp_gpP2pW1u5ZpTxy7vnCf6XoWpkQe0GNY0FwOguvBmD4A,sneaky-vampire-syndicate,2.431428571428571,194.95372438029972
49995617,2271,Sneaky Vampire #2271,https://lh3.googleusercontent.com/wkm0KhT7JQsQvquR7S7FP_KRaNc6_KHP1zP0DseatPPoTUh6OQ_FHWik-1jR1GCxeSCkTr7CEvd2RwhX_L_FjokaSpQzvpXcr0DR9w,sneaky-vampire-syndicate,1.33,198.25652327403236
49997777,3351,Sneaky Vampire #3351,https://lh3.googleusercontent.com/teVyqdvCxS-7TcroYIo83ESY2Em99U0CdggqjAjI65ED-eB34aquKvBI8r7h1locz0C__LPPRBVWXjqkbr2wLE2v547QvCduJf1OTg,sneaky-vampire-syndicate,1.5649,134.28678685074956
49998738,3791,Sneaky Vampire #3791,https://lh3.googleusercontent.com/37mejl29LMrjzBWBr20usU5ttjaip2YOevoBWMQeAJ1Lg05nz26HA769lGsMb04EECRhzqmswt-M6PD6fnJbelkq_nB7EQmU9hSl3w,sneaky-vampire-syndicate,0.69,174.21558567584165
48240618,552,Sneaky Vampire #552,https://lh3.googleusercontent.com/9AS0LBNtB-UNUsJzLRJX3FeLf6sdIdaMUdjuKPPbAPi53dNqfJ9idZsF4Zg65phNwDfBY9cvBR29y5ATzTrz407LAYSWLgIxzQIqiqs,sneaky-vampire-syndicate,1.2,175.40487139368443
49998379,3576,Sneaky Vampire #3576,https://lh3.googleusercontent.com/RjFIMwQj0cYQCtd-dAMgIvEvIM9x_pOhSdR4nnzaSQrYHilDnDtfMDlNeRv2qixdaYBjMqqU1Vwj2UDugChyblt1xPbktd6udLBVLg,sneaky-vampire-syndicate,0.75,166.93719873107622
49997419,3178,Sneaky Vampire #3178,https://lh3.googleusercontent.com/c1Lkab-FEYEdQZX7uhweL3UliEQqG_Kp3RhleiyvjV85OcHEL90ao4ny7uaYFdl5GBVGCVMS0rStf81KYotyUt0Px67uzzkxLEA3,sneaky-vampire-syndicate,1.24,177.84621576273477
50012180,6186,Sneaky Vampire #6186,https://lh3.googleusercontent.com/UvsNeSbU0TANBvna7wGxV-YoL5NtjiD8ycaCch8YkZ5pe6_6Zru_mtKqLRdc47vFCvCZGOi55DeDD61dw6B52k0GCiTtlwdAKibcSQ,sneaky-vampire-syndicate,1.3,306.86700159124393
49996580,2797,Sneaky Vampire #2797,https://lh3.googleusercontent.com/pnm_yguQ3_86MZXgJGV3lgbvZIXywdgc2FpUBHv5dTabQAGKw3N9YJr95dp0Pdp9_SPfxfqhi1259D7_JVpjY1CamkR2xPalIwBAng,sneaky-vampire-syndicate,1.5,165.80326263275956
49994660,1655,Sneaky Vampire #1655,https://lh3.googleusercontent.com/xjfCiyjVGp0Nh1XCR2jAbUi_yrfK3HA5WpP4l7CKtJqxOX2IuMq-XCCUE4AzRoJIU2gxmIuQVlEPBls0MYxCj8bfRSZ6h8rwesoVndo,sneaky-vampire-syndicate,1.9698,247.41025673377627
50037140,7632,Sneaky Vampire #7632,https://lh3.googleusercontent.com/vE6ZltJs1nbSoIe15-SA2qX1dEnw1eW1_sAXiwQQrH_PNIxTFMXAwuSQQRimJqI4Ht1PLOJr0Gg-RSE7AdJdl-f3C9VclRmPBMGa,sneaky-vampire-syndicate,3.39,213.4991913881172
49994061,1339,Sneaky Vampire #1339,https://lh3.googleusercontent.com/sxPQPcITEBTL-1zYolewvBNtL7TexzC8n-T5nQGeZF-WtK6G3NWUZwLqQ868SthpGCaWZR01z9nlb9XxQuOHEulYVjTP3SSIpTaqq4M,sneaky-vampire-syndicate,1.0,218.57383946936343
49995142,1929,Sneaky Vampire #1929,https://lh3.googleusercontent.com/IF5w3kn7INNVZb9g13l2iPlzs3T9oLHHXYoRLnCNMita_hoIyj1F88HJHY_Iyo2_uMn2QZ8hgZ0jy2P66xNnBRZn-xC_TEMznhV5vp0,sneaky-vampire-syndicate,1.9987499999999998,168.42255908922368
49993102,839,Sneaky Vampire #839,https://lh3.googleusercontent.com/qGF4voSiLdpGT_RjSvy8YlYXZDncZH0UiE3P59J_Wku8J4sHQpouTQmnqtyMZeNkJJTciRVvFk_O-KkTIOHAamlK4YdM8DMAogzA5UQ,sneaky-vampire-syndicate,1.55,161.32532660608325
50001862,4574,Sneaky Vampire #4574,https://lh3.googleusercontent.com/IzXX78aGq1XmJphWfstEOxfMMB4baRXkxPxkcRJduE3hNlZUd4k2kQLBVYvAiBM6nhit3yYxrSW7V5kyf_AHxD_PZGqEDu0AFJtJXQ,sneaky-vampire-syndicate,1.499,139.47015809133978
48209903,520,Sneaky Vampire #520,https://lh3.googleusercontent.com/WsKqHskvcJV7VUohbNA-ivZ_Li8aw5pqdu_BsuXFCYhXJ3iNVFJ_unTziRF7Q_jIrbqVbkKJ2V9jhecOF0OvwI9yz9Mvd-7KjcKQrg,sneaky-vampire-syndicate,1.21,143.3388701975387
48106104,204,Sneaky Vampire #204,https://lh3.googleusercontent.com/PzZnySLIZBYrik5XHC8bZ9IBIwrwsULHj6xTlUd0reR2M0Eehk9tt8Y4BadSZKrmdxrP-9PyKEj3siPsoyPJmIUuZ1OhLB52dugDQA,sneaky-vampire-syndicate,1.7987,128.6009810348725
49995625,2285,Sneaky Vampire #2285,https://lh3.googleusercontent.com/yFAdQ_whSXxWJvzVi9_UYQwWHAWrQDIBJSxUJFCcIDrCKX_ZfCrDh5u-W_Q9BdLVEKKTgppZnROsQUbXUbPtj4CDyEWfHjCU-zHhuQ,sneaky-vampire-syndicate,0.76,129.65156903997337
49997068,3008,Sneaky Vampire #3008,https://lh3.googleusercontent.com/Q_5EsLlmHa_VsVFYjPFLkcpLxJh1vHRYsXsU8df2uTWZk2wvW7B8ywUXz0T8lVfzou4YmfEGyMYt0jI7znroC8OaoxASdTQ08t3Oxw,sneaky-vampire-syndicate,5.2,214.51191990560383
49996588,2802,Sneaky Vampire #2802,https://lh3.googleusercontent.com/VLE_w-saRiITJpvojIOnkkJkPj86jUeQGB-I7xhGgXOQ05hsgavldFW2YjlMnmqSsHjcTDkcgiIoHdXgXAn-VJ6Sx0nRuLwUOmScbA,sneaky-vampire-syndicate,0.75,216.2459993520281
49994908,1812,Sneaky Vampire #1812,https://lh3.googleusercontent.com/BgcvFf8QesC5C8rnMWyLMWdWGY2v8dn2IZ-1RT_KwK-kmH9-OMdOQ70pABEqQNsNNjUZQ05ZaSkZy1OL0eO9-BGUH8mEyKgMLgfpFWE,sneaky-vampire-syndicate,2.0,171.6230931641469
49994668,1662,Sneaky Vampire #1662,https://lh3.googleusercontent.com/XYW1hIISAdzeC95eg1R4ZQVPOOnYbExXdU-0fTeoZXfSyaXduP1arzYSpI9N0T2JG6DmuHwNgtHIBueM4fbM0ESKJ23lrblI6qBotF8,sneaky-vampire-syndicate,1.1,128.92253626947874
49997788,3352,Sneaky Vampire #3352,https://lh3.googleusercontent.com/N4EqDRhyEU4IGnRlbRYMb7-nBgLg73Zj1Ajjp0ffV7MawVxPwXXhWYwe_FGBMpXD3aTFFtY8Wexz9OSU38Jx4lDBNpdvzyAVlw2tgA,sneaky-vampire-syndicate,1.79,168.68152735822179
49996348,2672,Sneaky Vampire #2672,https://lh3.googleusercontent.com/Va9ocCr7rh2SDY0f3gJB79TG8mPK0ISZm8DaYLawBPRF_7VGX5lhHXVUinDvvsJkiseVcEdWduUGVfZ5Xg4yM5v_y7Ih6smbADvrAQ0,sneaky-vampire-syndicate,0.7877,131.05639528515792
49993232,877,Sneaky Vampire #877,https://lh3.googleusercontent.com/gS6_YMjja_nAi0UCHBUYcQ5pT1SByBxaH9n_ohB6gnyd280SafP7On0zqju9mNYhXZsL07aUTFemL06m7HN5rmC6cy86b2E1KVWhzg,sneaky-vampire-syndicate,1.6,153.90907068944747
49998393,3631,Sneaky Vampire #3631,https://lh3.googleusercontent.com/t6Y87Cu4Nj9NsVcEAPjyh0sBaL4ZiXQxt7DB0AVyVx-U3WWtC8VmWCLJbztVLDJxqPXRJvE1UdjZzxzfz-bsG4p9i6fLuF4umL8wCw,sneaky-vampire-syndicate,2.99,177.35931990780404
49997673,3295,Sneaky Vampire #3295,https://lh3.googleusercontent.com/Mmm2zqb5UOigd3gUPGjthCI7PEG-z3j5GTuzqD_C4taKoZLULjy_mkVcPuQibb4F57Vx-1Xbj2tB-XgJywBRsqiEEtz0UhulX1ZZ,sneaky-vampire-syndicate,1.3,191.5529367128342
48240633,555,Sneaky Vampire #555,https://lh3.googleusercontent.com/G8uMaQNz6X0fvx56cj0suYKj9yorBMS3ufSbR4sOlHloRJxTUtOkkPxVREo4SvURcyIRkgj7bcDT2QTbW2rLs_5qlNniRvGBDLe3CA,sneaky-vampire-syndicate,4.99,325.5569901736752
50017833,6644,Sneaky Vampire #6644,https://lh3.googleusercontent.com/XNuuloepFcgNx4pbD2y98zX4on3b4H1VEHgvWW4O_GEh-mOHr8UHXxW7zthMOv3tJTONU43L47ZAbOYpyE9sr1qQDVBEMiHc_njJkg,sneaky-vampire-syndicate,2.6,149.4513566957595
50027195,7297,Sneaky Vampire #7297,https://lh3.googleusercontent.com/jQRRuO99xpbSuF2ps3L29BNx2E4COmbMNRtz-gHe1oKQD1okK_nnWsBGmWQkXt1kPyBoonDl0zt0EnXFIDIOvq0Fey3wnbwTgeq6,sneaky-vampire-syndicate,1.4,274.48397909596304
48267996,585,Sneaky Vampire #585,https://lh3.googleusercontent.com/Y0Ue_yXVw5UEPJgRaKxHQZz9J5GI5G4-GdZAczW0ALFmdfFVJ6ssxwB_1rr07I5NLLkLuNUITbGaUyBoMTQ55Vyq8iV_ndB-LNpb,sneaky-vampire-syndicate,0.77,192.32690862554583
50004037,4847,Sneaky Vampire #4847,https://lh3.googleusercontent.com/Gc_ia_lIErT8XcBdBrnDKyA5aF0U9IImutFBwRc6yqVlO7Kng_XVozwkpx7soAmZrSoU5UwwXfx8OUsAmsnj5WaslY_nYj8igoCb8g,sneaky-vampire-syndicate,1.849,165.2288852646309
49996478,2733,Sneaky Vampire #2733,https://lh3.googleusercontent.com/jhDH8V5M5HbAmsmGBVRdAMueLldaqs4bMuc7Q5xU-A7xcbv5X3wnMy0bdf3J2etQ0ywA5m7Qxx8shSXbQQ3T_BC9kS2-IJtrxfTB,sneaky-vampire-syndicate,0.65,155.80836176838966
50000318,4305,Sneaky Vampire #4305,https://lh3.googleusercontent.com/pBQhETk3Kk_7Zf-kbaW8sME2e8WDyRu2wsH66Mh9MzldYIu33FP2E14rKKF0NhxLs7pLe_5zaN-EXv4rVPHyDuKTg3LggUHNPIEn,sneaky-vampire-syndicate,0.55,143.31484004814342
49997318,3092,Sneaky Vampire #3092,https://lh3.googleusercontent.com/npcwkuKzk_FRdrsH2Vu9_yL1FFB5dXBr0b1BFjhix-UL6FQ9r3we6uT6mtVrhIGmfw-K6tXY_pCSVasQkHCrH-7EoM_ppF3FJpmwxf0,sneaky-vampire-syndicate,1.699,300.3993896040668
50005599,5136,Sneaky Vampire #5136,https://lh3.googleusercontent.com/8FsmLbJo-Fi7DoYDCz3WEhR1szVAcbgmmxscmM40NQUmhNV-NIx5liONWL4M7jOWy-Qv4vUwwdAjI5RZv61HiKIUMIAIRLsFVKUD,sneaky-vampire-syndicate,1.33,188.19666842517395
49997439,3224,Sneaky Vampire #3224,https://lh3.googleusercontent.com/si8uKjzRE9oGS3fQt-Qx0XRw_kridZ__MBA5tkcpmh2bolW6zlBCqxMW2CCEFNXJRl4p9o4P6qsXUA0f-T9-Lo9TZn9IqBj5kwi_dw,sneaky-vampire-syndicate,2.015,163.9060379786712
49995759,2339,Sneaky Vampire #2339,https://lh3.googleusercontent.com/IN2VkLi7n1q14iwWX3Yi8jXDH-c7yVvI-nKjPuNZ9rUDnaO5_zj-5AqqM-eFr1DoEdPtPHo7uJnS22B55OvNKGj7dYlwpHwKsz_mlA,sneaky-vampire-syndicate,1.8,231.47442770987314
50001400,4448,Sneaky Vampire #4448,https://lh3.googleusercontent.com/FmB4x_pcbr1jNwwp7jJVYRz2uhaVUknm2OMY6WjPeCHmfhYTpWQ2R-8xp6ZgywenEA5Iwa_kUaJjV286ZjoGtdQZtxBTMc1d8RaIzA,sneaky-vampire-syndicate,1.2323999999999997,124.87692553388196
49996481,2743,Sneaky Vampire #2743,https://lh3.googleusercontent.com/1vl5weOitvl5r8Ohn_zK8oXi0uT17OFWvbfuqDw15u6H2aULtVfChqK6lBhXCeYON_OqNtP4w-J6sX9NnkytAzfurm8QQGXjK0XJkw,sneaky-vampire-syndicate,0.796,118.6278320483339
49995281,2113,Sneaky Vampire #2113,https://lh3.googleusercontent.com/KgLVU-gSyoYpgKPsbZsE0Tn-DWjKd7jnhxxlj088TkgFxwFawixGvtE3s5tzQBWGSHEksUjUbE83vaeFzWB1fK2ury3Qv-jZri_HTQ,sneaky-vampire-syndicate,0.67,138.68305026372178
49995762,2342,Sneaky Vampire #2342,https://lh3.googleusercontent.com/YiJmGW9Vt3V3Y96oWEkdaj1Ka_fFVGzEMUEq03iThi9AD3rkgs5ZUrsPqfePr9co7OfOU37Rsdqcwrnn3TdyueEdhe6B-4eI9e1Azw,sneaky-vampire-syndicate,1.639,191.95341807467315
49994802,1747,Sneaky Vampire #1747,https://lh3.googleusercontent.com/uGWVS7jLJKHkKlyNGTSw1-Hlvh785ZC7V7pZVz9UovAhoMKtj_fpPK6Al5oi8wHXTmXQwsMbXQrwniEzx-roDo6WtNEwaR_C5IE55A,sneaky-vampire-syndicate,2.499,277.67515444548263
49995643,2299,Sneaky Vampire #2299,https://lh3.googleusercontent.com/A0yrcUhpfhWI6Hddy-cOaoT5uCQbU1sVeEYwsRH0Ltp04okR8ZevT8h-1d4mT1rb-AIhnHJB78qWv72KWP2sKeMtpxgcSkw8qRmZ,sneaky-vampire-syndicate,1.7,102.66582462309796
49997923,3384,Sneaky Vampire #3384,https://lh3.googleusercontent.com/KKmI1f0pkukA3irgGARHxmIfAyfJRO5u98w1BPs_SWnROPUpNIODwpmrMUArFyP4Eaj_DgtAJVoeTX7WhLhS5sspyN9lvjr3uqDwFI4,sneaky-vampire-syndicate,1.97,207.35325312494598
50013043,6226,Sneaky Vampire #6226,https://lh3.googleusercontent.com/x2CgMQJnqsmGdNLjJAV1CGdRUi9PC5IZ_-Nra2JdzoGQi1z7H4tcKgMipOD20cpk15UJJ0a-vSfLrZe_X3TApRcHjFrQrl10_dIb,sneaky-vampire-syndicate,1.15,282.4971089677839
50035844,7474,Sneaky Vampire #7474,https://lh3.googleusercontent.com/3mMgvJ-2JRor0zPJO8k_mI3FPO6nctcHrQZQJ-3JwlK7mHpze7wB9CMMH8vSzuqrl4DWC1b6VABwC8J1--9glthXfiqYsSbB7-MYAQ,sneaky-vampire-syndicate,0.6408,103.63364938650709
50000324,4319,Sneaky Vampire #4319,https://lh3.googleusercontent.com/Dic2QkpjLZkVCzBDJKWKni3oy5eLwFm8rthIR0mcPlGtQEVkGOqU9pHB1NwYu46VZVAGQSiEgJf8X3FlCca9YFQCpG1oKRXmNK8w,sneaky-vampire-syndicate,1.5,173.93741267845323
48183524,488,Sneaky Vampire #488,https://lh3.googleusercontent.com/XVUSYDDOKT9uNfDBLhGAatBez6kLLKee7b6bDqMmW8Z3ZxM4PRFX3o2C4bI7EoOYk8fx9E0HGzs_rqJSgYySZnfvuDGxrrMGTcA2kUE,sneaky-vampire-syndicate,1.5561,144.06857305380998
48091844,172,Sneaky Vampire #172,https://lh3.googleusercontent.com/6pUMtD4wCxS26euvOM6wPLTFG11JUisbMJpxlbjgo6BzGsJ98R834eIr3I2aAsT8HQU7txOq2fDRSit_eiJCo5VKE6kJIqB2HTTh,sneaky-vampire-syndicate,1.965,181.80412533061536
50031164,7330,Sneaky Vampire #7330,https://lh3.googleusercontent.com/kSHLfZAZPt_69ZrKi4YhWOool1niBEahQnjeWnVASEH4HxNTzWomPp78HEbNAFMAzi0tHhz7K0DOXass-Ui5vx8ytcRQ0yWsDdNrmg,sneaky-vampire-syndicate,1.38,202.86510478236045
49998765,3792,Sneaky Vampire #3792,https://lh3.googleusercontent.com/0SPSzHXJu6zMhnfKKJZJefa_2jTSgo-A4YsEoHIfiibbBvsaYA2ABhsH85wjA2iQ4oR4-4N4PVkWq_99XEWkfWKYPI9MfHA3-jMO,sneaky-vampire-syndicate,0.73,147.62189858155642
49997446,3146,Sneaky Vampire #3146,https://lh3.googleusercontent.com/cPZjzOV34bf_KAvRu29Uu12IoQskWL9bucG7AXkwU5uzB4UcaoGXT0LPoxZxHdnDCOVhr_T91_hCKxj6Aq3uhPwQ5x3uiGGdwOkNqA,sneaky-vampire-syndicate,2.0,126.845974851756
49993246,893,Sneaky Vampire #893,https://lh3.googleusercontent.com/QeSMdlHu-ASYx-PhnKUCS9ZR-ArRE0A6qIMP4NIP_XV8v-H-Xs6yKiiYhiIQ_vQkUlCBFEslROTQbOdp8XwPHFQWrLCCkNDM50yx,sneaky-vampire-syndicate,2.58,440.1849253048492
49996486,2714,Sneaky Vampire #2714,https://lh3.googleusercontent.com/xMS_zCu-osJu2YlBn42O77seR9r8hPVikiXufNovNA4I7F29NC2yGL1bh9VsXoRfby7UIz_8as50VMjFiQLlx7swFwmARI4KnLokzw,sneaky-vampire-syndicate,1.99,164.73484260728264
49993247,863,Sneaky Vampire #863,https://lh3.googleusercontent.com/p6LYDXCqz6xXqYWhsyZY-ErGW_hEllcSvHzZ7GDvMyfflpX99xE2cvdqUJk37YblmP-7wbY9AXNDE2jI0R6FtnqeV_JL0axxrqo8vds,sneaky-vampire-syndicate,4.8,388.0753476227671
49997688,3280,Sneaky Vampire #3280,https://lh3.googleusercontent.com/J3ZoeLIymnmIVANNz-9MMF9EhVyQ1rbJGbhvVGpr7Jt3xn_Msbr_NX8Z5Duw46aMUrd1wsX5HU39dJNjtNFn5vSA3Ubt83YyTyS3,sneaky-vampire-syndicate,1.45,151.69389048891242
50017248,6584,Sneaky Vampire #6584,https://lh3.googleusercontent.com/YpHs9auHkSGrcEElL8dv5QMsnNBWF9XHyo_j45vBIsguDW-xICBtM9XpT1qn0emVLH9mVoCgab7mFOTCzj9W_Yw3OafD-nWw98uy,sneaky-vampire-syndicate,0.7,158.45662942257516
49996849,2922,Sneaky Vampire #2922,https://lh3.googleusercontent.com/K1KaRV45fMfeicghRo1JO0PWUQEtDD1e7qdbjXuu-ibsQerXZib8Ldslb3duIvTY0Bhnfvup5BC0GCgHX_ipVIPcSyPgdQwt4ClAUOM,sneaky-vampire-syndicate,3.08,223.3028249162728
49998289,3551,Sneaky Vampire #3551,https://lh3.googleusercontent.com/m_lhrIEb0dnnoG3oDfUR6DVnbQ1slSn19LQ9cORc9HqRfhygTmTGF0buCU0HgZx9g5vpxCBM0OGsDb-5ACGxeUcxk-L6uJtmuo6n,sneaky-vampire-syndicate,3.45,210.1737872295605
48181730,467,Sneaky Vampire #467,https://lh3.googleusercontent.com/_R-ldi4RZERnuxiyPZWjeQ-oaEuIy-daXMZLieNzErtm4zd9A0a8RZhYaXYKqGZfiLCrdVitn_JqMQ_x9IaKHJ8oZXg2pjI-Q_izCGg,sneaky-vampire-syndicate,0.85,158.84545997310312
49999370,4039,Sneaky Vampire #4039,https://lh3.googleusercontent.com/R6iy0XnX_vLNzwFq9FK5qBZ1u7S3epPBPnYwnwYfZhIa4-mLvZSbIVoj_hk2_heP1Yquc2xiR96aI2jM7zrmuvaSPq-0AsKp6OPvIQ,sneaky-vampire-syndicate,2.98,108.4699968767395
49999611,4162,Sneaky Vampire #4162,https://lh3.googleusercontent.com/uxH0XEqsNYIn_UmmTV-97LnELvsaZR6k-oNUVDZgQ_wvcBV8Xq50tetb6vQ7oJeMi75-HzsOlKP8aT0LTvQNz2wRDCL7ioW5o7oDnw,sneaky-vampire-syndicate,2.345,192.0362865885172
49993252,878,Sneaky Vampire #878,https://lh3.googleusercontent.com/Z5zCeIBQIi3UpfWibtcWkHKb2zG_Z6SNOkQqdCI2FRvit_-AK6sCzA3XbpnI6M6KAiciGJ7mOOuqt7fnVSuYx_Szim0JVR8trBKUnQ,sneaky-vampire-syndicate,1.7788,254.93683568803652
50001413,4466,Sneaky Vampire #4466,https://lh3.googleusercontent.com/nWhlxgIb3FBLsxtVOBWvYLYABfz9uJGqU8jkescS1zU41H_z0reffC3vhU1mHCiSKdqgA2jQWSAQ5Keh06_rExCJDNDGAMTJ2mQeozU,sneaky-vampire-syndicate,1.37,487.80976384853204
49994813,1740,Sneaky Vampire #1740,https://lh3.googleusercontent.com/4gXjAZ9VaNl5mTo22XnXyzIx_L30s3DV37qDk21_A7M01stWT8XbMgiCNdyI-VAhTM35Ms-r2u5Ny0e88U5_UZkZge5U76HEGAFY,sneaky-vampire-syndicate,1.697,165.13191592141857
49993254,885,Sneaky Vampire #885,https://lh3.googleusercontent.com/1Cix3b4xdvNNo9CTuHNkF7DHIAJSTckKL4cxZOnw_Qm5oeoPsTrDVmXeuRCkrrxfLOXupA8kkB6aLnUVYb1qhY3S9r2oRjZ9INK5wQ,sneaky-vampire-syndicate,2.7,185.64395555986147
49994574,1564,Sneaky Vampire #1564,https://lh3.googleusercontent.com/orURDadPkAG7cJoc4DF9XQNAMBN5UC56qA3SoEA8RZCNtpSlpYgJM-NltskdSJEhQvpinn5ppuCEanOFnCDXcn7XmPiXeXeeRtrb,sneaky-vampire-syndicate,1.85,255.34566879414493
49994814,1764,Sneaky Vampire #1764,https://lh3.googleusercontent.com/yYCyw5PepF4AvLrRkmNaelEozTiUB8ZbX4C6JlcvieUH2w_JUh-kVm1GkO8pyokyO1r7pg-oc0nxPRkJL3tFu3vxf5o8n9tJ4gcbZms,sneaky-vampire-syndicate,2.99,196.5421727441887
49993615,1054,Sneaky Vampire #1054,https://lh3.googleusercontent.com/ra-drC3koJuWhEmamETX5w9vVowNuJyCnfJq6K3G8UB368KdkHqafP_r-Y5e3pQ4TAcEPdkptW6T_CJCZPfm5hjTfxtgpvwHWd0ncg,sneaky-vampire-syndicate,1.1,222.4583867896056
48088495,62,Sneaky Vampire #62,https://lh3.googleusercontent.com/M8idbU1EJERh3GBEn8D1mBbrywUZssdzwvYXPUQHtTkzsM3IfZvlx0YWT84QJOLtkomqFrPMpwFlS4QixptQTKIyS1CsxyKPk28Xqw,sneaky-vampire-syndicate,1.68,150.65790997745216
49994455,1511,Sneaky Vampire #1511,https://lh3.googleusercontent.com/t1x1VWz6LExsNtUITQ83iSVzLAhfw2yZxehkQQskYn9VZyr6qkyy3obV9oh2_1NAr7ETewIgpiuv1JstHHaTxb9BXBIM833Y9iZ1l4A,sneaky-vampire-syndicate,1.44,120.84575950459585
49996495,2720,Sneaky Vampire #2720,https://lh3.googleusercontent.com/LeKKXtbqUpP1TeMCWCq2EbQXGW-igcf5Y48npAlwgPYIIxJSlVPbxrE1PY_IhF-_6kRu8kGFI41JthQUNHytqm_j8FhV4yPD2Fts,sneaky-vampire-syndicate,0.79,145.5530451346445
49993256,928,Sneaky Vampire #928,https://lh3.googleusercontent.com/KwhXQawjG-y6emkNxgPsoHTbNDsW0T-H3__mIz9MVNIuO6lL9gp1qpSTMDNoU4i16ARA7e5MHhM7Ni3x41A8P6FHsLuxDPkC55r2,sneaky-vampire-syndicate,3.5,325.5999608548787
49999977,4203,Sneaky Vampire #4203,https://lh3.googleusercontent.com/LiQZ_yoo3Z-QSM-easPfWi6BSg0C0syqoC-rJ5f26EXlptpG4VJZhxUk-hEH-katCSzDsxwBSzncm3DWguQr9nUT0bbJvcvjdXUP,sneaky-vampire-syndicate,0.55,155.90690423986203
50000217,4261,Sneaky Vampire #4261,https://lh3.googleusercontent.com/2-GI3yvYGmN-OFq-fdNYBJulRh5TlIDrhr6jL8ECaebzUawUBMRPZyHlYy58N6cIsrdH8hYW7bL3EaKqBq3Eitr050GGfHSGcK93uw,sneaky-vampire-syndicate,0.99,217.70502534920467
49998417,3646,Sneaky Vampire #3646,https://lh3.googleusercontent.com/Hf9-lnqqU9b-VfAfpEwNfwe0TirBJPU2VIJgIMwujjSAz9XGDj95O96UH8mecWdb8102S8lPKPBmjGUp4IaGd6MkAeJ-Xj0kjcbbmNw,sneaky-vampire-syndicate,1.2,172.67710995813388
49997458,3155,Sneaky Vampire #3155,https://lh3.googleusercontent.com/7TpYBnO8SNxyRo5QH9_jDf6Is-je9CFH8rud3Ng1i7_IZnXuDaf1Z5Nae-MnTqcvXRysq6xm6Q9ZaoN6dVAmemtPHNG1hzpbjd13Tao,sneaky-vampire-syndicate,1.6958,198.7823534056639
49996738,2833,Sneaky Vampire #2833,https://lh3.googleusercontent.com/yuSyypGobCuZoEnsubBzsEBZndi9TzSwwRmcW_n3L3Tv7IeYmAE0LXJiJeEJg9HUt0A9UWMGhgmTCBN_zxxxlNzsVpRL_1UhYTJ5ATg,sneaky-vampire-syndicate,2.89,118.30402341971688
49998418,3655,Sneaky Vampire #3655,https://lh3.googleusercontent.com/xkLK_JfClwji-qhrwQCvo1wlmysuKIGCgLS5OBqjH3rRM2pLIRzVRQU5xnjYqVmuByOgHrQCq_OlQ83KNtE5FmDQ_U9e7PeM5tIvPQ,sneaky-vampire-syndicate,0.999,162.97386383938337
48110099,221,Sneaky Vampire #221,https://lh3.googleusercontent.com/ctURimfM1F0mJzY1T9O8u4snFzmDDhJHbXGFAm8pmNwZaKhPqLZvhiNdHWLnTqfmNdeD2AhC4SuQ5hro-moYqRCBiin-yRmjqUvQ,sneaky-vampire-syndicate,0.87,252.6050952063374
49993259,906,Sneaky Vampire #906,https://lh3.googleusercontent.com/10BOeLRGr_rgLnAAH4vxyHXX07oITJ2k1bACmLS_szigaF0G4oq4TQ3vp91QbZGPv546WXI4qgR4i45JxRUVhCPEwKvscYnkw0NwpQ,sneaky-vampire-syndicate,2.45,410.408391780409
49998299,3580,Sneaky Vampire #3580,https://lh3.googleusercontent.com/DFFOijcc38eU8SWqjhSWhvnkVlaMPssqrkg-InOEvNEUbgZwIqNwm0HyGH0zoL1tYBCB9zJahyg1OhmTSeyZeNBCU_SngxmowQg8Ow,sneaky-vampire-syndicate,1.3298,129.60757203560436
50009099,5863,Sneaky Vampire #5863,https://lh3.googleusercontent.com/_gFw-8o4g90eh6lT9Pt2IPei8bOjAx_mjWcyAPX1AuyNoD81RZKKEw-Zo64f2YyDgfFnBA_fiydPtNRwmWC5k3IfLP8JceXQOGzKHLQ,sneaky-vampire-syndicate,3.48,155.4443426722047
49993980,1298,Sneaky Vampire #1298,https://lh3.googleusercontent.com/PEsFLw-kG0MIH4okh86gLDK6CmrOWVZs7VEKkrComLvoYhRya4090f_mmorLFa7kJlGjCBN5oZcr9-nSp9xfF3ZnXCHWN0rJ2sAwYw,sneaky-vampire-syndicate,1.42,182.78610528109937
49996260,2650,Sneaky Vampire #2650,https://lh3.googleusercontent.com/HLkKa-QxyrVFRHzNYExGEH9LjsZ5Tlldxh9JIYBMJOUwCTO_WtvJTeOzguqIfLNA0PAmI8SBB84tNqyidKFnZd8Xvy_hpbJdNiFMJwg,sneaky-vampire-syndicate,0.76,242.84846738573077
50035620,7439,Sneaky Vampire #7439,https://lh3.googleusercontent.com/6GP7MO0OlrQ66ZwmNh1X-vr8bxIQvfR6AALgB6w5O6-XV2cUBEVBItkiUhB1BK15KXe_KKhv4R_JI2B7wtMuVV-2-jDXSTvo-Sn5,sneaky-vampire-syndicate,0.6885,219.91566048992462
50000221,4255,Sneaky Vampire #4255,https://lh3.googleusercontent.com/iDA6uFe8FARNQZnpRVIiYV-Qn2mozXeeKziVheCtrszm_EG6OLA9htF7NI6UqBriB2FVdMZZXue7pVgJtl5dquIPssZaLcRZp-xe,sneaky-vampire-syndicate,0.6969,200.24569122073956
49998781,3836,Sneaky Vampire #3836,https://lh3.googleusercontent.com/IUSF0VMehT7ECQ7A2zVLgbCfBKjZWLKHRQJMCoYeeIwCx30XUUD1Nca731GYRaXgk_DbkPlqrhuozw2pv2f1TDdFoRFf-vZOOp2yfg,sneaky-vampire-syndicate,1.99,198.9460073465315
49996261,2627,Sneaky Vampire #2627,https://lh3.googleusercontent.com/263zFSJ7W-dD2EVQB9Rb7yvwHCE8z0B-oQB1CzVNvFnf5PNAjbaIxaPmBaylyb3U2yICB3j1c7_5xCiJZnedezJb8pDXwKweo_raLbM,sneaky-vampire-syndicate,0.79,141.32326893818313
50035623,7437,Sneaky Vampire #7437,https://lh3.googleusercontent.com/DoyeIuksry_Y7Xc43bVFwYvtdQYxUsARtd5GggKOfMBGB-D54Mw_8VcWOXMieYQfpxrLICgUhT8yQEWIw0NdS_tpW6TslZl2FqDiVt0,sneaky-vampire-syndicate,1.45,264.6195282194496
49996984,2939,Sneaky Vampire #2939,https://lh3.googleusercontent.com/suP5JnRMRiikz7zq2PlR2SAiIsHAQZ2q9Gfim0yMkwVE4Zs5hUDmkhlxIK0EfxbGwkjTNZfnCXWKnLoX03Zonaf3SCiRMZdSeW3k6Q,sneaky-vampire-syndicate,3.0,132.1285591293715
49994464,1541,Sneaky Vampire #1541,https://lh3.googleusercontent.com/PgBysJnKN5u2ruRk4dVoAKqzwTNQqHQV35kzFvT0FvS5_pnayV0S9Nj01VPs6joNoiSrFUf2apD5Ui9wRToOUOr9RVmkazVW0yk79w,sneaky-vampire-syndicate,1.88,316.25177444764176
49997945,3392,Sneaky Vampire #3392,https://lh3.googleusercontent.com/5ZxtRNAuKDYpNXsNAYqPoczg4j99Y7Ujoydjdu0Nq8xzD7ULHHPXp1_QUci8axl2EWUE2qkGC4iCa7TGCqJUoRdJtwVT1r58ir0EG7k,sneaky-vampire-syndicate,1.6,125.82291479151827
49994945,1868,Sneaky Vampire #1868,https://lh3.googleusercontent.com/r2gG96dF-mf9WAhhtFNm57w-OOHPwpKTGAZSvVVZiLXRPTdquowBs1LYVhmf3OJOlLiumVus1-XNLVlj-4cxuwwoEvtnpMbHOQSe4w,sneaky-vampire-syndicate,0.98,138.57081694295505
50005865,5328,Sneaky Vampire #5328,https://lh3.googleusercontent.com/fvBvrXKJ-dk0CmwVGx3H3mWvD7CR2YORBo4Ewi1ljmXbYmXNranPBzmCdHy9Kb6oANtspmSClZtWq2uGawsf-B8HnR4-D0jf8P0oZZI,sneaky-vampire-syndicate,1.749,171.29016852111926
49998066,3444,Sneaky Vampire #3444,https://lh3.googleusercontent.com/loo87iTOklDXhMt-f0uC_HjhfbN1kVhcqXDuokQgUvJ5uWtzsp9ViG6lF6Pfto86-seujq4SBNJIPBPka2-zAqnouPH6HxrdJGhcbA,sneaky-vampire-syndicate,2.6,211.6135824346956
49993267,900,Sneaky Vampire #900,https://lh3.googleusercontent.com/rltERjlsvurKazFvXUBQ75rU62xK-0eCAkMbaAqCqS8wXQoyei6BY3xtwhIa_B8Fg82LJOc6-W1VURsHwKKj3xb589a5wkJmzsdc,sneaky-vampire-syndicate,2.39,272.691459201225
49993987,1269,Sneaky Vampire #1269,https://lh3.googleusercontent.com/0hHB4egnX021VOfM7sC7nPNfGGiYGhrK0oGQFHY_eOIc9VHQkM7c7RgiMMjhvrlLcgmudMiC7zqLmTQrYvDntbSC6KF1GR27fMEIuA,sneaky-vampire-syndicate,0.77,122.63024059295572
48181148,462,Sneaky Vampire #462,https://lh3.googleusercontent.com/QzJ-mFxQjTwF6k5Z1FLBe0VM6QlK-WoxK8cI8AAumqKqrc2Jy7Sxw_-BR2A24bXeRLoHq4PB_kq_xl_Rf5oJtaU_4nw_pZ8qufzgjg,sneaky-vampire-syndicate,0.94,211.3475955074651
49998308,3595,Sneaky Vampire #3595,https://lh3.googleusercontent.com/CJ1T8J0yuDiyfrxiq-Ej8WTkGehkdTy7OTHujSXCBPVTfc3uKXD4XS4O6_OrQv9fKVeDgw5Ju9873suBvE_DxUGObA3pYLYG9WGEag,sneaky-vampire-syndicate,1.5,196.3630601335462
50021349,7076,Sneaky Vampire #7076,https://lh3.googleusercontent.com/atSTo7-5gNGuxSkfo-W5ovZ8lVMkq7D2Rhtt60RfWng83OaL6sHcReNwcHQGeqLlaQyxijNu86bjVZJsqqgkqTCeo8C3I6d1H0LATg,sneaky-vampire-syndicate,0.77,130.4091364408773
49998071,3446,Sneaky Vampire #3446,https://lh3.googleusercontent.com/y0psXIx81OuWHIX-uvb3XX7_diMXTc8EEviybNjoDQE_Vs9EmDgyaOESCF5MsWc44AB4EHItV8uH2QjCVMEjsF_7B5w0Tg6yXbVxPQ,sneaky-vampire-syndicate,2.0,156.40445576418378
50000712,4347,Sneaky Vampire #4347,https://lh3.googleusercontent.com/4ftmcAwLmRhtZ-Lj6RDIOCHp-1tEncJa4d6FDFpboBrT-ikjiVGIoEcSx2PtCtnm3dI9jdUq354ozmpZKnZJBFGLG6y6WfYTphoe,sneaky-vampire-syndicate,0.969,160.15841876748942
49995793,2366,Sneaky Vampire #2366,https://lh3.googleusercontent.com/yExF81BHJHRIg6mTlPnsy2Bc1N_z_8crmM-hWpFfzAJWxhy8wgGfk6e9t1KKc6Xs96s7hUyAr-DYhjC2moiU4En_F0a05R9x3eezOw,sneaky-vampire-syndicate,1.8999,220.11337879250055
49998313,3552,Sneaky Vampire #3552,https://lh3.googleusercontent.com/Vtv8bjKXQNNyltvJEp2hWg2wAgLOknne4SkDHTigJM098vUnRDwgOGyfb8fuRc7RPD5NI44zBxoE3YshKnMsg3LR3UiW3DWOVXmp9g,sneaky-vampire-syndicate,2.75,309.4665750988806
49997113,3050,Sneaky Vampire #3050,https://lh3.googleusercontent.com/GigN6pgMK50EXGGogwzgFxNOThHr5OQKfiDx6sWGCaM4Pb1R2j32Xe6oHzn0YDOX-x09Dlo6xGIeAiApix_SNYxLWwJMHku1Q21IJA,sneaky-vampire-syndicate,1.32,170.639282737151
49998074,3449,Sneaky Vampire #3449,https://lh3.googleusercontent.com/iL1OHO0Brj1gW7C7Ghl_rZgP2SAc1NiLVOzs_DOX-qEffuntjUUnOGDBASPnA328pbjouy-n7vrmHnkqrRwFlymyiPdKRvIX0SdxwQ,sneaky-vampire-syndicate,0.9,172.98555229503575
49998315,3594,Sneaky Vampire #3594,https://lh3.googleusercontent.com/KxgxSH7Ro4EHjCso9KPfKj32Dey9SkbB-H2Va6XJeycILbELOMY4s7Kvr8Wbf5Inax6PI4ykMEl7QwytYYg3qxFk85vTQZEQvkQjZQ,sneaky-vampire-syndicate,1.07,110.819215710349
49994715,1714,Sneaky Vampire #1714,https://lh3.googleusercontent.com/vlQh_JLkfTPesUmys9tGp6eSdL_VKOgfA9VXEi70VZEJlOBxsOAzR9sL76d1WtS6kkx5pP6I8TZdzNRl_ax7IUVzblTYCDpEZba6deU,sneaky-vampire-syndicate,1.349,108.72837790582953
49993276,888,Sneaky Vampire #888,https://lh3.googleusercontent.com/wsP7fatTDfZqI6fzJbq4C41mMQCWa7Upfb7WVLkW-4TgRDvukvUXqwdzQiLthHmIuUyv-5xoIF0EByJ3ezfhZVkEs7nFhWioAXF7eZY,sneaky-vampire-syndicate,1.72,113.57822270524392
49998076,3451,Sneaky Vampire #3451,https://lh3.googleusercontent.com/DAvJL7s6estS-yG3bRkT4BkOPHEy9DOc2fAZiY31xHED310MV6s9o3Ftj7506OyQCVLBEtnAnwpHsW4W_A00rbYJATdR29MCtkcbQw,sneaky-vampire-syndicate,1.85,260.14263523262713
49994477,1484,Sneaky Vampire #1484,https://lh3.googleusercontent.com/95oLvXXFtfn2fPqieYWUWveDs8SAwhMj45swn82gaKS2B3hGvlsoEAZfLIhiD4jPLfdpKbamcLVTLu_V5VYZeouWQIFylY_jIHWHfg,sneaky-vampire-syndicate,0.84,163.47671009486268
49998678,3752,Sneaky Vampire #3752,https://lh3.googleusercontent.com/5aJoGu6-CzArunb8vj2HhrAGTKkrDlgD-nxRTMMhtgUCPOdUF-m-btQ-_wPgQvqq_vee4VkO8nd86kPtX6jTdfaLSlmMfHikD5-h1Q,sneaky-vampire-syndicate,2.1,170.23934246320215
49994478,1537,Sneaky Vampire #1537,https://lh3.googleusercontent.com/lIwDJFepVzv3QnLz50IEOEejkbv4VcFLLjk0XV-e6T7T5FuqOizIdncb3CjYKV4A1oKxL6QxH8TRdgPDW4HPS1F2BtwzyA5tRyVD,sneaky-vampire-syndicate,3.0,98.31109312011029
49994118,1315,Sneaky Vampire #1315,https://lh3.googleusercontent.com/ALxP_1p__7jitIrq5djVLJul6Nd9WZPYltv7KUkfcIc4GibDMnNyfqubLH8LWQyZegv1LlacKRGrodMj6thn_UdCK3bfCaXgdmdqiA,sneaky-vampire-syndicate,1.01,140.98626076145575
50000239,4266,Sneaky Vampire #4266,https://lh3.googleusercontent.com/s3IXSg2tm3vkEqobVMXvgWZHMhBVp5xJvplwyf22V8S1UkEZ-j2Hr6aL7S4wgHe5hBL3PqgMn8ezc8gYOzAkJo5mBNqh2PK2iRVlbA,sneaky-vampire-syndicate,1.8,180.61661961153246
49997959,3421,Sneaky Vampire #3421,https://lh3.googleusercontent.com/EqvQeBi_o2V7ShYy0wShZ_ZJShVA5JPyoTd4jtWXeABKnmOORj0BT2F95S_OnbRJEYD7BsmRDKb17Ub5RMUV19ITNhfCc6chbAj8QRM,sneaky-vampire-syndicate,1.738,138.08515663957849
49993519,1020,Sneaky Vampire #1020,https://lh3.googleusercontent.com/BhSRaj2PLvYhpcDyWzOJKCZ2uh7X5RFyh4ZI0JyUjPvxgTmBc3TSPil01FKx7q4nIMbWcpjjOkMaMZOpqumpl5KxAP-Vl2__u3ih,sneaky-vampire-syndicate,0.8,131.40108033462462
49998799,3843,Sneaky Vampire #3843,https://lh3.googleusercontent.com/EF502TDW3cUnC0Ogj6e-cFOBEmhMeK1bOpux5CjJNt7FHO91C_Gs8mv3vwJCDd_O3T3yQ8K01DTBIRT_ckO3bjvWouZm9VfoPqhPQQ,sneaky-vampire-syndicate,0.61,213.21971451173172
49998800,3838,Sneaky Vampire #3838,https://lh3.googleusercontent.com/jCK4qO3m5L2e8ugpwGs_pLGD33gZQ_FNukLmz9Zhx6z9TAPh3O9lqeeVzz9Pvbn7M8O2x4lzsxA-vCq8XbRMiyvWIAPNtMb3Y4k-TA,sneaky-vampire-syndicate,1.3,225.35046431699098
49995081,1939,Sneaky Vampire #1939,https://lh3.googleusercontent.com/fa78lXrofC90HuUYiXbwEf29o8y4uDPgL7P7dSKJ7WutTQZfBLNGxYSgSnAz49TL7_KbebwDM5YLCN_6Pbup3DwFPZZH4NI5Kl_C,sneaky-vampire-syndicate,0.52,161.26353486272683
50057723,8305,Sneaky Vampire #8305,https://lh3.googleusercontent.com/UwbgXPU0N3B_camCB1qU0oodhPRkFoLZLqP6GNv58KcR7-3W_ovE9Qu6XTSEASPiqewAG8uECqdj2jOjrTxiCXmsmeuYG4ZejcMiPEw,sneaky-vampire-syndicate,0.625,146.52983052819502
49993284,891,Sneaky Vampire #891,https://lh3.googleusercontent.com/7xUxVatcM11jpTiRT5ggdJy41ATv9sZwl6j23ZSbrcbs4VcLH1g7MMuBQzd4OlvfCPmjbkA7kXwJUMUTNyOFMNybAryHbS30ewa8UK8,sneaky-vampire-syndicate,5.0,504.4620310816719
49993524,1011,Sneaky Vampire #1011,https://lh3.googleusercontent.com/KXltk1TlKpWUIAp8xVPImTlFAtif9xTV72ZY-2q5NKSL8Ng50ErqVUP010jP-rlkdpzM4Sr-8cGuNzlTY4HHnrEALnsQJW1VIr56UA,sneaky-vampire-syndicate,1.98,140.21828275150142
49998446,3684,Sneaky Vampire #3684,https://lh3.googleusercontent.com/9DAMHUCHBEs_RqqIlJqFu-HWn9WtIXnb9oxZ8e2ZrP45_MRbbOnDQ7OjCQtZzPDBQpVUE7CSgonoQqesBv6lD3aiOAqSwEByXRruSQ,sneaky-vampire-syndicate,1.89,174.30473693266288
48090086,113,Sneaky Vampire #113,https://lh3.googleusercontent.com/Y6iXDc11vUVCGDzr1lyLcQ1aW2e-5gZLTjT-J9uNaE9k5rx3rxjGIJERyCoV_gUW28_48e9M1d56StbwHcK8ZXFWFHmesxmOvPvg1g,sneaky-vampire-syndicate,1.18,279.8241760221757
49994846,1788,Sneaky Vampire #1788,https://lh3.googleusercontent.com/byZKnGzMQcYPKS0_E3J75qB01WctLe_waJseWynVhkM9odrKEMCkFbFuESvwUEMXjL5hQZv3t1oVnqETPlPcXdrR5F3UahrKHIUH,sneaky-vampire-syndicate,0.74,184.20916320937178
49993528,1014,Sneaky Vampire #1014,https://lh3.googleusercontent.com/KKS8e0ZzsbWknBLN3-MgiO_6yfn-qaiWlToFlmQvE9DjbHzarWzwIqZTpfx5Ib5Zq6E5uGbtO9ajES2OV31DtkJuvCE4rq1kAlK3cw,sneaky-vampire-syndicate,0.99,145.63463885697158
49994968,1846,Sneaky Vampire #1846,https://lh3.googleusercontent.com/0Qsi-gVxvseBmKmRFR0MEkmNXl-0M_t-mWpVMQKY7ZpWCdpOGKLpXlbLZATbuv2lxWx9PFhG4VUeTWWSieQW2oQpZ9BEUp_pm7ajog,sneaky-vampire-syndicate,2.5,183.27700120801455
49997968,3398,Sneaky Vampire #3398,https://lh3.googleusercontent.com/mJxHRmqEUoGbDZ6bMOt4GxA26qMIIw1HmirQ_TZAGGPvlK5wYHvlwnNmDJWUuDQ79q4gA7GAAb66IUu8jbhUMkrPdhpFGxUVIzP_Bg,sneaky-vampire-syndicate,0.865,170.3047639950776
49994370,1402,Sneaky Vampire #1402,https://lh3.googleusercontent.com/yxYdyBES2dlvf2WmNIeRl-LbnU6wKuxlSlfif7MFYOooAX0hWMui2EuzYDlr3Ke8yIVaqHIuD3wIDRNKIjsCYR0waSsUR_OkUAYFIg,sneaky-vampire-syndicate,2.5,278.9389234995997
49998690,3758,Sneaky Vampire #3758,https://lh3.googleusercontent.com/JALxCcJv3VLOtSN0ijHatlW6PCNFF92VW8s5fKi9-KeiNK0ns_lnx463DWYS16RQCEGn4FjE1IQmriAcseJTAJw804HP2CXHeUJWgQ,sneaky-vampire-syndicate,0.899,130.3063286956953
49997490,3173,Sneaky Vampire #3173,https://lh3.googleusercontent.com/Q_z2kCiU5nLJT0ELEpIhYfN7VAobJ1Ae2auzOnDbUZh8HDDrlc-ZDIvp-swQ5ya9-RqIWolJhzrnw1oCA-BDiWwWySbTCb9mcXWIhg,sneaky-vampire-syndicate,5.0,170.95438844755745
49999411,4071,Sneaky Vampire #4071,https://lh3.googleusercontent.com/rEcFban7SlydNZYGdRmTP5A_jvuC3KFeSWFd2osTgXC6-tEgsntURu7cJMeT4hpIwBcuUtowxwGPVdcuPnoaRMOX-PO6HMgPVRfw5A,sneaky-vampire-syndicate,1.995,186.4281550805677
50005291,5082,Sneaky Vampire #5082,https://lh3.googleusercontent.com/CAh25rBq4ZFCm3j-q0FBeWcSw6gmKVNVXgyXizy1r-MVime6p9KPnPINgWX_oHVwXPmpIdZ1Fq0eabFj0MYifhWFsqn-TSrB7Q8zbg,sneaky-vampire-syndicate,1.39,128.6186844281282
50125531,8748,Sneaky Vampire #8748,https://lh3.googleusercontent.com/addr6wzRMSuBoYS3ZfUtoo_W4vWj3pDYuUd91mWqHbunXwReSk8Qw1D2-iR5IhOYGGSkL4qdA9CIugfUq8AOvHwDyRJPDKNTuzoxVvw,sneaky-vampire-syndicate,0.67,170.54090211855436
49993291,905,Sneaky Vampire #905,https://lh3.googleusercontent.com/-pDdZcWvBu7ZimRqF8lDbbrpK_RGBtVE80gFokrLHw7YqDI072YY8vfx-1mjof_u_JsUZcefyr5kM86DskMPXW7-lJPqFvQ2J914YQ,sneaky-vampire-syndicate,1.98,166.7968164527454
49993532,1040,Sneaky Vampire #1040,https://lh3.googleusercontent.com/Ogo6fMpooJ8e4ypjgWS7J4K4D2yfehGj-kCAhPxMxEqxolfYSrayXE6v3XeZWVQCtS1JHGpeQJOAzCCZjxJ3l7r4D8CVy53fbCLxcg,sneaky-vampire-syndicate,1.97,150.81202606050647
49998333,3544,Sneaky Vampire #3544,https://lh3.googleusercontent.com/CPjiwlVD5-tzNGShubVEILySr9t84iPheOmfBaFLWe_bY9G7tFAJ8Pikf7pS7043nUh99EQcnfh537D0_TYm2DGQxL4F1P3u8v58vQ,sneaky-vampire-syndicate,0.745,189.02897918753877
49997493,3216,Sneaky Vampire #3216,https://lh3.googleusercontent.com/FNGspg-N214T83ZwIfOnducDGdxyxzoiJnDPmGo17sWBYrsmRwIjYYksfe8CCIrHzb06Q8V1EGS9gEA549Z4ZgZBDQPu8L0bX_Z4,sneaky-vampire-syndicate,0.95,186.25801120334347
50001814,4532,Sneaky Vampire #4532,https://lh3.googleusercontent.com/SOfk35Ph-WqwWFnVt_MXNi2KYlc5BXthvduypLA_CWdXXZIyf5e8gJelV9ykwwpqRtaG2Qn8pKld4ZKB_B5x7T2b3Y4agOU0F380,sneaky-vampire-syndicate,1.199,172.60963318949828
49997015,2968,Sneaky Vampire #2968,https://lh3.googleusercontent.com/mabCSEMV2dO-dxhfgbvdM3LwQJefDwACRSwfQ-YChs0IrTKajrBScjgzB2TzCJhBCyZUaQPyJ-Lo-mm5zjpGP131SAxs9GiGrMY7,sneaky-vampire-syndicate,2.9,146.51902631273526
49997018,2962,Sneaky Vampire #2962,https://lh3.googleusercontent.com/NizBSxEab4F8BuB-9NTSQow1CEdxHD8dAH07yiLI7eZ_Cl_nyet4IGKs0x4xLuGlW4iaFbnoa3t76zG3p6QpVg50lAJ4zvkNjVHHCg,sneaky-vampire-syndicate,0.748999999,154.992122363613
49993298,955,Sneaky Vampire #955,https://lh3.googleusercontent.com/vABdBy2AfpzsAplJtaPNQ1phGJI0ApT76leDQGOdASiMdSdHng4bElI22ut4JWEEMV7fMEtgXTwArJRXOkkFO0TamZ-PWSyVLY1_Qg,sneaky-vampire-syndicate,2.85,183.1232341287084
50004099,4822,Sneaky Vampire #4822,https://lh3.googleusercontent.com/olJCwJ8AfEvVtr_6-ahi7E9hVKKGfXMjnbmoNIAlmt8gI2ov2o3qnOXjZt9B134zMNrOjVboG4lRM4TKTsTLqlzkUGCTmJnclQ85pQ,sneaky-vampire-syndicate,1.575,172.58422448653195
49994380,1479,Sneaky Vampire #1479,https://lh3.googleusercontent.com/lCyMFJW9PUDDPc97yv2q7_fsw-Uff0H-z00_lqU7MH6YyLRtOXN58_Fp5rdZ0KGeqPkJHcvTSaIBGm1yVvti2Hlm68RQGtr2BKvmyQ,sneaky-vampire-syndicate,1.79,152.32125404745338
50006260,5433,Sneaky Vampire #5433,https://lh3.googleusercontent.com/C4sXdLCJbMWh3gv5ZZPAiuUe5xFGKblXdg8UgZak4ReEtQZXKwQ9ew6D7rdVgak9K93J_ygJA5RgNYyfMFlFtVvBmGJ9-8nYstiVzQ,sneaky-vampire-syndicate,0.8399,148.35637723144558
49997501,3234,Sneaky Vampire #3234,https://lh3.googleusercontent.com/YJqNuakswtl36Zk4HIUQu3Njkgdg8Wt5_9rvcXRwsBjz-S2FbflchdXjiAle3nu-4Az-8CDjPtZ2v-T64ZvIa7oH1njuu_3uJdN83A,sneaky-vampire-syndicate,0.7059,179.35508437554697
49994022,1258,Sneaky Vampire #1258,https://lh3.googleusercontent.com/b41akHsnbYgRNuftXeN98lCfR8xkvYYXuCjIHe0V3gfdBKuZr0WWm-TxSD_f7SnHbYnDTwi4qB2y39vilXK82R7rm0aFl4LRGvjDtg,sneaky-vampire-syndicate,2.15,174.5769542700824
49995824,2415,Sneaky Vampire #2415,https://lh3.googleusercontent.com/_rPEVw4O251XgYR17UzjvVcd4A294E6RCC-LadTa7Gp8E8PCF-B1Kd_cdJFYUDIFchysahB0Zd2X7dtrtUwkykyCgNs2_p2NAB7f,sneaky-vampire-syndicate,0.69,110.77958788195696
49994865,1766,Sneaky Vampire #1766,https://lh3.googleusercontent.com/y0alVncUvDgODrvGJIDH0h1acixtOc66Ghixqw3x6OKjRvZ7t1A2XixNd7xhwqEH92VBNupnZz-ckKkguKNImpCjafhFRP64SAbhXaA,sneaky-vampire-syndicate,1.88,137.973558752587
49997386,3129,Sneaky Vampire #3129,https://lh3.googleusercontent.com/ERTp7fYaWm-trkTRnSUYNx33SXnscMM2VVP0PHfu3oJRjsWC24odxFaIgYsZIXVp-1uEh817FqrtoqQfpTBShscYaVyO1izX864CLbc,sneaky-vampire-syndicate,2.1899,161.77398473646403
50005786,5265,Sneaky Vampire #5265,https://lh3.googleusercontent.com/nO25e73SWtHo8izWNJVpFcTktkR3b65C29RaB-03MPLF4Q7H9Cj6uZ3qoHP7ixYLR39B2PPGqfyhmeCsY12FrVMEFfjf4JorenOK,sneaky-vampire-syndicate,1.4,219.1132160382637
50003266,4709,Sneaky Vampire #4709,https://lh3.googleusercontent.com/kbfJ3vmvMEeDdI1Yb-F0CK_7BGMt2OhKt3Nl3jHffZeEoXzZ9Zf3fuGMRsV3GqzfjvYjDJcCOp1PjE9z0WDxrK_D4_TwYkrKH7kAvQ,sneaky-vampire-syndicate,2.39,122.719009989771
50000027,4217,Sneaky Vampire #4217,https://lh3.googleusercontent.com/6E6NGNORAR1laZplS_kZq_chtpNtn8MujOn9DM8ddJLF14pFR-5wkZGP_gEVg959pAWVnxegx7mOJp3SQoG2XTPrPtI-5Mml2L2msA,sneaky-vampire-syndicate,3.0,207.6232973093163
49993307,930,Sneaky Vampire #930,https://lh3.googleusercontent.com/KqAOvBx9811hmZSZgcvvy7TC4yoAhm8B2LyFLKA16xm1Q1nLx0xicu141yy_pbxxAEWUTT0xOZV8uhKV50y2AS1yduYPwn9WVD5z1Q,sneaky-vampire-syndicate,0.85,176.7042582987736
49994028,1346,Sneaky Vampire #1346,https://lh3.googleusercontent.com/pLHe8XH0wCzc71nqtuMMKNecxklyzGkSecrgbxmCeGUTFpiMCZF4jDCyu2mRZVvAgN9AvwQDDEvelptk-HZmx7rsyKZ-Zt68NmksyQ,sneaky-vampire-syndicate,0.698,185.99664478074556
49998708,3786,Sneaky Vampire #3786,https://lh3.googleusercontent.com/A7ChBrxZzvaLIUBLWfsZc7WyAbd2MzcDcyHYZDm4leeOOVWoyDRCiQEBCfeh3DZSWHhLjXQwNlOTruXPm4kl2qnMNURCaLbn3KoM,sneaky-vampire-syndicate,1.325,151.27323401913824
49995588,2219,Sneaky Vampire #2219,https://lh3.googleusercontent.com/rlCFdpESGWJHpgQV8nf3074kHs8tCo-5rFRxR6vglyXATdC-6UPYg0s7jbV7h9VBBR7VWoQakCSIdL_aZeI7Ce25Imb-vBOgoUBj,sneaky-vampire-syndicate,1.71,193.77844323046722
49998108,3495,Sneaky Vampire #3495,https://lh3.googleusercontent.com/E2Z1ltc_qQM30uQrvacbk6MD_YjTjH2ArGfMmWBg7dI6pOvrRZirxq7mebXFNaPX7xtBSWnsWeb5ru7x2SXZqDhUWszeCYEEFm5Kfw,sneaky-vampire-syndicate,1.38,209.26590645316176
49994149,1314,Sneaky Vampire #1314,https://lh3.googleusercontent.com/pQZV3hgc0quuT9IIrUwsgEwa9Oj9DbORnd2V9TZhofcuPV49Rp5tmEKpbibdkH5sqsZufyU9MWDfDwYrw2zf8ULv59WSe4PXyzwX2g,sneaky-vampire-syndicate,0.999,179.07382377944117
49997989,3439,Sneaky Vampire #3439,https://lh3.googleusercontent.com/8_QWOoBTuT6SZ1ILX7pnnQsyh5r53jcQqePHwJL6eJMjJ61U5XlgtlDIeTRFwsMyqUDIhghnxzLY4W00uk27cVI_5b-uONRhHrJK,sneaky-vampire-syndicate,1.7,186.5481876574764
49994390,1449,Sneaky Vampire #1449,https://lh3.googleusercontent.com/will_meTeFbHqADBZmfNqfvkEmPLhDXAM2gehBmIuyGEy7UNnyRlUC2jmJNdV-pcBVJz0DdusmPW3-Pqyt2xiW9gR0ZA-1XORE-vOns,sneaky-vampire-syndicate,2.38,186.5123073794539
49998112,3492,Sneaky Vampire #3492,https://lh3.googleusercontent.com/h4kEc0kTaklV72QxEJxTWZpK9zhp3Hrh6PJDgYGEvnbYWLNH2BoQ1KNlrSp5y2P_i0jG3zvoh8VT5WI0p-dWCuAiX9FQ8fsgV-SncA,sneaky-vampire-syndicate,1.699,242.79823295464092
49998353,3585,Sneaky Vampire #3585,https://lh3.googleusercontent.com/4SauE1a3fm29EIAwAoVXnS8Dod6hJd9y7Os73KxxeBHgbLhcGbB2KrXJJtJEUkGMmBAtFNErZgWUQJRIlikEfXqdL7LVKX-ESYdnZg,sneaky-vampire-syndicate,0.85,183.46150309278477
48091433,154,Sneaky Vampire #154,https://lh3.googleusercontent.com/9ZigpyyV0ycOD5xS4hg978Ane8oTCZQmMLY9dHQRYEpgwzbTuumIYHEJYOQfJwYnyYAjBqSaVDdNV-uNeAFH78AnxYQ5QB92MaO1g0g,sneaky-vampire-syndicate,0.65,154.21245800728687
49994755,1702,Sneaky Vampire #1702,https://lh3.googleusercontent.com/xIgNdQ4ZHrTb08ceYAPC_dXi4BMYFzbnVGvIvTwauLSdDpQSQTSObpIVn7OicCP8-ws3VEgw9aCt3EeOtDgzyoPjNFhS-vO-Ur8j2eI,sneaky-vampire-syndicate,0.98,196.14711529917773
49994396,1454,Sneaky Vampire #1454,https://lh3.googleusercontent.com/ol5FvaS0YdaFyRniDUFYfeAszA8D8NyKCCJ95QGnOCh50ulpq4lf79ydQyZCVRlvlIh9bnHA4dxk0X9vNo8axUzgUak4fq8FU3NP3A,sneaky-vampire-syndicate,2.33,135.43637095251162
50008438,5823,Sneaky Vampire #5823,https://lh3.googleusercontent.com/orrgG-Zulkt0FJy61Gm3DBe-MM8RkaB7rNQxFwayfi0dAX-riJ_kbaL--O3rPLy5uKNHiWL8RP8oQyuAgJnmhpf7Sc5T39UGwCoFHw,sneaky-vampire-syndicate,0.679,145.6707468919268
49994518,1554,Sneaky Vampire #1554,https://lh3.googleusercontent.com/I1jAKhIvy-wndxMao1AjBxGnCB6-OSKcL3bbAqpZvuG-8T9M32yw4LQEUbVUdzauyrcYGwh65toCeDkesqALVV5r-j4DySR_yZ75,sneaky-vampire-syndicate,1.84,182.2405494663384
