id,token_id,nft_name,image_url,slug,last_sale_total_price,rarity
31261440,35,DOGGY #35,https://lh3.googleusercontent.com/piqR6cOF8UZO1-vMHdJ8NHR9JNFxHvTBHcBvED5IKlx_qzOp9DndTW0n683YEUQSYaohWjjX0xaXfQPloAlfRmjJUc0OgMZDDTD39g,the-doge-pound,2.15,129.51593345952256
31267080,937,DOGGY #937,https://lh3.googleusercontent.com/4IOoOp7nIzI4BYe03KQpuy0NdlNAOchlNmpjdNQ7CjevePICA_x73RvyQcKnGZV4y6aEg2VvQHJTfV2FuqVxTVfAWorvRAf13pAJ,the-doge-pound,2.8687,150.5450530203331
31844521,4595,DOGGY #4595,https://lh3.googleusercontent.com/SvhqhfZBj24TlgoQ6-N27prRlUw_Y72emxYzCzvkpMGvMofG9-6IcGvhDGC5IgwwWZMBSol8JkOff16E5dYNJfqVmE7BRkVk4ts6bas,the-doge-pound,2.0,156.280000320771
31265402,726,DOGGY #726,https://lh3.googleusercontent.com/aoDZmXwMCOgKzsyIzja-wtqqdWWJo9q-WUq8sr_UWeB4nBECZBjXl960w8AKyRorVpsWKMWNvWaiG-YiIMVUhzRv2km7kVMGOssd,the-doge-pound,3.84,166.2932464643235
31263122,384,DOGGY #384,https://lh3.googleusercontent.com/Rbb5M-KRUZPKmMlWG-6ykZrrTghMjtjvzgZ_9q1U02xLzzJpgli9q6RxVISXEtSNfqUsEFuTx3NCbiBaSdpVqa0KNctphA6Auv3HVfk,the-doge-pound,1.3799,76.5171974887919
31543082,2691,DOGGY #2691,https://lh3.googleusercontent.com/w21WgNx8P1vRVLWOELCgrhyWU-12KKDz6FjbwLYsU3c3Kpled8dMp69y_ttNlM6hYNUQKX_Tx8rVIoImGMux0SPHU8JxF35Vx9WD,the-doge-pound,2.85,173.3365101982563
31518122,1858,DOGGY #1858,https://lh3.googleusercontent.com/ch6T9BnGxgMfNmdd5ZKJO5iWjIvpgJbutHOJcDDBDrfExzp_DfcVay0adP4UwwwHG7kSwElWlOT5QOdqv5t4HXvYh5yjT4Fl9YCkEFU,the-doge-pound,4.0,40.20564876399251
31265404,728,DOGGY #728,https://lh3.googleusercontent.com/TaTj7bRcOWR7A8UasSijr-qDUrzWdn4e0SjtCywU9ucgBHEX1TewC45IaX6E2jCdPZXz89EgpErJMfJ1xY_Q7gFuWsxjiqFUgI-nFQ,the-doge-pound,1.4,187.02059286256946
31531446,2362,DOGGY #2362,https://lh3.googleusercontent.com/KKglzPW5cXRL2A4kD-GtsdszsCREU0VNW04BD2lQeMaJb1Ue_CBzWXNbbaSVX_XxJ_APumOj3-21CQ7oL8ICcbwO6VtwTCVQF3dliQ,the-doge-pound,3.42,129.23958214143752
31518126,1859,DOGGY #1859,https://lh3.googleusercontent.com/TkgAij2qjZS7_BfOMNVKR7-E2161QSSAw-pjapbtW5WFMqTQu2nHE5LwPwlyBUGIKJkZjdq2xQUZCG6HzTUTrzu8pI_lgiZsH1FL,the-doge-pound,1.6,152.95117864713418
31863967,6197,DOGGY #6197,https://lh3.googleusercontent.com/qsVrr4Fe9xD7R-gA2b5pduOMxu8jlVnyffVa0ugLWEsDpdvIeMbizIS4VgeGboblPFPZ8J2dJWEJeqeQXc46Eaxl4oDG3v14YHpFqw,the-doge-pound,2.9,128.2737555544424
31846088,4642,DOGGY #4642,https://lh3.googleusercontent.com/gzAiBL6-6S5N6Ve-P_4FmpQwuJLfcBBlkPPElgsIlVOqfNSVFZlIP_ATxRQy9foDVMmS_5Fx-f5JdEx3aCxp41hIF9myJJJhqP7SEQ,the-doge-pound,1.85,93.83608652341758
31518128,1860,DOGGY #1860,https://lh3.googleusercontent.com/NeSSpEtQ8F73qRLJpJcaL5BgK3r7wieOe6bwCQsu84IjVgARY8ZMIbq_ZzGS8PCfhVD6AUt0HiSGsHqMqs3rOw2rFwBr_CpUjVQKjA,the-doge-pound,2.83,85.45910728001147
31876809,7050,DOGGY #7050,https://lh3.googleusercontent.com/hBzfWolZCntdYKS2f3xBWIJuiH3mt-XVvyAacRjlPiA-YGsOHUmxfTtmIqI5Jg5IQ8JssjUP_akfym9IzY_uAkTuAadzIeEy8D4D7g,the-doge-pound,2.095,186.21129233402272
31510930,1500,DOGGY #1500,https://lh3.googleusercontent.com/rGvGnVaWceAL1hmYdbxUBSY5jwE4nUzQJNT_KzKGBXx5KyQofVI6cq33_Y4JzWcktxcJxKWKsEJL0VWVpdB8wJIFqtyLNR7eAFV9VnI,the-doge-pound,3.05,95.15827102260923
31265050,520,DOGGY #520,https://lh3.googleusercontent.com/fhJTk0zgVq5YV37TB179S9y8jXztGqKvVhUdScgKe4YzCpD8qat75ZxMqMwx0b0FH45G6WiihlHeV6ZdaBmV33l8CwUsTggHXUvpPQ,the-doge-pound,2.91,128.03509916385957
31873330,6801,DOGGY #6801,https://lh3.googleusercontent.com/XBkXwsJ2vwwCAocUzmvzCgKKlKTWHXNG0bI3UJMCf8icebTAxD2Uk8i8EjA8A8R-LUvlpnFlYh8CjOxaTKaKr8STWAh3seg8OxE_5A,the-doge-pound,2.9304,125.85605177799303
31265171,592,DOGGY #592,https://lh3.googleusercontent.com/TDLxZp2AgT-FDWeKJH_Ct_p3j41LgdA0yEJkB_0SIfeLDo3_eS-tfrEnZFBDi4kXCnow_mRVFN4RkVY4-vKa48jXEcbl0ZqAnxoqOGo,the-doge-pound,1.68,212.68732608181386
31280171,1082,DOGGY #1082,https://lh3.googleusercontent.com/z7wruYXSQ7am1uGCUFiYYrmWzbklZNoiOmomevgwWOPrxfscnYULhM3gsbImHu5htNyKFD5jl7E8wf_uEmLrL-GWMtYXmBHV6aS1aT8,the-doge-pound,3.7,98.73048364398986
31525572,2016,DOGGY #2016,https://lh3.googleusercontent.com/-Dx6hjbaNh6rvnUTpQiBKeQ725az96a6eCX5RtB7LGX8uv106omUMMOKZAsjZS3_asApw4y_ei7SniJsOgC1PbOuUcFIYbXWI_U_Pw,the-doge-pound,2.49,99.88706321463177
31510932,1501,DOGGY #1501,https://lh3.googleusercontent.com/5vTZ5bGVJlf7FYobhCSzEPaF06JOAsnAhAuSmuxoaajoXdvSkvXI6eU_a5O8W5EafrLfYq2JYQX1jhiYoL_PDu73TcDgLYIuhdvLPw,the-doge-pound,3.749,125.54531218835217
31506372,1406,DOGGY #1406,https://lh3.googleusercontent.com/0bzg1RPBMwJGbtFzLTHwcm_ntEskC7FfhauSyyWoPEpF0P85X7_Tp9JvzZcbsBL2hCZoAEeKuavfd-imY1s5bDe6kCK5_DSkgLP5HQ,the-doge-pound,1.0,88.90435762220788
31859892,5922,DOGGY #5922,https://lh3.googleusercontent.com/QPYwfn_Qh8YIZqjhvqE6OtfIh6cUXFp6qNx2DLhV-eDCcrbZxoMuDxB8n4c22FMngwW_nwgB6M4KT12lCthYgYGwEspIpCRo-ICH,the-doge-pound,3.6,64.91111438794383
31510333,1478,DOGGY #1478,https://lh3.googleusercontent.com/7nX2qfNln26f61eQm-e3_Siq8Vtk9bLlYDjpy1CntScF37hE7gmm4JBL7UEOhSAQswgOFNKcBmpinZcflz9txLtwC3v4l8FxjAR3yw,the-doge-pound,3.15,197.43904218946165
31528935,2233,DOGGY #2233,https://lh3.googleusercontent.com/ojR8l42zIP4H1C9oAPN1inShThq-RHArBYLUlXboBNoPp_Fp3sknnUq-2snELr_NfJcOmcDA-QNPdme0FOv-NM-w3iKXuirDgDdDUs4,the-doge-pound,3.1,161.826039118268
31510336,1479,DOGGY #1479,https://lh3.googleusercontent.com/bJ2PtVWkD3tWaL6GPMLFgbCMLKn8yTjTSWGvtTslRROwoS59cCGO7X125ND4DJEb3rwm3StR2k5tyW6leYd77wwuUjTjS4FQSvPfTkg,the-doge-pound,3.5,127.8974272105407
31869136,6558,DOGGY #6558,https://lh3.googleusercontent.com/cwXGEl_0SEzJooFS32gQN1lPJF0W7wVGrYN5yR3iRdhuE4mXP4SaKJL4PRZM7TULjcH13khTNB_rXVxkLoMrX3mua8jKIky2BCjb4g,the-doge-pound,2.6,171.91511901544138
31315696,1194,DOGGY #1194,https://lh3.googleusercontent.com/FduTaDU8IDzapoS-Ah5UKzq9Vnp6aeXiVbgmLVbolAz_LXuxuOrYf-wrT88HR-KVnxdkTBncQf6JLqHJV23mK9_7ZykAdOY1zZ8gKA,the-doge-pound,1.65,157.6988702253503
31552937,2971,DOGGY #2971,https://lh3.googleusercontent.com/4RfEyIVGlI3eFz-Y0JcLVY04uYBPG8XtJufeC97fCaPxIPP2lvtutwKaIH7RyJLFnY7RtO9Zgr6y8yB7z6ZwsSNtr3KNgDoUJ7Rn,the-doge-pound,1.399,184.80524369566183
31564339,3073,DOGGY #3073,https://lh3.googleusercontent.com/ataYEzIUkIXRZmdLmVhF3DKoTZZtThdNCzWPQNvYZz-Lu49W4A82D0Re1jcTWCenxEdds_MBBOPPyRRzFteDRUKOaiT3ap9QUWDntw,the-doge-pound,2.75,203.99596749113743
31808540,3833,DOGGY #3833,https://lh3.googleusercontent.com/cr_9ZPf2CjoE1NaR8Pqjc167TEWCmN2LEWW4aqkvGqmK8nNdJaIFdLOEOJ_v7N2jh5w40S0XXC083R10A45MNH1nfNjLqkDFbfRg2Dk,the-doge-pound,1.495,160.4095231781194
31847060,4744,DOGGY #4744,https://lh3.googleusercontent.com/Al1_HmbFHNIiu1LR8lXDkPtoDZq0FQixZn7s_uT57070MvkN-012X3QYAGRv2JDensPXAI6cS6ldVVZlJadsoffNdlk3i7rbsKPEhrI,the-doge-pound,1.85,64.64241364101883
31846580,4668,DOGGY #4668,https://lh3.googleusercontent.com/1M6AbyKeEF_l0u3NmVXOb4a2VR8jDkN36SBMo1XWFw5pBJoRGlAyIHqqjbB7-ZSVrTm29kdLwYpB5dRFnoZHQs3qJwTJmsD0WCBC,the-doge-pound,0.6687,190.60592310867455
31265181,597,DOGGY #597,https://lh3.googleusercontent.com/f8OTmpvJu6N-Yo97XPjRffKMPDukjntjvMxywtdf8EAD89e5AAQunOhhb2J0I2DTsIb382LFNeoZoJhpmw32-oXfwWgM1pjzeA_Fug,the-doge-pound,0.6,210.0648511168029
31511182,1519,DOGGY #1519,https://lh3.googleusercontent.com/gjSmUffz5K4V36izMqIOXByoRFmIOc8ygN_gOSL84FixT8wjXByb8cdKzcxsx0LAlK-NCPhxuMdpaplFq_bgyqICgjfcFG6VoAvUKj4,the-doge-pound,1.95,146.18135086528093
31514902,1783,DOGGY #1783,https://lh3.googleusercontent.com/GuoNNnAUiPEoAQWZVjn5LBfcV2rEX3haWN6v0RWkKDV7sqDq9eKRjSmZ6H_VwEghAibE8eN3nFOr0xkQJ8tYSrYi49iT6cpzdwKGiA,the-doge-pound,4.25,171.0115843208342
31860863,5990,DOGGY #5990,https://lh3.googleusercontent.com/BZmFm4rBpNzgLzzQqPcSr5FgJEH1H0g9JuvH69djIbUdPpWXLXs8bTMq1CP_r6p7VFkllE-W_-2akm6ITNWLeYL0iXKlgevGi-OFEA,the-doge-pound,1.669,113.45538423204367
31559304,3031,DOGGY #3031,https://lh3.googleusercontent.com/7GDhMHAMlK1MLA_CtrAvG9g8Vzm8JJ6-PgubXOMbL9WON59P_l2VueR1P5n0fE3l4PglqUvOl-UHwXvFpRnii3X2LzV77Td5XS5HJKo,the-doge-pound,2.37,144.62408966073465
31849344,4950,DOGGY #4950,https://lh3.googleusercontent.com/Yqc66Crhqln-8zWXFBwbswFI782Mn4_vPiDsKrAw0ItHyL-4xOFhW5qJullfHz4yrRUkaR0BXO3_t5BNv8hSE9G8UjyfcjeNaP3V,the-doge-pound,3.3,158.49524531420784
31857625,5731,DOGGY #5731,https://lh3.googleusercontent.com/xgmBnboqeDBG38lCCSzFym8C1IdBEzoi37-F32dBcAyimq7nNQdXX8AHV5iWRDnVuMeMNZs-NZBGl82M21G-8RkElgd6G_BIrXUI,the-doge-pound,3.7399,225.3160797834637
31841067,4097,DOGGY #4097,https://lh3.googleusercontent.com/QZ9z4HLiHffYfl4kFlVq7DL4RoM5HIiI5kuwBMN0Xv0DTKbo1ytDBYWuDRTfYdNXs3TJLgkw8vyZu8_8ESHIjt_9G_B8faHtuMG3mA,the-doge-pound,2.689,92.47159863225183
31890752,9303,DOGGY #9303,https://lh3.googleusercontent.com/3NheMiwdS91u8GHZTJhm9D3rho8Zm8dj5ORy-lWo-PsanzwsOqWz36Z1JOpx0BY1zC3ZMKBG7iyIj65ut6U2SHwIcfyrnHKvX9KM,the-doge-pound,2.79,112.54798843339648
31518632,1876,DOGGY #1876,https://lh3.googleusercontent.com/vviuzbo0cTuWtSHP26gCEHywNLSkI598YjBePvg6a81x3vJoaBZ4KuHp1dtlrURHAov3hAwt_mJNg86dbMYYbGaBxK-IyxA2dE5NWA,the-doge-pound,2.05,278.0677218876831
31266033,837,DOGGY #837,https://lh3.googleusercontent.com/l-cwk_728Qc87v1YA8N_mWyj1MVavaLbfx4dhvL1fI6m66-KVmQQltmnOQKI274GkhAH8-_7KXaePlvQHwtDrBghILk8Rcfgd0dtgf4,the-doge-pound,3.57,232.25972834362668
31558594,3004,DOGGY #3004,https://lh3.googleusercontent.com/hWctywF2Wa7Rq04-QrN9D_IOMXh9kE86QlCvcTHYNvETYqSA9vWPWiF0pnq_ueEzwC_YZjmVoklYZogVinDFzRzy7OkqTPYdTVTrfOc,the-doge-pound,1.95,105.82695027839213
31840715,4040,DOGGY #4040,https://lh3.googleusercontent.com/_Ivo_G57VecwyJa_K9N8rJ_VQbGymEvHZLRpv_SIOayuyhCSVQ7hZLsrmS4sG1x9UrpWYWaiKPbOFDf3qp_bh4RQk843t6p-3OLXQw,the-doge-pound,1.67,218.71507337918283
31266035,847,DOGGY #847,https://lh3.googleusercontent.com/AMxuWKWhPmTzkR8ewJgm6eabbtiUmdncxCoDHckZH5g8GueTf8eRjeCPOpkeLXvxeEj9RheOZeAJyq2QFPV0jwvHd30071uTCM_BWQ,the-doge-pound,2.63,80.08746138579015
31516596,1829,DOGGY #1829,https://lh3.googleusercontent.com/UE-itHqyvx00whYR2mbX-qeeHXlEOA4yPZeDKjoz6VEwuJC6O0urGbko5PRfytnr-OQvVbzzMpqi7r6tyZcdNuTCCuXS4gTTfKF5sA,the-doge-pound,2.28,109.48999862250207
31881876,7729,DOGGY #7729,https://lh3.googleusercontent.com/9ewe-85s_1jLxXtkVGJ8l2N0iLP9pY92cEwFos_2sT-9Z6z4VfeeBuG5q4b0GyACt61dP6gVKT1iFLzR3KojImbSzfae8A1o-h1tkQ,the-doge-pound,2.88,134.213988036066
31265677,758,DOGGY #758,https://lh3.googleusercontent.com/qlytvP6fRMyMK5XYEgWE7gYkyHX51L5FN0I38oIH_zWlolkMC3yN-OCrQlg2vOmj1oyVDmfbph63U_RWyGbykd4_4Qcr93Kw5WFX5Q,the-doge-pound,2.43,128.30586640513195
31807357,3819,DOGGY #3819,https://lh3.googleusercontent.com/RA_mrop7aooXKtnW16bhjvhFG1vKxl_zv6-SvuLOl8vSuxhI1wIrXgcsIae5okSuELyN4Y-wrjQJdqAQW8GdFY_AL274MxgsrlpE7g,the-doge-pound,1.635,145.24095698303546
31519718,1893,DOGGY #1893,https://lh3.googleusercontent.com/4Zu7dLGu_LqWm-r0zjBBeN5_JH9s8fUqyaYDQNJRqcDPS5MngD2-XexltSY5ZjOQyXXUwo8429Lpse62P087XTpVshaxceUd4ATx,the-doge-pound,2.05,137.24580636977834
31262078,200,DOGGY #200,https://lh3.googleusercontent.com/3ouZhg3s8oTHUOWr8gBTwVvxW0kfq0ysYR9YVnm0tITbcbjPoNVZ1K-B3oUIYoXp86b6Vvuo6R63tAHPSu3UyDcr3rreM1e-lh09ww,the-doge-pound,4.7,227.06048946015133
31861719,6043,DOGGY #6043,https://lh3.googleusercontent.com/YRnNGmBl9betO3h9rjKIcfa_jnJ9reRnoyx8dDpqXxSQGvdzWM6xdUFqXi7Vgbkdwg1XUME69wJO3AfZ5ZJPn8EsWzXiEWzshMYN,the-doge-pound,3.74,158.14066809322847
31265320,648,DOGGY #648,https://lh3.googleusercontent.com/GPQzwAXwQQQCk4Ih269nad3kpwqoB9s8J96IlNcxmz_eWrFDglqnyciDQVdP8pXfSH4vYYOk7ZiAzdnEEIWXGWl4h0E8Y_MHFm2L,the-doge-pound,2.8598,116.36478694752302
31807361,3822,DOGGY #3822,https://lh3.googleusercontent.com/5YrT5bDwHMNp8TJQqikxjStS--y1UleEnz6H93HnzcChqVNhEEnY1s6HN5tlK7pz3Vf08ZhUTVZ9NS8etWxNOGV3aJoGy_iTb3eUlQ,the-doge-pound,0.8,188.8650525092488
31843241,4435,DOGGY #4435,https://lh3.googleusercontent.com/9xknn-Xv1eYi9y9iVYtS0LV4jFummQsGt_xLgHGfEujiHYbj0hJ9efvFhvzQfemQkTlOeuD9RxKLMCy_MN5QkIaCcGkzaBi03o-vLTY,the-doge-pound,1.7,81.46447539481673
31262441,260,DOGGY #260,https://lh3.googleusercontent.com/2k7bY6-j342uJdLXqn51ouiXHnzHOnlQG1lFekRPcSxHy7IZuYJN0jJU74wGswnjPeWVaRY9sAJjKqw9kNtbUM19ZxI_ftdlcfgf,the-doge-pound,3.4,176.01249904837766
31261961,180,DOGGY #180,https://lh3.googleusercontent.com/CWlLWICerqL5Jk5Hk5HB2CWPENIvsxUflIwRuVog5xKR-UV9mpk2Mcdd2xyjxNEN2xdR_4ZFLUMg3dmO4HfAzalZt9RqBvCYQupInw,the-doge-pound,2.06,358.3091451707109
31842641,4374,DOGGY #4374,https://lh3.googleusercontent.com/9ynGHTd5CPAyOAD1QwhQ9CjwLEypRFhkWqiT6y25W1h7-Kojixe4UL4UUWO247XQDRiZ76tEgvDmEbDURJh-zthhds37aXwdVJIs,the-doge-pound,0.85,72.36262599389728
31844204,4539,DOGGY #4539,https://lh3.googleusercontent.com/8PVsFY47Pa3syXWd6bNNQPRP5mUsht3-_5oOGE6PLNXDtFbhVDy5m7MRcUJd-0rUYvc02KDGThLfLwIKpwc6av36HSLTf6hsC5bzLg,the-doge-pound,3.0,121.77802674071226
31890284,9106,DOGGY #9106,https://lh3.googleusercontent.com/aI1SetcZ-X32T-v8tzOj4PPNxbSCxA1-GJnDigzTmme61VWRSrjG-6O7kPj9GvKSF8baf3xuoH3XPvxDopCzppzv6s2VBKHyh8FcqA,the-doge-pound,3.855,171.54626463922946
31857645,5732,DOGGY #5732,https://lh3.googleusercontent.com/wspvQLAZ-BWwwUZqhCVaxf0VPAZX6M-TcnjIR9I-q0gaPu_MFYuwiKeHw9G2mGsIcUfi_bF6nivi28CLB6dAw6NpVUPpB8AFIZ7urA,the-doge-pound,2.88,60.28207434225414
31848885,4909,DOGGY #4909,https://lh3.googleusercontent.com/pTFVkOeGzz4yr14s_T41SZdP8K3PERENuFXWyTq4qeCfeZFUUVAA2Zq_KSgjnRQDbqU8Use6UagQ7onydLniPpD_DmrUNaUJF_IK88E,the-doge-pound,2.79,137.12859360650856
31842285,4319,DOGGY #4319,https://lh3.googleusercontent.com/-Umu6H3_kbRwJDviTtxi1e11DjuzTtPTg__NRTrlS3hxh2GUr9RKtH5LWNOv2kzvmBdRPC-GyrfUyY-tMFAO10fdroE8ogL5eq5SeDs,the-doge-pound,2.88,161.41834145661934
31267605,951,DOGGY #951,https://lh3.googleusercontent.com/MEHxMZm2bVXW29M-SZ2p4HNDHgYAAhEwvyg17ofmJE_3Qab_K0467UY0Cmj4RaJLjUQgird7_-EXDg9-pm-kstJriVDaYIv_6JEr,the-doge-pound,2.95,137.26930837506924
31262087,206,DOGGY #206,https://lh3.googleusercontent.com/SVYZWExiiDVcqFBzMXu9UiiyC-V3Nciim3dOQtU1YgpSugYnQA3XfKZnkwooM3_GlCDkXwwu2SQ92rES6NAzjjZRoQahp4Kv9Yxpdg,the-doge-pound,1.62,90.43271616230578
31851167,5092,DOGGY #5092,https://lh3.googleusercontent.com/9LMVJ7CTma8sVreRts5QMqKuN_xoB53hejiAVKDki1K1Rypt60ll2vyaF-NSM86-bdAqQFFPnThYC4xl9PROvpAUElaxoOIqnpslUQ,the-doge-pound,1.2,247.41309524549445
31266768,926,DOGGY #926,https://lh3.googleusercontent.com/q_azo1RulBDys7Ok5rEZlnb-NzkMgcPMOAYMm0NQ1eHfLu514K4hMaPitOyKEhRYOBkDlqKPivha997d1_kfTM56yzS5QED3WrauUq4,the-doge-pound,2.49,251.97385054483547
31873249,6791,DOGGY #6791,https://lh3.googleusercontent.com/n4dwCGxXVhCyj4bTnLiS_MuXzfrH6sIHiPHkfJufvrosdr2T5mNazhxyx_qSWtKW0VJfS_K9vKn4bza9sSihhB8YTLg536Hh_Sswsg,the-doge-pound,1.959,238.09479289906307
31531249,2355,DOGGY #2355,https://lh3.googleusercontent.com/e-B7OJbdLochvAXdI8xpm1enEuKQHX9KnNRQngqqVRcArOfj8It_EYxkad_wWQqy5Sgjpbg18z9GV9mxfypX1V0CJ6ee1YTxWJn-,the-doge-pound,2.85,134.14812153458303
31265449,753,DOGGY #753,https://lh3.googleusercontent.com/CJvA0eYX7qTn7EE7GCF5QPvTwQXG7ywJzQDkcUqqz0q3pc0l8Hsvu925MKVPIesbdg6geFwuZHiZ0vTJ_NnaYNZgcJAuJrS9Rqbb5s4,the-doge-pound,1.59,189.19177016555085
31535929,2518,DOGGY #2518,https://lh3.googleusercontent.com/VzkXBjUYEmhnfq1mB6Wfltu2xlQ-ndjlA83NojGTU1gNjJO1mqLaJxwaXn2xfpO-0sK438Of70xKXY0qM09z8hL1ke6ZdCQ41G_q,the-doge-pound,0.7,139.87328518570692
31609010,3372,DOGGY #3372,https://lh3.googleusercontent.com/Cs1EwKmLpwsQ9ak8550qa1JnQC7UXJOnKqVeL3WBKVRztlP9cVYoQx8UDFp23OAk3T_ebp0biGnqq2Ot-jkUEoltauYb-rwAYU0LSw,the-doge-pound,2.96,159.4786967374704
31841571,4234,DOGGY #4234,https://lh3.googleusercontent.com/sA6pBwUHuCtnWtrnkmVFADeHE-InS5RG0r0hqiU74IHWgy8q50HWlIRm8YkLgaaZGWT-IxACPSLf5T01ZfAmfW8Rodel5sqH1d2tqg,the-doge-pound,1.65,176.0096498928368
31866891,6441,DOGGY #6441,https://lh3.googleusercontent.com/yKrMTpiV9eu1J2IUZDdPxdi8PfOo-FvbWEtFfmgivTNBPkjtBFdw962wgENIyLxYd4KKAex_H6s7aX6_tCRhbUuFpj3BdRCwujHjbg,the-doge-pound,1.365,72.2060669717718
31606971,3356,DOGGY #3356,https://lh3.googleusercontent.com/Qpzekzb9Hw-9xwDcdwcvO0t1LZD8nPX_T-KpUosiGqwhJElgPgX8geZQ9OPLHsJawY_6ad5WBR98Mie57X9BLihPqq13tDd_JrUj7Q,the-doge-pound,3.1,291.00869916718955
31262093,211,DOGGY #211,https://lh3.googleusercontent.com/PXZZFXvjQaaiF3zqFagRNMWsOsAlr3sD4Sf2E9BQlBzRFCeszzAQWavj0FDhWSWWeUdcUcHmMWK6IcX2V7vOmLgOYI7D0gLT9Tbi,the-doge-pound,1.94,171.7646050893824
31843254,4440,DOGGY #4440,https://lh3.googleusercontent.com/HsaKiAy42fO8U8mZSrXpY5BH4ynrFzRSvc13yX8nGbgBuhP4R_TDi3qQSpkwi5aFJawkP6fpUZShmucjqmhAMYzm_SuVqExRv-t4_Q,the-doge-pound,0.73,148.35984819760938
31516135,1821,DOGGY #1821,https://lh3.googleusercontent.com/k1JL6xZyVeEMbP3jl_tfSl1zojbbBUhElVWjZlDNFPQPamXK7nx5QMzNA6RrRvxIEq2hy4T2KsQpMmLpso7gVNY9Hpibd67_YTmrNg,the-doge-pound,3.19,139.9782882235605
31262095,212,DOGGY #212,https://lh3.googleusercontent.com/W0hZjQDWtJOd6MdupeTn8NImG0Lq1jieP7cidVj6_X3sxVspu7K4wNRFSH9sn_uobfujpVusLRCeTlpvjMjckvJegcXbDjryBWIE,the-doge-pound,1.54,164.8871436907719
31509775,1466,DOGGY #1466,https://lh3.googleusercontent.com/uPZhbZkfjWTzyOODRKDLJOXqkiuQwPFAI0-raPOlCtRj3-odbJTMvssObDnxMVYLKxQoTxyqNWKN88-sbF9o6i_FEVqqD3dkeyoI2A,the-doge-pound,0.65,140.96851423906503
31877335,7141,DOGGY #7141,https://lh3.googleusercontent.com/T9Vm0MeyWLRaB8jsZZY7YNl9dvWR1Xhft2u0YTizmgpnq6XOVzB_2Mwx2RMRGlHJ4m5NdwUjRNVDQX4nzHePTa5zajdOGUVVR9uv,the-doge-pound,2.35,86.49451674281481
31844576,4598,DOGGY #4598,https://lh3.googleusercontent.com/YeOkBheEp8md0R4y_xyYw7UkcVt2hx38tA9hoFBBV4LEZqwGse5N54z3yVwN59Cy8VK9o1AS1KkFl3g204b81RMk3-turzm5tC3l-A,the-doge-pound,3.5,133.71674245244245
31880217,7447,DOGGY #7447,https://lh3.googleusercontent.com/Pi-ovkrauEY1qrtsV--Nk4OrDiCRD__MxgDsLH1TNDS5GX-81kMaGeAVDJ6QRG94hRWCxJnwkEYmkGhf7G7DtQQ_fgnJBO2MGr1v,the-doge-pound,3.8,121.14720780384357
31880097,7416,DOGGY #7416,https://lh3.googleusercontent.com/jJDYDcnKb19fBYUqAGrjvp7SqencSlP2iSVrO0ZhDiOmotl3xh_4itEYc5uTXZnC5CedtO5zKiikBVXEt8x1idYqOYh9MfTkeU-YfJY,the-doge-pound,2.7799,123.24128486814317
31264977,417,DOGGY #417,https://lh3.googleusercontent.com/tNU4qj-C2XVhfmOqIoU-mrhjdsaogfs42esRvHRCeWjM0uVA-UFYsmHLDPw34lbJMoTx13x1YoCJ2r1nhp_C9SuzG--Gd9bA4EwWNw,the-doge-pound,3.6,121.86310538375116
31842177,4308,DOGGY #4308,https://lh3.googleusercontent.com/AEeBrqOiIWfvjqbjKRHQWbLxqjAVuXVsJQ6TSGuN8XFCGtn1eUh6rgaYwhLyTtiBmwljodEg_yNeeOSfINJJl7jlYSd00XAgKq4hjQ,the-doge-pound,3.18,108.04075226841891
31878058,7224,DOGGY #7224,https://lh3.googleusercontent.com/vEhn5bUEuEU-C-H91rJaWJeKyZa8LfBvNcrpgsDuOIviwNgOaMZVhhka2FmT524xzCBO4jS8sAeHdmlTZhS7aq1IGIspY4E6-cRxig,the-doge-pound,3.01,131.30407733516893
31580938,3174,DOGGY #3174,https://lh3.googleusercontent.com/3ehcA93ixYm5h6BWULLC7vA2RM5l3IDYFJ2MJ6Z8HJ7JK2OIq6CwxQiLhtQqH9rVpR28bHTmwGThyAK11acOvyFta7lQ7ZLd4MVnRA,the-doge-pound,5.0,116.63431951748517
31863298,6169,DOGGY #6169,https://lh3.googleusercontent.com/ndVX7hPo7oKIoHA-dFNDcqOM8JEbTfmSPJe8eORvxW8sccFwcWiLHkh5_qVQ3XWtBHQChUxo2BPN06DdRX8CWqX7fhto1tMNtUwp1Po,the-doge-pound,2.84,218.40405589228578
31891860,9734,DOGGY #9734,https://lh3.googleusercontent.com/vB6Ip5TcmtbP19DTVdVDhLmy0uyFSyfPwZwQT9B5EBTpqoKGaH3NuqLCHjTtEEzhYUXRmiuQofvkB7HV77eaU92o74G-dTHQsdf_XQ,the-doge-pound,3.2998,188.9437845114679
31264980,464,DOGGY #464,https://lh3.googleusercontent.com/sbCO-Yfd_cGDfiJfZK-c272aWG6GuOgHJ0sRj12DCyuc1B6eM0K2OQtrHne5lXMTI-wrgcicxpGDRIxBA63q9QxlgFgJL6VEisDwo9Q,the-doge-pound,2.2,74.64589922863459
31309500,1179,DOGGY #1179,https://lh3.googleusercontent.com/_ZJyBtdJc26vJbSpD_UPT2ugwIcV3BCKrYJBLCxwsgbzOkl-BK_U7dWGiiz_Uwg5664XUrXkNgnQRGWMMnXVARROs5_Zy4cGbyrzGw,the-doge-pound,2.71,97.82159502203234
31302182,1146,DOGGY #1146,https://lh3.googleusercontent.com/0_FYptyK_eNROQfB3Fh0enGdGbZlxhI6MueTdcxKyZTjowYEk_RnwZVKrQiMIez7kCDD6i-5iBLRwT8ODtwgHPLueTwYl8Fkv47u8g,the-doge-pound,3.2999,127.04797840227597
31523102,1951,DOGGY #1951,https://lh3.googleusercontent.com/4i263bEULbKH_mcnClVKl2crsp_gR5oloBzNu9XmcMV0Adx6k0PKsujGW23TwVUc9S8vh7g7CvKC-zF_uPrrlhikbfDMrii36So4,the-doge-pound,3.269,182.143168310994
31882023,7766,DOGGY #7766,https://lh3.googleusercontent.com/Bz_G0V0lN8rMap-8QHRBsaom6nwN3b0AROUVXZubVTdjaO8ESvWU9SJvO5viqN0-x3iWjvkQS-TPI4SmW-Ix7J6z1Fi068oqnrkx,the-doge-pound,0.74,181.10465307657978
31262103,218,DOGGY #218,https://lh3.googleusercontent.com/HVWI7EWPcHzs_KksRqELoG_Qm9MBBBkMhOOgZ1LRq47gmqDOxt8XMvJxsQd9jC2Ivo-97rms33gWvKqiqF-qNL0rbuAslOPXVpoDBzE,the-doge-pound,3.74,148.30526414684013
31841583,4241,DOGGY #4241,https://lh3.googleusercontent.com/JUvezQF2r9W2i9bFeT8BkFNMiOaKe_c5XSYbphkhbC16KQ4IKT1OgurdifCfivsapnaFl1cmsce7XAYMrok55VpwnrWglgtqGpUH,the-doge-pound,3.4,144.8547500210971
31844104,4519,DOGGY #4519,https://lh3.googleusercontent.com/cuXpPMqn3w-9P43bHZtDbMhWmeWP6HwZn7OjQp8g0v4kk-xtANgUbzPpkJmytHaSe06IkGBWMQjaY_kQZ0yD8S77zMbJVuttx_cFzA,the-doge-pound,3.3,180.85857559439836
31265104,547,DOGGY #547,https://lh3.googleusercontent.com/LJvLrHZz8nBX4DCTmla371vdA-x2n0F-SHlzj4gX0WAT0DDSITxp4zRUU3nB81Aj8KVhZ6j5RZic5MvbKazIUWB10Q4QDGB-oiewnSU,the-doge-pound,2.84,76.4442499806722
31262106,221,DOGGY #221,https://lh3.googleusercontent.com/u_we0aZ-G7d4o94AOpthceBfF-w8iZp5j_9olAKyDjVBIs_Ne0kCHVtTwNgF3iovof2J-jbPD2R6JUovYpZUbP_E1qm1_ALsE5M6,the-doge-pound,3.85,151.20489032783732
31268826,980,DOGGY #980,https://lh3.googleusercontent.com/WjHkwmXxcV19evEDNFP9_WTf8gn3Q4_B0-_9bj-rMkK1UqG9EjzhWZxVvAkm2DTzSMPEhW5DJqsUN9uXB4IKXToxLDcoN0iLeOK5,the-doge-pound,1.75,104.38111223506979
31880107,7424,DOGGY #7424,https://lh3.googleusercontent.com/Wzk_dLzTldoKneAnSaHCnwdvv84B9Mn7M8gg2v57oJpMo4OYsIQ0i-zAflVRbBhS8Oe6y-DGL5IcFnT-u5BBJXjWdKrZYyLAIstoYTo,the-doge-pound,1.519,162.62818826700897
31844107,4521,DOGGY #4521,https://lh3.googleusercontent.com/a5ATXLj5TyUO4n7UWbwCf4W5D1W99pHNB8ddEnCY6Y6amf5gm4gAFbP3m0_XIHTTGIqjq0Ip8c2BFGzZhpaJG2zqMtblGczyXL8,the-doge-pound,1.83,110.91107435499595
31264987,446,DOGGY #446,https://lh3.googleusercontent.com/kYOWvN7y0dQAt02MMMhSEz4sUM3BqYScf4v4PMcKrQg3QkG7UlElcCRSnoXqzfBFgcuAPqTbmCExO84XIT3CWxYJUsX7YCf1PUdagg,the-doge-pound,1.49,106.91634046348948
31262827,310,DOGGY #310,https://lh3.googleusercontent.com/PQJyYsvHAyflcOrXmCf08x-0S579-agE4prVRYhTFV9rpr0PKBToZBGaZWQcHks57cf1uK5MVquzmFJdwrrSE0q4hC1QK9fqU12vzA,the-doge-pound,1.675,102.69885495828294
31840148,4002,DOGGY #4002,https://lh3.googleusercontent.com/2wuSjc-asYLZXcpHpRoDleEsREs_HnMuhHoEgRU3s5n2RcNHR6lgleAK3s0P-QRWpW8iflFHqfy9JSJVotN3NTBbj66v8_vMgcwOow,the-doge-pound,1.0,70.97583072951548
31843148,4423,DOGGY #4423,https://lh3.googleusercontent.com/2QkDv6N9ngFWdOXnCHHhdaR1V0atbX7ZwO6iJwC34E6XQp6XreU-YecHVDCf9bOY98nkOMtBIzYuxdHn7cXAM0pQoSiP97GdQTY,the-doge-pound,3.85,242.72977172885783
31635789,3578,DOGGY #3578,https://lh3.googleusercontent.com/C7Yiuee82FHQndqUrZSBqatkp19xpfpSnUJ3ts8TZfA84QqppQaaj_nI3yrJAIsNYjSUQE2ss4Gbl79tfKkTXyTfxkeMZiGg47og9g,the-doge-pound,1.99,125.9350537506723
31580949,3181,DOGGY #3181,https://lh3.googleusercontent.com/GMwDRcDHMeZR72aWUlNmffuKYVT5BrZlZpwmsFTKkljbJn4m6rtXqQFs6gDBZy9UCic4Jx5sqkrZaoHCZSJkpTKNra6edgY3pGH3gA,the-doge-pound,3.0,121.05415727493524
31858630,5811,DOGGY #5811,https://lh3.googleusercontent.com/s3O4bdD92gsWsfZ9jvG9V5dEZixTe4tQoWrhw76G0eaQK4CrgG90YHWERwKb2nPJvb_gE5a883FcllBIIvRzVJXfmM5WGa7KsbXIRg,the-doge-pound,2.65,148.20923334528206
31629311,3522,DOGGY #3522,https://lh3.googleusercontent.com/fF00GTb0BUv5id8LI-OMK_FepNqC7st2Dz_SRPRauRBaDpp3OFJpQCvuqEEh3sHzsWVKC3cSZYXRG1nk5NF3xX2zVaAqaqK48CVc,the-doge-pound,1.79,77.53978295939466
31514351,1745,DOGGY #1745,https://lh3.googleusercontent.com/c-Pg6xnNKJDManv6SZOUMWSTQgcrd7Er4odrjuGOJK6CkLL05fmYzBVoxpWDRk202jKDQY2_Dr09QLgV700m_jNZv2NEftZ-U5VGSH0,the-doge-pound,3.25,214.26669790429455
31841711,4262,DOGGY #4262,https://lh3.googleusercontent.com/Oj6b7kAUIuJXjda3NEKSxy4Uz1amd6-SyDKUlCDM8XR1JjBDBTDCBic6MXZjUlaPI9j2TQPn3ANtLAWGFL-l-KyRI5469Xrlbdp8,the-doge-pound,1.34,138.8011299484683
31848793,4896,DOGGY #4896,https://lh3.googleusercontent.com/43k8VePEcTOtfhiSbs5nFLUZIsrzqtFakN1MSkjC-C6toGe-QBehOfFHvk3XeY813MGddQdgU07RSYfNH5DUl8uanTpHcZgdAaNVZAo,the-doge-pound,0.68,80.16333300858915
31269794,996,DOGGY #996,https://lh3.googleusercontent.com/l13p4lgGam7Ut1qY_K0kVKenu5MJ5k2Zqd7IwcqNoakkUEpT6erIezX03SXszhZ_3TXPVKlQ_GoYB0DsNWo16iVjQigkhkLZhn5IHQ,the-doge-pound,2.92,183.07883557282622
31849515,4993,DOGGY #4993,https://lh3.googleusercontent.com/j16aL3RFwoZ2uNieggNKfPNDWpeEclPPq1uiNjnWD-QY8q5iN-ZHWWVFd7hPu0q3To_JS4pC9UBoKe1iiW4aGkXglAudjKT_Po0mCVk,the-doge-pound,3.369,144.98958239714244
31844477,4590,DOGGY #4590,https://lh3.googleusercontent.com/jt0rZ3N1QqfmYijDrLpBi4Z5DUUQrrxNMMoTxqg77EkkhTXcu1CbG9gwVHcgDeLxGeawLSnqvkS8DRtuhsVdrr2yqAhZmowizphsvA,the-doge-pound,3.4,99.55025887813545
31843398,4457,DOGGY #4457,https://lh3.googleusercontent.com/A27Sny0xVHsnBvjK-V0mB1iTIWHGh_4ZNSRwsoMVYR1JsBJAmyz9Ij4czv_xMaGQNZWY6DY3lkDTBDOlLoK8Gh4ntHTaSkJq_2DDEKY,the-doge-pound,2.48,121.68502013273935
31262478,286,DOGGY #286,https://lh3.googleusercontent.com/I86IjaHnCMfrY5iBJYobA-Nr5qOE4ddj6dQfpgycibmGBUH8CftBMjiv33i0ddAI4rhSgvJPZvJXlY_eLew7GZLO3eIhRV7Xvi6pzJ0,the-doge-pound,3.09,200.08918727433903
31851919,5217,DOGGY #5217,https://lh3.googleusercontent.com/aQMpnWQIv7j3ZpEWBC3VXLBW1blJ1RjnGQiCweVUzvCL_yiNeolnReqn81ipaGZWgmlqg31XQWPz337GE5emfnlaKTbF4Yt2791b,the-doge-pound,2.79,165.05594111943742
31534280,2491,DOGGY #2491,https://lh3.googleusercontent.com/Mx8E_h9XRvfE1eO_lFH72E1_ImZIaI1BXymjc0yow3BrccNOOYoNEl-a9kCavy6j7Y4qmUCzRcFDH09oYcDpuFfVm1GMAWbNZ4z5,the-doge-pound,1.3999,154.34885826505496
31849400,4986,DOGGY #4986,https://lh3.googleusercontent.com/cciV_8iubau6-1IfCB289RJMRcDFwwofSSyICMjP-tpSvl4-ajf_wNeZq46THUqgsajSwkFJvmH83Hy0VIZt23thqK2uzm_BsjsN,the-doge-pound,1.9,129.7255742515914
31265120,567,DOGGY #567,https://lh3.googleusercontent.com/Kv1qkJ9Jkwqx9ESvrQfLPYm6oq5-pH5DS16htH4L2p8_Bc0YBlZbmyLiaM0tqDW2BYBHrU6V3K8CHVN-2ms4QrnzXfLPd_xFJS-cc_0,the-doge-pound,0.8333,117.45227713011182
31304720,1176,DOGGY #1176,https://lh3.googleusercontent.com/XqKSSt6PNaLs6ENtivkTRYMjtwfsKYg8Uo11CLxbtg3uCaNOimMZsmsIvZmP8gpZs6Kf_ENo7rFmNvJdDWCZdAannOrLgAPRRUK4,the-doge-pound,3.95,147.61815828866298
31262842,320,DOGGY #320,https://lh3.googleusercontent.com/6zzkhLChDQ4LY1lP5CpNIkvxuUZiL9E8Bnyg55w0OXjoVVrigKGbdMAeJMqY0FL1OLPpSoZAHvVLkbTgGjEQNIV0-iGTEURXzDfETVQ,the-doge-pound,2.899,95.41273163756753
31541722,2649,DOGGY #2649,https://lh3.googleusercontent.com/Mn84CfA4vp5q-afwyrs4404i1dHjPgkQqTsRvwSv466STHkmCic6w3w4vHIi7xBmcVQU4Wv5Z_48NclaUa01MrTu7bsrh13WXyeXzg,the-doge-pound,1.99,122.66622356913915
31523124,1964,DOGGY #1964,https://lh3.googleusercontent.com/Y9sWWvXf_l6VQ49Cvxame6AS-9FHyWPR8GX6_ePu1jzsv6h1fXP4xrq9xYpUQsMjk5Oo7MKHrZtT4XuLs9KpHOXyZHIQx5rlI9wo,the-doge-pound,1.321,151.34603121651213
31843404,4473,DOGGY #4473,https://lh3.googleusercontent.com/WAZfB00SNUmX94cSg9SSgbpxKz4m3k1laptW3sdcWEpq8vBrBBcBh3FO2qGvPX9N0MFrx8WsPLst_QuBjiVQUSF2hstbjUENd_8b,the-doge-pound,2.2,185.96675162212853
31265965,832,DOGGY #832,https://lh3.googleusercontent.com/zHvtpvkhjFKUoYJxlKr8fV3v1cAZ0SEww_NhhFtKmfesuefRArSbHvNx3Cuq9muWkdEHtb0ymY4LGXTfhsPKr6lKUN4DT4A9iy0Qog,the-doge-pound,2.88,145.70213005306462
31844245,4556,DOGGY #4556,https://lh3.googleusercontent.com/WrsKU1jc08zohNGDuvA8ZSJ1LmvDEiIAYdNgl5JTJdTOBqlJsTH020NeLVUKvSP6qapnIHls3orNPKpTs6rwE7u5C4GtAcAPr2TM3w,the-doge-pound,1.6,102.05169979774729
31840886,4048,DOGGY #4048,https://lh3.googleusercontent.com/RY4aBZrczpXIkGA_yNm0sef3kMmtzjiObFLnkEoy7uaJD20_kjbcyZGwCCTRBgXaSXNkDqvv2y4oKSVhldX6NZ6X58hxYfpqV5uCow,the-doge-pound,1.9998,137.59819379134808
31843406,4474,DOGGY #4474,https://lh3.googleusercontent.com/bFMG3xRVzRH5de9-gE7joovc6Z-IkgjxcWCUu7jEcki-k08peR5Z5bYd2X_R4rlRiKjE0AUKB6T_MDnuDJDxpH-60XzHH8pk_5A5,the-doge-pound,2.79,206.06706747141948
31841726,4271,DOGGY #4271,https://lh3.googleusercontent.com/32B9H38X3y4bAbxy1IeECRK5Z9Qiv1l2JAut9prQ4v-6wcCuirkxpGrQLVtAyVD4NWJjYv4MXgTUTkD6Mr5HPmlILWrskUYnrapVpw,the-doge-pound,2.9,157.58482849725678
31327886,1248,DOGGY #1248,https://lh3.googleusercontent.com/1uAWpRNPgQuh0uxHORvU88BkEC_Cl-PWAGm5eCkMGuTv0X62YymlFX5wFVHbqUPPnU06K5bp44pvWgGZeu1vw2bN7tVYw2GAXKYvqA,the-doge-pound,2.5,94.58128080593606
31547366,2867,DOGGY #2867,https://lh3.googleusercontent.com/_ubQPGuRLt2OPnq6T0Jc4x4GjVX1A1cJl40KKD4kxz40rlL1jfkakPh4AnDEmVaZRS55WDddHpZxgDmZdl6N4creOi6Uwrfg15C0fg,the-doge-pound,6.0,497.78696722765056
31877607,7165,DOGGY #7165,https://lh3.googleusercontent.com/yVzpGBm6wiHaGPzDpQK4Z8zeNTLi_RCx97tQlpYFOjhzPPP_JTR6B91RlCHOc20RrOSQZhRO0wrolJQ8Kd6ofZDB-FWijqo9UYcxEYM,the-doge-pound,3.0,98.28270284155963
31853127,5314,DOGGY #5314,https://lh3.googleusercontent.com/1fI23TcifRvYLyQlj6zAeZhsmI8WMA8J8UqoyKGZMIvVRJeD89KeW8ePgF5UrKXlYp2RJyVLecVc1houQJf-BJUI3PvGKcDsDgHh9w,the-doge-pound,1.99,95.03724189279453
31265008,470,DOGGY #470,https://lh3.googleusercontent.com/VlVm6N7k-92Hkleb67Z1O6fRGPlqGPlK6aZ-EdxL0IdkvbR7t29VrVjjG27HrBAtq975abTECH29uuThlU6rkfTjjVXkaaai75eRYxc,the-doge-pound,2.0,161.2543392013993
31261769,106,DOGGY #106,https://lh3.googleusercontent.com/W4eHNBu346ec05iqGq4a4CdPWsFRZWlM_1vIR-voIB-IvfTWvtvUf3VmVmJlfl3GUuf2Jc7pv7Vp7affZzEd6sQuAoKidChUUiYx,the-doge-pound,1.74,73.29170953173667
31849170,4933,DOGGY #4933,https://lh3.googleusercontent.com/WWAmPvDUOmoA81sbBf6bjNv8Lg6o96U9t3SgxKigH5cJw9_76mLzjezHNTGci7-URh0TqH0b6lYpIwgDqcBcJRidi9hrkchmSgfF0Q,the-doge-pound,1.78,161.52964476612823
31849410,4971,DOGGY #4971,https://lh3.googleusercontent.com/d3GZdnkjSh_So1wxOBNnVNSqlcBIl8Qk_KHFc2cQ4FEmrdtoNQ52nfiDz93LDG-qPD4W_BYPzqf1hntECY3Y0E7nsUhIisnTd24J4es,the-doge-pound,2.0,114.62006266016877
31511131,1505,DOGGY #1505,https://lh3.googleusercontent.com/3OqsKQalNDa8WMXew_gs6MT1OdGpc7om0zdvXb68tJFwW_z42RFI6XRvMMaXafa1gSmD59MlL1s7wZ4POJBX6HOl9ESi_vVmb833_YM,the-doge-pound,3.485,131.7415964190194
31841971,4304,DOGGY #4304,https://lh3.googleusercontent.com/lUN6p_Zb8KNYU3v8F00LRIoMyAO37TSTn7D5IFF8_vSvWNeJvKhO5KYRioWnwq0kE2K2r0sB0wtSDwv3ZGNr7FUdcw9SU804SdAH6A,the-doge-pound,1.3979214830970557,271.34395369918394
31859731,5899,DOGGY #5899,https://lh3.googleusercontent.com/mbanySOBdmWWXSdNodKNsttvWtFsRbt4NJ75ypzXjg-YZAr8PlxkFko_PcjqzkOKSfwaz8E3cos9YvhnekM9gwcaOYYi7DtTIir6hjI,the-doge-pound,3.29,132.1870651713445
31262852,327,DOGGY #327,https://lh3.googleusercontent.com/sLbSuLeSXyIQXFgB9AWV3mTMg8ESeuHIG3RixPmBfv8-ZVmXMU7rPALcWa23orFVhMuhJiFdsGQsreiUleDE7cT_yYFTByHiEqGq_54,the-doge-pound,1.3,140.5785789656336
31536453,2529,DOGGY #2529,https://lh3.googleusercontent.com/OSFTpiAWF-K6lIUNPKy9o0J2SuUdWPp99gL8uCiWKX0t7M28rK4W3ALYduk1hgBC-CVBrYD-yLWMp9OmmRMgvkv1kBtfgeRzQYU,the-doge-pound,2.5,197.45601946669652
31261774,110,DOGGY #110,https://lh3.googleusercontent.com/IysKI9Nw8Ge7YMVn7Sgqv_D5RxnSSgSwDyYJVz-GP61hKs_Tz0DoViaSNsu2hjsQBZwhWlyHElTGNNI7cH9cm7oezO7r70lEKhm5LaA,the-doge-pound,3.55,134.24647681144748
31263094,365,DOGGY #365,https://lh3.googleusercontent.com/hsObsMBE4j-nDcs_s0826d8RLs5KPhXRWxzgLI_xzKatRlX1s0Zue8UaUQ9FN7sF97g_K3kwKhWVTGm2TLagBdYqOCJnY6VyI6d75sY,the-doge-pound,1.6399,167.75562987591496
31850614,5041,DOGGY #5041,https://lh3.googleusercontent.com/clN3SLt6mOJFZWAiVBYtsLoGZS1WnGRdQIbd_AL_l11EwCJVve98M7Os2bdWKDTLhSyd8l3EnFX1DDj4jYsvZi83WX4Y8YZXiW8uOSw,the-doge-pound,2.69,212.73322804629183
31553254,2976,DOGGY #2976,https://lh3.googleusercontent.com/-3azRzRN6Qqz23cLrM5-nkqNWZoTNGYdt3hhWN4vmM0fd2N0Tz9uyAoM7Z5ooYS6WUp7HobKfeeNfOJ1A_1pW9tKa9wJTEJKGhcG9IY,the-doge-pound,3.0,109.09281604657022
31635095,3574,DOGGY #3574,https://lh3.googleusercontent.com/Ia-yAM-FXX6Y5_jsEVd7fieWaMquMajqZEhhoCxqeb96syppH_3NztbePtXvh1UZ9ymRJBBr4Pw5pjY9Mp84V0ZFy2KGj1U4Ydx4z8Q,the-doge-pound,2.99,128.75664718739839
31849295,4941,DOGGY #4941,https://lh3.googleusercontent.com/cyQtK_3sqmD0lp8kMs8M6VM9t20Vibv_JnoJMbDl5nkYBr1Y7A7Wsh9AMie4Itrm9G3kL-CB1WRKPebOOFetxDnqGFsKMa1H5AJjWA,the-doge-pound,1.55,144.00231999701074
31263096,367,DOGGY #367,https://lh3.googleusercontent.com/XYdQBRAheh7IYCEKc_FOO9IvL3VYgnYwyxcXURldzPJuYXLmZeO7MYb25wspLQwiLqBt_FnRNcBm2nl3A7MF0Gji7yy4zbBZZJi9,the-doge-pound,2.5,172.39632418902355
31265857,782,DOGGY #782,https://lh3.googleusercontent.com/mX1HTZRvmc9VmHSdzVMHDAfgfq9HaXZaxclFFS4QP0vhh5y4LG1XZLJpO5waLdYttZsCntopVKBwmED77Ckm8Kp8_ciRJVbLGj2aTQ,the-doge-pound,3.5,187.13008464423913
31858777,5817,DOGGY #5817,https://lh3.googleusercontent.com/g-X0IoA8yqJ2QYAOY9mJ8rKHLikZofSZxADtOiZFLjzZoajqCgr2Ufrjh2byBYy7VNAjVCh35WkccTUJVofjpXpbcUVSgoINhKMl_lk,the-doge-pound,2.45,161.10381387832788
31262857,331,DOGGY #331,https://lh3.googleusercontent.com/wYfeN2jF-6ltGy8hJQ6lYKrq09aQ9C-OJH-u0MZHA947UWEcwU4AdhwatUdIX5jMT2-w8HjAUuevytVSqr4cvyD9w0HJNBStaRVyjw,the-doge-pound,1.0,126.60752345618383
31859857,5903,DOGGY #5903,https://lh3.googleusercontent.com/esRCcBxtpTzLc_nm1BXnC9VY1t3N1HS8Q0TMmIWrRaVX1OPWZD-GRca1w0dw5P8yoDt8P05scd7sIOgCuZx5AG_fUre0k4XdIzu8,the-doge-pound,1.7,142.15704933368397
31268858,983,DOGGY #983,https://lh3.googleusercontent.com/naJjrwgKRV7UKGPfULq220DmjqfCqJtChLpluLSvCmDdvwSx-IZtkFARSOrQ4PMAPJvsTra0U3IarEzaZFtf7Kh2mcojfGq5rsXKHQ,the-doge-pound,3.79,182.69683476011906
31262858,332,DOGGY #332,https://lh3.googleusercontent.com/xPkheZkErKVR7WmFtlBo7vqbE_YGtWCWcLX4QntXZQ_LKjYqLgom1Qwp7PYXRkuErgd9cDa0m5IdqSjh1OgWbtCnQ_oGMqwum_RU0S0,the-doge-pound,4.19,133.23942954613534
31534179,2489,DOGGY #2489,https://lh3.googleusercontent.com/i-Cpswik4DlLRasL_QJ9gLaqG3427dnxOE1W_IncTszhdYAij8kbbIA7Jd6X2XRxsOBjWUdYvxeET21_O9J402PvSOcn11AStTyVtm4,the-doge-pound,2.8499,162.10699243827713
31563579,3064,DOGGY #3064,https://lh3.googleusercontent.com/B8qayR_l2qKAFYDG6zMF3a3VLnOJOpEoGDm03LZ60pxI-Jc5CerrD46HTBWL9e7YDm4PIT-MjleW1uIYTdIv-2Te7mzoeOC_qRjfHg,the-doge-pound,3.2,234.6658803412936
31462180,1298,DOGGY #1298,https://lh3.googleusercontent.com/_rVDd-blqM18zl2eSH6ux2dR3aQ9rYS9nLxHqfIH1UYIXbhYetPVD0tBp5t6mGbjp9fDmf0sg0LydEmPjZXjqo7uzbQs1GZBVXxUMQ,the-doge-pound,2.79,242.23746409516144
31525181,1984,DOGGY #1984,https://lh3.googleusercontent.com/vpdu-7gjokUcTRuMMdpx0eqUNE2VOJZyPBtnxGPI2c3AW03ly_b_BIdTaC5CCPW1lWpr2TyCuAE_FhW-N8vW9_BHZSGgWK9rv4xb6w,the-doge-pound,2.0,138.05203344449023
31847742,4795,DOGGY #4795,https://lh3.googleusercontent.com/bxxz9sjvpNPHKtgLoRlm8Kb7jd8ILHgr48Dfs9ubCgpAjd_fgDMi6ZbC9M_tgqVwpL21c1xV7i9MNFVJOeYXWrqihNYqKFvhpyqiXUI,the-doge-pound,2.69,115.7647121404804
31856742,5645,DOGGY #5645,https://lh3.googleusercontent.com/xjYuDI5oWrwvVH8__VsBMyBKUamqMjT9GcSnCwsIRBGiiaOZ2OPFKIwWPm1VSaySGMh-Y1wQWip1m3YsBvVOe5QfSg930pzZ0MYO,the-doge-pound,2.5987,122.71657537769273
31595022,3258,DOGGY #3258,https://lh3.googleusercontent.com/AeEcye9vdhykSFoRwdBN4KTT-iSHObTljqxceg3xKM1d81w62LIEsEWj3wVlM3Kc7-d6ctAOMCaFGzqpSltK-RbOUpNYTxSOI3_uqg,the-doge-pound,3.5,103.19741841650684
31858303,5798,DOGGY #5798,https://lh3.googleusercontent.com/dFtN1s-vNfO0zdRRH3uE_17BM5UnikHa2helRQK04jEqwXUkG8P9s57I1MS986aJ1Ys_y36jW20ekzppIrY5qxRw_C0nA9cVimI3,the-doge-pound,2.15,137.40087738825744
31892263,9914,DOGGY #9914,https://lh3.googleusercontent.com/42xAP15YfWNoIHneMTG8fMVb61Liy-6lXYW3PkuSIpkN5jHUJGTq8le8nhOWTDI5hOjc-pZDjLKoSpctYWa5RxPAYUSO6emnK8FLSQ,the-doge-pound,3.35,107.66697779840217
31261783,115,DOGGY #115,https://lh3.googleusercontent.com/vHxmajEJlnCb1NwxMPR9yygUX9uv6LfTQIn2o8dYAiOA9G7wHQCsnem5SPM3rmq9JjweNbQ_2R4FpMFmU4HmeSIRjSy2m8IzIUjNgQ,the-doge-pound,4.59,99.10115380376575
31841983,4297,DOGGY #4297,https://lh3.googleusercontent.com/kJrQhsh2YHize2gbTyx07_x07v2Hb_gwrqXUnZSytTaG3K98FgsFC11Y_wkoDxRgq48_QZN5_oA1pfwKSLto1efecZFaYEDQ7DTR,the-doge-pound,2.8,99.3826257117789
31847504,4785,DOGGY #4785,https://lh3.googleusercontent.com/lEysne6wtEpVrP-ZicxaTfBObJIq0Pvs7iy6tL4G86bF49NxlLTo2QlhojJtl-0b7V43kmC4B7fALoVWbVVU_3AgbiPvx-MOpRyX,the-doge-pound,2.9,158.2712308909396
31842585,4339,DOGGY #4339,https://lh3.googleusercontent.com/nEunJRb5POjpUX0UEF_5-MhIhBl98xNTO1hDEGNqvw9YPrMQhE9YZOZ60aGj8fwdqHg8zFWx01d5eHTXrlJbRVsEKzz-hc3b3Jpjxg,the-doge-pound,0.6,135.4969831314486
31265145,584,DOGGY #584,https://lh3.googleusercontent.com/YUGLyMxEJJ4kjWZSoxYKgoRTby5z-5L2Ay3BLD5GfmtQCx6pAcSs_jq9CkNIw0vqWlOHYKTnK1eoPzmzpDQHfEzkpAqZZ-kd0AaRneY,the-doge-pound,2.9,82.20096570613576
31302226,1167,DOGGY #1167,https://lh3.googleusercontent.com/UYemrEv5bH3LQOfr-VLUwYRJ94IR1L0rx6gIWYLk_IOrt9gAJyVn9L-crNcHBYlva3u2QbgArYGnJxnJ28Bjt0LIQ-iTl_v1xLE1DQ,the-doge-pound,1.0,168.99074573658982
31315786,1224,DOGGY #1224,https://lh3.googleusercontent.com/FRLH5LtWi_vX5FDR-wxj6jLkEHcDkwAlf0IZvnOFUnty75SySHe7drufEu60vFchm5kS7OIvthsboVxWdqdfchSr_YwjKoGkqKaiRcA,the-doge-pound,2.1,169.3768196283287
31366426,1274,DOGGY #1274,https://lh3.googleusercontent.com/_Hmzn5Y71MbzkEP0PRoVJ4FBHwmZ-DTp4WN1wAvtZMaVuKeFHVGpIOPy4quQUBqGetfrtbTDkz9R30p_0eBsSJvP5cSfSdACSp3AQQ,the-doge-pound,2.7199,163.0280856657963
31510307,1473,DOGGY #1473,https://lh3.googleusercontent.com/UmfkzzyKXBsf-s97pHSqrPmYinHo-EsLHM7m-88j9GYIFkbH9OPdyK2cRyYw9GU8y2XvIIMTfgFJbsZ_CIQoVd7stNoShTObOz9n2Q,the-doge-pound,3.54,193.13816985608565
31315787,1225,DOGGY #1225,https://lh3.googleusercontent.com/KzhG6ONHkglWmznZIlnqnUZ_TY0ZuR-G5GcRCJpddWrj1p2Vx4JpeijMWMytgrt3IVwdFM3xnBsdlawIqWKb_3mQ6YcCr4iDUoQzWek,the-doge-pound,2.98,139.40603177092217
31510308,1474,DOGGY #1474,https://lh3.googleusercontent.com/NvWgkixbR-erAfmi8R-9UANBdsUG5uuBj_k_kTP-MvCBbCNlrwLsI2aPOhnMfIMKC6s0YB7LqeoJjbqQ_GWgktJkeA-lOaemNGDPlA,the-doge-pound,2.831,126.23097553452457
31514628,1780,DOGGY #1780,https://lh3.googleusercontent.com/kS1eszdQCBDwFSxFFl9eE0Omut6j68SnQnVt2dnKkD5pw5Ygc8QvmQZEWkW_M-exD-b8y6IPiqOdedUQMHEIpnLoexLQJ1nLfju2YQ,the-doge-pound,3.435,151.50417721503885
31864188,6264,DOGGY #6264,https://lh3.googleusercontent.com/5RdAez6shlBLj8nwmAkxk9YJq_-IeZ6Y3H-igfyvevkLJMlI_678o8fhndFgHGHbTTX5AzrhbzVMXGifZYB6yJEJaGXlAoGM5QMn-Q,the-doge-pound,1.2,114.63947425886896
31263109,377,DOGGY #377,https://lh3.googleusercontent.com/raMUVmKzWmtQmXfr7CnUSCN0GzXHPtvWnurAORjJUlmhv3Eo0L3DrFpdskJmLqu0SbY8PxJnzlLdfvF2uN7qZ3_9FhgLHOlx4X_oTw,the-doge-pound,0.86,99.30800957808486
31265269,683,DOGGY #683,https://lh3.googleusercontent.com/noZq4KO9wnymeOxSIfCkBqyeQYScM67TsaBZRtBmj1-BCPlNDC65psLBxcvlvYVoU3sSYI-TqQP26YLhfnHZwkWnuQ2bSS2v9_ZZ,the-doge-pound,3.1,186.57703666939807
31847029,4746,DOGGY #4746,https://lh3.googleusercontent.com/bZBYsSk6ft4pjWagsZTdV_EFmXCM1uicX3PXZZuYfrfiR4DWUWt5SzPP3R7z2ODPahq4kMUQvF0ZtlLLcO62Qqll9L1pKsLwUo9IAA,the-doge-pound,2.97,126.88970393992716
31513789,1720,DOGGY #1720,https://lh3.googleusercontent.com/J-jkiPXUGfZ5r74H6yG1bfQD9ivAbAKWppzSdJqywhZY4CGK4jtp46QYEAB36zn-rSn7BtiZ48Yu4c4PXxM-s8GjA91qQGZv1YjXMA,the-doge-pound,2.05,102.63595868365064
31551709,2948,DOGGY #2948,https://lh3.googleusercontent.com/uhwvh5ABVwbjkPTqc2VqLavCNAaDSpnsezj9YGxvKYAz2nKRYmCx0DKVikSNA4noRR1xUslQrbARvotUdtWd3-Ci2H229vwSMSG7zg,the-doge-pound,3.29,130.03438766709425
31850630,5051,DOGGY #5051,https://lh3.googleusercontent.com/P6qS-bcjHMY8pncjgu3WgEcCMaZgMcP_l4PgzaqYBDt7JNw9bqYB0IFJbkkuhlpfpdDxDxn8Xg3ub0Kn57rUTlIaHewULIkM-CMi,the-doge-pound,3.5,61.2323277272851
31850631,5052,DOGGY #5052,https://lh3.googleusercontent.com/6bCSt295PR79dn3mQ6nlr6-Iozt3XNyKta2Tyzu17dFFwXQCt0_P4ubzxwPcOWSrlC0zRgBeNBsOt7lBiP-bfMnlXHmmwtvF8eKWIA,the-doge-pound,3.3991,137.73283010106928
31265871,789,DOGGY #789,https://lh3.googleusercontent.com/gijqOLSm1evSEmah8aTviDbg6sxesmzEUpjUAg2hf4OqEbCMP7kpdm18ucERCKYQvd53dikAfUZ8Mh4xk2y4NRZ1WSxnwxQboBxO,the-doge-pound,2.3,146.07549986554392
31847751,4799,DOGGY #4799,https://lh3.googleusercontent.com/39H29s6vmBUCrP40R7xNa4wTARjgtOjdERbpImu4V8EzTHjJqjB0lVjFntqI4g5WXw_wr1yS6M_8Onux1KQzQ-qNW01WCfAP_XmW,the-doge-pound,4.19,120.08603332132603
31844391,4579,DOGGY #4579,https://lh3.googleusercontent.com/E99jyV_GB30FdM40ayKOiEyfTnKCJt4JZu1zuwKaj7hWYEVpaNnCJVYRc03TtPgoNqtxWVGbVe6gEf4yI2veWz_QyayikFfgJJXoBQ,the-doge-pound,1.3,216.5987120338073
31507072,1424,DOGGY #1424,https://lh3.googleusercontent.com/5oDhyAD0mQfhu0dx6KfWA5Qa6TQ0KvlT52jcFfAy8RNO_fUENS8H667u40mDNxmaHGsD-WlPRtF8WQBbqMHUBu1KhdZ0bZWkrce8,the-doge-pound,1.65,165.18956396340022
31512953,1583,DOGGY #1583,https://lh3.googleusercontent.com/qlkeaFVzLbWM6ikzPFYg_XhspkfMyFvmdwLfQoGUiqwVYB717I2N7F4s_NIp71qWhqSWdA8GEBGKeqN9JXl76jfk3JzbtqMwnA4r4g,the-doge-pound,3.0899,158.7717442790732
31264913,432,DOGGY #432,https://lh3.googleusercontent.com/zBoCozUCv8dpbXu9Pr9Id87vK0x4yM_3nJbXvDUKKH2qtYIk4BPzAheganOX-Xf_RU_5z9kaXnyc6a_g1o7a9212_Lm_WraGbs84Ww,the-doge-pound,2.85,159.45191719184666
31889514,8842,DOGGY #8842,https://lh3.googleusercontent.com/FL12bBGj-1GL4dA1WK7AC9kOhsGwW2fgkTgJXE4ldzcoGlgyUYtE91FqKKcVcyAKrRuwHqQMsV3nDzpI1xalFfsIwOg-_JIALI2jrw,the-doge-pound,3.0,196.74793925716182
31867794,6499,DOGGY #6499,https://lh3.googleusercontent.com/4CinLLwMNUZWsYk-yVfzYa2Ak3lWeOMZF-M-IJGzOsJnSMYfEEN87vUAOmO5SQ8QS70YPpMGIPAOaoOTZKeYrOMkdpmozBv_K-ZtqCs,the-doge-pound,0.81,182.33676581504193
31265155,577,DOGGY #577,https://lh3.googleusercontent.com/-6-VucfRYUX5CLDz19lq65hw-cRQLgCh-q8xKNuI1wZR9gbVGA9p9X5vMIXVnKsquBtNshpECVDX4oT6zY6RFYa6nluJ-XJa4iys_g,the-doge-pound,3.2,136.26593952538065
