id,token_id,nft_name,image_url,slug,last_sale_total_price,rarity,predicted_price
24495480,149,"""Rare"" Robot",https://lh3.googleusercontent.com/Q5Xqnb-JhMhxVfrnaKNsCIq1hDBJG7dJopEGGAnGiNF-K3G-11aiBJUCY-MAoEXEj2kMG71ypVIgJwfIs1GdpWsszyRLS23WNHpS,veefriends,2.65,161937.31942638016,7.832717329449911
24843841,1356,Brilliant Barb,https://lh3.googleusercontent.com/o9R5Q6BUuesao6PoyF4fLYnEWTur2CdBcZgsGrtFGepJIi94MgTEANyqrC34Z6bhVdNhyoO7pwOPZrdLHIPlNKmC5ZYtAHmxesUL7g,veefriends,7.8,1546873.5275375608,8.988554749078494
24840842,943,Bashful Blobfish,https://lh3.googleusercontent.com/vvgpgrMua8Pv1H_4EJ7cGWS9kYSoGQDxD00Drl5D-wNL0ZTyvUAt5r3Hiy0rErqvrN4hybtvgE-s3EnCGaOPd_qOmwrRHxGqiY7Vag,veefriends,17.95,8241150.240052282,14.575451442483145
24817202,5632,Kind-Warrior,https://lh3.googleusercontent.com/BqcjMkj3LN1GfV_jhkBUAQJF2VOndGsgn89gQt1XphYCLRgEw4tD24X9QnZTzJrCa9mdc9I5IK-X936cjFyh6C6GEmLkFK4jcMm0Mg,veefriends,7.0,1164226.694578797,8.669206084897565
24828483,4184,Glowing Glow Worm,https://lh3.googleusercontent.com/EcyF0ggQ-8_mdbb-LokEJyVzYDzpg4NQWFnPWWRhajvgVUcs6dKp7h2CjF4SrQqwit2TeOSIyaNK8RZIP6WCP7yIovwzHwOHh97RKQ,veefriends,7.99,1789315.7594371082,9.190891724663778
24826445,756,Authentic Anaconda,https://lh3.googleusercontent.com/4xv-tfAqYa-PKtFxAD2neZ_Bk3rvPg9LXmHiUjIFJ-LmK8MNnOOlLJyrFXuc-4vJzst6pz2gm79-QjSjazhiMqADW3hz6VPA61He,veefriends,13.0,5392742.154866122,12.198232454381952
24916326,7836,Reliable Rat,https://lh3.googleusercontent.com/efhOXcNRgpqhDhiaQmrG-ubYu9MsTWoNM7y9vTFU0xi8bXuUHaDOu_sMlp8EitVYaIfeOZxD3xrSvqYX9-22Cz_CYd9OhXZgY3wlcQ,veefriends,15.0,7026512.182183683,13.561741128342227
24836407,6618,Nifty Narwhal,https://lh3.googleusercontent.com/RuXrAmyagLG_126p_1sKaRNPJCHakzKyYonq3U4sXWk7kPN0nrcf6JYpBab4LgHBOqK8lr49dFeTkn9T3aVVIKlmJ47l7vwGyfFJ,veefriends,10.5,2543026.68542914,9.81992235202576
24834129,10084,Woke Walrus,https://lh3.googleusercontent.com/YOEjN1hZmki0SFe21LWK0XEO39Oc234_l5JCBR92bESOo5UT1tQNOrTba-RunO0QDJQ28gAh2TpBJA-tZghd3d4yUXJ06rpGCpr9q3c,veefriends,4.65,516414.2882232004,8.12855604211572
24822729,391,Adaptable Alien,https://lh3.googleusercontent.com/n_AAla0ds7GANYZj7yO_lAuo9r9vD4fh-XtV6MHxANCLizh0gkUdBMEJ71_c-zEcuQLi8plAtkgLLh8aPRMf4HbNg-CdpC1M4BucoA,veefriends,15.0,5372380.427756442,12.181239002998561
24914889,4723,Headstrong Honey Badger,https://lh3.googleusercontent.com/jMQv3QNGJFU25j-8YD0XI_7WZeKabZswNB1nf-xD-u4YUF-PjBycIroMd4DYA0n9xobSSex-Jg6J7Kqu_J9G0-bKIuLdDYS9QsmfzEY,veefriends,8.4,2207255.681032502,9.539695227458624
24894489,85,"""Hot Shit"" Hornet",https://lh3.googleusercontent.com/d4y2OvwlQxQE-UB_MhlJh7-eh4WpR_8zsJKQ5ecTNAt-wey1l8DU0TsIUEZ8vPERO7b-O5mDFsC8cd6kbzb_O3Z4clWOkvgDu5RXyw,veefriends,13.3,6286863.244069748,12.944446328008723
24847692,7012,Pea Salad,https://lh3.googleusercontent.com/d0ipcKn4HkqfATyNdPVdt_kV6h4iilnxLmPbGaYjF8lAEEbdjDdwMrJmJlGZhzLD9JBmtpa0hM2qeoRI-nNjOY6nZceznX-G8cXqhw,veefriends,8.7,3826735.00831955,10.891277196238391
24845292,8916,Sympathetic Squid,https://lh3.googleusercontent.com/bq9vpY6MuUmEUJqaSXxWC0I1eA2kG_oniHxA2n0kaptBUE8QixPAVI7U_DQQbaD_LJCJHYl4mIe72W021sWggYBmfXe-CV94FN76,veefriends,5.5,546845.8580367364,8.153953563620696
24842892,4800,Helpful Hippo,https://lh3.googleusercontent.com/9WbeJbnPuIur36F8RoozDKoj7Ju9fHCEWcFMW3TTxwvg2FFG6Veqry5Hs25MxZehhbUdFpCAI6M3mEP9aAic9x_yvjY_v4zVSnNF,veefriends,7.2,881240.3566204421,8.433031886591335
25137972,4140,Gleeful Sugar Glider,https://lh3.googleusercontent.com/38QjgY3xkBlp9X6cOOio5ZSlHXAJZgXsd_F94X6Grz_e2WyB_o4GB70yosAuP_NZ8oO3x5_Msdw1NHVu3sdP2UZTjJrdsKDxzXCIYQ,veefriends,9.5,2323989.4904885464,9.637118707554581
24833652,7052,Peaceful Pelican,https://lh3.googleusercontent.com/HQvEdhI8K4neFRX7p99L3DioB6FebcxsVtLY1O5Z3Zpxg6wGFMQSGnxKkD6ESS5XE0sdcrESuWKG-8l2xH9r6HbgddudO3a_oRoBtTQ,veefriends,4.5,659409.3099849796,8.247896554700253
24903372,285,Accountable Ant,https://lh3.googleusercontent.com/yItBPvMnc3F2tFWZ_UkWk6A6RUyPxHeA2n1ZknJtfyFzVFxAJKYla4gNpfObwmxKkHHFyFqgYCG9cOHaziDDoClotCMx9XLXk-HFi_I,veefriends,5.4,887101.5262149802,8.437923490334873
24828014,7472,Practical Peacock,https://lh3.googleusercontent.com/dXuPDGq4Lf_E-VC-QKTmoT5ZqnyQaaFLgJNjcMmvAxinPC8_9sfu6khJ3Fh4rqN3XPc8irhG1tzzhoFEvQz6MrUyHVBsFg7QuL6yng,veefriends,4.55,632730.998244048,8.225631420160417
24914415,6614,Nifty Narwhal,https://lh3.googleusercontent.com/RuXrAmyagLG_126p_1sKaRNPJCHakzKyYonq3U4sXWk7kPN0nrcf6JYpBab4LgHBOqK8lr49dFeTkn9T3aVVIKlmJ47l7vwGyfFJ,veefriends,9.8,2893591.186880219,10.112495805154849
24915615,1776,Cheerful Chipmunk,https://lh3.googleusercontent.com/CrD5nQy37AYcv2d7L7vMBAxjDMx314BDl7gRzrUcbi6aRxreM7oedlb2256gQBhAz0S0d-Axk_2J35uPHBpz13mcQWhaaIct0dKByo0,veefriends,6.75,708090.9439159167,8.288525179915256
24816257,2952,Entrepreneur Elf,https://lh3.googleusercontent.com/uE4IKYqG0-AJBoF6psbrvc0V0GNnmWEG6l-QnUW_PjIiI2HAcgPdwqPf-My8EUJX_rkaTosKQ5Xc1mrokUPLX0S6AlL_OyqyDjlv9A,veefriends,14.0,4683050.61458225,11.605939442003656
24843378,7835,Reliable Rat,https://lh3.googleusercontent.com/efhOXcNRgpqhDhiaQmrG-ubYu9MsTWoNM7y9vTFU0xi8bXuUHaDOu_sMlp8EitVYaIfeOZxD3xrSvqYX9-22Cz_CYd9OhXZgY3wlcQ,veefriends,9.87,2003028.2944609944,9.369251524615272
24814818,365,Adaptable Alien,https://lh3.googleusercontent.com/xGLKcvSWNhK-UVLz24ZzPwmoMe5hMvaPtP9nJGu8yWkEItmAuPhGeTU0cpuNEWe8dIirN3fNd0a_YqGI7OvXDO_HgkIJ7znJC9kN-A,veefriends,5.3,717208.0563757778,8.296134122246572
24834379,114,"""Hot Shit"" Hornet",https://lh3.googleusercontent.com/x5u8cJS-MSYaNsunHDnxgpYsUdB2ukc5CtWvjzZNgvzkBGSierjpfIXqQwe2FyRO8xbf0_37BVrfZ_FQl2lBOEhw_UV8SqSWryTPZw,veefriends,14.98,6053917.493386969,12.750034907608477
24915260,3427,Generous Gerbil,https://lh3.googleusercontent.com/T77LpzK_Cxl8jnPt4ckpKhTHZnLBrNiEqtUS3X2vmk7m8KogOGOQUmEZASKKqgqq7mChnnNNfbLmgng2b4AJf-f8qPQCyvp6AxOo,veefriends,7.5,686294.6559142894,8.270334475438231
25128021,5065,Hustling Hamster,https://lh3.googleusercontent.com/Ez2c3ldILUI-4SRjMT6LPu7_gpb4TWzeUhORtuCk_k3pZlWVBcIHTGXhvMp0xov-Ac6eDhluA2QOOYzWC3oqbY86-ytj80Y3GGBv,veefriends,4.1,516680.3278909423,8.128778072994312
24823222,6524,Moral Monkey,https://lh3.googleusercontent.com/D9h6bhsTqQ7ZUg8D6kIH-Qidr5WQhLnEF8A-OyZgD4TsKHah0MiX_MpRmTPK_S74DhRRKvTGYEvXrStTvkUT1vKCk6IA5oA1pb818Q,veefriends,10.2,3695741.4383198847,10.781952832379897
24819982,2672,Driven Dragon,https://lh3.googleusercontent.com/4BrO0AcNxbs_lxUhSWWcqbwdyvKVdSq7hTXdldLtGEqQlkiyxipGs_YmdBDIXGvz4aI5y4ycOxZESdfIr5BxUMXcYih9yoF9fKEu,veefriends,9.8,2646841.467811969,9.906563895142263
24843982,7050,Peaceful Pelican,https://lh3.googleusercontent.com/HQvEdhI8K4neFRX7p99L3DioB6FebcxsVtLY1O5Z3Zpxg6wGFMQSGnxKkD6ESS5XE0sdcrESuWKG-8l2xH9r6HbgddudO3a_oRoBtTQ,veefriends,7.6,1187234.3952400133,8.688407807841985
24817822,9983,Wise Wasp,https://lh3.googleusercontent.com/JttLCgWDrrdLO1IP6hENod36vcXEOAXiXyAewsoEenvVAdMBqKv0fhLLWermXv0rOrOEvrrcBThNRAt9rusa73TuIcHlVK9iKP5KSYA,veefriends,6.4,1046163.0079546432,8.570672718450592
24846623,2875,Enamoured Emu,https://lh3.googleusercontent.com/ewn8LUGRPKS3qYbslUdj5pz-QYTlhe2aZoY-HVebiGqyNbn2e0dQjYYpkf1n21dV-CTKX9I7jzwDBz2pH4bWuGcPZDi0U6D9Usfx5g,veefriends,17.68,5915850.009491224,12.63480681017985
24841824,1952,Compassionate Catfish,https://lh3.googleusercontent.com/DgPRfStnd0MMhXBPDxmAxMFAXKOYsdxH1eEPed9_pXh12y4ADVHMmIoOoTnQ87oCserNkWYtM4qGT_ANH-kdH0clmHfsw-h2Sj-U_JA,veefriends,8.0,1637018.9315062547,9.063788128424285
24835944,7620,Prudent Polar Bear,https://lh3.googleusercontent.com/IWS-krOCoQPiDqS5wLZRqmyDi_fQNrF0I9vCxMm4luEzLpjGPIIekxEU39jogVojlri2vpnmhf4a2EaaC4V7CJU5-rmb94I4_OqsLzE,veefriends,9.5625,2410654.487711301,9.70944741567514
24469824,6705,O.G. Ox,https://lh3.googleusercontent.com/vZvfS0Bh6OIH73HW1VZcx16le37eAaOdDZs3OXNnYhWmgNYpFKcrCUwRslrp1wEsrcbszGo7IZMNqiNG8oUQRz03sB3PS3KwnF-esw,veefriends,13.25,3607031.748145889,10.70791766831512
24846985,5473,Just Jackal,https://lh3.googleusercontent.com/LSCQStiYQBJwfw2IgoiB1EupXpZQuONIdX96jX6bdTYEyXm0-BWyKe1NYm3Y824DPuHdx1shuuITYrwnTAv6ukHs7HxeYFDaHmT14w,veefriends,3.45,202764.15363713255,7.866790510892772
24842786,4124,Gifted Gopher,https://lh3.googleusercontent.com/0gIfiJhwP0ivgOp1y55y2tEOngcN4-7z4v_AQIO6ABvvKsRmTtdgsZkXQUPNIEmJsKu7nMvIY9IoOj3DXQ1vugit_tqdiUfvh9Pk9g,veefriends,8.7,1177908.6980865907,8.680624785294867
24906387,7455,Practical Peacock,https://lh3.googleusercontent.com/dXuPDGq4Lf_E-VC-QKTmoT5ZqnyQaaFLgJNjcMmvAxinPC8_9sfu6khJ3Fh4rqN3XPc8irhG1tzzhoFEvQz6MrUyHVBsFg7QuL6yng,veefriends,18.0,7058581.812329304,13.588505739115536
24842907,6505,Mojo Mouse,https://lh3.googleusercontent.com/tinPJ4tpWCeCltv32QuMTxATz1u_gde2ruxfqAi0F0fewqh9vJI9O5Kt-_K0acgClIA6CWd7pZkysKnJANTb996qzPla0ylc-wHBi3E,veefriends,22.9,9908589.51253109,15.967059730866165
24804747,5996,Lit Lamb,https://lh3.googleusercontent.com/DHXlsnJFyuL1zKwUQIkIQWdQhdVWrUXuBKHXQwTR2ilJDGcMf4x924x2VvalpisCiWZqO_2NS_VQJ0jxsdXb5m872V_QNEtX5YWJWg,veefriends,4.8,749506.7989586322,8.323089945240852
24846630,532,Amiable Anchovy,https://lh3.googleusercontent.com/g0Rw7hLB7CfZcZZswpX7fuaQQMP-SpzVrOzsxJLZm7Ra4XOeOu-La9b9lnGcGuE57qlrnj4ETIpIxbq09WKVIrzbkn5bxFPMPapH,veefriends,17.62,9930282.487287091,15.98516421237166
24413791,8070,Selfless Sloth,https://lh3.googleusercontent.com/Ro3sWCDfTwB8CIRznYl_GlNo4aMYSgLdH3AYZ15ZRWTBvBtF7XGDtYeoT_E7dUzcYaPhbHOfOzp3y5vICVbrb1kptVcywJeB4YEaFDA,veefriends,11.25,2707481.9322377746,9.957173098307363
24826231,6241,Major Moth,https://lh3.googleusercontent.com/CAyEbQLXtIVzM0IJV19YxbZlFgS4Smf6oF9w5-1Yce2QOPj4mi2EcHmcqPkkPO5iBV7NmT3KFn5zBg0nu-FnN1CvsazgUKHgfjMjJw,veefriends,7.87,1374889.523014137,8.845020666539881
24906391,8062,Selfless Sloth,https://lh3.googleusercontent.com/Ro3sWCDfTwB8CIRznYl_GlNo4aMYSgLdH3AYZ15ZRWTBvBtF7XGDtYeoT_E7dUzcYaPhbHOfOzp3y5vICVbrb1kptVcywJeB4YEaFDA,veefriends,16.99,8815333.809782024,15.054652471196718
24909391,9621,Vibe'n Vampire,https://lh3.googleusercontent.com/iY7kQM6_Dwprtz0A2P3gNBjbrRpUVWmsAt-sRApy9O01ORopIqS2-F4fvyMXytclHKdEHYJgUidID_pg-79-wMC98WvOLY4EgGWc,veefriends,8.2,1381070.87606212,8.850179488379435
25133192,2017,Considerate Cowboy,https://lh3.googleusercontent.com/w_WSUGoORYdBMjbWshSKuVUFaXctagw1actCBWuUDWpG75D0QBAXpgt_tH_u_6hFrcx1DWKytzRD4L3vlBHoj1flKUMxYhWvyqadbVk,veefriends,5.0,764466.8124421953,8.335575244766693
24725672,5036,Hungry Hammerhead,https://lh3.googleusercontent.com/yiH62fob6Cb4M9_j3wphWQ9pSes2Ba4U3XX4iSzm7yWrY-BkT0DxVLb3bfGhgeNWXNpBNTCKl8e7jTKlj8InV2CIDXVmS-H5p_UG,veefriends,15.0,5899564.033954997,12.621214891772574
24828872,5919,Likable Leopard,https://lh3.googleusercontent.com/pXEGcB6cCBUeSwi6axZhisg9T4gbH_zNFPvV-y0V10oEDuwsaNJ-bQl-PwA21mQhmF9PTSwPBI-1EIbAm0aCFFKTWnJz77coIx6Ir90,veefriends,16.5,9679010.44149542,15.775458067545873
24917192,8628,Steadfast Snake,https://lh3.googleusercontent.com/W4rzHsEmJs-dv6kJUQzd5NCD8SiUBQIct_3Nl4ukVtlG1NYk5exPtiByD0_n2axZjilmG-G9YlKuXs2bSR5vdn12sfEJryBTUBHjPg,veefriends,4.15,269723.86651587015,7.922673620381536
24823113,8424,Skilled Skeleton,https://lh3.googleusercontent.com/OsAt2DiMrctg7FNJs2Hzal3Huy83SFMN-cY-3uLDM1y4E6tdc-iYde1895peaUErZ5pj7np1o_yuGvUmzsEYRyxfU8DSkq47W08-,veefriends,12.0,4160608.614795122,11.169920794066714
24861996,9776,When You Live For Their Validation You Aren't Living,https://lh3.googleusercontent.com/C50nddRRYOkcgYkFxQkHlYdzMfDytVTzvG7cOjaGuk36rWLUdaOEFzRwP7y91oRFN3ao6bjpaF0BNDzlIZ8TWKz_zVOIwquLamNIAV4,veefriends,22.0,9851283.171398252,15.919233113961063
24799716,3199,Focused Falcon,https://lh3.googleusercontent.com/MSwrdoVJINk36ZmHrYHYQ6txcZtzLUfBVUAnHlXVfiVdCAjDum9guaIGp9KHQnzSIsEv14GVFzq0PdoZHoVVl-AXQc5Uok730IOZ,veefriends,16.99,8822440.657342972,15.060583690482076
25010077,9190,Tidy Troll,https://lh3.googleusercontent.com/AdkfXTlZUyKM7vg7YDoO1JBppG5xBOWnNahb28ZsgUP70aZQVhkdqoElT1qzaFN5eXH7biQSldlb0zEj_FGG1sGe74Q8f2bMcTVV2A,veefriends,7.75,1901012.9160596489,9.284111724642349
24843278,7998,Secure Sparrow,https://lh3.googleusercontent.com/83vZakuPskM6aAbsKMlGy1mWYrkBQKPbNhik-PupZieVZIS6Eb9-o3WoI3P1ty0cRwROeoXUqszkgxvdew7L56sDNe6RTqKIZ1Zwle8,veefriends,5.6,645258.4000458238,8.236086515267623
24908320,5530,Karma Kiwi,https://lh3.googleusercontent.com/gFFU1LIw4VeRrQXBzSnUGzf5d-IqSrkwrNQiQ6RYwzFFCluaYpsjOSKMTEyce8TZXzRZMQQT-XQF53pEFNXvQvDbSCnFFzVGYnpffCg,veefriends,13.0,6348365.769500373,12.99577498840336
24821680,3506,Genuine Giraffe,https://lh3.googleusercontent.com/VZ2AVQ4MJZoP8GRh4OPwoIs4iK9MNTK5ftmsLNAiGO8Q_L_LVlwG_UhD5Jfwn1NdnH48o0Dzo5pikn20pN6lxDG8hMrp-IqPgsrNceQ,veefriends,6.6,981860.049818792,8.517006878268976
24844120,5988,Lit Lamb,https://lh3.googleusercontent.com/VZjQ0tzy40sHuaIxkQG_XuTuPMLeITAN105A4KKRO2a2I_osIZ6x_CaxjZny6t41usI3d4d6bUV7fCcuA81AEpSYfU34n4FlWlD4,veefriends,14.3,2668301.0455599204,9.924473588617849
24916241,8182,Sentimental Salamander,https://lh3.googleusercontent.com/u78S41TsbZ0EHSRM8RUrGQ6jzsesazQhY-q_g1lpejtFVp_BsMYv5ekVAu0CRYmzymp-NUUavHa4Kf5mTyZjIdc5m0ydB6GPeY1zGUY,veefriends,12.4,3160328.175391215,10.335108652385209
24842681,6377,Meticulous Magpie,https://lh3.googleusercontent.com/0As5QXJj0CXnhiFLPhqf0EwK4-ewMKXpdEKSi0uu8oUCG9PwB0tkwxe7x4xSdgn9lplmyXaARcKtXtjMEJfyaTs1peEYzTnSBAchvA,veefriends,9.99,1554383.5694269713,8.994822465517649
24822161,18,"""Content"" Condor",https://lh3.googleusercontent.com/Yp95BdcKamWk-9QdLC9TMvocScteMJ0ckqDMWXgxRAhkva3Jrv0l1P_5N1P46CYSk2ISxsdd2juRacFf-Qnr9OM_BpB2dXhq3x3y,veefriends,12.0,3677977.8390389103,10.767127721565416
25010801,828,Bad Intentions,https://lh3.googleusercontent.com/jkkah704DdPtXpUymHPDIFrTnTnqWDRMpW94iFMIPdmAkaWnGUX51rH21vivb6OyckS8LLrzkPliVtCmJS8pdtU5_HXjk7ViIl3AeWk,veefriends,8.75,1874889.562987858,9.262309746450354
24845443,5864,Level Headed Lizard,https://lh3.googleusercontent.com/Apz8uiuvuf_S-m_7Ey5aX3litSI9HK8oyW1d4RONr7zk-OSn38Jexu0XsXbXJHk-H09LZJ4yuWsW39qQg1nmZUMsA1tcUwhqa2wm_A,veefriends,5.0,439060.2519876301,8.06399805806076
24842923,7206,Persuasive Pigeon,https://lh3.googleusercontent.com/jZqOGU_G_iZa90lLyd19BcaLO-WF6tOoR3Olo_7QmmmSOseiw4iq699_vszZPseLBhyiZrkmYSAIdZDLdTaU1gM3hn7OjC3mR-AcQw,veefriends,8.85,1599556.348149015,9.032522677043454
24821683,5991,Lit Lamb,https://lh3.googleusercontent.com/DHXlsnJFyuL1zKwUQIkIQWdQhdVWrUXuBKHXQwTR2ilJDGcMf4x924x2VvalpisCiWZqO_2NS_VQJ0jxsdXb5m872V_QNEtX5YWJWg,veefriends,22.9,9013463.38241487,15.220007072111072
24826004,4195,Glowing Glow Worm,https://lh3.googleusercontent.com/EcyF0ggQ-8_mdbb-LokEJyVzYDzpg4NQWFnPWWRhajvgVUcs6dKp7h2CjF4SrQqwit2TeOSIyaNK8RZIP6WCP7yIovwzHwOHh97RKQ,veefriends,7.45,2250924.0088463933,9.576139857214345
24845445,6421,Mint Mink,https://lh3.googleusercontent.com/QPYltfWXv-HGy3GpiLpB7hFuJXFn-ZyLJ0cxKtNwQPgdS0l7e1gaVsS16RIMH8xXgr28P5jjz8mVKP3_ab0hmeerbPdg1YaPA7U-,veefriends,5.3,577569.8548343186,8.179595138280389
24837766,7311,Poised Pug,https://lh3.googleusercontent.com/t3B-CHVKOJNux3gsAn6bmfk5YXfvdIyoVXM11dNon1GuG9C95WeuERN8tnrQoGoVVWts0VxvtPZUDZC5EV-9_cHXc__ByLED2yiTVw,veefriends,17.25,8602774.354247015,14.87725500612624
24844127,790,Awesome African Civet,https://lh3.googleusercontent.com/pMHetFlYwBJVxi7Ravh7G2zLKN4MrPc4czJxrkzaMHi8wWbyozgnThmpTEwzMhIZI51RlAp5ioVHXERJphqy8BEgG24oTAi9Hw81,veefriends,7.42,1407828.6969567458,8.872510979517145
24824568,8006,Self-Aware Hare,https://lh3.googleusercontent.com/ZpcQk8H90pvHY8VR51phq1q0Fe6L701mzEhlof_K4rcTYlWgDUy2MtP88OIqGJ6-BiRaT4GXkGvmB3_StojgTB1QtgFK3kGYhHIHhw,veefriends,11.0,2617556.477597386,9.882123283852566
24843288,8765,Sufficient Shrimp,https://lh3.googleusercontent.com/bhTSWOC0GqgtzHawnTadAbWSvoUfEnSaapOKSprkMqWAFNErHfxtcxQcJNRD5wtMwVFcmDucUXFZM_v9pCv0XEtmxalfYAKROfevsQ,veefriends,2.399,89636.27068566576,7.772376458062859
24840769,1658,Caring Camel,https://lh3.googleusercontent.com/tSY4_MfHJWyxhsrLMOcMtppizbk4x0PCThHbgjW6nh5feavpPSWqXsbDoyKtJtVD6ERFXsH7QogCsz6t1mPVm0TogLcBN3bylWJjdw,veefriends,11.75,3529071.420721364,10.64285368691582
24827811,9003,Tenacious Termite,https://lh3.googleusercontent.com/fId8hbUUDR0BUKNIUNFy8n04tQADjyd1K9paPNW7buah36nOQtpkVGG0JAXHXDL6v1CjeJmghVLSjI7RYybYrkDDM-5fA0Ue-zTa,veefriends,12.45,3168772.905317491,10.342156438983814
24824332,10000,Wise Wasp,https://lh3.googleusercontent.com/JttLCgWDrrdLO1IP6hENod36vcXEOAXiXyAewsoEenvVAdMBqKv0fhLLWermXv0rOrOEvrrcBThNRAt9rusa73TuIcHlVK9iKP5KSYA,veefriends,4.0,329093.86290595226,7.9722225187560385
24827812,6545,Moral Monkey,https://lh3.googleusercontent.com/D9h6bhsTqQ7ZUg8D6kIH-Qidr5WQhLnEF8A-OyZgD4TsKHah0MiX_MpRmTPK_S74DhRRKvTGYEvXrStTvkUT1vKCk6IA5oA1pb818Q,veefriends,3.52,316687.6771018186,7.961868587864998
24842453,5266,Insightful Irish Terrier,https://lh3.googleusercontent.com/5IuB5aBeUfCeMj-wur5cr9KsIxJJWjt2ip_C8tyUg9QG47Kl5UncBlpnL7rFw4QLvDGFJ3sL3Yi4Fyp9orIZkzo1_uXkaeygJbzh,veefriends,4.474,511661.2982813677,8.124589300833549
24844133,1523,Calm Clam,https://lh3.googleusercontent.com/16QrttnmQ2fBGGiJb6L1-5ReZLz7aomZVv8vZeEALLJ_5AZzS_murgWLLh5gfvcfCfPIQgv0AnooZHUgf3_-xnPvTJ0TT50zGVD7Cg,veefriends,4.8,300901.0106878301,7.948693381912829
25532094,1229,Bombastic Baboon,https://lh3.googleusercontent.com/0ukF4PNuRP3eyzzbzA_cfmUVFeEM77u7fK3-ur96Cuvj1lmUHy5S27IsHd3cQ7nmmyrdQ6W9TNi3WE8kuiCX9K3WPq3t5irDAHgw,veefriends,20.5,14943246.982570112,20.168874561615763
24813774,6882,Passionate Parrot,https://lh3.googleusercontent.com/r5-ph_dKSx__bXBi4w4MCbuq1rdJC_QUpySiVwv3r-h_k5eLwTSUMWO-KzFv59kun4ujBYZQPb4jDKlrDGAer30x5jkLPw2bgI27nQ,veefriends,19.99,10207946.234433737,16.21689629298791
24865254,774,Awesome African Civet,https://lh3.googleusercontent.com/VCa92QCIewPG3IL2J4Rcthir7wnI1bPsT8vC-4L7ewX70MlBxn4KjAETqnQMJSaEZLh_tT_gjHH40opsgkG87UgYeVzudi2qqls0feQ,veefriends,22.0,9945458.424245462,15.997829716899364
24909776,8967,Tasteful Malayan Tapir,https://lh3.googleusercontent.com/zI2vh0B8HgOy6p65FOdeTyCpIdf6zRPlFSDpOM25qfeeQghz2LvR8fA-gJwkoNp8SgChCpaWxtyPri8mU0mt5xxzom9MqaydRQ5dGQ,veefriends,8.98,2464369.678927512,9.75427693753079
24843416,1396,Brilliant Barracuda,https://lh3.googleusercontent.com/FrEbnNyv05fZRYXj5olgoCcgoqJUoJBfb0QAYVSaHTXRTJhweTbsYURSYGqO6C3gVDMp1AsLWuu4Zhi3yEyIrAi7dWfBhihuihNkFbg,veefriends,4.0,326804.3464924552,7.970311738513544
24728456,9217,To The Moon Meerkat,https://lh3.googleusercontent.com/PFEzkKnn0R6dPVz-PNWyJOrTkuxsHBt6g9WJ_O4UQ-jy5Sbq8aNKwvMMlr3z5uFlFYtzEHzG2YZuhRIUv4FOeym9GXdchWmqeQStvA,veefriends,12.75,3404124.617738002,10.538575822343205
24846177,5895,Level Headed Lizard,https://lh3.googleusercontent.com/CMaVjSk54SotrKwPtZk0W-Py9MPUahL2k-eqtpBpLVVPWIDLFfxATGIIDiKpdC754hI0GV_aP_Tmm1JxdQXLVqRdcwjcezLB5hH9Wnc,veefriends,8.0,1317999.6708457496,8.797541642200528
25143417,3140,Fly Firefly,https://lh3.googleusercontent.com/bB_jase-H25GcazCYWhQaQ1QCQO9IuIu6zrGbO7JD3GmjHPnO_MTr4UUTEAyS1OVcl6PkchKbh_a36zqpAVDajAq2NGKBsVyke0NQQ,veefriends,11.75,2493267.507650942,9.778394432321479
24916497,8160,Sensitive Centipede,https://lh3.googleusercontent.com/rXc0DG_A6yrm4p_6Q1UMukoXJwTl3YCnO6GQBzksGOUZcAEFzDJpdvDnUm_6RuIcgkjitxTccjSfZkEYY81HyJV6U1XWJZLeigr89g,veefriends,3.39,243699.0081709877,7.900953843730903
24678897,3208,Focused Falcon,https://lh3.googleusercontent.com/rWLisYr_66VKRZ_NQXqSvQqc5qEg4Wm4__uuhSixDNTxZk6skYnGcyPWxv90gDoHKuXqCjFWY5aIUuKqHF4rh4ngitBl36mQ_jxGJWY,veefriends,27.0,15467707.403370572,20.60657773951308
24827218,8657,Stoic Slime,https://lh3.googleusercontent.com/ibYCxw5DdPYkFLwuB8sLjWDvODUjZMAzuBLsMo5BBOtiRIg88DpZDHxVQvmQYbMnMQJSJMNyJIz6IpAVrzvkD73rfwN_wPeN30uI,veefriends,13.7,4164774.498697058,11.173397549509662
24949259,4135,Gleeful Sugar Glider,https://lh3.googleusercontent.com/tu6U3bxx8ismJHMSJvMIGRuE1DVqdO9n1zJMKqU-jzfMdVdX9MLycXSIIa_YbEa1_2_m5pnExBgsUxZW2y7NcVdBzAT0lv-VHAySvw,veefriends,10.49,2811494.518240435,10.043979723991715
24835739,8940,Tasteful Malayan Tapir,https://lh3.googleusercontent.com/zI2vh0B8HgOy6p65FOdeTyCpIdf6zRPlFSDpOM25qfeeQghz2LvR8fA-gJwkoNp8SgChCpaWxtyPri8mU0mt5xxzom9MqaydRQ5dGQ,veefriends,7.99,1246306.4103468407,8.73770801756533
25012019,4929,Honorable Olm,https://lh3.googleusercontent.com/9O6yaPyI130b_fJxA4SZbKel8lvkqfLY5NqpEAzYeXwyAeYqytQEBqeWB38lBVrxIh3NgOzOPM9zHfR2d61JIotJMT4uqsYsh6Pu,veefriends,19.9,9175621.286801822,15.355340506735194
24811740,740,Authentic Anaconda,https://lh3.googleusercontent.com/4xv-tfAqYa-PKtFxAD2neZ_Bk3rvPg9LXmHiUjIFJ-LmK8MNnOOlLJyrFXuc-4vJzst6pz2gm79-QjSjazhiMqADW3hz6VPA61He,veefriends,9.5,3218210.771531418,10.383416199095494
24729540,2696,Dynamic Dinosaur,https://lh3.googleusercontent.com/v8GzElqhhksaniXEfPy14YrOPWDvjD_opFoQzRyaEXWE5JV1UVSyfQ6YMAvBfF13LCdOB4TimLWd5ibCKGdqmfpsSO4HgBFdFJkhEg,veefriends,3.95,478396.3330794257,8.096827089608322
24831541,4966,Humble Hedgehog,https://lh3.googleusercontent.com/Q1R1ICmtmJ7ebirt55rHupwtXV5dP7roI4GCJJFXxVU6YaU2UmcjoxU74GnK3gsZiP6fjjsT3IvcXQHbECjjnNbF2KRGVILdfKYulA,veefriends,16.3,5426680.320725962,12.226556504128519
25005063,1535,Calm Clam,https://lh3.googleusercontent.com/c9jO5k-rqiEdog2mgOBnpv2K58lLApJbSdvzwYGCaumcSxGLiTayjWT-wwTFA3cvZbbJssGeUz7AkZdrEGX8oyxVSOyrvXcFBI91vA,veefriends,5.49,995892.0727100286,8.52871769717586
24917704,7582,Profound Possum,https://lh3.googleusercontent.com/8_eUnd4Oh3-APgCrrAGBI6X-TksBCvXLokhxT7uzvwUALk0TFz648YdMYguSzkL4xPS8NZqY-xzCjpwXtBeyCN7-q1MZjwi2Qh2y6A,veefriends,7.4,1947342.5151558311,9.322777393110062
24844024,3073,Faithful Pheasant,https://lh3.googleusercontent.com/UIXK42u0BF9vYVLsWGgHa4RxzTotbIjsLq1NJE_hYStWSrXcWUO23tl_ZBKlZu106yuDga3SSVAFkGKp_r50D0yoO5hAnFoWQWz0,veefriends,8.999,1126322.2392601315,8.637571856857774
24819304,10202,Zealous Zombie,https://lh3.googleusercontent.com/JcZTvV_QCZI1ts8QY7SB2C2GUMcq_SnchByOqu7zQWx_Z1_hADoKvgk8sYPrDvZyGFS2CslivCHNKbgGcAueUak3KCvIfTLy6p6iLg,veefriends,10.88,2532397.197300026,9.81105121409235
25006266,10104,Yolo Yak,https://lh3.googleusercontent.com/seWxPHZNE6Lvivhg0JY-M2IWwQCzGvSlC4w631r0s9E3dhhyk6BUBBKHTx-X7Mm_E7dv3yiFe8hx3vTpeAG7On4Kdl2J1aLyTaqIn-k,veefriends,11.0,4299069.413958105,11.28547714380106
24841146,830,Bad Intentions,https://lh3.googleusercontent.com/jkkah704DdPtXpUymHPDIFrTnTnqWDRMpW94iFMIPdmAkaWnGUX51rH21vivb6OyckS8LLrzkPliVtCmJS8pdtU5_HXjk7ViIl3AeWk,veefriends,4.5,382819.4201738089,8.017060691891304
24824106,2021,Considerate Cowboy,https://lh3.googleusercontent.com/w_WSUGoORYdBMjbWshSKuVUFaXctagw1actCBWuUDWpG75D0QBAXpgt_tH_u_6hFrcx1DWKytzRD4L3vlBHoj1flKUMxYhWvyqadbVk,veefriends,16.0,3403792.333321123,10.5382985050482
24816186,3065,Faithful Pheasant,https://lh3.googleusercontent.com/UIXK42u0BF9vYVLsWGgHa4RxzTotbIjsLq1NJE_hYStWSrXcWUO23tl_ZBKlZu106yuDga3SSVAFkGKp_r50D0yoO5hAnFoWQWz0,veefriends,13.15,4415774.093434298,11.38287631265398
24912066,1688,Charismatic Chameleon,https://lh3.googleusercontent.com/XD9HcAfD7nf7v7bFh6qtXuL-H2U2y0dAbtBjhsZ5mnNQidYwVCWlz_6QRTidEU70k3eDj-rKFgFB8DPT2IZv6McYBOy20hzGxYi1,veefriends,18.75,6640095.127915032,13.239245920049934
25011427,8227,Serious Sperm Whale,https://lh3.googleusercontent.com/0UgDy6Kva1zEvKhLOZEpZBXmmqoAposFixbSPByDWNCb46GS6BuD9Fyqj8cC5vJE1pao_m1F4MYTpJBSpQHMTSZrX88ty2B3xuN_AQI,veefriends,9.15,2350722.5983299394,9.659429573719448
24915427,10068,Woke Walrus,https://lh3.googleusercontent.com/YOEjN1hZmki0SFe21LWK0XEO39Oc234_l5JCBR92bESOo5UT1tQNOrTba-RunO0QDJQ28gAh2TpBJA-tZghd3d4yUXJ06rpGCpr9q3c,veefriends,8.21,822852.896687031,8.38430299161924
24864668,4551,Hangout Hawk,https://lh3.googleusercontent.com/cPIlDRwqNJK3t_V8tl0UnIZ6gAVKaeeUQo4EHrUbOK52OHRCkWnIqT5IejEXnFswez75YWX7fdCLJLMvYCnmGUy2xH-JK_fb0SWdO_Q,veefriends,20.25,14553711.779652849,19.84377701477031
24820388,6071,Loyal Lobster,https://lh3.googleusercontent.com/KZ2vRDMpL9iVRX8J1AuXxcB1dP8IrJ3BGb5lNync-iuub0_sE3MQtZW108Hd3TAVvYvyZm2AFe5EAioCqqmvDeBQ9W9zzbitaeb3xQ,veefriends,14.3998,5811228.272270403,12.547491800233438
24844028,4113,Gifted Gopher,https://lh3.googleusercontent.com/0gIfiJhwP0ivgOp1y55y2tEOngcN4-7z4v_AQIO6ABvvKsRmTtdgsZkXQUPNIEmJsKu7nMvIY9IoOj3DXQ1vugit_tqdiUfvh9Pk9g,veefriends,1.4,23967.019656174118,7.717570339763455
24827948,7900,Respectful Racoon,https://lh3.googleusercontent.com/23_orZ9q3GfbN9hVkhCXrZUuFIL8DBSCNSbXSN6ZJaz4EIqgjh-yBXP84XyHw4xtZkISJRhjukXek-GW2kUU1zZ8HUxFF0TjWgXY,veefriends,13.5,5564001.245403839,12.341161539588713
25006749,8606,Spontaneous Seahorse,https://lh3.googleusercontent.com/jp7UBm2F9TJiSCZsM0VT9ZxFtpOyqfTejdH9UWrP5JTHt-FOc8GyWZLVvBnAFpqxAhikHrWxx_YkSmZtamLdl3k8ZWYVrSdbXw_81Q,veefriends,8.38,2544478.6153184483,9.821134100904091
24844029,4243,Graceful Goldfish,https://lh3.googleusercontent.com/wDl1t_XQwsprc9iIbejw4xhShCH-efevlwQ0IkieIciKvc1tYTsfMuNa3goRFlyvDquypp31ws_rN73C1ZSbwN_kJpLW7CrwbHh7NA,veefriends,9.0,1126781.471106633,8.637955121696516
24917350,3176,Focused Falcon,https://lh3.googleusercontent.com/bbnMqzx5ARQlG4J14_1xMgPLtK6qNoLAjff4ui5EOoq43eoAqUADjzXDM-HeKPtwwW3ItVL5rqQjvLWH3HOmTWVzEodBSOj0Fp2IuA,veefriends,12.5,2949662.5615733764,10.15929174612368
24810910,7556,Productive Puffin,https://lh3.googleusercontent.com/sW6rQcPPQ3Y6Q77HT0Sr6AYdA1-87KXqh1QeOu4WmGWkvAydPqoBlRY36k1CzqoRPuQL2HsuV1WpJeC_KhdZX4eBgEWlQc0NOGDV,veefriends,10.3,2711122.1564787123,9.960211149712816
24792310,2940,Entrepreneur Elf,https://lh3.googleusercontent.com/uE4IKYqG0-AJBoF6psbrvc0V0GNnmWEG6l-QnUW_PjIiI2HAcgPdwqPf-My8EUJX_rkaTosKQ5Xc1mrokUPLX0S6AlL_OyqyDjlv9A,veefriends,7.9,1595185.9975650248,9.028875278186897
24844031,6407,Mint Mink,https://lh3.googleusercontent.com/QPYltfWXv-HGy3GpiLpB7hFuJXFn-ZyLJ0cxKtNwQPgdS0l7e1gaVsS16RIMH8xXgr28P5jjz8mVKP3_ab0hmeerbPdg1YaPA7U-,veefriends,7.0,924505.566929781,8.469140083308812
24819191,2568,Dialed In Dog,https://lh3.googleusercontent.com/aS351mTCijEnAAO7I2rgJ_Tk6zqBGAEb927LR_YolITDVYQxt8vaIHf8KiBYXHa-OD09Y5Rc8KACEjD5q0hwZmsVDqwgti-3prmV1w,veefriends,5.0,888516.9497634859,8.439104771820912
24793271,9103,The World Has Plenty Of Love Start Listening To It,https://lh3.googleusercontent.com/sRQOeg0_uf0Dg_Y3hLZrg1O0c2VyawMnBXbCsX9Quvw0TC1z4vH00ya0T4tLIyCvS0ksvC2Fq3D7qH2z0mTScGSTE45cAfnGkApiEzg,veefriends,4.5,512113.0449672564,8.12496631872122
24912431,3309,Forthright Flamingo,https://lh3.googleusercontent.com/i36tsOp2oC0roYNCe_iTf3OZVPRLB7k_wmR869VpIASCy6NUlaJCwkA8M175N028L_2olGu5OI8qoNfupMzUEEUAG8uPy3gEw869qVc,veefriends,8.9,2181686.159785747,9.518355465175064
24843192,9757,Well-Rounded Warthog,https://lh3.googleusercontent.com/N-Ol6IXsCEzwv7hwADRaTJhF-_xYpfdtLzRrFQKtnNI7RsmD8doboxxr2kS_lpBVY9fxR-eW02bEXJub_GeHUlhbdeOkA_GdtXMwMA,veefriends,7.4,656571.0865844022,8.245527835626811
24823393,6205,Magnanimous Maltese,https://lh3.googleusercontent.com/6iwfqO6jHP-UjP4BNXht2NnuIg1Si7oOM4STzoGIVl4RdIFA33wh9JdNPngs6ZwGYbn65XOE0B-WTzDRwI6qGo6BPHNsVPgvnGfqJw,veefriends,13.0,3660762.2844572673,10.752759996851033
25070353,7451,Practical Peacock,https://lh3.googleusercontent.com/lNeNDeGMvXEruq3qr2JoxbeeiOIPik3d58r6Z8TscWg2BSxQI7xU6IOE_Iz4_SNAruJLzbz2DxM6SpUQzsUySI1eTWY_Z30z1K8lGg,veefriends,17.0,4558489.368797798,11.501983355022887
25067834,4462,Gutsy Gecko,https://lh3.googleusercontent.com/ZHk2AIpinAoipnbDUH46zGiodkPXkZalORNA0YSQX-BztEEfP9nA9yxq0_vgdqikBZPXz7Kik1ZqdJ6wwZtBtH5yi6yFUZ_1iz2y,veefriends,13.79,8662744.608467475,14.92730486653619
24822076,7256,Pleasant Platypus,https://lh3.googleusercontent.com/PhI_XFY6O-rkXM5KgNoyRsn60TyXIWFxdvj4kHQRdeLz2IxiateCN_PME_VWG3o-e_azroZfbaz3RCDGsnf_Bh_JQSkDUbpqxubHvA,veefriends,7.98,1436432.6986932058,8.896383252741348
24894916,4439,Gratitude Gorilla,https://lh3.googleusercontent.com/9EN8cys5JLhYUKJQgnySsAtL1_lwCyZ4wcirsJs_ec92dHnYIk4E0AqNifq-mi64kiXFMOg4qU6NnvjBJ_eIhrAwBvH_yw2yOgsWwQ,veefriends,35.0,31309917.714498952,33.82813941144099
24842357,2188,Courteous Coyote,https://lh3.googleusercontent.com/B5iL2KKMxwqRltsZLON_78KWsFodtDN8MHqF3D5KCfEM1uMzc_2XvAPrSC64VSWXfpH494ksEor9SZkmFA73mUe5IWc9YqaP1EfBnPY,veefriends,4.1,185541.97300354776,7.852417256220595
24844158,2023,Considerate Cowboy,https://lh3.googleusercontent.com/RuZTHhc-JZ-DraOZ6Oz5A45mwd_lALjQX_fIEYQQr7TQ4Hi_90fdct9efcupBqSdSQ0JncemVka9tN5VlruDIv5yqC1rHUTfQiOotCE,veefriends,11.24,2599718.281605303,9.867235916257176
25067718,8520,Sophisticated Stingray,https://lh3.googleusercontent.com/Q12EHqD9sE0IC9Nsw5lbjSTl-iWZFYKTOs_aNhKbgmhOI1Gb1HEGowUrszQuF_enJCBpKjwe4wUdGXN0QCAoXEX_eIcm9BgL5yzd_A,veefriends,22.9,17777607.44484558,22.534369711375582
25011319,6847,Organized Ostrich,https://lh3.googleusercontent.com/m7vXKNyPkkoBJcCh1yJbwTeiDh--aka71YGGe1XuDjxYGdzdNEgZWlpQMhpkgfVWTvVjtfUt1g992LRLVAQBOqn8UywbCzTo8nNDnQ,veefriends,8.22,2401873.758183695,9.702119211169975
24832999,2634,Dope Dodo,https://lh3.googleusercontent.com/jmbhyIKUFoIi02Oj3BqYUdMDLE7in5a2czpUFeu5AqmF8CZ7vTirs3FPT66kQ_AXf8TejXlOqURAnEobhu89w30JSq0BozTIJke733Y,veefriends,7.99,1312819.6777530955,8.793218533442998
24447559,5498,Karma Kiwi,https://lh3.googleusercontent.com/D1HQG9Hw6qfTsPjvFuWRn7n4Qcp_tFrPfj49l3yIc1Qaqxw-DYHz0oFijyc3-g084jdhSnmONYA9vHWg3NcpXl47CUSM07p5pk-etbY,veefriends,7.0,1038889.1403321734,8.56460210788078
24835281,3281,Forgiving Horned Frog,https://lh3.googleusercontent.com/_upBaFwhFeF4ZHgW1QPHoA28L8dsSoOawEGao4H7uKsgwpcaOU2dHIiqMpMzZWjF_Q_lDBY0B0SUwff-uJZ6pyjDAorgg9XlOGxrJeU,veefriends,7.0,1327338.4633517242,8.805335593842008
24843083,7748,Rational Rattlesnake,https://lh3.googleusercontent.com/0eXZSgGS-8zrvYRSg1yW1lrk9RpHAy9PgQn0G8osmpU2JQ6lRprBTV9hcS1fz3BGty6b-TunPi605bDccpM28MPgq_8rbjyTrSua5oY,veefriends,6.0,453010.0974814137,8.07564029351198
24915803,1365,Brilliant Barb,https://lh3.googleusercontent.com/o9R5Q6BUuesao6PoyF4fLYnEWTur2CdBcZgsGrtFGepJIi94MgTEANyqrC34Z6bhVdNhyoO7pwOPZrdLHIPlNKmC5ZYtAHmxesUL7g,veefriends,7.399,608723.6980578187,8.205595453350549
24911483,6617,Nifty Narwhal,https://lh3.googleusercontent.com/RuXrAmyagLG_126p_1sKaRNPJCHakzKyYonq3U4sXWk7kPN0nrcf6JYpBab4LgHBOqK8lr49dFeTkn9T3aVVIKlmJ47l7vwGyfFJ,veefriends,10.6,2872595.9489779426,10.094973639542216
25126044,34,"""Content"" Condor",https://lh3.googleusercontent.com/cDaflblwgcnTuH2RfEgqoiGRNnAX_-9MssbUr1RTEnyXaMB6EnZ9aYG8mPt1OEyFu2ilUNBRe1OJ52AS6hQhtA9sYmDnp1hshwhQ,veefriends,4.0,412506.9727749261,8.041837272929907
24822206,5066,Hustling Hamster,https://lh3.googleusercontent.com/Ez2c3ldILUI-4SRjMT6LPu7_gpb4TWzeUhORtuCk_k3pZlWVBcIHTGXhvMp0xov-Ac6eDhluA2QOOYzWC3oqbY86-ytj80Y3GGBv,veefriends,9.25,1969869.4903102508,9.341577913077716
24843926,542,Amiable Anchovy,https://lh3.googleusercontent.com/g0Rw7hLB7CfZcZZswpX7fuaQQMP-SpzVrOzsxJLZm7Ra4XOeOu-La9b9lnGcGuE57qlrnj4ETIpIxbq09WKVIrzbkn5bxFPMPapH,veefriends,10.5,2269381.5108865923,9.591544084070417
24847286,6250,Major Moth,https://lh3.googleusercontent.com/CAyEbQLXtIVzM0IJV19YxbZlFgS4Smf6oF9w5-1Yce2QOPj4mi2EcHmcqPkkPO5iBV7NmT3KFn5zBg0nu-FnN1CvsazgUKHgfjMjJw,veefriends,9.5,1135337.2182598915,8.645095560840716
24833728,6012,Lit Lamb,https://lh3.googleusercontent.com/DHXlsnJFyuL1zKwUQIkIQWdQhdVWrUXuBKHXQwTR2ilJDGcMf4x924x2VvalpisCiWZqO_2NS_VQJ0jxsdXb5m872V_QNEtX5YWJWg,veefriends,18.69,12420965.957907677,18.0638340737943
24822208,3100,Flex'n Fox,https://lh3.googleusercontent.com/n-QOn20ruj8368MTzS4gBgl0PYHVfFkREjd0Cj9mhGJSNwhNQbxOMyTmNckuHO8QCUTLotZ4Cdv7iiv-3pNtK1i8RvRDIq_pEaH1qg,veefriends,11.4,4610414.535432346,11.545318961576573
24821728,7228,Persuasive Pigeon,https://lh3.googleusercontent.com/jZqOGU_G_iZa90lLyd19BcaLO-WF6tOoR3Olo_7QmmmSOseiw4iq699_vszZPseLBhyiZrkmYSAIdZDLdTaU1gM3hn7OjC3mR-AcQw,veefriends,8.11,1475879.5213944116,8.929304706810116
24845609,10021,Witty Weasel,https://lh3.googleusercontent.com/UCIRBVzJI5G-Y3IcYfdLR_kph61k34Os_JMRRiDV211kFLFEY5gI45lY8vvp5wLI8LB8CNV8c0eLcgrQNYnz7mMOBBFuR2NxHjhTsLk,veefriends,16.8,6736352.065515539,13.319579851480071
24840809,6283,Mature Mule,https://lh3.googleusercontent.com/T1pU5j6NLI7W65ISH3i_z_OO82t5TVqcDJA2rGrTZRYloyZz9ahNPICT1r_5c4RuuGb-hvmL9LNxU7q4rAGilaB_Sm1dLx1iJcuP,veefriends,23.7,14346812.013263715,19.67110300227473
24511289,4724,Headstrong Honey Badger,https://lh3.googleusercontent.com/jMQv3QNGJFU25j-8YD0XI_7WZeKabZswNB1nf-xD-u4YUF-PjBycIroMd4DYA0n9xobSSex-Jg6J7Kqu_J9G0-bKIuLdDYS9QsmfzEY,veefriends,8.59,1886590.7170860872,9.272075273324706
24844050,7951,Responsive Ram,https://lh3.googleusercontent.com/veC3Fg15mvyzeZFed2YG4JkGlvrTh15Ed9WenF7tz9ZTeLXUJ8KidvsVdnwnxEIa_UvyuCO_0g9B--FNuzkpfrGwfJDD3TQsQrE9nA,veefriends,9.87,2490112.7944609937,9.775761577803138
24918810,7030,Pea Salad,https://lh3.googleusercontent.com/d0ipcKn4HkqfATyNdPVdt_kV6h4iilnxLmPbGaYjF8lAEEbdjDdwMrJmJlGZhzLD9JBmtpa0hM2qeoRI-nNjOY6nZceznX-G8cXqhw,veefriends,15.0,5380326.655032094,12.187870750205601
24814890,5226,Innovative Impala,https://lh3.googleusercontent.com/OqVr9RmiAGZinZGJ7LJTQSEiay71m1wDqRTI7F0eq2C9VQd_DYgWL29HrQBwHuPXikrpd6CTQw1ZJeQTFJfImWjN1zWCrzyPxEGM,veefriends,18.65,10622640.082141798,16.56299069362781
24467251,5775,Last Glass Standing,https://lh3.googleusercontent.com/hC_tdCGqoxCy61gKtMI8cACrCuzWNUaOOUKutRwb51j81f92mdgeYUCZc0ttoOvcydhUJnCczJ4kM9CobFDcpvB6qSaoZd9APUWn,veefriends,16.99,8751505.18537969,15.001382499557913
25134931,597,Amped Aye Aye,https://lh3.googleusercontent.com/fBECLzHJ7Kv_uy0zvI520aljLrHUXo84oS0u_qCFytcd6eKnYi29sbkbVRJ_HiorjCHK-kARXkAuO-dhgtThtX5neIxB-LkkKPZFWg,veefriends,4.15,526319.3981593478,8.13682262987816
24845131,5961,Like A Sponge,https://lh3.googleusercontent.com/qVI9piXnqaQs4lZJ40Wk-eYvD_OyjlcuEOlTZIi3Az9-KbanYXk_OQqJZhySxuRX_DPx0fhdsfVTwuRYx6iI96PWw8-YHfKW7-QOUg,veefriends,10.0,2057395.709091206,9.414625377844054
25136372,9188,Tidy Troll,https://lh3.googleusercontent.com/AdkfXTlZUyKM7vg7YDoO1JBppG5xBOWnNahb28ZsgUP70aZQVhkdqoElT1qzaFN5eXH7biQSldlb0zEj_FGG1sGe74Q8f2bMcTVV2A,veefriends,15.0,5746370.421088297,12.493362858471404
24854733,3719,Gift Goat,https://lh3.googleusercontent.com/9t2CDZ8pOvCSGSnxnzztLCwjPPSITfxX7KFXVY3b3yraSQSil8d3DQNY19bmjY5y7hzpjTfApFloshYIL236tWDRcX7C7CEDeG6HFKs,veefriends,24.0,14460858.27784674,19.766283516295445
24843334,4145,Gleeful Sugar Glider,https://lh3.googleusercontent.com/38QjgY3xkBlp9X6cOOio5ZSlHXAJZgXsd_F94X6Grz_e2WyB_o4GB70yosAuP_NZ8oO3x5_Msdw1NHVu3sdP2UZTjJrdsKDxzXCIYQ,veefriends,8.1,1347851.586658427,8.822455397174812
24743734,1916,Common Sense Cow,https://lh3.googleusercontent.com/fWLwlBumbpHx_XNnUtb450OvokiGkp_lZoMEmJT1Qx7NQ1AhLe4DxcS2MjY3sNo96MrbLNRpwohQXbeYI7402k9mYUoOcfVt1YNeHg,veefriends,50.0,59798234.31624671,57.60386435651576
24852214,9210,To The Moon Meerkat,https://lh3.googleusercontent.com/Rv9ZjtyhDw-ahkn9UuYFZ9tztUqNLDiA-H2q-vwDEMcFbsm1rLZ-aMSTTqufi53u0czE5CHnBre1MSRTvTMp5o5sIJRDv0_9l0EKwg,veefriends,22.0,11178313.252932344,17.026743348892214
24409534,6928,Patient Panda,https://lh3.googleusercontent.com/wOd-XnrcMi8zMIzWwsu60usVeex4lnQ-TxiaIGXeCj_Dm2OTr7IvNbpsqP1FrsB1_UtNxmzIFEBGgbKpWuvh6XJ_WPAA-dhtfVWUBw,veefriends,50.0,65251957.92074617,62.15542260264554
24819335,6040,Logical Lion,https://lh3.googleusercontent.com/1G8eNk27NSggox0Gg-v_42EgMaLjpXKTWlQxPgcpDEL5bH6bdOYdyezPSLeUlmEEyXdrfp6uk5GVdHDL9N-2xpeZ2m0FyKoM1oSv_ys,veefriends,13.9,5902936.620390561,12.624029578528777
24916775,6268,Major Moth,https://lh3.googleusercontent.com/CAyEbQLXtIVzM0IJV19YxbZlFgS4Smf6oF9w5-1Yce2QOPj4mi2EcHmcqPkkPO5iBV7NmT3KFn5zBg0nu-FnN1CvsazgUKHgfjMjJw,veefriends,12.0,2603633.119849481,9.870503154493791
24427656,8440,Skilled Skeleton,https://lh3.googleusercontent.com/OsAt2DiMrctg7FNJs2Hzal3Huy83SFMN-cY-3uLDM1y4E6tdc-iYde1895peaUErZ5pj7np1o_yuGvUmzsEYRyxfU8DSkq47W08-,veefriends,20.0,14890928.197052972,20.125210449365635
24915097,2205,Creative Crab,https://lh3.googleusercontent.com/jVDaC8anu1kRk40AmsPL4uamAWYbDa8ra2dIy0O3HRTuy2n2N7QqBgvCOhmA5rJjgpDNsyPgpZWXGHRPtD9_c2z-b7n-OcQUqnGzeV8,veefriends,7.0,1129478.672989068,8.640206147300262
24749257,1565,Candid Clownfish,https://lh3.googleusercontent.com/WgmW25nbxe2qViGmizlpQ5s1l-0Jtsn5N9rPmShl1hPS8HPYpihWBFcI6lfB4TLTpShvgDAkqNq2W7vSuBfCZEWbrsgmRUxWXaKSOg,veefriends,12.5,4804154.597659284,11.707010173266728
24792817,6171,Macro Micro,https://lh3.googleusercontent.com/Um2KajvN1zlX4OylaJFwC33Lkf_ibEqUgTHqk7id2nfHs-N3Zl84T_sDEAj8gzHzwHL6xxfOcdTcCb52zFQ9IeLw_powRCicQ9W--w,veefriends,16.75,6120978.8832899565,12.80600287451425
25007498,8786,Suffocate Hate,https://lh3.googleusercontent.com/FAoFzJNDsT7pSdS4zjGdUIZqiPU5LrngIP6U-f_qAZiu8rfOBzoxdqqkoxIYOm5ZygMPHyip7Y0XPvnHxHPb5Yd-xUi_lG2YIuEbvg,veefriends,4.2,568240.1990422264,8.171808811940158
24800979,5915,Likable Leopard,https://lh3.googleusercontent.com/pXEGcB6cCBUeSwi6axZhisg9T4gbH_zNFPvV-y0V10oEDuwsaNJ-bQl-PwA21mQhmF9PTSwPBI-1EIbAm0aCFFKTWnJz77coIx6Ir90,veefriends,8.5,2568126.350919295,9.840869982987945
24759819,6673,Noble Numbat,https://lh3.googleusercontent.com/Wxm0h1WeTtcqGfjBLGXpkAQSYSrtW3_ktyuE4gHCfZvUQkgOGd32gZeF7r8GxYXw_SjVZyPV2ZgKfOMNtAVMmFGlBR9jwelAuw0cTQ,veefriends,7.77,1846074.27882782,9.238261141543976
24825579,5328,Intuitive Iguana,https://lh3.googleusercontent.com/XUg7rr69-v4RCKfegzbKRtEcPcpF8dNSW2NLeTqJvuvyXcpQHlfZ-B2ZyxwsVNylj1WrMhrH7ggzil4zJW_zCuwg0Zh8oEJnt_322A,veefriends,3.89,349282.1209842577,7.989071196686012
24914860,4770,Heart-Trooper,https://lh3.googleusercontent.com/h0VMaMj9sT_y1RP2IXcVyiW11xDbPRRNJGysJ1kxI9Px-z7mISqaely8gLKybazUZjHxhuB0ah1P42ux474Ond5dwFuQETNZFi2cCQ,veefriends,15.0,6029414.616145558,12.72958534304491
24844901,7665,Quick Quail,https://lh3.googleusercontent.com/7e-rjw6mfVENp_xyN1NJHjoi2GU_1YQALHKs7L2DUMBIjqot-i2g_suD1fCxJqV3HdllRymFeAIwerxA--WsAkz9ldbgbG_Fkv0ewPw,veefriends,8.5,1486541.586792986,8.93820303301895
25138182,9956,Wily Wild Boar,https://lh3.googleusercontent.com/gaIRqRg3a61pRzrRacZzB0TzMRxnDcGPQenGoGqlQqzEbHPncrZS4KTu8iDIrDmVdRP1J61LqImFVWGG1C4-wP3EjVZFWmhqWmmrKOU,veefriends,4.6025,964882.9106517854,8.502838129836707
24844062,7079,Perceptive Puma,https://lh3.googleusercontent.com/IPnoU8hWmJ8vBu0oSr5UAVNJsSVnVBQBDN2ubpdU2Xi18av0IFTggxPgclXNVfn4Yd13YZr_JYl8wrN1zgOHdryIeCx7S_pFhgGGKg,veefriends,18.99,9217234.834257197,15.390070261817566
24916903,7599,Profound Possum,https://lh3.googleusercontent.com/8_eUnd4Oh3-APgCrrAGBI6X-TksBCvXLokhxT7uzvwUALk0TFz648YdMYguSzkL4xPS8NZqY-xzCjpwXtBeyCN7-q1MZjwi2Qh2y6A,veefriends,7.5,1719128.0455459207,9.132314596245523
24422383,3522,Genuine Giraffe,https://lh3.googleusercontent.com/VZ2AVQ4MJZoP8GRh4OPwoIs4iK9MNTK5ftmsLNAiGO8Q_L_LVlwG_UhD5Jfwn1NdnH48o0Dzo5pikn20pN6lxDG8hMrp-IqPgsrNceQ,veefriends,13.0,3475938.351679319,10.598509991474236
24825583,4952,Humble Hedgehog,https://lh3.googleusercontent.com/Q1R1ICmtmJ7ebirt55rHupwtXV5dP7roI4GCJJFXxVU6YaU2UmcjoxU74GnK3gsZiP6fjjsT3IvcXQHbECjjnNbF2KRGVILdfKYulA,veefriends,13.5,5544930.232422395,12.3252452899412
24836984,4120,Gifted Gopher,https://lh3.googleusercontent.com/0gIfiJhwP0ivgOp1y55y2tEOngcN4-7z4v_AQIO6ABvvKsRmTtdgsZkXQUPNIEmJsKu7nMvIY9IoOj3DXQ1vugit_tqdiUfvh9Pk9g,veefriends,6.59,1021691.5529265264,8.55024937817788
24817905,6991,Patient Pig,https://lh3.googleusercontent.com/drPS4wp8KiTRYO7j3RR0D3ggHflzaKWxYzuvoj8OWUndjPMPL_-9pWwJ-xA4j3vRtUc8oRmgCFw2c2Xr4tNmRtbusa3-1jFgFEP1pr8,veefriends,25.0,10340585.811408108,16.32759437820858
24915946,9772,Well-Rounded Warthog,https://lh3.googleusercontent.com/N-Ol6IXsCEzwv7hwADRaTJhF-_xYpfdtLzRrFQKtnNI7RsmD8doboxxr2kS_lpBVY9fxR-eW02bEXJub_GeHUlhbdeOkA_GdtXMwMA,veefriends,15.5,6741961.89675391,13.324261693737597
24829906,9301,Tolerant Tuna,https://lh3.googleusercontent.com/8uGoS6FU6YmiPU1PDxHvmgiy4f7lrsePp3j_7-UT4kPK0_eXKrlhVztJR4RRmA_GaoF94boub8OGonAkzORms0_3vVy2gBy9CLyk,veefriends,4.1899,533753.6642123393,8.143027105464254
24835667,7733,Rational Rattlesnake,https://lh3.googleusercontent.com/0eXZSgGS-8zrvYRSg1yW1lrk9RpHAy9PgQn0G8osmpU2JQ6lRprBTV9hcS1fz3BGty6b-TunPi605bDccpM28MPgq_8rbjyTrSua5oY,veefriends,4.7,849613.5579870144,8.406636853297037
25065707,3438,Generous Gerbil,https://lh3.googleusercontent.com/T77LpzK_Cxl8jnPt4ckpKhTHZnLBrNiEqtUS3X2vmk7m8KogOGOQUmEZASKKqgqq7mChnnNNfbLmgng2b4AJf-f8qPQCyvp6AxOo,veefriends,11.43,3337958.5444440367,10.483355067065707
24835668,9995,Wise Wasp,https://lh3.googleusercontent.com/JttLCgWDrrdLO1IP6hENod36vcXEOAXiXyAewsoEenvVAdMBqKv0fhLLWermXv0rOrOEvrrcBThNRAt9rusa73TuIcHlVK9iKP5KSYA,veefriends,17.25,7484202.661309527,13.943719575640444
24834229,8998,Tenacious Termite,https://lh3.googleusercontent.com/fId8hbUUDR0BUKNIUNFy8n04tQADjyd1K9paPNW7buah36nOQtpkVGG0JAXHXDL6v1CjeJmghVLSjI7RYybYrkDDM-5fA0Ue-zTa,veefriends,15.5,5311935.451863856,12.130792950280739
24843589,7579,Profound Possum,https://lh3.googleusercontent.com/8_eUnd4Oh3-APgCrrAGBI6X-TksBCvXLokhxT7uzvwUALk0TFz648YdMYguSzkL4xPS8NZqY-xzCjpwXtBeyCN7-q1MZjwi2Qh2y6A,veefriends,4.575,272957.25668327126,7.9253721369816885
24678949,4412,Gratitude Gorilla,https://lh3.googleusercontent.com/n4VosdNoKHbAzPy2V6i5cJVs6nehBL9S2dNRRTIlEa6TB7x4iCtipSFqoYNbX-QvQM43sOiMLA5ebY7xqSPY-bNQw5mAWRbstXvW9g,veefriends,7.7,1514288.685590576,8.961360153822461
24842390,9505,Trusting Tarantula,https://lh3.googleusercontent.com/TqOXJGl29syVdrIfBqK5v7_kLt4nwcrSUxQoKP7HJQOipl9lWuDcvXnfhy2f6AM5X8Ku7TboL017vxIkv8nTf0aO_DXcLwZukUwfNg,veefriends,7.77,1291133.0124458228,8.775119317665187
24831590,1662,Caring Camel,https://lh3.googleusercontent.com/tSY4_MfHJWyxhsrLMOcMtppizbk4x0PCThHbgjW6nh5feavpPSWqXsbDoyKtJtVD6ERFXsH7QogCsz6t1mPVm0TogLcBN3bylWJjdw,veefriends,8.5,1845977.185761416,9.238180109797764
24864471,1117,Big Game Bandicoot,https://lh3.googleusercontent.com/5FRIdRfKx_7qNWNAh5ew5GjX-NkZ0U2Ku6diTyEB9zzl556dhSNsCUP7PE86NydmULoV4g7Cm85adMK4UWpMYiQTW_IefLdb4pFKQn0,veefriends,10.79,2975566.450382964,10.180910564250222
24843471,5905,Likable Leopard,https://lh3.googleusercontent.com/uIwkHj8YxUcqed1sq_d0R5J7dzgwN22rBRvAg4d433qQkXhYQwABKK7WPN008G-zOsyWJC_G2XgpUbMVUQzkVvauFE5zSri7cSxp6A,veefriends,18.79,7258787.4774689935,13.755593001355347
24896271,2673,Driven Dragon,https://lh3.googleusercontent.com/4BrO0AcNxbs_lxUhSWWcqbwdyvKVdSq7hTXdldLtGEqQlkiyxipGs_YmdBDIXGvz4aI5y4ycOxZESdfIr5BxUMXcYih9yoF9fKEu,veefriends,1.5,57509.50960617378,7.745564167063703
24834832,572,Amped Aye Aye,https://lh3.googleusercontent.com/fBECLzHJ7Kv_uy0zvI520aljLrHUXo84oS0u_qCFytcd6eKnYi29sbkbVRJ_HiorjCHK-kARXkAuO-dhgtThtX5neIxB-LkkKPZFWg,veefriends,7.2,2014770.5405719024,9.379051345983207
24845272,5485,Just Jackal,https://lh3.googleusercontent.com/LSCQStiYQBJwfw2IgoiB1EupXpZQuONIdX96jX6bdTYEyXm0-BWyKe1NYm3Y824DPuHdx1shuuITYrwnTAv6ukHs7HxeYFDaHmT14w,veefriends,9.86,2975586.1233424437,10.180926982871231
24843353,7670,Quick Quail,https://lh3.googleusercontent.com/7e-rjw6mfVENp_xyN1NJHjoi2GU_1YQALHKs7L2DUMBIjqot-i2g_suD1fCxJqV3HdllRymFeAIwerxA--WsAkz9ldbgbG_Fkv0ewPw,veefriends,20.0,8229988.023767397,14.566135701301352
24743994,9915,Willful Wizard,https://lh3.googleusercontent.com/lxIdAIuBBE3Vj1RNJ_FBF_rAOF7LsEnDlHuT7ihUT6BtGG2uFHUCt9EVsOoup6iWf_Po6F92vvq4XF_pi7QrcR8JcYkSrhcoCQk0VQ,veefriends,22.0,12380077.4888809,18.029709453284212
24823675,6196,Magnanimous Maltese,https://lh3.googleusercontent.com/R6bPojpNUqBdpU4sPrscZo2J7KIMd2hd-dVPVDfvTaELiL7QhG15H7HUN6JXriQGY4xVPjizIUl8lBFr5ruKHjK4ZFYJMGI54yih,veefriends,9.23,2177422.972328952,9.514797502316851
24456836,8618,Steadfast Snake,https://lh3.googleusercontent.com/W4rzHsEmJs-dv6kJUQzd5NCD8SiUBQIct_3Nl4ukVtlG1NYk5exPtiByD0_n2axZjilmG-G9YlKuXs2bSR5vdn12sfEJryBTUBHjPg,veefriends,13.0,6131226.874257501,12.814555623274035
24845276,836,Bad Intentions,https://lh3.googleusercontent.com/jkkah704DdPtXpUymHPDIFrTnTnqWDRMpW94iFMIPdmAkaWnGUX51rH21vivb6OyckS8LLrzkPliVtCmJS8pdtU5_HXjk7ViIl3AeWk,veefriends,17.5,5789819.941669297,12.529624876503942
24842637,654,Articulate Armadillo,https://lh3.googleusercontent.com/LglJ_H8eJ92TkmNFxtDjx74SHgT35kYDsTILpkt26nLEDLKo-COXSLtkDfQOmZt0AoxS0Z5DqwvmHEKsWHVAqGWHVKsZ8gYpnLF8,veefriends,4.0,328546.03546006454,7.971765313970903
24845277,4454,Gutsy Gecko,https://lh3.googleusercontent.com/WLNnEnoTSHH0lLWr29T0GxXc2-Lj6wHExE3VKJncYcNq7PZuutFHY93vmyF4reMiGLEUSmKqpgUiTB-9-IrM5SxbmQ_SO21KJfHo,veefriends,18.98,7410842.550859862,13.88249483455186
24821998,6808,Optimistic Otter,https://lh3.googleusercontent.com/RVO4J-zAV43I0qWc_DEH7pftWsSMUpxqmKmWROVH7VPlXbEF2fiXiAusNS8b3BxZoKQr7l0wbv8Dzjw4G-XxI-VxVdFIGQ43vm-inw,veefriends,12.8,4182774.102178648,11.188419624259858
24724678,7186,Perspective Pigeon,https://lh3.googleusercontent.com/Bf0XVffH3eceBn9L8Yq_NliQxAGzHv7IRb-Lo9aE-qU5Y6xFaWCKIiNB8k5MdmDjWCZio4FypMaCbPeCiUEcEtkQghEBNETKoeorSGE,veefriends,13.0,4299093.43888699,11.285497194480396
