id,token_id,nft_name,image_url,slug,last_sale_total_price,rarity
33219720,8957,Woman #8957,https://lh3.googleusercontent.com/duEMe1Vt_RDl7tPigR5fhzHnJbSlxGLZXH0pg8NFkQZ3iuCHuxMrn-BYl-0p8Qse-NjkyRTwguRfq9nEjSfJsUs_Mj6XqDdywmiXVQ,world-of-women-nft,1.67,116.79985164682772
33208320,4653,Woman #4653,https://lh3.googleusercontent.com/NAx3RL9PI36ed88EYFTbG19cF8kKCPO3cbx8VOoOHk0mo5jEJnxgzkiTfZ-ptM1wlDVXZ1NxfeWwOboaJ_b1a2gRl0pK6hNADmNMyA,world-of-women-nft,2.55,177.31817397204975
33199320,2586,Woman #2586,https://lh3.googleusercontent.com/wr6k3QZhPxRQ9qFEeu0ytp_uEEJSz7wAcVpMK6QMod4sIorikdtlmxm6gOXeYFp3r2a7H12xxGROoJy31CXjHJHzyImvwQR6S4BW,world-of-women-nft,2.179,173.16182972237206
33208321,4654,Woman #4654,https://lh3.googleusercontent.com/ooCZpJCjv0q3VVML2laa4zQ7rMQPhJ4ewejkvUJVRRzIIEnOBz186_6UpS4AmWz04nhWABBEdpXa-ihd8qWuwAh8NSeQslreEel5XQ,world-of-women-nft,4.27,168.62638857321497
33202921,3536,Woman #3536,https://lh3.googleusercontent.com/g3MTpYekciet7mdQTX6jDD91mIBVMmabhEbYOiJo2pWcCRFhrrzMOhOn8W2F1WGF5JxSuHtUOqW4Ol8E1u0gOSdXNEhxRImRQXm4,world-of-women-nft,2.8,144.59404055870755
33198242,2285,Woman #2285,https://lh3.googleusercontent.com/tDW06yvBA2BhaC656NcIJLwHXswYk6ZLY_0W6nM9kU1PhPiU71Tvegj-Owww4WlGVDQqZe-Q3DB48UMeNz6Bwo5NjIrCm_crwvYvFM0,world-of-women-nft,1.69,115.29610247126877
33128522,667,Woman #667,https://lh3.googleusercontent.com/MITbsdAUfH_pDvwGOykKVykMJuNY9eo3px2TC53KuKV_eR1qvzFiw3B9q04itpqvJ-Z-htSRtpy1iQBPwI05LayXa8b-1KDpuovEiA,world-of-women-nft,1.6,161.8895109130939
33207364,4457,Woman #4457,https://lh3.googleusercontent.com/yHRNGivZnxMeE9iaJfKB2LATsD52cTEJNBOgmlzf3Kg9NnS5AR9xjHiJjSztZaAkbleOMZllJ9jhB3YddAzfpZMqrWLFjSXfQXnP9A,world-of-women-nft,2.3,158.02492782267214
33209764,4972,Woman #4972,https://lh3.googleusercontent.com/cQotMCPLQo4pEN9GtkRE5qFkhOfH3zUwGcJZoJA-3QO8e5nOF2r5__dr9oj4caELTUToUMdcw4UTPrVz4xldceBWBayB0FhT0Zz-QA,world-of-women-nft,1.5,164.61313738172709
33210125,5048,Woman #5048,https://lh3.googleusercontent.com/hSDzMvT5Ew9jwyuRmDaoC_rXREWxNYzktSEKNgBzjRj7o2ioRN3bwSAA6gQGqyTRNuNVc7Fd_rgvoRBDNrZMOrXw4PNwo9L9_b6lIJM,world-of-women-nft,3.5,215.01319512607972
33211685,5394,Woman #5394,https://lh3.googleusercontent.com/QEoNQ8wbVWeThC3S4UdgJuSMKQupPZ7OD2JZkxtpUU194WBuvgQ8T20Mqu5Nt3EjL7vTqFdy-X2gTZUpp779wke98TrvWOVUh5Y03A,world-of-women-nft,2.1,191.36785782771878
33194886,1545,Woman #1545,https://lh3.googleusercontent.com/FWj4aBRoqw8xlhnY0PWTZ5X2Jp-r4SSonK0SYBGLnaaEUUl-d2q3JOVkB6cBAMgd_lz7SFK7ffW2X38eHZmcc2j4ZLTZdN1j4OfP7A,world-of-women-nft,2.65,190.74832256813283
33207726,4503,Woman #4503,https://lh3.googleusercontent.com/TqKNIypRJ21Ybdzh0lWnlgNohl8MJ7_VIe6dMT_RFlGHhNVq1V1zcx7tMOuU0cL3mRXj64pY_J0moS4BD4bexTnk9tJ6qze0Jke378o,world-of-women-nft,2.492,118.30276711344295
33208927,4786,Woman #4786,https://lh3.googleusercontent.com/lQ7-LoBEcBmpo9XYgbqWCK3IPsnj_QkzJwUGwpMEXJI76h2u_4II7k0Ct8AxxaCb3cRBfhQT-Uq5koj3Nwg6aHh0FirYRTEu-COwzQ,world-of-women-nft,3.0,137.54362417415754
33208447,4680,Woman #4680,https://lh3.googleusercontent.com/Wo94tyzC2qkOlVieVAmeEsN378nYaAkyLjoEqPI6LQ2sYz7_HWXG_kfGtBUxtgQuedD0ie1iIryPiw6RK4PWbg9tKcLQVMlF-I89ztQ,world-of-women-nft,1.9,135.8446129039807
33209647,4936,Woman #4936,https://lh3.googleusercontent.com/AC4wQcjNW_DIgaOZoymzSLZisdLwoCAsk6qplIoTnpsUPlTVzzpbA81-089gkCfcvKpMBHQC6dlvuSFIR5JI91SVksAHNSEFyqTvug,world-of-women-nft,2.5,166.16109017884864
33214327,6086,Woman #6086,https://lh3.googleusercontent.com/_ib3HnTEsu1576bmlHcTkf_XdUMnf7TuFt3iHYbRjrwjgmPrHwO6wGTW5SVV9GNnpSocUeilEZ0pFyWNimSUdPRnIp-qiEgXFRfDKZk,world-of-women-nft,0.95,138.7451429815651
33218648,8520,Woman #8520,https://lh3.googleusercontent.com/n6g9hifKW4u0gGvskIvoEMy3M3xWtf9vd9avaEK7L2SpaZ2_BP5kBavPIemN4l9u-sPqjaGo3dh1H-OeYOZ-kj_zs4uUuWqr7zqEUA,world-of-women-nft,3.15,211.39965196763282
33197169,2084,Woman #2084,https://lh3.googleusercontent.com/yN9jf7nNjjICZTQA1cHvamZz5n0Z102ii-VGZrHI0_3L0Aoj9lwbGU-09HH6EYMDZ02cwYjZjR0GPWIj18nKYbDuht8k-0xbyr_HUcA,world-of-women-nft,2.499,130.62992178406728
33198969,2486,Woman #2486,https://lh3.googleusercontent.com/XwOq6D-D8KLpXJnAt9ZopJppR6i1sR1nQf1dVOcrQaywLlD5vdD7GDAIPPwV6BhY1amqDKrLzrn75wWxKWyY7-vmXVAs705evNc7jw,world-of-women-nft,3.65,154.11097632814068
33198129,2246,Woman #2246,https://lh3.googleusercontent.com/2haEmQzHLwCJpLRaYsg8VB6cggymMN7uXXfudK_3i8ddnGu3WAQ0iaK4LVnyUyxES_9-bBTH-PfToOzv5TPa8cVehyC-idb2wDMkWLU,world-of-women-nft,2.4,149.77090195026318
33202449,3361,Woman #3361,https://lh3.googleusercontent.com/tX7YXwH4q8NxwthGzUdWZ3zXGzjC5PRd4fRk35kfWYlNOVZZYHDtkRO6RBmbQpesDI5geDWNiG_wjztyZDT-ezmMtWV5sJ-13VS2GX8,world-of-women-nft,1.97,149.5061111324695
33194891,1556,Woman #1556,https://lh3.googleusercontent.com/uzVDbhPUqM39WKwkn4C2GioI-w_uyi43VpiOCWiAzPUqUAfFptmMckEwHM2JQKd1bvHK0rw05MEUbbr8yjGnwNRdac64tUmkoBxJhg,world-of-women-nft,2.45,169.61035304187772
33209771,4952,Woman #4952,https://lh3.googleusercontent.com/h9p5KsZLCt2SCVHBdtiWhof31r0NljiRanO89XIW9fLhWmVpewOyJ7Vc5bVc19bTzN-X71LRl-fFVURHEXqtd_oqFY3z5EPf2qff,world-of-women-nft,1.98,158.42058825423806
33205092,4070,Woman #4070,https://lh3.googleusercontent.com/lMWr8Bwr_TG3AnSMu3ZTe1VvnmKcTnJZ5-ACm3NAl-w5LWU-Y2v_rHgrRFm3RWr_O4d7sBhgME2CP9ilXrt1lZmsupaXaqSeIerq9w,world-of-women-nft,2.09,166.44897578297474
33205093,4062,Woman #4062,https://lh3.googleusercontent.com/3od4a0SnI7WAn2IXaMH0xrO95oXhQs9lt9MHjyvrKGa1x5F1q2G6RJPrhcsPpSCh1Vmkn1abJhNDXQssZDySOSqHOulQkwezM984O6A,world-of-women-nft,1.7,145.8091085128074
33198133,2251,Woman #2251,https://lh3.googleusercontent.com/zqgqyDSBvZyGUeTe-Xzapt6DyvljeyGJFInXSMCfMiLaPulFf1Tn8mLWUuw677gk_g8EbWrjCP1LbcSpk55KPKWBr-SgHNuzc8NhQBI,world-of-women-nft,1.8,182.13679897605638
33208095,4589,Woman #4589,https://lh3.googleusercontent.com/wB4cXnYQ67e8_Or-BdAwp5e5HFxRYrkKfAQvWzT6khIoPDAiEL-cCVUWDBbyKLREd0SmAdl4AYJJTnzDwX5kJFvVXfQHuQzdzCoC,world-of-women-nft,1.099,140.6701251290121
33196455,1795,Woman #1795,https://lh3.googleusercontent.com/Dlfro2BhDEgNqdGYes1loTPJtBY3tSzcGc-f6HYLFccwkPBsG-vVHh4ByrOSVhxw_tOIxPW_dGn_2NC90zoQZeWMuFGsafM5LQw9qg,world-of-women-nft,1.6,121.67787212573477
33218656,8533,Woman #8533,https://lh3.googleusercontent.com/sBzLWcsD7gpY0bQ--UXwsmJM8l0LauuQj2mpsZNzSbLG239mom49oi8rRCc1HaPdtlYNkQ3uhNIDCdV6PJzAh9NpPAzayRnbQ7_a-w,world-of-women-nft,2.95,143.159748882035
33204376,3901,Woman #3901,https://lh3.googleusercontent.com/mSokfOfhhAvQkfKxOrk99lFmQSS-qWzYhizuiwR62PEI2zKqhGSQpCTnl3RGJSkGZPyGMicB0l_DUgT3CzLgXcwh_z8liDWyNRUN0Q,world-of-women-nft,2.45,215.1312190228079
33194896,1560,Woman #1560,https://lh3.googleusercontent.com/F2DRjSJ4Ln247_CAR-za_jgbSfFSVzzCw0z9qYDRQHEH3H6sVahYkFyb3MMu_t12tJlOhksm-KvcehxadZ3_czYFSqingC3VMxkwBg,world-of-women-nft,2.3,151.47638244063154
33217818,8058,Woman #8058,https://lh3.googleusercontent.com/7aNFdKAHFtM5ECrWnW0P1fR0AoQXpsOLwGcvd5goQfHRPIpmvvPHquSZQfc6TUh99nPcSyZhIpa4U6UcXdoG1ODuETg6Jj6fLhQZLA,world-of-women-nft,3.7,204.42110331030653
33209418,4864,Woman #4864,https://lh3.googleusercontent.com/G9TeaCUuxVsP-gMpHE4gFNdky21cXIGhM9beuaOuDK1q3Xp-9ofJJoQXBxvaorQFeAZEucmW_jSq1KLFYAvKlx-cJ5HNwdj3vJK2,world-of-women-nft,7.3,239.14068827131965
33208578,4715,Woman #4715,https://lh3.googleusercontent.com/8g9ccbwfM6CqQxx1_U4WSMHoEf4EoUndAmpKhaTcWVqJkV1zd0BRfrq06GC7IZNK4PoWXVV7n1kVnPlbYGWI9NYgOntBh0e512eO,world-of-women-nft,4.0,179.5562219127277
33194299,1329,Woman #1329,https://lh3.googleusercontent.com/UPbAXEQvjKKSJNBGT-KxkY3jWVoaUFEygQ91jtnAOTqlT89HSygvfY4mjp4Rr0WSszSFxm8Nm9zWO0zFbar_FW8XdeFNHv545p8BNg,world-of-women-nft,3.3,136.9153423727987
33204260,3842,Woman #3842,https://lh3.googleusercontent.com/S4YsnNTymjRR40mQVEi90BIuq8dh0_iYq6jFdI7jQjzIB6nstwT4wm-BYicVDLbFmY0SntPzFKxrcD-AEtMejZ16BLRrBuo-OUE3Yg,world-of-women-nft,1.999,173.0851143699635
33194900,1563,Woman #1563,https://lh3.googleusercontent.com/a2YQSbSBPdbQNSN7KJJPE3NkoPEKxuvmcF45KAbDeznKiL1zoRzJdbqadJfkudOYGqAZ3xxAOinS64_2zbiAP9LFkopqGSA4QUIBsw,world-of-women-nft,3.6,149.24421463134644
33194901,1564,Woman #1564,https://lh3.googleusercontent.com/uxbtFAQv_oMcbxx9X9P2D7bJMnh-tiH4DoXa8LXDJzUZ7Q-5ipCXGe1Fp9fudhY6ac2ltc_GcM5jv5NWL5Bwg6X6NgIz-zXdrgfgqVc,world-of-women-nft,2.99,177.63918045791124
33128422,621,Woman #621,https://lh3.googleusercontent.com/DZ6Ftn4_DXwQcxsL1C4NuQM4yeDNYt5LFhKbVqeJNAWRCEBEF2L6riS4K1su0X1df1v1U7BTK_8IoDy7Q5X7Yxpb7UdcBEIsE08_KA,world-of-women-nft,2.5,201.9698935346053
33209302,4837,Woman #4837,https://lh3.googleusercontent.com/gvmFQxAIbON-jUR_0-cFdXwSvokVuX21lpqXDyrg6l-lpOtl0CgDRk3LVwuhXFI1tXJvuIBgKzLc8uHR60Q2vWv339Vx1JkgQNQxroE,world-of-women-nft,2.5,196.6820695743479
33210502,5157,Woman #5157,https://lh3.googleusercontent.com/DD-yaIBuhUOexkQVkCUDNJrbCNvNO3vr2EAYzuR6fbR49zK_ZiiZGTvH1B2Uuee1CiyDqb3JDB-W3GRTLnyUtlIi1Ycgdn7eRIM,world-of-women-nft,1.97,117.04184892648209
33204384,3895,Woman #3895,https://lh3.googleusercontent.com/C3gVDNFIiiOO1cnariv6nFlyKvcmBuLe6DQxhdPDqsj658zUq1VjY13VQbdItpqwrch6dksxwIKSJ1LNNN3OiWL2CZbIfZNZRd0NZQ,world-of-women-nft,0.99,166.0166614457274
33194305,1334,Woman #1334,https://lh3.googleusercontent.com/BIdo1R9ESgA6BYce4RQP9xUtPrI8RcGqVEPhGIAoA4PEM9XKiq7H-h2CGpBminqZrCGhWbu7sNSnnoPOzxDSpY7NVflhrkZ_zrDqBg,world-of-women-nft,1.98,130.95500411081872
33214225,6061,Woman #6061,https://lh3.googleusercontent.com/-zREEMGyKaIVXEJMm5nTK3kExVKFRhSvbU8egMlaX47wnUgh5xRlZ93EmcZAzrRlP5Sa8zDGa4m5siKknqxrc8MCtz6pXUsQYBJBpw,world-of-women-nft,2.0,179.12086284033245
33127586,216,Woman #216,https://lh3.googleusercontent.com/Kjmar8a0ibwhrA-LFeLk16NfxMy7JkHWIjY0hy2c6VeBE6VqLjIXEiYmPOKV7s6VjwQKkOWr5HFktk8M_j7v-2kqbSC7r9YXJhuJ,world-of-women-nft,3.75,199.89400006401144
33209548,4905,Woman #4905,https://lh3.googleusercontent.com/WAgjKHu59-PJcGF535uOrTL7-vf-kQADblntMV7Gt3c5rF0Y4T48q2CaJg_9HA7eJ5N1TUfMWbpLhuobfD28NsnyPsrI0nWOKrx7tVA,world-of-women-nft,3.0,180.55703266042786
33217469,7863,Woman #7863,https://lh3.googleusercontent.com/I_pcfM88iCC9-ZA8hsyHPa28mrgXf-ujmJwKcjReqcS_puRNYrycSK3ChiirsmM8pkhL9FU6KXpkusnHBc5dw-1BDy1u9PT6qgUwgPY,world-of-women-nft,1.7,147.4703718587259
33196829,1946,Woman #1946,https://lh3.googleusercontent.com/9Xs9h6X6efanJe1fp5Y9ylqJnkA9Z1ATNcBRRvlXMrBsc1jZ5jBowaiBPCU_6UqDSFQlQfuGsko7iykAFp04Dv3FqrlY1Z_Z3qSJ,world-of-women-nft,2.5,191.72813089796244
33208109,4588,Woman #4588,https://lh3.googleusercontent.com/35n-w8wTt3Cb0vvQS6Govd8fpHZBjSVHSARFjQhjSKq_JjNf22_iD8D1UfFZFSlTAekzk5OuY3H4H_FD3LXYJqyjoZPBBe1UhyCM1Q,world-of-women-nft,2.68,146.38670367606164
33219149,8661,Woman #8661,https://lh3.googleusercontent.com/m7p6byZJEg4eyQ2Ap7nyOb7K5ypCGVsWpwEnToQKpN4fuKV8M9RWWabQJXe6YiO0uY4VPwi7cikmmW5SzwM1tf-jSljXeA6QWkM6Hw,world-of-women-nft,2.5,128.6441259116915
33128310,539,Woman #539,https://lh3.googleusercontent.com/JvTYHQrHJdDZG0hB2f9dwnzLnlfGIWlEjjNsn8kamg-jOJbJmRcRrQfgXdTVdKcXCyI3LMDZx7-opABFpr4YBvqcQO-3hTu9Qu0rWQ,world-of-women-nft,2.25,157.50419778571583
33210511,5162,Woman #5162,https://lh3.googleusercontent.com/vQaSeRJonAsV1Y0ms_HL95Vac6u4hCbb5kqpCztcUVsgyBjZ9gHExNMUZAc49RUMp2Wgz-T9mvN890GuNjGULFt0Juc9egRceT3B,world-of-women-nft,2.49,159.86829946879473
33209431,4881,Woman #4881,https://lh3.googleusercontent.com/6enjxDM8-8VwhWISewvNPqxf6Cy0gs2pmq8LyQAdQPvmQGjHTiXCf3ro0v8Gizc7yCtoCKNpIPuPxZamA2_9xCqsQ3NCLWEe8b3waNI,world-of-women-nft,2.1,126.44173526302508
33194431,1407,Woman #1407,https://lh3.googleusercontent.com/xNcTTTR8U5828YCXEjOFS0Ma-z9Sia7nHQrFL6NoRR9-APAzUmpeYL7BSKJXIv3kVUW8EVxKuEifm5yNP5n6NMkcCJ2mV-XBzH6x,world-of-women-nft,1.78,171.39219462977675
33193952,1279,Woman #1279,https://lh3.googleusercontent.com/HMKj7zeF2T82tUO2y1WSBs-XFQWT2IP_vpZ82Q3sqWtEtasgGNXbXCzcZ2vLSFtHOEvAcpQuKOwSEMAXHgJYVnHWIW4RFcB8QdJ5,world-of-women-nft,1.22,200.8844247842828
33215552,6574,Woman #6574,https://lh3.googleusercontent.com/Q1lG4ZiihChaChsd4iozD3JpVhEvBCwTxREYtvyJY7N5A5R7uqg7ToAlbW6jJ_FsBjLlnJCACua-dz3Wpq30KLJ-DyvPqDLLPN0u0_E,world-of-women-nft,3.42,145.12332367278975
33207033,4411,Woman #4411,https://lh3.googleusercontent.com/5GD5GqWCSKI99T5q36II44oagd0UloAo-XfqvL2HKhz9hBQX37D_WIHBy8_LPFRPW11ZMbKNEY0NHx_lAJbrLqJd10u9i1lyFCI9,world-of-women-nft,1.4,164.542003009688
33202354,3327,Woman #3327,https://lh3.googleusercontent.com/RcSZWvGyUuWer2eQmiYVNsknwfnZpmL1rRlbO8_9f4zVVGJkIoI4d5SlXLriGNpTqf4rzdbqMFSz45SDiB23uHN19J1JLEhsUjT0Ew,world-of-women-nft,2.4,160.39037911743023
33198756,2415,Woman #2415,https://lh3.googleusercontent.com/QalQ_E9YgZYv1sMo3y3ej1ANbzMPPXrH-vBFVjhwresMZu1_8S4Ka-rY3gxKhBx6ESdO0kDgO50sAF2OGdtuwupBSMshPbP2brMk_bs,world-of-women-nft,2.1,179.56848453176107
33207038,4414,Woman #4414,https://lh3.googleusercontent.com/fsPJXzHWuAquXq7x5CCXzCP1IthuqwVIa9uHCdoX4pmrdbSmNBey5-t9hujJo-bYEsbhii0f-w-PuDVi8nl12qsQxunMI8wxutTrbw,world-of-women-nft,2.7,131.7712983572815
33197079,2058,Woman #2058,https://lh3.googleusercontent.com/_lwYtFdAsPGQ2d0lawepCrGU8zwQO0Zyk4LyyV4nh-8KSlcLueJzedVCPh5RufV2pVIZImzS5GUj9m8nOeob-bLmrExjteX8VOqizw,world-of-women-nft,1.4,183.29452586028154
33208000,4551,Woman #4551,https://lh3.googleusercontent.com/hK39BlS0K_ypvqcsVG2nFlBOXQfE-GeaGkSzJmyDWExi1W1PgjmIb7p1rQrJH3Mck1aRZhlYo2D0Mg7pFOPQMoTrX34lPU1LS0AQ,world-of-women-nft,2.025,211.60396987926674
33199240,2574,Woman #2574,https://lh3.googleusercontent.com/j5234PY4tadb1IqRMiR9RVZF10y2xZezOeb6IRgkRE9Vz2kVXfMd0qVaSPb5z9_Oo2aIom2RIAxxpgQSN7OchVP83AjqeceNHf9uzQ,world-of-women-nft,2.699,114.28824052810674
33127720,285,Woman #285,https://lh3.googleusercontent.com/5sru6Qd6LYrCqlea4P6nNslup_nK5fjNfeCUfLIdA_elvfWesZhSdCpec1g9xrhuowq3pK0owwBy-VnerEXPHcNtxBhAULrZ8ZJb5eM,world-of-women-nft,0.9,149.8657851855485
33208961,4801,Woman #4801,https://lh3.googleusercontent.com/CxdnhvEqAWUX2Gyi-EUiJImMTqQHmEvHZm1SxZhrFjrSn2WW87w2_kiv5_iZG6-7QB6FNa1agH5C8BdqpBqvxX2lG2dEs2CofoNC,world-of-women-nft,1.75,156.43645627159148
33197441,2181,Woman #2181,https://lh3.googleusercontent.com/MDdTj0Cx0bIiu834CLmTvY-fbODsxdSkvZFM6CAw8CAzzNAj_Px_1GhP4rv7n49B4cSsXmhO7oIVs-OWErqYZQW3m8BdRxVEvp5eKxI,world-of-women-nft,1.0,153.36895447993487
33205001,4022,Woman #4022,https://lh3.googleusercontent.com/g2BrNC0IajGsNs6lbQh0je-nY2DxXpyNDPtYf27gFNZWDO7NKTvERuQ9U-XVqc1w4GYF5BqgEJfWnAVkrIuDrLQvOD2DHVKLauW6,world-of-women-nft,3.45,187.32133691237865
33198762,2418,Woman #2418,https://lh3.googleusercontent.com/YOM9SM4c9Nsvzp2PMLw9VCEGXJTb7ZhuPV7oLBc1pSbsJyYMS_n1Bdfeek24mdHIU6nSKc5OrT3e-y6LfQlkXdUQjK0bsYX5is_7Svs,world-of-women-nft,3.19,149.0208478785139
33131803,941,Woman #941,https://lh3.googleusercontent.com/OGJRa824ogHEuS1u6HCfvwU2oy-diMrmjklku6cWne9b34I3tG_Y2ef74rWMX4KyU06Y36R0jGLpP8d57oifdjB57HEPNtLjK-lI,world-of-women-nft,1.949,131.77606915022062
33203083,3603,Woman #3603,https://lh3.googleusercontent.com/8Lr91gp9wONniJcCKjj34xdxayQxnAD4SVpC-FA3lzHNzVIKj3uBhpW1azKC6OxyIEQX1BkuZJUPwqQc68lln2REHjQYhn1pXZv9sw,world-of-women-nft,2.25,196.8425418830226
33208004,4561,Woman #4561,https://lh3.googleusercontent.com/JTgLsavDfxLK4ZqdFppVAAXUESETDh0p3_vcKDONe6zw2BIz12PeOPjykBXcTA5sanjBkFo2dXKaCaRjpkwVzx6HjdFegpI_ssJw,world-of-women-nft,1.94,186.21646703578057
33197205,2122,Woman #2122,https://lh3.googleusercontent.com/kTNPfzg4BPPHECJcqoEDCC2ciBlIbacV5S5o1ODeFar0BSoX-dvbqRJIewshESBRcG6wTbzBoFWNCo-dgsZobqOSAk-AVFM8164L,world-of-women-nft,2.4,184.20845284864387
33210527,5169,Woman #5169,https://lh3.googleusercontent.com/XfD4KN_YiY0iy6O4JLPU4yklUtUaoSZ4eI3MDwSvVZ6N_TOVm_QJq_RWGwP6FYVt4xruig7CdFKNfB3tkaTgrGOERxJ4RPTqIzgm,world-of-women-nft,1.78,231.18351915163146
33205608,4139,Woman #4139,https://lh3.googleusercontent.com/FP00Bp75lLP5HBA9XHbz1GYcTQ_339UjxSDtt1ljv9xNqlKFXOAMETq3nfsYC4aJBv0c0chXoVytJgSVNHqUO-0EX--ypMd2-KHf,world-of-women-nft,1.2,113.27508186976037
33192408,1263,Woman #1263,https://lh3.googleusercontent.com/z1n5UsP5q7Im-YnUunM5pb8-F5yzUprU9qp8U9n1jf5HDx8uHDvcjtHv3Vl6_kCRfIVTLe4dJN886Z528EK5RAZxHfgC-05MS1ZsPg,world-of-women-nft,1.74,182.0133139047589
33215090,6360,Woman #6360,https://lh3.googleusercontent.com/bYTNkHXE8bxE0upCoktbvGx3BDYBxNNq04hCJhf9J1dFyUOqhPu1oIxsTGHG_HQY5_3Eg5nTmRslZ5AYQ5i-ZJ5nc7cV76IiMR2h,world-of-women-nft,1.99,194.28656948347842
33203452,3652,Woman #3652,https://lh3.googleusercontent.com/0VKgZesE9_2xtEXl6daeP9Es-H1onjjLr6uUqQeUsAIYDxDZv9jL301dp_X2CrEhAYMBBOp13KyeleBPZJ26N9AqtXx3qBiZcnzwkQ,world-of-women-nft,1.88,173.75657571025954
33194572,1467,Woman #1467,https://lh3.googleusercontent.com/FTIYDoGMaLHIHVkd4f0pHTM7xK7B2C64FTY348pUbJ730HOiOBjuW-GtN18F5I9sOmHH6UV4U9alANsRtvUO5tvrVYuGANNXc7oTgvU,world-of-women-nft,4.5,253.01448241836675
33221574,9850,Woman #9850,https://lh3.googleusercontent.com/GgjfbYsbF8kqJOFowZG2Iqj5dbAqxlrnHjxZR8_2OmIYgpsMiE1KIRAEHvpvmtqkjiMstcr00f3TnvPfAqj_5T_tuDaojh14GQ4iGg,world-of-women-nft,1.9,166.8458233691338
33212814,5697,Woman #5697,https://lh3.googleusercontent.com/l4W9T9SjbjdtUfcdOdzkaqCeSN2h2yFR2vETXPS7xyrBy-K-AfjZqPx-FVng0RfVqcQPucNHExVI7O6K9BrPSwIYJPdzl77gQRya3w,world-of-women-nft,2.59,173.8855596083996
33208615,4728,Woman #4728,https://lh3.googleusercontent.com/mxxF7OBy3FgkNeT7Izjz85r0deaSWIuVfkz3v8XRq2qtOS-S0lH5PvYLNrTuAALvaf9COWOBO8lvuyaHcdx9_hNEbdGjgVLQu7tT,world-of-women-nft,1.5,181.16571695536283
33196857,1993,Woman #1993,https://lh3.googleusercontent.com/COhq2m_xAkZdDec2wqVvNo8b2OcRcRbktiXGHLX8UhJ66J-UZhVr-nMA5vrfwf0E6680kFxmrneSG2UyiUS8m_2SRvrVsVdxabNW,world-of-women-nft,2.24,160.0883158164177
33206817,4355,Woman #4355,https://lh3.googleusercontent.com/IjTkzgTQ61FZO2r99wuFHw1klzRG6Z-yAs0AjkYHgvaC9kaL6UM7SpK0U0xUWrfGfsfaE44i1XdrcyqwPjMv4Z6NB7_pibe0KrGX_jQ,world-of-women-nft,4.2,236.54495316868463
33219658,8927,Woman #8927,https://lh3.googleusercontent.com/PomByia66CRChZZLCZunm67T5wmvsBJVkPPWbd0hI5nrwHpa3t6WPryAwNRcZrLnfRYs5JPHphtPTMVK6YMUIHdNhNeafPXRJmsSYQ,world-of-women-nft,4.0,181.5747468113182
33194578,1459,Woman #1459,https://lh3.googleusercontent.com/QW-1Xm7Md9svhgzJz1DGb9JzV5T8rWLXXlWgQROuxyje6g0GPGy3J86siOcGJSp4-rlCxsP_4KdG7HSmVDdGPm-mV0kLciqU4Vha,world-of-women-nft,2.4,221.1079882130474
33202979,3544,Woman #3544,https://lh3.googleusercontent.com/UmD5Ic8l81q7QwLWmtaYvRTx5PK8eJP7TWfHbSMIOMWTBNCQgB2IkmplwZ7uvqvum2Zgdg-HZZFdgmRlDgska3MIfStsper6Tg41SA,world-of-women-nft,3.39,165.36764319147966
33208379,4661,Woman #4661,https://lh3.googleusercontent.com/RVPl8RVbFEUQiRi6DKUZmPz-WZR4MwMZ8MARJIPGPxPTwr-gcQDZZtrOSHpXOHXIgjYSDu6Is8hoP68JObfzLD-JYPs87iN_iArQRQ,world-of-women-nft,2.9,200.64701107863556
33200820,2892,Woman #2892,https://lh3.googleusercontent.com/f2gLPOlQjOjlarSKpLAxJhGv_YtCTaZJ-J1BMRzC7418T29iaM2GB9j7bBDtFFT8t4F3aoXeebP4R1JYnd-tyRK2faps8D3c1SqE9L0,world-of-women-nft,2.08,134.51813002575918
33210060,5021,Woman #5021,https://lh3.googleusercontent.com/n_iscCBM_Boa1zJRydhTXo54z5PLn7TL35aEl7zlLCXfldahsqz-lxdjbcaivzjI26kCq8wLobBPEMEj8lMaj4d9f9hmYFWMMOIwR-Q,world-of-women-nft,1.944,147.99444028922926
33199500,2672,Woman #2672,https://lh3.googleusercontent.com/K_kVLdBZ29Be79ifGhDR5RdBFdsUSDf4UJ-z14Vdvh5rALQXTgaZFW0WjPOKSdxSHHpeZypLgZcSbDAio5wTzQ2aqdHIUIQJp8oG1g,world-of-women-nft,2.6786,128.5756497348441
33207780,4529,Woman #4529,https://lh3.googleusercontent.com/eHJ2ue3VMKKF4cowdb2VyyzdVKDCV0ib_FBOeG2N-C1VOvGTSCgBhvV9L6WVWGqfr6lmZYjThGxtZrEkB0cq-KKSc7DxgAtJZbHfAA,world-of-women-nft,1.93,139.3636436832215
33202620,3426,Woman #3426,https://lh3.googleusercontent.com/RQyvk2TXlrMwS7O5auuA7V9ZvMG9gonsCvuLOfFiLSIBIpQ13lDktwIWFnc3UQCUSeCHUBeEKkqJX7X0XONQ19F23J1pclyjsdFxpA,world-of-women-nft,2.0,118.53966785472781
33211980,5467,Woman #5467,https://lh3.googleusercontent.com/1DAOFmg0LbC6eBf8JjZ8UqvwNFgZKnkEaN1j3hvwmBTmPTzpGup2KKNIcQdH69mLE2ggV--X34wbroVLOq4p5e1hhiNSCIvBxz1Y,world-of-women-nft,2.14,185.74703283759092
33209101,4829,Woman #4829,https://lh3.googleusercontent.com/wcxOABp5NOrJ3oHJLZAzAbYpfizx09bXKzBFNoiifv0_KXIrD8pvfiwPk6AF9hzLVOc9cPY6KLX3aDh-AnTT_kIf4OWGe3ebc8y4mQ,world-of-women-nft,2.041,165.63709404952638
33201062,2965,Woman #2965,https://lh3.googleusercontent.com/lKhzpxxoKmJ5MTFhlImgYb3Jj54F3MgF2bhAcoGO7uJ5OBxkbkX8SeT3KZ5ELWtzuAZ-3A6YCldXIjNR6qG-j38Wm-mwH9MFiJSz0w,world-of-women-nft,3.69,147.2248995124331
33195543,1639,Woman #1639,https://lh3.googleusercontent.com/7lfW9ZdisbEdUl4rXYfClcuoGS1-pthN3D-yO0heWNGgDr0l4IPWE5YjXeatZMSiv_YojPJOCxqtjA8PC0ROTMVvB6cJ2Fn9XiNZXw,world-of-women-nft,2.36,138.88542614555712
33209343,4850,Woman #4850,https://lh3.googleusercontent.com/t2hygzj7uzXmbS26j_NiXvcI-lN26WJ21c36waYzTE9zx83jlpuEzUmioBY3UUf_fs7dHO5zfzBqK60kKe1YJ3pxnKKr6pLajBj-vA,world-of-women-nft,1.4,149.11371793204327
33196623,1868,Woman #1868,https://lh3.googleusercontent.com/5SoNlMNCcDI7pPtUFKz79j2Q_N0UppM3om0RguHbHI6I6p07fGRGq2xXIszktAGkfJVlUqrzEbHr9amcxkYl9bUbrK21dbbbz5kt,world-of-women-nft,3.1,106.60345082290631
33201905,3176,Woman #3176,https://lh3.googleusercontent.com/3w3aSNPIUfcP_5F_KRiqpWAex8ULctd4yw6KGjfbXnL0b8hR63TFQGMwu5E9tkLN1MfHuBKAuKkUDZBkkUfoq6sPhgk_Rckgw0Ti,world-of-women-nft,2.32,129.1753066248177
33212465,5585,Woman #5585,https://lh3.googleusercontent.com/lZWzMsp0VsS2o3tV02PEe3_seMc41eYhtWBr1reEXa3_IKLILXTgbZB2n1Fkl-c9yUTvW32QOXvegQKaxNkGr1_TSrQ-nwGuRZWkdQ,world-of-women-nft,3.5,140.78589426185053
33198787,2425,Woman #2425,https://lh3.googleusercontent.com/88I3N_JtctKH-U3S1hwbTptWDaQFVru1SV-O8_FFVbMU7fWDJv5eaUyNT4vD8vJzpiCwG37m7sB_fYOYUMSm0ItpUckc5jbfpWusIzU,world-of-women-nft,2.15,203.50161424750087
33197827,2200,Woman #2200,https://lh3.googleusercontent.com/43k8OhbQPyF5vypHuMh5WzKQUbkNv0hMXsBb4qNWNbkQYfFbbR-bUn_psH_Af0LbxPyVkgrNI7aCwTdKf7vH_Gt_KenYBYvTfgZ9ow,world-of-women-nft,3.3999,105.15190297925993
33206827,4358,Woman #4358,https://lh3.googleusercontent.com/6gnvG5xYISByAJaSEcNRmftX4t82VtMsQwG-Plq19ARFm8FIsCWy_ShTA5xNePp4KU0mo7-wuSQQgexDVUgixyD2C678yxllof9HKQ,world-of-women-nft,2.55,160.2993271483864
33194348,1353,Woman #1353,https://lh3.googleusercontent.com/5gyR_wEaW5N281WKCNCwGCGstN6YIlNz9G3ua2aXK07jKvEgnTbRjTJT3FQhDSKDFMM3-2NSpc1Vtf50V7kZHfAbiYPpY3qyM-PMb8A,world-of-women-nft,2.8,203.4744100472584
33128948,737,Woman #737,https://lh3.googleusercontent.com/4AwbIT4B9I6Ii4N0rQglEjjtJCdwX0l94eXwI2U1-i0tuRI3rH-9SflaFPBhIEIq8fihl6PzjNkN1g5gEk_Ogokq4jVoWdZLOag3,world-of-women-nft,1.8,151.9523256833964
33194590,1466,Woman #1466,https://lh3.googleusercontent.com/qaUGRqirDPhj0XCuLprWtYmAO7zKhsI3jpOtE9AqbUc-f4-JWh0yfMccDaTDu-RReQXeJKgPUDnPXwKd43QWDCPJYgR2oAgqKKWKdA,world-of-women-nft,1.8,190.3397588525572
33209951,4999,Woman #4999,https://lh3.googleusercontent.com/eUmZUnVfeVTLNKShVQrp3HZSdOul8cpYMr3W52DXujzVMvjksxsxcRp5VjZJQdi1cy_NYSBy7OI9kkIGMtaw002XsPYd1AfQD2NB,world-of-women-nft,1.99,157.35578327309878
33214151,6030,Woman #6030,https://lh3.googleusercontent.com/pOI4Ezdg9JuagfvCNNdOu0S6YE7v8pjAV_GEpsngADDVjN9hFqOwo8znxgNRXgOes5tRAaqxioTF3lIfTTxfiQ6kWg2XFhNpqQ7S,world-of-women-nft,2.13,138.7956081058036
33197832,2202,Woman #2202,https://lh3.googleusercontent.com/NJp4TSUnrmzB_bGhxrm4bl-BE26hw9jDLyQzrzoKVCZo-epwtwk45xdrWjfd28WboOa1CZ0BY8Lm-Y93cpPWA1FwiukaQ5hkF8jhsw,world-of-women-nft,2.6,154.71368864246546
33129673,828,Woman #828,https://lh3.googleusercontent.com/dZgnTA9gUZ2vJRqU2htRWKn_nb8yE7g9YquHOBXp8WMdf0dUL1oS9Tiqi_8oTsmcvD_iMUg7rd3ZWlBilMDES4G4IIL4iP2RHSYW,world-of-women-nft,2.23,137.3267320975235
33215953,6742,Woman #6742,https://lh3.googleusercontent.com/VvzDGoKSfdsLaAgeT9_uxblU0pl09hb8wdS1sdxJlaJ-60pFfcQYov85H5Mi9c7nMV0u9rklOOdEI7BgVoS6wPA7grQZ1uXRwUB80Dg,world-of-women-nft,1.68,140.2522995157677
33127634,231,Woman #231,https://lh3.googleusercontent.com/6vkicckNhZgCZskDWDeWUwosITsctjxYwTSHlR1kYp3_Qswjb4uoCx5jRVS0457aX2d-qcffUbPTGJAXetoRVX8yZfGezZBtKGTL8g,world-of-women-nft,4.29,159.885002363863
33195434,1609,Woman #1609,https://lh3.googleusercontent.com/QOyDpPAEx5ZUd72xbp5VVx4tDEjgqL0vsLYxDuwltNS1x-siCl9PG-YrRosz5iiWm9mncfqcMp0pclrVsqeilnxsQQOCgxF2UWJh7g,world-of-women-nft,2.1,157.6633578932778
33214394,6122,Woman #6122,https://lh3.googleusercontent.com/DWCxPvb3FAEbwQAFRjpnIHhIifjDXOkfupF8vRHFAAIGxVm5VkbZGd9KjqZvi18j-LILGXuI-9Nf-clHRaVQTDhAkgoL--0aorBN,world-of-women-nft,1.989,176.19126736227517
33204914,3998,Woman #3998,https://lh3.googleusercontent.com/Iwkt73_r7NZ3tnDMLvZmr6eziWbftAkUpgOD6MXclmjxCwfUjyvvfkZ5toa1jXoe_KxalKdbFk5FAZoJYYUkoKpwfzIiH1Ltu2_6,world-of-women-nft,0.77,116.27658525738083
33211635,5372,Woman #5372,https://lh3.googleusercontent.com/PncrOojL5TwZlQ_JdEI63RnSFHlGo_5EUVL74RPWhVz8tbLYk0OU88zw4YiVc06QBUpfIU3FZ121oKUUti0wG38Y5bHfuqChJCv2tJw,world-of-women-nft,2.69,164.28737641486862
33198315,2317,Woman #2317,https://lh3.googleusercontent.com/-fQvXKJnV5w471BmOw9c87D2KFmuXikqpkYyXqz1aln2ekRObRXa-AMiI4HUAZJ1zt_RZVawjvxVbVO29dNi1-TgPnt4XKP28zPrcg,world-of-women-nft,2.49,148.08014323405197
33207317,4445,Woman #4445,https://lh3.googleusercontent.com/V01naOTmgtDZB82jRbVJWSRyPCaVKA9ydxhmRtYNBgTalxU-kMoJbjwb9qHAFZA1xoiRjrOvYsEWJweWxfxrX8-0Vlx9DjlUMFsaPA,world-of-women-nft,2.57,180.0537263932034
33212117,5503,Woman #5503,https://lh3.googleusercontent.com/zxZiCMKj5t0AH3D8AWbNF9hROMt4KukxeKsWrjHZa3oCSeFZTbXqR9z3dDd9wuNIfUBlN1fEbgkVM-B2v99F4AgsUTurUTI6ggI-L9I,world-of-women-nft,2.5,195.8856687422286
33208758,4738,Woman #4738,https://lh3.googleusercontent.com/I2BrYZWbonBUX4Qw49t8JYNw_UzYJhXHk_10WaCSgRhomP6U0FGhQiaoO0ZjpxFH9X-BPbqXm87pArEYImJkVyzOcm2nIFgRBjzTsQ,world-of-women-nft,3.28,180.85603438522728
33209598,4923,Woman #4923,https://lh3.googleusercontent.com/6em4gekIwDMjNm8EvNZNMZ9WNB8rQ8zL2Zo6GVvVYsNhXsu2LjH9f2tunohqyO-DTCu2-HuXg-qO_2Anv0WydUx-UetU_H8CU5SnEA,world-of-women-nft,1.97,116.51549653279457
33194358,1355,Woman #1355,https://lh3.googleusercontent.com/-xZrOO5uvnjo6AsoDle_sMfEuyoGPwQkixCiD09jgg6LsD42E-2p45eWsQpuJz42sMGnK17mD6YdwB6rgoRWVWEwzLuCpGtdwK5rsQ,world-of-women-nft,1.95,155.35212625966307
33220758,9471,Woman #9471,https://lh3.googleusercontent.com/bf0oXMYWiqbY2HnXW5Fz-eZa5HCPDQskfCnN32lWsArqEizl8ujlzsfXe8w50hSf1fsWgLB922wgZeFEHbs6GyOr_Q1_3EvrL8bWcw,world-of-women-nft,2.4,181.64657286013696
33213439,5847,Woman #5847,https://lh3.googleusercontent.com/V7S5HvpsJddmi1Fj4QH1b8aNnCCfjA15_aTAkO7CJajdNqSOfzuczVRIiQAzWCESVlsBmDzSo6aXGfO0AKGN7OuWGYPOpewOik9tjAE,world-of-women-nft,2.49,159.44251613253257
33209479,4888,Woman #4888,https://lh3.googleusercontent.com/4FinDu0E81IHZwa6g463Qsol0oSJT_QmEB5oxjvMY_BGefldTczHiOjGTaG6_rvhQYr7KxExIe2z3JDMC4KD-gxnPYo37oxVGsPlYg,world-of-women-nft,4.0,215.65400250634903
33205400,4101,Woman #4101,https://lh3.googleusercontent.com/QPvXxsN3kc5OHysuY8uS_ySaKCV7N5rcoA67ouLq9g7nB8R8tF8_Y-6XpcwxPxwL1RiTNzoeWHZ9V7ZYpGpJzu3yB1xY-8H7gifc2g,world-of-women-nft,2.35,176.55083878965692
33129441,816,Woman #816,https://lh3.googleusercontent.com/zwZBht52qvcbfkDoyjcKIa6IWLANHFvG1-Nd_CYURN_2TPHQvX-tCbOCZH1tIV9MsiZdNbsQtc6l-W-Ezk1WbSLWLYzaWrzSrBN013A,world-of-women-nft,4.5,136.8730192293931
33215362,6464,Woman #6464,https://lh3.googleusercontent.com/aFvvNOSsDnIi4PRmRP8lzo6fi3F4sE8ndpAmfm2TtnPfaoc7q-LPnzOacW8S_Z3y0PdCXu7bOvutC6PpLihu4Tc3ncuepZ6o7WrTAS8,world-of-women-nft,2.64,150.14187734018702
33128483,676,Woman #676,https://lh3.googleusercontent.com/QEim-_P3y4p7dhJFn6v0LD1kNnpuf5ndm-DOchfk3W3tX97RXumhKS805AWD-rZBPKT5L0xk7OiUKzkhPmxjyumnVTk6rHGshNjRqQ,world-of-women-nft,2.56,134.37046826783438
33219323,8726,Woman #8726,https://lh3.googleusercontent.com/92AHi2kQMnEhT5lrcEvroXlOVys4WqhEfNqqMnI0qILCo_mIn6F1pL4llYL-msMdCnS4NLQJTDZAsnuMj25gJcBrRhvBn59V0dkOsw,world-of-women-nft,2.65,149.96803386562365
33208283,4631,Woman #4631,https://lh3.googleusercontent.com/FAlZG_PNvRzOFGVYtEMBeGWWTJkDeCuNwsTJOgN-5xHi4fox4nIz6lk-aYRfDRhOdvNw0IDh3Drs2nSGI4muqV_xmnYPveiB23GJHg,world-of-women-nft,2.295,177.8675289901184
33202525,3398,Woman #3398,https://lh3.googleusercontent.com/9jPXREBA0AqulMuxNJHpmPlgOBt-ubF9OywVqFDoEbBMeA6SxtQvovnsGSKQ4Y-BEyqKMMXMn8D9tB5opQbCixvwbQ8sSnq_ACAztA,world-of-women-nft,3.2,251.19815936980257
33198445,2340,Woman #2340,https://lh3.googleusercontent.com/ocuAFEY5DmX0_V8ddhv9EYuQtU5ks4nmP-Y6FW2fzb2gfqKS-ZNjuW8DZLLBg1WdAvRfcyBvSl6nuJpVV2Ae23CNZpeyqXKgprscJQ,world-of-women-nft,2.0,120.58590135987338
33128966,747,Woman #747,https://lh3.googleusercontent.com/c0rZxEpIdvznxIoWoGV4-5-n8C-T-VShSGIm9a9K7OOeHKpZuxJXE6p3BG-3yMfalpblBGHr9zYil0lEIMV4Eh4wgdgCGIJB_ceR,world-of-women-nft,2.5,139.19347376617003
33196887,2005,Woman #2005,https://lh3.googleusercontent.com/vRq5wa3TeNIrPaD_tE9o0onf8XuiC0f_drqNvA84AXtNV6sLj9aScmXSnhxvrYL1MJTGIv0mQUrLk_NRaBj0948wtZeukcBPz26C,world-of-women-nft,1.65,168.14673220574687
33194487,1438,Woman #1438,https://lh3.googleusercontent.com/nzL3DmodxIvWgs28WOI6AC4Jfz3QU6dgh0fL2rbtHoee08RGMddjyIg3qE4NmBz-6xt0iEk9QreCpLSTv6aDkiExBYtIVj5V6sH0,world-of-women-nft,2.99,165.5133842692011
33216567,7187,Woman #7187,https://lh3.googleusercontent.com/MUKnXx_lQ8ALZKC-YFXj8gdyK3g0MzGSFeB0Dll53FV97usixss-0gNflDu4rsCLOPcpPrqBIJgpACYasieLP0ck6MM1T8apynCsXjY,world-of-women-nft,2.29,143.34849405132843
33194248,1324,Woman #1324,https://lh3.googleusercontent.com/F8d3VW5Rv7JjVWgVAsXzqfE3aHAtbj4Vy63Hy0Nwvi0lcSxuc4p5UtEyZ8NAnh9sxxsIjtsqJ8thg_4d7q-9J8oToWun7_crYTmU,world-of-women-nft,1.9494,129.55983963475762
33205048,4047,Woman #4047,https://lh3.googleusercontent.com/scdFjG8R4LIPnS4h4PfHOqDFXpkCoUpW-jUv9tYyH_JMn220xhijq0wVzMbFfidD6NyqoO7Pqf8nUZ2G5RH4blRlqzz9LJ4-WmB8yQ,world-of-women-nft,2.0249,146.01231508275305
33210570,5187,Woman #5187,https://lh3.googleusercontent.com/v9u-7jzQ2aFwAtLPue-DmFvWGeVKFRQRhpOgyTXmF25kyWJJCfeCC3OVx5vrQwK3rzRXyHfUqg4ykh992I6NPlGjIQpkmA31gInXpKM,world-of-women-nft,1.8612,121.91553843331484
33200250,2741,Woman #2741,https://lh3.googleusercontent.com/lDeR9rsFiCAVY9EJYJ0S_nwLpSzF1WMb4_IJEmqM68UEgZ1Wf7qYZ-2mzf22BlwaGBf1baOmRdUWBRetk3BfUVJrUYWqlXhBn8jn4L4,world-of-women-nft,2.469,174.8336559089691
33128490,644,Woman #644,https://lh3.googleusercontent.com/cvYCsHsDXDnl8Jqf9d79M65WuWOjCPGxeFM_F5jsz8vrGWCGu3JygEfMwXs_RKAvXlu-P0q_Jg3M-os3Mu-DgDEt7XB_yoaECaJQLZ0,world-of-women-nft,2.88,128.99756262486125
33195210,1581,Woman #1581,https://lh3.googleusercontent.com/A4vvkbDOK9V2HJFhic5DSAO7rWAAA79cZq7EWMTK5z8o3aoUsd90uLqlvFW06n33XFDxmoktyGYtq2M9eSed1lRZczno9p1vCXfPvw,world-of-women-nft,1.66,170.10010451969262
33198811,2437,Woman #2437,https://lh3.googleusercontent.com/_8VCuIqUQgVpfHIPghph1gMSn5RXtFMfkdCtL3EhtaqoeBAJhNWH4EnmdVK-Z-mcNyWapPuZNykItAWgdLiJyiAhys8C7oVzGhWXiQ,world-of-women-nft,1.88,223.99409391568292
33216211,6879,Woman #6879,https://lh3.googleusercontent.com/akbX6l9v_Rw_2IINP-j5jHOBzENXGfe4myRykaXuEONzzJlituoHNPbFwdNLCzz7J4paEhq8TvXXJd8pwm1PZ1K-Oa78bnujsVHUCJ0,world-of-women-nft,2.67,227.5824662668271
33199412,2648,Woman #2648,https://lh3.googleusercontent.com/Th7XwbakMF-v9oZdRyv7395puu2GW1CxbOh9BcEMNRei3X3uAiDaBFsLChdTHIsn_TQj9orfzZw5xHBsSWsxpmOqChXe6Xz-HWDTgg,world-of-women-nft,2.95,173.86273151316402
33201332,3039,Woman #3039,https://lh3.googleusercontent.com/VmN5Lwoub1Ic4-4uNbkzchyW8TQBwQaga3GY9L08bTF-V0_3KaZnd1eijhLA7vHIet_SjaSlmMxNUrUo2drE4kOhKpj2OBeNe4lv,world-of-women-nft,2.45,174.89409549727642
33198573,2363,Woman #2363,https://lh3.googleusercontent.com/lDKQKQMmjE-0upvqTbWeJTN0A_i7MrTloPr7rjbdrBJSV3qllc89jCLYdvXcjcKw7gOJTvtMH1WEtte_X6K5Dpf0ELg4moIX-vjd,world-of-women-nft,1.45,152.84976308174524
33132933,972,Woman #972,https://lh3.googleusercontent.com/UiVacvmtY_cWnALxqyM5LO63g2yFNg1nb7MlOoXYW_mFHE4zN9EujNzyJIE2V5WcglIxFVCcmwELXVeCGPpNWuuVjwau7VjdNUvmnA,world-of-women-nft,2.49,180.99398092571758
33220534,9314,Woman #9314,https://lh3.googleusercontent.com/EOr8Jegvsht8vkCD78jcspVZY4yj-wzFH0n-ojrhTgMSWrEWToQtyIb8srLquh2c3lB-jfR89-NJXuD1panQOd4CeSWK1ERW0yJe,world-of-women-nft,2.94,151.9974078855961
33207814,4533,Woman #4533,https://lh3.googleusercontent.com/Nh-Ic2VEGQDAy1qSUhkzAgJiSG0pS7Di0JA8FOGhITp491GPtOdLBmsiCSly2P74WeZ5H9-L3UhAfITsZxcf_Gqyme3dPTpSPJOADEY,world-of-women-nft,3.9,273.1196802723762
33215374,6468,Woman #6468,https://lh3.googleusercontent.com/cgNYNa90_QAigApPlfZzhFL4dmxHaQMg8s6V_lwbBzeak5CtJ5zBgrrZQu8fG1u768W69yWGAbEKVTXFXwAsNHaQeVLOZrEi1CJ4lw,world-of-women-nft,2.2,171.03043296306103
33209974,5002,Woman #5002,https://lh3.googleusercontent.com/5i0WFJ6sRjsp4ELtkcradcclUrNlFxrqK0Rd242QyB7iWZgebIurJ4kzFpBUfLCwxDip61QQHUE5bl0f8_hGDNthmH8mf2rHnPbM,world-of-women-nft,1.69,185.8352724707773
33210576,5215,Woman #5215,https://lh3.googleusercontent.com/5HUUDHK9yVPNIo3zNx48eZuUHHAuZB0SBCS9y2Cr7rZIIzcI79OXjJ5TyAK9EgHqjGnxJDUaLF_1txmX-8xqpp7HtzwBho_R5Xut,world-of-women-nft,2.01,162.12184058930427
33202656,3443,Woman #3443,https://lh3.googleusercontent.com/rV8_LPMrxvwZrqJ1tEueB0k8vRRlDC-DGFtu9mcVqQt6_ucxFDp6wTMPkPVXbFBsv-KeD1EIAAPVgfIBHh9yAKHNjnBMDuEbrCx-,world-of-women-nft,2.0,127.89567380514262
33203496,3663,Woman #3663,https://lh3.googleusercontent.com/vkTs2Qn39D4508hppVSYIrdO59zIciVTpOZlessVIAVaB7wXbJw1KrIwX-QeKybeaTdefnp7R99gwox1MNk4XjTS-n2x_6H9bE8W0Q,world-of-women-nft,2.94,196.26196229764747
33213456,5854,Woman #5854,https://lh3.googleusercontent.com/CD927A2ll3qwthmka0eViwjFnkXMa-28dV1IUBFpjJR-gXpNJoV3djoLQP_UqdBKYgNu-8559rK9YJ1GEpIx_mmH5L7389eckwLd8Q,world-of-women-nft,1.9699,182.9818558796651
33192698,1266,Woman #1266,https://lh3.googleusercontent.com/j9Es5iNGUTFJDmkRGzy-42NkccbCV-QGDNTA-FrKGAI2TuWF3h8XP6VsLUiXO4E6Dbs4u5VkUHBlLCcwfkY4lXSPMcQhMvai3pMM0A,world-of-women-nft,3.0,162.8409698255062
33194378,1372,Woman #1372,https://lh3.googleusercontent.com/nX7JCm992_geHPbQ2-Xx0KemCOmSnpItnslz0BZblNbOw-6i4z0O57oWHDqYgcZ1VdzWktzGuid16Iqn11AQ8IFy3jdiNwKJzKylGEE,world-of-women-nft,3.2,163.10256458966703
33194739,1505,Woman #1505,https://lh3.googleusercontent.com/GxldSpIX7GWtK6abmprEx2b7AluEk5epEJU6rjhW4YdPvkAJXr6VLOJ6KyLrgZpU1HJKcErz3O2pskzZBBvhk3EymHnnsJDEQTNUWQ,world-of-women-nft,2.37,128.6616674133972
33163179,1154,Woman #1154,https://lh3.googleusercontent.com/9MEwD4iWiioLoZgM4NC7O3WEmaY6FhnqIWFZYGOPMDzkA8Z_2im7Skv4D4Ogf3c2sJJlwybz7tQWMOiQKgHxUaFQhM_-jfOSytIcivA,world-of-women-nft,2.49,183.01289041297375
33128379,603,Woman #603,https://lh3.googleusercontent.com/Q4No6j7Ng-yQfxiAD5EoPZn7mljwsqStCXN80ndSIDpX-qt5AxVzLyackHLrbxuzaMGaMJdZffMdjDu9EH5hpEAAaNWP3ju3RxXzng,world-of-women-nft,2.12,178.0461156448364
33197981,2227,Woman #2227,https://lh3.googleusercontent.com/AueJJEJLAoDLRzmRFbkq9P1iX3ApEpetxJjmPYvWzOYCebiFxZn3ltg7wqdpagfJ4TEgKmlK4wMya6QudpswliccbHGrf69U3-qmQg,world-of-women-nft,3.65,231.14120205029738
33127902,369,Woman #369,https://lh3.googleusercontent.com/LqB_jTL7z0WozB6OihMLs6u_2rWhhuc4itNp5dSrJ1v8dhRxQVAduO_bGH7o-sAH035DTO2gyVHqBAXEZEh1lv5hE4aJUH-moNUJTA,world-of-women-nft,2.47,173.8141486943903
33196542,1842,Woman #1842,https://lh3.googleusercontent.com/xuHtKAHBwJXdy5FuGnAToyB2y2UBSzGas19rKmI1HBnOc46AvCwalGdy7RoXOlKj5_dfGEtLepVd_BswSMYFbdhydJmZLQd0xbuQzg,world-of-women-nft,1.86,174.5621587674218
33210583,5193,Woman #5193,https://lh3.googleusercontent.com/Ylwmfl157VX64V58hVIdaAxLbmGOHnIpJnU6am1PuqOAwoSD3zxirO_PoTmdfqwE5EXcQG_7pKvvyafALrWtuSwVRV258Nk66aP7VN0,world-of-women-nft,2.75,240.83117816185666
33219465,8820,Woman #8820,https://lh3.googleusercontent.com/CMoAHI6FfBrRPR3CerioFd3ptWxP3B5FtlZJ0EcpN92e-ZpFIuFFGRONK7KyOBIEZbsqE9iIqCHwSp0_0mIYP2kS5_wc1sqEZNL_vw,world-of-women-nft,1.8,195.227085557039
33196425,1783,Woman #1783,https://lh3.googleusercontent.com/B-DABJLF7ZTv0xnKTy21mwbT12FIWViEtaCz7_EKN3adnOaXvefyebQYayVyY7uenkr1N3X3FH-LS4vNtg-jy9OC72-XNRd4LQnIHg,world-of-women-nft,1.88,153.0014355897431
33212745,5659,Woman #5659,https://lh3.googleusercontent.com/F24U8FUmWE2xq7dh_TD6DWUhzhROevxCRsdtp1rrkshQAdgohXOhwgSB9W6EZ9eHkaq-doiZDH9c_0rpRNMvYPZCuJV_TJ19G2EJ,world-of-women-nft,3.0,143.80315867035137
33206746,4340,Woman #4340,https://lh3.googleusercontent.com/H_OOjo9_g1s8X69gm1tAxT2FuQ7amxeDSIcDb19MGXZKwW6WOyNlSBHUGxknG0IrJwQh0UJJDxn8GkYow4pfCXbsQr0G5RAuBThyuQ,world-of-women-nft,2.1,132.52254512644834
33207826,4539,Woman #4539,https://lh3.googleusercontent.com/AE0X_JsBh0UZ2pTuUsD4FL6v9gH3rbKhomz9XB6uYnoBFTR4QllFKKclBnoto0JTer-698_F2RwHKyCR6-pwPvMJCl5k9bsLDP5Q5zw,world-of-women-nft,2.7550970340110865,158.54086701357124
33194146,1303,Woman #1303,https://lh3.googleusercontent.com/GcEehC55Z9to3kjZTZTExKm15XyewuebKtCrdW39Jf2Mge1ZWtDipRkbWilnnCzacfYQnEfzaOCCz7sGp5oUbN1q6uczVMG6JQdNBQ,world-of-women-nft,1.7,169.6825466531582
33208306,4643,Woman #4643,https://lh3.googleusercontent.com/xUpZ0DcO-s3iEyVzpUoyByd-9rKCcmxSOizR8F1VDRRt6AH5-C1jcE5_ie5trYZGJxJKCX4wW4UD1nAzReRwZpdgUGOwybbsGqM8nQ,world-of-women-nft,1.96,138.6867421939342
33128266,527,Woman #527,https://lh3.googleusercontent.com/aML1aLDgUvj9AEwBlo9XPUCJNCvlwhraIZEG53VO-SxMnKlEwu4_baqEKY-Z-FzLnKxTofuAWeiXmdkOq-MQFmB6zuAbz8f6BPRY,world-of-women-nft,6.8,217.5321358530291
33196788,1932,Woman #1932,https://lh3.googleusercontent.com/dQ6AZgRZKbxtyGb6KL53LaUUTQFgN61W2u9XiY1VaY-35t7SgT8pLzzObGI81h3BttnEDzlnISaiU15tFqzsQW3EOx2IaCNo7QszLA,world-of-women-nft,2.1,155.4079914771922
33192228,1261,Woman #1261,https://lh3.googleusercontent.com/epMOI5qeiDSxgX4m7nEb5SyghSW4kCtwdWuLBMSm8n52NWn5LRqh5yK2UcTgRNSYWOAerLW4xI1hbkUXjzHZTIeTIybllCSeoNmiS3s,world-of-women-nft,3.0,194.9658205781667
33196548,1850,Woman #1850,https://lh3.googleusercontent.com/r5wi0Kf7Cy0BIC_P5kQKjvNt9a_zyywXnnXlsSlnEfMxYkGnaUeBB5Fg21-YWJlmYVszNloyGFlnudp4MUmh2GPlBig9cNlDwKL9GHQ,world-of-women-nft,2.2,212.51613338406827
33212748,5661,Woman #5661,https://lh3.googleusercontent.com/SwVM75afokgLDOzKHBGSUNWZpQLKF2BBkRCapLpZ2ZG0r2I4mFgPjl8G2l8XeYOEUSLq0R-s3eznGLilq6uHqmIjvKjQrtJXoDi1,world-of-women-nft,1.95,191.58134525464342
33209868,4979,Woman #4979,https://lh3.googleusercontent.com/A1m1EDMt2WJGo0IiNgk9VIs4kPDoLd_kQcoIc7GWr8llDi438wnXUWlOxTpnwR54ptylt-4AogZBVOOprUQEMheypp4wfLpVm54pow,world-of-women-nft,2.49,127.69689733744313
33215029,6339,Woman #6339,https://lh3.googleusercontent.com/RelJbvLcMLGYKaviKZbTQ8agOuRZHDXcrBWv9biWdmBb_gl0J75I00UhKmDxv314UMabDDgG73GmbEhIjs4DTVy2OEkZd5QkUqpTmQ,world-of-women-nft,3.5,205.51614822823294
33205309,4091,Woman #4091,https://lh3.googleusercontent.com/0R6uTNNyDNXYb8YDT6F4R9Z69NtecBq7wTFHcrjLMy_SdDkle7BD9iNYJytachrk4eiImYyBvcTBibZwFXExD7WGUjoEicDoT9WB,world-of-women-nft,5.0,147.82927159192286
33210589,5197,Woman #5197,https://lh3.googleusercontent.com/TvE59XJyrm0MR0h6P3gI73CWuxUNClLXq05aeTzoKUlfgw_IAFNwUVbpOCa4wDR6Jta0DvbrYUk4u-TvxMIcDyjNLTwNSmc4Q_AawQ,world-of-women-nft,3.0,209.97288071831392
33210469,5144,Woman #5144,https://lh3.googleusercontent.com/xrmqHJFTTgp6Vl6jqgFTG22cWbd_QalPjYiyaUcfwicmkpT6IBH_k3PpHp4ckvm13xnASxldCWHMPyQkSpGd50jvPsUfvvqlz6XlMA,world-of-women-nft,1.69,126.13903100555956
33204950,4004,Woman #4004,https://lh3.googleusercontent.com/u6-Jrxa2Po33b4JzhTqDe78YnwYg8QNYxvG77pLsQF4RxOOPCiMIQmlMYa5gnWJEzdrWlzut9FV0ayezVScj568HMtO1Nn7Jp2yEZA,world-of-women-nft,2.25,161.7799869482837
33215150,6379,Woman #6379,https://lh3.googleusercontent.com/TunX5svkDVWQH5f438m9OGXpJtN2GumtfSIiD6WyQ1UFmVrY0cFYgHzGvG5Aw033tm4JjVeYlLwlajSZ_9eg-BD03nL56O-oQLLKXQ,world-of-women-nft,1.666,129.13014958537383
33220671,9381,Woman #9381,https://lh3.googleusercontent.com/jHofQhoddC-hTBROHDSEGQco-rJDpCdBXNGWrnFcH1QGriPYPPCbo1-tEBII4-VnbzbCu1U1ur-74J8h_dMR7NnJbd7duAxLvdmk,world-of-women-nft,2.899,170.20102389911477
33209871,4981,Woman #4981,https://lh3.googleusercontent.com/Eik_E33HXSq17j1LM-KuisEd5X13eid_iJHPlcxjI1Nn8mUVlQC4OaxIFbmlcBwo-Qm9BKRZ9Tbmnh8nsGVgtZTTO0c4dTD0qUInXQ,world-of-women-nft,3.25,167.8749048670869
33127792,307,Woman #307,https://lh3.googleusercontent.com/9UCRH_eET5pDOLSxUdno8wAaZ3xDdJdI3rv7kAnrRktFOHSKe0T7Eel-1uGlL3xfZRJZ84j1dfnYT21bHiF4cnpU4z0EAXkSLtpA,world-of-women-nft,2.088,186.34252894609816
33127913,384,Woman #384,https://lh3.googleusercontent.com/uF0OQ5-lIxguTrOsAE-w5JHTU0OxeBOF2--AXLoUo78T63Jpyk6YsuMhD3ezCxyMtDKipgMsa33H73F7TjC3MsRKXGiXz48LU7ogRvM,world-of-women-nft,2.3,112.90710148604738
33206633,4302,Woman #4302,https://lh3.googleusercontent.com/tNL04U1KBvZz1K8lMqXn123sualb0TOwmneK2fRXLV2zJ992bZEt7lTC-8xELbPZqV_5vIuClf0V_9fbtiBiEc0BOrGzr2mrZvzP,world-of-women-nft,1.21,172.45901505893426
33212753,5665,Woman #5665,https://lh3.googleusercontent.com/Xl4WSI14s7MgeRPawBUPZ5v_j_HkE54tjiZhAYk_4IMgtC6wn6BvxlSOpgp0MrLAbTjUeeUVh-9TlN-YXC03dmtmJ9J6qkhyeoDwDuc,world-of-women-nft,2.38,192.2954559324258
33219117,8639,Woman #8639,https://lh3.googleusercontent.com/keDrAifkPsDSi9P7ib6C_Iy_rDAXNG47watJkLTDue7Fk4UEFbHWo6RSrE5hIERmmBVBVQwDx4_ruF7XavjlCQShX8tnSSfgqGH1yA,world-of-women-nft,2.5236,237.75281036013632
33201117,2977,Woman #2977,https://lh3.googleusercontent.com/DVzckrT7AQ-XFC4y1UKDh-9P1XRbXc33T3qlbIQ6FoG1y1raMh-zlRkLOaL1qMlyQc4eQZUcRAHem_sYuzhdDCrIa_1a1ESDSIuWQmc,world-of-women-nft,6.0,245.4954453560077
33201478,3068,Woman #3068,https://lh3.googleusercontent.com/sTEDGQYLFU5Jt97kU_d4fvMjlPg_lseJCAAR7XQNNpOpxBbJpDHVTioLkPjmQhZDYNWya4qT-WjRBDQ6ND-FhCPiqzR2EeRoHXm0vw,world-of-women-nft,1.385,141.27647471851134
33217438,7854,Woman #7854,https://lh3.googleusercontent.com/aSRzOoTsk71QTWLBtRzvsmdwuyX90qtnf4eNizEHC4r2-Vz_yUPaqN-N_upcrv-i3v6WhVvWGidW8Rh4bK80LhASMux7l41qs0JdIA,world-of-women-nft,3.1,202.03191426993726
33210838,5254,Woman #5254,https://lh3.googleusercontent.com/VJLRMQL60uDpAYGsNZgEg1z6bC2xtqLR_wgNBVz0xrS3dLV2BjNVJucxr62e7G6DA4Am9minphKtj_OEKs9crRVGJ9q3s9OW9_GZ,world-of-women-nft,3.99,225.31123999542908
33212518,5606,Woman #5606,https://lh3.googleusercontent.com/JtZBJKC0JsCtvx_NBG42EFlO20LxtPs5YNC32ztghj2fMFgO5xeVe6ww1d6vsdI4nF3XQVdlZhmFdQ5XN2qE22qGO18sZqQNYQW71g,world-of-women-nft,2.99,141.54699232571446
33215039,6347,Woman #6347,https://lh3.googleusercontent.com/f_3Jx4lQQdrBbXru6COa-UhLzYWlcnCaqovTZIGTaw5LuwVuEOywt5Aue9q14kBXPxITi_ODGGXOi5ecLllmhlx5cG6WvXD6zI6IVzI,world-of-women-nft,3.35,214.40116651832295
