id,token_id,nft_name,image_url,slug,last_sale_total_price,rarity,predicted_price
33219720,8957,Woman #8957,https://lh3.googleusercontent.com/duEMe1Vt_RDl7tPigR5fhzHnJbSlxGLZXH0pg8NFkQZ3iuCHuxMrn-BYl-0p8Qse-NjkyRTwguRfq9nEjSfJsUs_Mj6XqDdywmiXVQ,world-of-women-nft,1.67,83992.74310625783,1.840980993068799
33208320,4653,Woman #4653,https://lh3.googleusercontent.com/NAx3RL9PI36ed88EYFTbG19cF8kKCPO3cbx8VOoOHk0mo5jEJnxgzkiTfZ-ptM1wlDVXZ1NxfeWwOboaJ_b1a2gRl0pK6hNADmNMyA,world-of-women-nft,2.55,163715.51142625324,2.235977583620089
33199320,2586,Woman #2586,https://lh3.googleusercontent.com/wr6k3QZhPxRQ9qFEeu0ytp_uEEJSz7wAcVpMK6QMod4sIorikdtlmxm6gOXeYFp3r2a7H12xxGROoJy31CXjHJHzyImvwQR6S4BW,world-of-women-nft,2.179,119523.2044671568,2.017021180759439
33208321,4654,Woman #4654,https://lh3.googleusercontent.com/ooCZpJCjv0q3VVML2laa4zQ7rMQPhJ4ewejkvUJVRRzIIEnOBz186_6UpS4AmWz04nhWABBEdpXa-ihd8qWuwAh8NSeQslreEel5XQ,world-of-women-nft,4.27,550061.5480802165,4.150178137203271
33202921,3536,Woman #3536,https://lh3.googleusercontent.com/g3MTpYekciet7mdQTX6jDD91mIBVMmabhEbYOiJo2pWcCRFhrrzMOhOn8W2F1WGF5JxSuHtUOqW4Ol8E1u0gOSdXNEhxRImRQXm4,world-of-women-nft,2.8,236333.61727798023,2.5957732207784954
33198242,2285,Woman #2285,https://lh3.googleusercontent.com/tDW06yvBA2BhaC656NcIJLwHXswYk6ZLY_0W6nM9kU1PhPiU71Tvegj-Owww4WlGVDQqZe-Q3DB48UMeNz6Bwo5NjIrCm_crwvYvFM0,world-of-women-nft,1.69,86012.29719826818,1.8509871305573529
33128522,667,Woman #667,https://lh3.googleusercontent.com/MITbsdAUfH_pDvwGOykKVykMJuNY9eo3px2TC53KuKV_eR1qvzFiw3B9q04itpqvJ-Z-htSRtpy1iQBPwI05LayXa8b-1KDpuovEiA,world-of-women-nft,1.6,64414.43714793753,1.7439777872685949
33207364,4457,Woman #4457,https://lh3.googleusercontent.com/yHRNGivZnxMeE9iaJfKB2LATsD52cTEJNBOgmlzf3Kg9NnS5AR9xjHiJjSztZaAkbleOMZllJ9jhB3YddAzfpZMqrWLFjSXfQXnP9A,world-of-women-nft,2.3,133085.9518681819,2.084219536948102
33209764,4972,Woman #4972,https://lh3.googleusercontent.com/cQotMCPLQo4pEN9GtkRE5qFkhOfH3zUwGcJZoJA-3QO8e5nOF2r5__dr9oj4caELTUToUMdcw4UTPrVz4xldceBWBayB0FhT0Zz-QA,world-of-women-nft,1.5,56620.37955910888,1.7053611381102194
33210125,5048,Woman #5048,https://lh3.googleusercontent.com/hSDzMvT5Ew9jwyuRmDaoC_rXREWxNYzktSEKNgBzjRj7o2ioRN3bwSAA6gQGqyTRNuNVc7Fd_rgvoRBDNrZMOrXw4PNwo9L9_b6lIJM,world-of-women-nft,3.5,308883.9116402945,2.9552328772919414
33211685,5394,Woman #5394,https://lh3.googleusercontent.com/QEoNQ8wbVWeThC3S4UdgJuSMKQupPZ7OD2JZkxtpUU194WBuvgQ8T20Mqu5Nt3EjL7vTqFdy-X2gTZUpp779wke98TrvWOVUh5Y03A,world-of-women-nft,2.1,111093.93225302023,1.975257279987098
33194886,1545,Woman #1545,https://lh3.googleusercontent.com/FWj4aBRoqw8xlhnY0PWTZ5X2Jp-r4SSonK0SYBGLnaaEUUl-d2q3JOVkB6cBAMgd_lz7SFK7ffW2X38eHZmcc2j4ZLTZdN1j4OfP7A,world-of-women-nft,2.65,247127.03009523472,2.649250556714895
33207726,4503,Woman #4503,https://lh3.googleusercontent.com/TqKNIypRJ21Ybdzh0lWnlgNohl8MJ7_VIe6dMT_RFlGHhNVq1V1zcx7tMOuU0cL3mRXj64pY_J0moS4BD4bexTnk9tJ6qze0Jke378o,world-of-women-nft,2.492,218086.9077551516,2.5053675787996865
33208927,4786,Woman #4786,https://lh3.googleusercontent.com/lQ7-LoBEcBmpo9XYgbqWCK3IPsnj_QkzJwUGwpMEXJI76h2u_4II7k0Ct8AxxaCb3cRBfhQT-Uq5koj3Nwg6aHh0FirYRTEu-COwzQ,world-of-women-nft,3.0,226237.89261756744,2.5457526695101143
33208447,4680,Woman #4680,https://lh3.googleusercontent.com/Wo94tyzC2qkOlVieVAmeEsN378nYaAkyLjoEqPI6LQ2sYz7_HWXG_kfGtBUxtgQuedD0ie1iIryPiw6RK4PWbg9tKcLQVMlF-I89ztQ,world-of-women-nft,1.9,90740.39905258337,1.8744131122635768
33209647,4936,Woman #4936,https://lh3.googleusercontent.com/AC4wQcjNW_DIgaOZoymzSLZisdLwoCAsk6qplIoTnpsUPlTVzzpbA81-089gkCfcvKpMBHQC6dlvuSFIR5JI91SVksAHNSEFyqTvug,world-of-women-nft,2.5,219788.50681361783,2.5137983676539024
33214327,6086,Woman #6086,https://lh3.googleusercontent.com/_ib3HnTEsu1576bmlHcTkf_XdUMnf7TuFt3iHYbRjrwjgmPrHwO6wGTW5SVV9GNnpSocUeilEZ0pFyWNimSUdPRnIp-qiEgXFRfDKZk,world-of-women-nft,0.95,22687.71749154086,1.5372374501416879
33218648,8520,Woman #8520,https://lh3.googleusercontent.com/n6g9hifKW4u0gGvskIvoEMy3M3xWtf9vd9avaEK7L2SpaZ2_BP5kBavPIemN4l9u-sPqjaGo3dh1H-OeYOZ-kj_zs4uUuWqr7zqEUA,world-of-women-nft,3.15,398997.6130466488,3.4017126667869
33197169,2084,Woman #2084,https://lh3.googleusercontent.com/yN9jf7nNjjICZTQA1cHvamZz5n0Z102ii-VGZrHI0_3L0Aoj9lwbGU-09HH6EYMDZ02cwYjZjR0GPWIj18nKYbDuht8k-0xbyr_HUcA,world-of-women-nft,2.499,188165.81399217143,2.3571197159745525
33198969,2486,Woman #2486,https://lh3.googleusercontent.com/XwOq6D-D8KLpXJnAt9ZopJppR6i1sR1nQf1dVOcrQaywLlD5vdD7GDAIPPwV6BhY1amqDKrLzrn75wWxKWyY7-vmXVAs705evNc7jw,world-of-women-nft,3.65,401728.1434821317,3.41524142695342
33198129,2246,Woman #2246,https://lh3.googleusercontent.com/2haEmQzHLwCJpLRaYsg8VB6cggymMN7uXXfudK_3i8ddnGu3WAQ0iaK4LVnyUyxES_9-bBTH-PfToOzv5TPa8cVehyC-idb2wDMkWLU,world-of-women-nft,2.4,144862.6803952335,2.142568835574587
33202449,3361,Woman #3361,https://lh3.googleusercontent.com/tX7YXwH4q8NxwthGzUdWZ3zXGzjC5PRd4fRk35kfWYlNOVZZYHDtkRO6RBmbQpesDI5geDWNiG_wjztyZDT-ezmMtWV5sJ-13VS2GX8,world-of-women-nft,1.97,136411.718266694,2.100697469363964
33194891,1556,Woman #1556,https://lh3.googleusercontent.com/uzVDbhPUqM39WKwkn4C2GioI-w_uyi43VpiOCWiAzPUqUAfFptmMckEwHM2JQKd1bvHK0rw05MEUbbr8yjGnwNRdac64tUmkoBxJhg,world-of-women-nft,2.45,211105.58614413388,2.4707777333639953
33209771,4952,Woman #4952,https://lh3.googleusercontent.com/h9p5KsZLCt2SCVHBdtiWhof31r0NljiRanO89XIW9fLhWmVpewOyJ7Vc5bVc19bTzN-X71LRl-fFVURHEXqtd_oqFY3z5EPf2qff,world-of-women-nft,1.98,98631.0720741919,1.9135084548660823
33205092,4070,Woman #4070,https://lh3.googleusercontent.com/lMWr8Bwr_TG3AnSMu3ZTe1VvnmKcTnJZ5-ACm3NAl-w5LWU-Y2v_rHgrRFm3RWr_O4d7sBhgME2CP9ilXrt1lZmsupaXaqSeIerq9w,world-of-women-nft,2.09,131770.0657711176,2.0776998119956525
33205093,4062,Woman #4062,https://lh3.googleusercontent.com/3od4a0SnI7WAn2IXaMH0xrO95oXhQs9lt9MHjyvrKGa1x5F1q2G6RJPrhcsPpSCh1Vmkn1abJhNDXQssZDySOSqHOulQkwezM984O6A,world-of-women-nft,1.7,101571.38832360202,1.928076625517129
33198133,2251,Woman #2251,https://lh3.googleusercontent.com/zqgqyDSBvZyGUeTe-Xzapt6DyvljeyGJFInXSMCfMiLaPulFf1Tn8mLWUuw677gk_g8EbWrjCP1LbcSpk55KPKWBr-SgHNuzc8NhQBI,world-of-women-nft,1.8,113990.12322868242,1.9896068263598503
33208095,4589,Woman #4589,https://lh3.googleusercontent.com/wB4cXnYQ67e8_Or-BdAwp5e5HFxRYrkKfAQvWzT6khIoPDAiEL-cCVUWDBbyKLREd0SmAdl4AYJJTnzDwX5kJFvVXfQHuQzdzCoC,world-of-women-nft,1.099,30364.92651780094,1.5752751582422198
33196455,1795,Woman #1795,https://lh3.googleusercontent.com/Dlfro2BhDEgNqdGYes1loTPJtBY3tSzcGc-f6HYLFccwkPBsG-vVHh4ByrOSVhxw_tOIxPW_dGn_2NC90zoQZeWMuFGsafM5LQw9qg,world-of-women-nft,1.6,89911.4953526419,1.8703062035062437
33218656,8533,Woman #8533,https://lh3.googleusercontent.com/sBzLWcsD7gpY0bQ--UXwsmJM8l0LauuQj2mpsZNzSbLG239mom49oi8rRCc1HaPdtlYNkQ3uhNIDCdV6PJzAh9NpPAzayRnbQ7_a-w,world-of-women-nft,2.95,392858.3477146459,3.371294896233608
33204376,3901,Woman #3901,https://lh3.googleusercontent.com/mSokfOfhhAvQkfKxOrk99lFmQSS-qWzYhizuiwR62PEI2zKqhGSQpCTnl3RGJSkGZPyGMicB0l_DUgT3CzLgXcwh_z8liDWyNRUN0Q,world-of-women-nft,2.45,181366.3251421844,2.3234307840692265
33194896,1560,Woman #1560,https://lh3.googleusercontent.com/F2DRjSJ4Ln247_CAR-za_jgbSfFSVzzCw0z9qYDRQHEH3H6sVahYkFyb3MMu_t12tJlOhksm-KvcehxadZ3_czYFSqingC3VMxkwBg,world-of-women-nft,2.3,133051.31006311093,2.084047899720972
33217818,8058,Woman #8058,https://lh3.googleusercontent.com/7aNFdKAHFtM5ECrWnW0P1fR0AoQXpsOLwGcvd5goQfHRPIpmvvPHquSZQfc6TUh99nPcSyZhIpa4U6UcXdoG1ODuETg6Jj6fLhQZLA,world-of-women-nft,3.7,550398.5249043182,4.151847731717108
33209418,4864,Woman #4864,https://lh3.googleusercontent.com/G9TeaCUuxVsP-gMpHE4gFNdky21cXIGhM9beuaOuDK1q3Xp-9ofJJoQXBxvaorQFeAZEucmW_jSq1KLFYAvKlx-cJ5HNwdj3vJK2,world-of-women-nft,7.3,1344993.8072779786,8.088771072687127
33208578,4715,Woman #4715,https://lh3.googleusercontent.com/8g9ccbwfM6CqQxx1_U4WSMHoEf4EoUndAmpKhaTcWVqJkV1zd0BRfrq06GC7IZNK4PoWXVV7n1kVnPlbYGWI9NYgOntBh0e512eO,world-of-women-nft,4.0,562872.8995506036,4.213653606730938
33194299,1329,Woman #1329,https://lh3.googleusercontent.com/UPbAXEQvjKKSJNBGT-KxkY3jWVoaUFEygQ91jtnAOTqlT89HSygvfY4mjp4Rr0WSszSFxm8Nm9zWO0zFbar_FW8XdeFNHv545p8BNg,world-of-women-nft,3.3,328191.00807843974,3.050892341046408
33204260,3842,Woman #3842,https://lh3.googleusercontent.com/S4YsnNTymjRR40mQVEi90BIuq8dh0_iYq6jFdI7jQjzIB6nstwT4wm-BYicVDLbFmY0SntPzFKxrcD-AEtMejZ16BLRrBuo-OUE3Yg,world-of-women-nft,1.999,120571.67829010748,2.022215977604495
33194900,1563,Woman #1563,https://lh3.googleusercontent.com/a2YQSbSBPdbQNSN7KJJPE3NkoPEKxuvmcF45KAbDeznKiL1zoRzJdbqadJfkudOYGqAZ3xxAOinS64_2zbiAP9LFkopqGSA4QUIBsw,world-of-women-nft,3.6,325934.2050216223,3.0397107234009875
33194901,1564,Woman #1564,https://lh3.googleusercontent.com/uxbtFAQv_oMcbxx9X9P2D7bJMnh-tiH4DoXa8LXDJzUZ7Q-5ipCXGe1Fp9fudhY6ac2ltc_GcM5jv5NWL5Bwg6X6NgIz-zXdrgfgqVc,world-of-women-nft,2.99,225090.6120372118,2.5400683220244975
33128422,621,Woman #621,https://lh3.googleusercontent.com/DZ6Ftn4_DXwQcxsL1C4NuQM4yeDNYt5LFhKbVqeJNAWRCEBEF2L6riS4K1su0X1df1v1U7BTK_8IoDy7Q5X7Yxpb7UdcBEIsE08_KA,world-of-women-nft,2.5,188762.31183459127,2.360075140365754
33209302,4837,Woman #4837,https://lh3.googleusercontent.com/gvmFQxAIbON-jUR_0-cFdXwSvokVuX21lpqXDyrg6l-lpOtl0CgDRk3LVwuhXFI1tXJvuIBgKzLc8uHR60Q2vWv339Vx1JkgQNQxroE,world-of-women-nft,2.5,157479.26293483967,2.2050792976743265
33210502,5157,Woman #5157,https://lh3.googleusercontent.com/DD-yaIBuhUOexkQVkCUDNJrbCNvNO3vr2EAYzuR6fbR49zK_ZiiZGTvH1B2Uuee1CiyDqb3JDB-W3GRTLnyUtlIi1Ycgdn7eRIM,world-of-women-nft,1.97,97476.72771149877,1.9077891089728776
33204384,3895,Woman #3895,https://lh3.googleusercontent.com/C3gVDNFIiiOO1cnariv6nFlyKvcmBuLe6DQxhdPDqsj658zUq1VjY13VQbdItpqwrch6dksxwIKSJ1LNNN3OiWL2CZbIfZNZRd0NZQ,world-of-women-nft,0.99,29565.71292988296,1.5713153529193193
33194305,1334,Woman #1334,https://lh3.googleusercontent.com/BIdo1R9ESgA6BYce4RQP9xUtPrI8RcGqVEPhGIAoA4PEM9XKiq7H-h2CGpBminqZrCGhWbu7sNSnnoPOzxDSpY7NVflhrkZ_zrDqBg,world-of-women-nft,1.98,157329.39599811606,2.2043367628842074
33214225,6061,Woman #6061,https://lh3.googleusercontent.com/-zREEMGyKaIVXEJMm5nTK3kExVKFRhSvbU8egMlaX47wnUgh5xRlZ93EmcZAzrRlP5Sa8zDGa4m5siKknqxrc8MCtz6pXUsQYBJBpw,world-of-women-nft,2.0,120716.48345136132,2.0229334331845608
33127586,216,Woman #216,https://lh3.googleusercontent.com/Kjmar8a0ibwhrA-LFeLk16NfxMy7JkHWIjY0hy2c6VeBE6VqLjIXEiYmPOKV7s6VjwQKkOWr5HFktk8M_j7v-2kqbSC7r9YXJhuJ,world-of-women-nft,3.75,424686.00937590015,3.5289890920868427
33209548,4905,Woman #4905,https://lh3.googleusercontent.com/WAgjKHu59-PJcGF535uOrTL7-vf-kQADblntMV7Gt3c5rF0Y4T48q2CaJg_9HA7eJ5N1TUfMWbpLhuobfD28NsnyPsrI0nWOKrx7tVA,world-of-women-nft,3.0,226625.01329394383,2.54767070811468
33217469,7863,Woman #7863,https://lh3.googleusercontent.com/I_pcfM88iCC9-ZA8hsyHPa28mrgXf-ujmJwKcjReqcS_puRNYrycSK3ChiirsmM8pkhL9FU6KXpkusnHBc5dw-1BDy1u9PT6qgUwgPY,world-of-women-nft,1.7,130476.1893746717,2.0712891369029416
33196829,1946,Woman #1946,https://lh3.googleusercontent.com/9Xs9h6X6efanJe1fp5Y9ylqJnkA9Z1ATNcBRRvlXMrBsc1jZ5jBowaiBPCU_6UqDSFQlQfuGsko7iykAFp04Dv3FqrlY1Z_Z3qSJ,world-of-women-nft,2.5,188698.30081811227,2.3597579896470857
33208109,4588,Woman #4588,https://lh3.googleusercontent.com/35n-w8wTt3Cb0vvQS6Govd8fpHZBjSVHSARFjQhjSKq_JjNf22_iD8D1UfFZFSlTAekzk5OuY3H4H_FD3LXYJqyjoZPBBe1UhyCM1Q,world-of-women-nft,2.68,180611.40786048296,2.3196904504267293
33219149,8661,Woman #8661,https://lh3.googleusercontent.com/m7p6byZJEg4eyQ2Ap7nyOb7K5ypCGVsWpwEnToQKpN4fuKV8M9RWWabQJXe6YiO0uY4VPwi7cikmmW5SzwM1tf-jSljXeA6QWkM6Hw,world-of-women-nft,2.5,219554.02578694807,2.5126366015984165
33128310,539,Woman #539,https://lh3.googleusercontent.com/JvTYHQrHJdDZG0hB2f9dwnzLnlfGIWlEjjNsn8kamg-jOJbJmRcRrQfgXdTVdKcXCyI3LMDZx7-opABFpr4YBvqcQO-3hTu9Qu0rWQ,world-of-women-nft,2.25,152672.3650012902,2.1812629107764336
33210511,5162,Woman #5162,https://lh3.googleusercontent.com/vQaSeRJonAsV1Y0ms_HL95Vac6u4hCbb5kqpCztcUVsgyBjZ9gHExNMUZAc49RUMp2Wgz-T9mvN890GuNjGULFt0Juc9egRceT3B,world-of-women-nft,2.49,155993.6994435365,2.1977188845015556
33209431,4881,Woman #4881,https://lh3.googleusercontent.com/6enjxDM8-8VwhWISewvNPqxf6Cy0gs2pmq8LyQAdQPvmQGjHTiXCf3ro0v8Gizc7yCtoCKNpIPuPxZamA2_9xCqsQ3NCLWEe8b3waNI,world-of-women-nft,2.1,154907.60805250995,2.192337706633263
33194431,1407,Woman #1407,https://lh3.googleusercontent.com/xNcTTTR8U5828YCXEjOFS0Ma-z9Sia7nHQrFL6NoRR9-APAzUmpeYL7BSKJXIv3kVUW8EVxKuEifm5yNP5n6NMkcCJ2mV-XBzH6x,world-of-women-nft,1.78,111437.03902946498,1.9769572461291007
33193952,1279,Woman #1279,https://lh3.googleusercontent.com/HMKj7zeF2T82tUO2y1WSBs-XFQWT2IP_vpZ82Q3sqWtEtasgGNXbXCzcZ2vLSFtHOEvAcpQuKOwSEMAXHgJYVnHWIW4RFcB8QdJ5,world-of-women-nft,1.22,37508.996377848925,1.6106713605674143
33215552,6574,Woman #6574,https://lh3.googleusercontent.com/Q1lG4ZiihChaChsd4iozD3JpVhEvBCwTxREYtvyJY7N5A5R7uqg7ToAlbW6jJ_FsBjLlnJCACua-dz3Wpq30KLJ-DyvPqDLLPN0u0_E,world-of-women-nft,3.42,411071.4204430064,3.4615338804380826
33207033,4411,Woman #4411,https://lh3.googleusercontent.com/5GD5GqWCSKI99T5q36II44oagd0UloAo-XfqvL2HKhz9hBQX37D_WIHBy8_LPFRPW11ZMbKNEY0NHx_lAJbrLqJd10u9i1lyFCI9,world-of-women-nft,1.4,59122.50232589898,1.717758223445438
33202354,3327,Woman #3327,https://lh3.googleusercontent.com/RcSZWvGyUuWer2eQmiYVNsknwfnZpmL1rRlbO8_9f4zVVGJkIoI4d5SlXLriGNpTqf4rzdbqMFSz45SDiB23uHN19J1JLEhsUjT0Ew,world-of-women-nft,2.4,173723.84858371638,2.285565162395802
33198756,2415,Woman #2415,https://lh3.googleusercontent.com/QalQ_E9YgZYv1sMo3y3ej1ANbzMPPXrH-vBFVjhwresMZu1_8S4Ka-rY3gxKhBx6ESdO0kDgO50sAF2OGdtuwupBSMshPbP2brMk_bs,world-of-women-nft,2.1,111041.89701678508,1.9749994647940916
33207038,4414,Woman #4414,https://lh3.googleusercontent.com/fsPJXzHWuAquXq7x5CCXzCP1IthuqwVIa9uHCdoX4pmrdbSmNBey5-t9hujJo-bYEsbhii0f-w-PuDVi8nl12qsQxunMI8wxutTrbw,world-of-women-nft,2.7,219660.61276502465,2.5131647003313713
33197079,2058,Woman #2058,https://lh3.googleusercontent.com/_lwYtFdAsPGQ2d0lawepCrGU8zwQO0Zyk4LyyV4nh-8KSlcLueJzedVCPh5RufV2pVIZImzS5GUj9m8nOeob-bLmrExjteX8VOqizw,world-of-women-nft,1.4,59159.25727068615,1.717940330491929
33208000,4551,Woman #4551,https://lh3.googleusercontent.com/hK39BlS0K_ypvqcsVG2nFlBOXQfE-GeaGkSzJmyDWExi1W1PgjmIb7p1rQrJH3Mck1aRZhlYo2D0Mg7pFOPQMoTrX34lPU1LS0AQ,world-of-women-nft,2.025,103383.33352898616,1.9370541383842155
33199240,2574,Woman #2574,https://lh3.googleusercontent.com/j5234PY4tadb1IqRMiR9RVZF10y2xZezOeb6IRgkRE9Vz2kVXfMd0qVaSPb5z9_Oo2aIom2RIAxxpgQSN7OchVP83AjqeceNHf9uzQ,world-of-women-nft,2.699,182947.56923123923,2.331265258927137
33127720,285,Woman #285,https://lh3.googleusercontent.com/5sru6Qd6LYrCqlea4P6nNslup_nK5fjNfeCUfLIdA_elvfWesZhSdCpec1g9xrhuowq3pK0owwBy-VnerEXPHcNtxBhAULrZ8ZJb5eM,world-of-women-nft,0.9,24421.391286000297,1.5458271573529443
33208961,4801,Woman #4801,https://lh3.googleusercontent.com/CxdnhvEqAWUX2Gyi-EUiJImMTqQHmEvHZm1SxZhrFjrSn2WW87w2_kiv5_iZG6-7QB6FNa1agH5C8BdqpBqvxX2lG2dEs2CofoNC,world-of-women-nft,1.75,77041.58664733176,1.8065406047139492
33197441,2181,Woman #2181,https://lh3.googleusercontent.com/MDdTj0Cx0bIiu834CLmTvY-fbODsxdSkvZFM6CAw8CAzzNAj_Px_1GhP4rv7n49B4cSsXmhO7oIVs-OWErqYZQW3m8BdRxVEvp5eKxI,world-of-women-nft,1.0,25153.36895447993,1.549453833765492
33205001,4022,Woman #4022,https://lh3.googleusercontent.com/g2BrNC0IajGsNs6lbQh0je-nY2DxXpyNDPtYf27gFNZWDO7NKTvERuQ9U-XVqc1w4GYF5BqgEJfWnAVkrIuDrLQvOD2DHVKLauW6,world-of-women-nft,3.45,418817.0922125997,3.499910795903917
33198762,2418,Woman #2418,https://lh3.googleusercontent.com/YOM9SM4c9Nsvzp2PMLw9VCEGXJTb7ZhuPV7oLBc1pSbsJyYMS_n1Bdfeek24mdHIU6nSKc5OrT3e-y6LfQlkXdUQjK0bsYX5is_7Svs,world-of-women-nft,3.19,306799.45105009654,2.944905152306754
33131803,941,Woman #941,https://lh3.googleusercontent.com/OGJRa824ogHEuS1u6HCfvwU2oy-diMrmjklku6cWne9b34I3tG_Y2ef74rWMX4KyU06Y36R0jGLpP8d57oifdjB57HEPNtLjK-lI,world-of-women-nft,1.949,190430.6147080501,2.3683409590385094
33203083,3603,Woman #3603,https://lh3.googleusercontent.com/8Lr91gp9wONniJcCKjj34xdxayQxnAD4SVpC-FA3lzHNzVIKj3uBhpW1azKC6OxyIEQX1BkuZJUPwqQc68lln2REHjQYhn1pXZv9sw,world-of-women-nft,2.25,203496.5153682828,2.433077624887321
33208004,4561,Woman #4561,https://lh3.googleusercontent.com/JTgLsavDfxLK4ZqdFppVAAXUESETDh0p3_vcKDONe6zw2BIz12PeOPjykBXcTA5sanjBkFo2dXKaCaRjpkwVzx6HjdFegpI_ssJw,world-of-women-nft,1.94,113608.84429533586,1.987717731413769
33197205,2122,Woman #2122,https://lh3.googleusercontent.com/kTNPfzg4BPPHECJcqoEDCC2ciBlIbacV5S5o1ODeFar0BSoX-dvbqRJIewshESBRcG6wTbzBoFWNCo-dgsZobqOSAk-AVFM8164L,world-of-women-nft,2.4,173861.0406884082,2.2862448981193073
33210527,5169,Woman #5169,https://lh3.googleusercontent.com/XfD4KN_YiY0iy6O4JLPU4yklUtUaoSZ4eI3MDwSvVZ6N_TOVm_QJq_RWGwP6FYVt4xruig7CdFKNfB3tkaTgrGOERxJ4RPTqIzgm,world-of-women-nft,1.78,95784.48186208004,1.8994046617819322
33205608,4139,Woman #4139,https://lh3.googleusercontent.com/FP00Bp75lLP5HBA9XHbz1GYcTQ_339UjxSDtt1ljv9xNqlKFXOAMETq3nfsYC4aJBv0c0chXoVytJgSVNHqUO-0EX--ypMd2-KHf,world-of-women-nft,1.2,43363.11611789245,1.6396763410356632
33192408,1263,Woman #1263,https://lh3.googleusercontent.com/z1n5UsP5q7Im-YnUunM5pb8-F5yzUprU9qp8U9n1jf5HDx8uHDvcjtHv3Vl6_kCRfIVTLe4dJN886Z528EK5RAZxHfgC-05MS1ZsPg,world-of-women-nft,1.74,76241.06350917804,1.8025743110579269
33215090,6360,Woman #6360,https://lh3.googleusercontent.com/bYTNkHXE8bxE0upCoktbvGx3BDYBxNNq04hCJhf9J1dFyUOqhPu1oIxsTGHG_HQY5_3Eg5nTmRslZ5AYQ5i-ZJ5nc7cV76IiMR2h,world-of-women-nft,1.99,119572.39424381152,2.01726489776122
33203452,3652,Woman #3652,https://lh3.googleusercontent.com/0VKgZesE9_2xtEXl6daeP9Es-H1onjjLr6uUqQeUsAIYDxDZv9jL301dp_X2CrEhAYMBBOp13KyeleBPZJ26N9AqtXx3qBiZcnzwkQ,world-of-women-nft,1.88,106646.12524119033,1.953220054710987
33194572,1467,Woman #1467,https://lh3.googleusercontent.com/FTIYDoGMaLHIHVkd4f0pHTM7xK7B2C64FTY348pUbJ730HOiOBjuW-GtN18F5I9sOmHH6UV4U9alANsRtvUO5tvrVYuGANNXc7oTgvU,world-of-women-nft,4.5,511373.5432689719,3.9584934990791245
33221574,9850,Woman #9850,https://lh3.googleusercontent.com/GgjfbYsbF8kqJOFowZG2Iqj5dbAqxlrnHjxZR8_2OmIYgpsMiE1KIRAEHvpvmtqkjiMstcr00f3TnvPfAqj_5T_tuDaojh14GQ4iGg,world-of-women-nft,1.9,145002.31342236255,2.143260665158614
33212814,5697,Woman #5697,https://lh3.googleusercontent.com/l4W9T9SjbjdtUfcdOdzkaqCeSN2h2yFR2vETXPS7xyrBy-K-AfjZqPx-FVng0RfVqcQPucNHExVI7O6K9BrPSwIYJPdzl77gQRya3w,world-of-women-nft,2.59,168868.9417224091,2.2615109091621064
33208615,4728,Woman #4728,https://lh3.googleusercontent.com/mxxF7OBy3FgkNeT7Izjz85r0deaSWIuVfkz3v8XRq2qtOS-S0lH5PvYLNrTuAALvaf9COWOBO8lvuyaHcdx9_hNEbdGjgVLQu7tT,world-of-women-nft,1.5,56657.62286314956,1.7055456647947154
33196857,1993,Woman #1993,https://lh3.googleusercontent.com/COhq2m_xAkZdDec2wqVvNo8b2OcRcRbktiXGHLX8UhJ66J-UZhVr-nMA5vrfwf0E6680kFxmrneSG2UyiUS8m_2SRvrVsVdxabNW,world-of-women-nft,2.24,226595.25913344047,2.5475232873439113
33206817,4355,Woman #4355,https://lh3.googleusercontent.com/IjTkzgTQ61FZO2r99wuFHw1klzRG6Z-yAs0AjkYHgvaC9kaL6UM7SpK0U0xUWrfGfsfaE44i1XdrcyqwPjMv4Z6NB7_pibe0KrGX_jQ,world-of-women-nft,4.2,445172.65297389566,3.630492772196983
33219658,8927,Woman #8927,https://lh3.googleusercontent.com/PomByia66CRChZZLCZunm67T5wmvsBJVkPPWbd0hI5nrwHpa3t6WPryAwNRcZrLnfRYs5JPHphtPTMVK6YMUIHdNhNeafPXRJmsSYQ,world-of-women-nft,4.0,482905.1959489811,3.81744345318896
33194578,1459,Woman #1459,https://lh3.googleusercontent.com/QW-1Xm7Md9svhgzJz1DGb9JzV5T8rWLXXlWgQROuxyje6g0GPGy3J86siOcGJSp4-rlCxsP_4KdG7HSmVDdGPm-mV0kLciqU4Vha,world-of-women-nft,2.4,145273.58201210713,2.144604699872044
33202979,3544,Woman #3544,https://lh3.googleusercontent.com/UmD5Ic8l81q7QwLWmtaYvRTx5PK8eJP7TWfHbSMIOMWTBNCQgB2IkmplwZ7uvqvum2Zgdg-HZZFdgmRlDgska3MIfStsper6Tg41SA,world-of-women-nft,3.39,461584.4214923208,3.7118069656990795
33208379,4661,Woman #4661,https://lh3.googleusercontent.com/RVPl8RVbFEUQiRi6DKUZmPz-WZR4MwMZ8MARJIPGPxPTwr-gcQDZZtrOSHpXOHXIgjYSDu6Is8hoP68JObfzLD-JYPs87iN_iArQRQ,world-of-women-nft,2.9,211937.44136317133,2.474899265797907
33200820,2892,Woman #2892,https://lh3.googleusercontent.com/f2gLPOlQjOjlarSKpLAxJhGv_YtCTaZJ-J1BMRzC7418T29iaM2GB9j7bBDtFFT8t4F3aoXeebP4R1JYnd-tyRK2faps8D3c1SqE9L0,world-of-women-nft,2.08,173637.97923774345,2.2851397118048737
33210060,5021,Woman #5021,https://lh3.googleusercontent.com/n_iscCBM_Boa1zJRydhTXo54z5PLn7TL35aEl7zlLCXfldahsqz-lxdjbcaivzjI26kCq8wLobBPEMEj8lMaj4d9f9hmYFWMMOIwR-Q,world-of-women-nft,1.944,151724.73111709688,2.176567738227422
33199500,2672,Woman #2672,https://lh3.googleusercontent.com/K_kVLdBZ29Be79ifGhDR5RdBFdsUSDf4UJ-z14Vdvh5rALQXTgaZFW0WjPOKSdxSHHpeZypLgZcSbDAio5wTzQ2aqdHIUIQJp8oG1g,world-of-women-nft,2.6786,216169.4559669882,2.4958673201554937
33207780,4529,Woman #4529,https://lh3.googleusercontent.com/eHJ2ue3VMKKF4cowdb2VyyzdVKDCV0ib_FBOeG2N-C1VOvGTSCgBhvV9L6WVWGqfr6lmZYjThGxtZrEkB0cq-KKSc7DxgAtJZbHfAA,world-of-women-nft,1.93,93641.61563635562,1.8887875586506007
33202620,3426,Woman #3426,https://lh3.googleusercontent.com/RQyvk2TXlrMwS7O5auuA7V9ZvMG9gonsCvuLOfFiLSIBIpQ13lDktwIWFnc3UQCUSeCHUBeEKkqJX7X0XONQ19F23J1pclyjsdFxpA,world-of-women-nft,2.0,140474.1586714189,2.120825346794704
33211980,5467,Woman #5467,https://lh3.googleusercontent.com/1DAOFmg0LbC6eBf8JjZ8UqvwNFgZKnkEaN1j3hvwmBTmPTzpGup2KKNIcQdH69mLE2ggV--X34wbroVLOq4p5e1hhiNSCIvBxz1Y,world-of-women-nft,2.14,138238.64711158304,2.1097492205778012
33209101,4829,Woman #4829,https://lh3.googleusercontent.com/wcxOABp5NOrJ3oHJLZAzAbYpfizx09bXKzBFNoiifv0_KXIrD8pvfiwPk6AF9hzLVOc9cPY6KLX3aDh-AnTT_kIf4OWGe3ebc8y4mQ,world-of-women-nft,2.041,125660.42129557733,2.0474288017413125
33201062,2965,Woman #2965,https://lh3.googleusercontent.com/lKhzpxxoKmJ5MTFhlImgYb3Jj54F3MgF2bhAcoGO7uJ5OBxkbkX8SeT3KZ5ELWtzuAZ-3A6YCldXIjNR6qG-j38Wm-mwH9MFiJSz0w,world-of-women-nft,3.69,342407.12895425124,3.121327919177256
33195543,1639,Woman #1639,https://lh3.googleusercontent.com/7lfW9ZdisbEdUl4rXYfClcuoGS1-pthN3D-yO0heWNGgDr0l4IPWE5YjXeatZMSiv_YojPJOCxqtjA8PC0ROTMVvB6cJ2Fn9XiNZXw,world-of-women-nft,2.36,223557.53626946025,2.5324725032379742
33209343,4850,Woman #4850,https://lh3.googleusercontent.com/t2hygzj7uzXmbS26j_NiXvcI-lN26WJ21c36waYzTE9zx83jlpuEzUmioBY3UUf_fs7dHO5zfzBqK60kKe1YJ3pxnKKr6pLajBj-vA,world-of-women-nft,1.4,59092.2628871468,1.7176083983018935
33196623,1868,Woman #1868,https://lh3.googleusercontent.com/5SoNlMNCcDI7pPtUFKz79j2Q_N0UppM3om0RguHbHI6I6p07fGRGq2xXIszktAGkfJVlUqrzEbHr9amcxkYl9bUbrK21dbbbz5kt,world-of-women-nft,3.1,289324.45916240814,2.858323083457332
33201905,3176,Woman #3176,https://lh3.googleusercontent.com/3w3aSNPIUfcP_5F_KRiqpWAex8ULctd4yw6KGjfbXnL0b8hR63TFQGMwu5E9tkLN1MfHuBKAuKkUDZBkkUfoq6sPhgk_Rckgw0Ti,world-of-women-nft,2.32,189079.27317037745,2.3616455655982245
33212465,5585,Woman #5585,https://lh3.googleusercontent.com/lZWzMsp0VsS2o3tV02PEe3_seMc41eYhtWBr1reEXa3_IKLILXTgbZB2n1Fkl-c9yUTvW32QOXvegQKaxNkGr1_TSrQ-nwGuRZWkdQ,world-of-women-nft,3.5,307974.6272047077,2.9507277119612985
33198787,2425,Woman #2425,https://lh3.googleusercontent.com/88I3N_JtctKH-U3S1hwbTptWDaQFVru1SV-O8_FFVbMU7fWDJv5eaUyNT4vD8vJzpiCwG37m7sB_fYOYUMSm0ItpUckc5jbfpWusIzU,world-of-women-nft,2.15,139615.68621185905,2.116571935858856
33197827,2200,Woman #2200,https://lh3.googleusercontent.com/43k8OhbQPyF5vypHuMh5WzKQUbkNv0hMXsBb4qNWNbkQYfFbbR-bUn_psH_Af0LbxPyVkgrNI7aCwTdKf7vH_Gt_KenYBYvTfgZ9ow,world-of-women-nft,3.3999,290198.48474619776,2.862653554324397
33206827,4358,Woman #4358,https://lh3.googleusercontent.com/6gnvG5xYISByAJaSEcNRmftX4t82VtMsQwG-Plq19ARFm8FIsCWy_ShTA5xNePp4KU0mo7-wuSQQgexDVUgixyD2C678yxllof9HKQ,world-of-women-nft,2.55,228629.8463747824,2.557603908481946
33194348,1353,Woman #1353,https://lh3.googleusercontent.com/5gyR_wEaW5N281WKCNCwGCGstN6YIlNz9G3ua2aXK07jKvEgnTbRjTJT3FQhDSKDFMM3-2NSpc1Vtf50V7kZHfAbiYPpY3qyM-PMb8A,world-of-women-nft,2.8,197595.2393747705,2.4038390027664316
33128948,737,Woman #737,https://lh3.googleusercontent.com/4AwbIT4B9I6Ii4N0rQglEjjtJCdwX0l94eXwI2U1-i0tuRI3rH-9SflaFPBhIEIq8fihl6PzjNkN1g5gEk_Ogokq4jVoWdZLOag3,world-of-women-nft,1.8,81492.32553521422,1.8285923563426827
33194590,1466,Woman #1466,https://lh3.googleusercontent.com/qaUGRqirDPhj0XCuLprWtYmAO7zKhsI3jpOtE9AqbUc-f4-JWh0yfMccDaTDu-RReQXeJKgPUDnPXwKd43QWDCPJYgR2oAgqKKWKdA,world-of-women-nft,1.8,97816.7008186823,1.909473548952152
33209951,4999,Woman #4999,https://lh3.googleusercontent.com/eUmZUnVfeVTLNKShVQrp3HZSdOul8cpYMr3W52DXujzVMvjksxsxcRp5VjZJQdi1cy_NYSBy7OI9kkIGMtaw002XsPYd1AfQD2NB,world-of-women-nft,1.99,99625.6446373398,1.918436191067144
33214151,6030,Woman #6030,https://lh3.googleusercontent.com/pOI4Ezdg9JuagfvCNNdOu0S6YE7v8pjAV_GEpsngADDVjN9hFqOwo8znxgNRXgOes5tRAaqxioTF3lIfTTxfiQ6kWg2XFhNpqQ7S,world-of-women-nft,2.13,114052.20179441522,1.9899144025056303
33197832,2202,Woman #2202,https://lh3.googleusercontent.com/NJp4TSUnrmzB_bGhxrm4bl-BE26hw9jDLyQzrzoKVCZo-epwtwk45xdrWjfd28WboOa1CZ0BY8Lm-Y93cpPWA1FwiukaQ5hkF8jhsw,world-of-women-nft,2.6,203845.8645352231,2.4348085197466096
33129673,828,Woman #828,https://lh3.googleusercontent.com/dZgnTA9gUZ2vJRqU2htRWKn_nb8yE7g9YquHOBXp8WMdf0dUL1oS9Tiqi_8oTsmcvD_iMUg7rd3ZWlBilMDES4G4IIL4iP2RHSYW,world-of-women-nft,2.23,199598.91210604773,2.4137664540342847
33215953,6742,Woman #6742,https://lh3.googleusercontent.com/VvzDGoKSfdsLaAgeT9_uxblU0pl09hb8wdS1sdxJlaJ-60pFfcQYov85H5Mi9c7nMV0u9rklOOdEI7BgVoS6wPA7grQZ1uXRwUB80Dg,world-of-women-nft,1.68,85067.84809015329,1.8463077373862928
33127634,231,Woman #231,https://lh3.googleusercontent.com/6vkicckNhZgCZskDWDeWUwosITsctjxYwTSHlR1kYp3_Qswjb4uoCx5jRVS0457aX2d-qcffUbPTGJAXetoRVX8yZfGezZBtKGTL8g,world-of-women-nft,4.29,463045.0395720048,3.7190437836587495
33195434,1609,Woman #1609,https://lh3.googleusercontent.com/QOyDpPAEx5ZUd72xbp5VVx4tDEjgqL0vsLYxDuwltNS1x-siCl9PG-YrRosz5iiWm9mncfqcMp0pclrVsqeilnxsQQOCgxF2UWJh7g,world-of-women-nft,2.1,110945.29540830936,1.9745208398442338
33214394,6122,Woman #6122,https://lh3.googleusercontent.com/DWCxPvb3FAEbwQAFRjpnIHhIifjDXOkfupF8vRHFAAIGxVm5VkbZGd9KjqZvi18j-LILGXuI-9Nf-clHRaVQTDhAkgoL--0aorBN,world-of-women-nft,1.989,99600.05897282853,1.918309423639696
33204914,3998,Woman #3998,https://lh3.googleusercontent.com/Iwkt73_r7NZ3tnDMLvZmr6eziWbftAkUpgOD6MXclmjxCwfUjyvvfkZ5toa1jXoe_KxalKdbFk5FAZoJYYUkoKpwfzIiH1Ltu2_6,world-of-women-nft,0.77,17855.9403873991,1.5132977962302832
33211635,5372,Woman #5372,https://lh3.googleusercontent.com/PncrOojL5TwZlQ_JdEI63RnSFHlGo_5EUVL74RPWhVz8tbLYk0OU88zw4YiVc06QBUpfIU3FZ121oKUUti0wG38Y5bHfuqChJCv2tJw,world-of-women-nft,2.69,218271.7998844756,2.5062836503591885
33198315,2317,Woman #2317,https://lh3.googleusercontent.com/-fQvXKJnV5w471BmOw9c87D2KFmuXikqpkYyXqz1aln2ekRObRXa-AMiI4HUAZJ1zt_RZVawjvxVbVO29dNi1-TgPnt4XKP28zPrcg,world-of-women-nft,2.49,155920.61169606546,2.1973567619652905
33207317,4445,Woman #4445,https://lh3.googleusercontent.com/V01naOTmgtDZB82jRbVJWSRyPCaVKA9ydxhmRtYNBgTalxU-kMoJbjwb9qHAFZA1xoiRjrOvYsEWJweWxfxrX8-0Vlx9DjlUMFsaPA,world-of-women-nft,2.57,199336.23685745444,2.4124649961220346
33212117,5503,Woman #5503,https://lh3.googleusercontent.com/zxZiCMKj5t0AH3D8AWbNF9hROMt4KukxeKsWrjHZa3oCSeFZTbXqR9z3dDd9wuNIfUBlN1fEbgkVM-B2v99F4AgsUTurUTI6ggI-L9I,world-of-women-nft,2.5,219974.28542963896,2.514718831424442
33208758,4738,Woman #4738,https://lh3.googleusercontent.com/I2BrYZWbonBUX4Qw49t8JYNw_UzYJhXHk_10WaCSgRhomP6U0FGhQiaoO0ZjpxFH9X-BPbqXm87pArEYImJkVyzOcm2nIFgRBjzTsQ,world-of-women-nft,3.28,270905.72156033,2.767065106490482
33209598,4923,Woman #4923,https://lh3.googleusercontent.com/6em4gekIwDMjNm8EvNZNMZ9WNB8rQ8zL2Zo6GVvVYsNhXsu2LjH9f2tunohqyO-DTCu2-HuXg-qO_2Anv0WydUx-UetU_H8CU5SnEA,world-of-women-nft,1.97,97474.68499049412,1.9077789880519753
33194358,1355,Woman #1355,https://lh3.googleusercontent.com/-xZrOO5uvnjo6AsoDle_sMfEuyoGPwQkixCiD09jgg6LsD42E-2p45eWsQpuJz42sMGnK17mD6YdwB6rgoRWVWEwzLuCpGtdwK5rsQ,world-of-women-nft,1.95,133678.22646010233,2.0871540367078154
33220758,9471,Woman #9471,https://lh3.googleusercontent.com/bf0oXMYWiqbY2HnXW5Fz-eZa5HCPDQskfCnN32lWsArqEizl8ujlzsfXe8w50hSf1fsWgLB922wgZeFEHbs6GyOr_Q1_3EvrL8bWcw,world-of-women-nft,2.4,202646.2842596744,2.4288650467724597
33213439,5847,Woman #5847,https://lh3.googleusercontent.com/V7S5HvpsJddmi1Fj4QH1b8aNnCCfjA15_aTAkO7CJajdNqSOfzuczVRIiQAzWCESVlsBmDzSo6aXGfO0AKGN7OuWGYPOpewOik9tjAE,world-of-women-nft,2.49,186991.55954427336,2.351301723033092
33209479,4888,Woman #4888,https://lh3.googleusercontent.com/4FinDu0E81IHZwa6g463Qsol0oSJT_QmEB5oxjvMY_BGefldTczHiOjGTaG6_rvhQYr7KxExIe2z3JDMC4KD-gxnPYo37oxVGsPlYg,world-of-women-nft,4.0,403450.4640401016,3.4237748831111876
33205400,4101,Woman #4101,https://lh3.googleusercontent.com/QPvXxsN3kc5OHysuY8uS_ySaKCV7N5rcoA67ouLq9g7nB8R8tF8_Y-6XpcwxPxwL1RiTNzoeWHZ9V7ZYpGpJzu3yB1xY-8H7gifc2g,world-of-women-nft,2.35,166650.0020072159,2.250516890256213
33129441,816,Woman #816,https://lh3.googleusercontent.com/zwZBht52qvcbfkDoyjcKIa6IWLANHFvG1-Nd_CYURN_2TPHQvX-tCbOCZH1tIV9MsiZdNbsQtc6l-W-Ezk1WbSLWLYzaWrzSrBN013A,world-of-women-nft,4.5,711521.6786393953,4.950152879987584
33215362,6464,Woman #6464,https://lh3.googleusercontent.com/aFvvNOSsDnIi4PRmRP8lzo6fi3F4sE8ndpAmfm2TtnPfaoc7q-LPnzOacW8S_Z3y0PdCXu7bOvutC6PpLihu4Tc3ncuepZ6o7WrTAS8,world-of-women-nft,2.64,244982.42882831025,2.638624857101367
33128483,676,Woman #676,https://lh3.googleusercontent.com/QEim-_P3y4p7dhJFn6v0LD1kNnpuf5ndm-DOchfk3W3tX97RXumhKS805AWD-rZBPKT5L0xk7OiUKzkhPmxjyumnVTk6rHGshNjRqQ,world-of-women-nft,2.56,328560.6103008401,3.052723582243682
33219323,8726,Woman #8726,https://lh3.googleusercontent.com/92AHi2kQMnEhT5lrcEvroXlOVys4WqhEfNqqMnI0qILCo_mIn6F1pL4llYL-msMdCnS4NLQJTDZAsnuMj25gJcBrRhvBn59V0dkOsw,world-of-women-nft,2.65,211728.1505178213,2.4738623076981203
33208283,4631,Woman #4631,https://lh3.googleusercontent.com/FAlZG_PNvRzOFGVYtEMBeGWWTJkDeCuNwsTJOgN-5xHi4fox4nIz6lk-aYRfDRhOdvNw0IDh3Drs2nSGI4muqV_xmnYPveiB23GJHg,world-of-women-nft,2.295,132612.45772187915,2.081873550006393
33202525,3398,Woman #3398,https://lh3.googleusercontent.com/9jPXREBA0AqulMuxNJHpmPlgOBt-ubF9OywVqFDoEbBMeA6SxtQvovnsGSKQ4Y-BEyqKMMXMn8D9tB5opQbCixvwbQ8sSnq_ACAztA,world-of-women-nft,3.2,309772.2691519468,2.959634357517576
33198445,2340,Woman #2340,https://lh3.googleusercontent.com/ocuAFEY5DmX0_V8ddhv9EYuQtU5ks4nmP-Y6FW2fzb2gfqKS-ZNjuW8DZLLBg1WdAvRfcyBvSl6nuJpVV2Ae23CNZpeyqXKgprscJQ,world-of-women-nft,2.0,100482.3436054395,1.9226808150140937
33128966,747,Woman #747,https://lh3.googleusercontent.com/c0rZxEpIdvznxIoWoGV4-5-n8C-T-VShSGIm9a9K7OOeHKpZuxJXE6p3BG-3yMfalpblBGHr9zYil0lEIMV4Eh4wgdgCGIJB_ceR,world-of-women-nft,2.5,188369.9592110385,2.358131179413782
33196887,2005,Woman #2005,https://lh3.googleusercontent.com/vRq5wa3TeNIrPaD_tE9o0onf8XuiC0f_drqNvA84AXtNV6sLj9aScmXSnhxvrYL1MJTGIv0mQUrLk_NRaBj0948wtZeukcBPz26C,world-of-women-nft,1.65,82132.77947843014,1.8317655668232822
33194487,1438,Woman #1438,https://lh3.googleusercontent.com/nzL3DmodxIvWgs28WOI6AC4Jfz3QU6dgh0fL2rbtHoee08RGMddjyIg3qE4NmBz-6xt0iEk9QreCpLSTv6aDkiExBYtIVj5V6sH0,world-of-women-nft,2.99,224982.20620670516,2.539531211555953
33216567,7187,Woman #7187,https://lh3.googleusercontent.com/MUKnXx_lQ8ALZKC-YFXj8gdyK3g0MzGSFeB0Dll53FV97usixss-0gNflDu4rsCLOPcpPrqBIJgpACYasieLP0ck6MM1T8apynCsXjY,world-of-women-nft,2.29,184295.23383765455,2.3379424345440705
33194248,1324,Woman #1324,https://lh3.googleusercontent.com/F8d3VW5Rv7JjVWgVAsXzqfE3aHAtbj4Vy63Hy0Nwvi0lcSxuc4p5UtEyZ8NAnh9sxxsIjtsqJ8thg_4d7q-9J8oToWun7_crYTmU,world-of-women-nft,1.9494,114497.15896682796,1.9921189993823836
33205048,4047,Woman #4047,https://lh3.googleusercontent.com/scdFjG8R4LIPnS4h4PfHOqDFXpkCoUpW-jUv9tYyH_JMn220xhijq0wVzMbFfidD6NyqoO7Pqf8nUZ2G5RH4blRlqzz9LJ4-WmB8yQ,world-of-women-nft,2.0249,144106.38296600876,2.1388216638157314
33210570,5187,Woman #5187,https://lh3.googleusercontent.com/v9u-7jzQ2aFwAtLPue-DmFvWGeVKFRQRhpOgyTXmF25kyWJJCfeCC3OVx5vrQwK3rzRXyHfUqg4ykh992I6NPlGjIQpkmA31gInXpKM,world-of-women-nft,1.8612,104344.28660328584,1.9418153025538363
33200250,2741,Woman #2741,https://lh3.googleusercontent.com/lDeR9rsFiCAVY9EJYJ0S_nwLpSzF1WMb4_IJEmqM68UEgZ1Wf7qYZ-2mzf22BlwaGBf1baOmRdUWBRetk3BfUVJrUYWqlXhBn8jn4L4,world-of-women-nft,2.469,183944.6091479085,2.3362052199448873
33128490,644,Woman #644,https://lh3.googleusercontent.com/cvYCsHsDXDnl8Jqf9d79M65WuWOjCPGxeFM_F5jsz8vrGWCGu3JygEfMwXs_RKAvXlu-P0q_Jg3M-os3Mu-DgDEt7XB_yoaECaJQLZ0,world-of-women-nft,2.88,208429.95738343563,2.4575209905246767
33195210,1581,Woman #1581,https://lh3.googleusercontent.com/A4vvkbDOK9V2HJFhic5DSAO7rWAAA79cZq7EWMTK5z8o3aoUsd90uLqlvFW06n33XFDxmoktyGYtq2M9eSed1lRZczno9p1vCXfPvw,world-of-women-nft,1.66,96914.72784801445,1.9050046092039337
33198811,2437,Woman #2437,https://lh3.googleusercontent.com/_8VCuIqUQgVpfHIPghph1gMSn5RXtFMfkdCtL3EhtaqoeBAJhNWH4EnmdVK-Z-mcNyWapPuZNykItAWgdLiJyiAhys8C7oVzGhWXiQ,world-of-women-nft,1.88,89151.68472553558,1.8665416251618616
33216211,6879,Woman #6879,https://lh3.googleusercontent.com/akbX6l9v_Rw_2IINP-j5jHOBzENXGfe4myRykaXuEONzzJlituoHNPbFwdNLCzz7J4paEhq8TvXXJd8pwm1PZ1K-Oa78bnujsVHUCJ0,world-of-women-nft,2.67,251133.91264376955,2.669103165684242
33199412,2648,Woman #2648,https://lh3.googleusercontent.com/Th7XwbakMF-v9oZdRyv7395puu2GW1CxbOh9BcEMNRei3X3uAiDaBFsLChdTHIsn_TQj9orfzZw5xHBsSWsxpmOqChXe6Xz-HWDTgg,world-of-women-nft,2.95,306100.54042099335,2.941442310744508
33201332,3039,Woman #3039,https://lh3.googleusercontent.com/VmN5Lwoub1Ic4-4uNbkzchyW8TQBwQaga3GY9L08bTF-V0_3KaZnd1eijhLA7vHIet_SjaSlmMxNUrUo2drE4kOhKpj2OBeNe4lv,world-of-women-nft,2.45,151112.3018082224,2.173533379360353
33198573,2363,Woman #2363,https://lh3.googleusercontent.com/lDKQKQMmjE-0upvqTbWeJTN0A_i7MrTloPr7rjbdrBJSV3qllc89jCLYdvXcjcKw7gOJTvtMH1WEtte_X6K5Dpf0ELg4moIX-vjd,world-of-women-nft,1.45,52883.86662687936,1.686848109776113
33132933,972,Woman #972,https://lh3.googleusercontent.com/UiVacvmtY_cWnALxqyM5LO63g2yFNg1nb7MlOoXYW_mFHE4zN9EujNzyJIE2V5WcglIxFVCcmwELXVeCGPpNWuuVjwau7VjdNUvmnA,world-of-women-nft,2.49,156124.68078113758,2.198367848189954
33220534,9314,Woman #9314,https://lh3.googleusercontent.com/EOr8Jegvsht8vkCD78jcspVZY4yj-wzFH0n-ojrhTgMSWrEWToQtyIb8srLquh2c3lB-jfR89-NJXuD1panQOd4CeSWK1ERW0yJe,world-of-women-nft,2.94,390275.8047948,3.358499359026508
33207814,4533,Woman #4533,https://lh3.googleusercontent.com/Nh-Ic2VEGQDAy1qSUhkzAgJiSG0pS7Di0JA8FOGhITp491GPtOdLBmsiCSly2P74WeZ5H9-L3UhAfITsZxcf_Gqyme3dPTpSPJOADEY,world-of-women-nft,3.9,384404.1503369428,3.329407500569717
33215374,6468,Woman #6468,https://lh3.googleusercontent.com/cgNYNa90_QAigApPlfZzhFL4dmxHaQMg8s6V_lwbBzeak5CtJ5zBgrrZQu8fG1u768W69yWGAbEKVTXFXwAsNHaQeVLOZrEi1CJ4lw,world-of-women-nft,2.2,170227.78729554123,2.26824348230004
33209974,5002,Woman #5002,https://lh3.googleusercontent.com/5i0WFJ6sRjsp4ELtkcradcclUrNlFxrqK0Rd242QyB7iWZgebIurJ4kzFpBUfLCwxDip61QQHUE5bl0f8_hGDNthmH8mf2rHnPbM,world-of-women-nft,1.69,100494.2641217038,1.9227398767273438
33210576,5215,Woman #5215,https://lh3.googleusercontent.com/5HUUDHK9yVPNIo3zNx48eZuUHHAuZB0SBCS9y2Cr7rZIIzcI79OXjJ5TyAK9EgHqjGnxJDUaLF_1txmX-8xqpp7HtzwBho_R5Xut,world-of-women-nft,2.01,182459.4884481648,2.3288470006391893
33202656,3443,Woman #3443,https://lh3.googleusercontent.com/rV8_LPMrxvwZrqJ1tEueB0k8vRRlDC-DGFtu9mcVqQt6_ucxFDp6wTMPkPVXbFBsv-KeD1EIAAPVgfIBHh9yAKHNjnBMDuEbrCx-,world-of-women-nft,2.0,160511.58269522057,2.2201033114166004
33203496,3663,Woman #3663,https://lh3.googleusercontent.com/vkTs2Qn39D4508hppVSYIrdO59zIciVTpOZlessVIAVaB7wXbJw1KrIwX-QeKybeaTdefnp7R99gwox1MNk4XjTS-n2x_6H9bE8W0Q,world-of-women-nft,2.94,347440.409897316,3.146265949475167
33213456,5854,Woman #5854,https://lh3.googleusercontent.com/CD927A2ll3qwthmka0eViwjFnkXMa-28dV1IUBFpjJR-gXpNJoV3djoLQP_UqdBKYgNu-8559rK9YJ1GEpIx_mmH5L7389eckwLd8Q,world-of-women-nft,1.9699,97722.712441462,1.909007871588761
33192698,1266,Woman #1266,https://lh3.googleusercontent.com/j9Es5iNGUTFJDmkRGzy-42NkccbCV-QGDNTA-FrKGAI2TuWF3h8XP6VsLUiXO4E6Dbs4u5VkUHBlLCcwfkY4lXSPMcQhMvai3pMM0A,world-of-women-nft,3.0,271465.5687284295,2.7698389404564763
33194378,1372,Woman #1372,https://lh3.googleusercontent.com/nX7JCm992_geHPbQ2-Xx0KemCOmSnpItnslz0BZblNbOw-6i4z0O57oWHDqYgcZ1VdzWktzGuid16Iqn11AQ8IFy3jdiNwKJzKylGEE,world-of-women-nft,3.2,257670.1702613982,2.7014878849850725
33194739,1505,Woman #1505,https://lh3.googleusercontent.com/GxldSpIX7GWtK6abmprEx2b7AluEk5epEJU6rjhW4YdPvkAJXr6VLOJ6KyLrgZpU1HJKcErz3O2pskzZBBvhk3EymHnnsJDEQTNUWQ,world-of-women-nft,2.37,169229.6797196943,2.263298231429166
33163179,1154,Woman #1154,https://lh3.googleusercontent.com/9MEwD4iWiioLoZgM4NC7O3WEmaY6FhnqIWFZYGOPMDzkA8Z_2im7Skv4D4Ogf3c2sJJlwybz7tQWMOiQKgHxUaFQhM_-jfOSytIcivA,world-of-women-nft,2.49,187137.6982218495,2.3520257856893028
33128379,603,Woman #603,https://lh3.googleusercontent.com/Q4No6j7Ng-yQfxiAD5EoPZn7mljwsqStCXN80ndSIDpX-qt5AxVzLyackHLrbxuzaMGaMJdZffMdjDu9EH5hpEAAaNWP3ju3RxXzng,world-of-women-nft,2.12,158104.21046215415,2.208175679646059
33197981,2227,Woman #2227,https://lh3.googleusercontent.com/AueJJEJLAoDLRzmRFbkq9P1iX3ApEpetxJjmPYvWzOYCebiFxZn3ltg7wqdpagfJ4TEgKmlK4wMya6QudpswliccbHGrf69U3-qmQg,world-of-women-nft,3.65,336141.8786643151,3.0902859401338043
33127902,369,Woman #369,https://lh3.googleusercontent.com/LqB_jTL7z0WozB6OihMLs6u_2rWhhuc4itNp5dSrJ1v8dhRxQVAduO_bGH7o-sAH035DTO2gyVHqBAXEZEh1lv5hE4aJUH-moNUJTA,world-of-women-nft,2.47,153582.92273976962,2.1857743848481292
33196542,1842,Woman #1842,https://lh3.googleusercontent.com/xuHtKAHBwJXdy5FuGnAToyB2y2UBSzGas19rKmI1HBnOc46AvCwalGdy7RoXOlKj5_dfGEtLepVd_BswSMYFbdhydJmZLQd0xbuQzg,world-of-women-nft,1.86,121689.9152444718,2.027756424752911
33210583,5193,Woman #5193,https://lh3.googleusercontent.com/Ylwmfl157VX64V58hVIdaAxLbmGOHnIpJnU6am1PuqOAwoSD3zxirO_PoTmdfqwE5EXcQG_7pKvvyafALrWtuSwVRV258Nk66aP7VN0,world-of-women-nft,2.75,228696.28578484905,2.557933090985359
33219465,8820,Woman #8820,https://lh3.googleusercontent.com/CMoAHI6FfBrRPR3CerioFd3ptWxP3B5FtlZJ0EcpN92e-ZpFIuFFGRONK7KyOBIEZbsqE9iIqCHwSp0_0mIYP2kS5_wc1sqEZNL_vw,world-of-women-nft,1.8,130232.5357572048,2.0700819240802684
33196425,1783,Woman #1783,https://lh3.googleusercontent.com/B-DABJLF7ZTv0xnKTy21mwbT12FIWViEtaCz7_EKN3adnOaXvefyebQYayVyY7uenkr1N3X3FH-LS4vNtg-jy9OC72-XNRd4LQnIHg,world-of-women-nft,1.88,141916.76827394837,2.1279729394649496
33212745,5659,Woman #5659,https://lh3.googleusercontent.com/F24U8FUmWE2xq7dh_TD6DWUhzhROevxCRsdtp1rrkshQAdgohXOhwgSB9W6EZ9eHkaq-doiZDH9c_0rpRNMvYPZCuJV_TJ19G2EJ,world-of-women-nft,3.0,271294.2284280332,2.768990013156198
33206746,4340,Woman #4340,https://lh3.googleusercontent.com/H_OOjo9_g1s8X69gm1tAxT2FuQ7amxeDSIcDb19MGXZKwW6WOyNlSBHUGxknG0IrJwQh0UJJDxn8GkYow4pfCXbsQr0G5RAuBThyuQ,world-of-women-nft,2.1,132884.42442400765,2.0832210436063776
33207826,4539,Woman #4539,https://lh3.googleusercontent.com/AE0X_JsBh0UZ2pTuUsD4FL6v9gH3rbKhomz9XB6uYnoBFTR4QllFKKclBnoto0JTer-698_F2RwHKyCR6-pwPvMJCl5k9bsLDP5Q5zw,world-of-women-nft,2.7550970340110865,190967.4055811125,2.3710005576596664
33194146,1303,Woman #1303,https://lh3.googleusercontent.com/GcEehC55Z9to3kjZTZTExKm15XyewuebKtCrdW39Jf2Mge1ZWtDipRkbWilnnCzacfYQnEfzaOCCz7sGp5oUbN1q6uczVMG6JQdNBQ,world-of-women-nft,1.7,72740.38255982763,1.7852297422635883
33208306,4643,Woman #4643,https://lh3.googleusercontent.com/xUpZ0DcO-s3iEyVzpUoyByd-9rKCcmxSOizR8F1VDRRt6AH5-C1jcE5_ie5trYZGJxJKCX4wW4UD1nAzReRwZpdgUGOwybbsGqM8nQ,world-of-women-nft,1.96,134988.77898881218,2.093647335817813
33128266,527,Woman #527,https://lh3.googleusercontent.com/aML1aLDgUvj9AEwBlo9XPUCJNCvlwhraIZEG53VO-SxMnKlEwu4_baqEKY-Z-FzLnKxTofuAWeiXmdkOq-MQFmB6zuAbz8f6BPRY,world-of-women-nft,6.8,1166058.685961844,7.20221426665575
33196788,1932,Woman #1932,https://lh3.googleusercontent.com/dQ6AZgRZKbxtyGb6KL53LaUUTQFgN61W2u9XiY1VaY-35t7SgT8pLzzObGI81h3BttnEDzlnISaiU15tFqzsQW3EOx2IaCNo7QszLA,world-of-women-nft,2.1,132985.34924241444,2.083721088449435
33192228,1261,Woman #1261,https://lh3.googleusercontent.com/epMOI5qeiDSxgX4m7nEb5SyghSW4kCtwdWuLBMSm8n52NWn5LRqh5yK2UcTgRNSYWOAerLW4xI1hbkUXjzHZTIeTIybllCSeoNmiS3s,world-of-women-nft,3.0,271754.69238520355,2.771271440369363
33196548,1850,Woman #1850,https://lh3.googleusercontent.com/r5wi0Kf7Cy0BIC_P5kQKjvNt9a_zyywXnnXlsSlnEfMxYkGnaUeBB5Fg21-YWJlmYVszNloyGFlnudp4MUmh2GPlBig9cNlDwKL9GHQ,world-of-women-nft,2.2,146228.57808557892,2.149336349323768
33212748,5661,Woman #5661,https://lh3.googleusercontent.com/SwVM75afokgLDOzKHBGSUNWZpQLKF2BBkRCapLpZ2ZG0r2I4mFgPjl8G2l8XeYOEUSLq0R-s3eznGLilq6uHqmIjvKjQrtJXoDi1,world-of-women-nft,1.95,133815.98806533078,2.0878365940941284
33209868,4979,Woman #4979,https://lh3.googleusercontent.com/A1m1EDMt2WJGo0IiNgk9VIs4kPDoLd_kQcoIc7GWr8llDi438wnXUWlOxTpnwR54ptylt-4AogZBVOOprUQEMheypp4wfLpVm54pow,world-of-women-nft,2.49,155794.23353318192,2.1967306052912177
33215029,6339,Woman #6339,https://lh3.googleusercontent.com/RelJbvLcMLGYKaviKZbTQ8agOuRZHDXcrBWv9biWdmBb_gl0J75I00UhKmDxv314UMabDDgG73GmbEhIjs4DTVy2OEkZd5QkUqpTmQ,world-of-women-nft,3.5,370017.5728157959,3.258127373319926
33205309,4091,Woman #4091,https://lh3.googleusercontent.com/0R6uTNNyDNXYb8YDT6F4R9Z69NtecBq7wTFHcrjLMy_SdDkle7BD9iNYJytachrk4eiImYyBvcTBibZwFXExD7WGUjoEicDoT9WB,world-of-women-nft,5.0,878695.731789798,5.778437978643488
33210589,5197,Woman #5197,https://lh3.googleusercontent.com/TvE59XJyrm0MR0h6P3gI73CWuxUNClLXq05aeTzoKUlfgw_IAFNwUVbpOCa4wDR6Jta0DvbrYUk4u-TvxMIcDyjNLTwNSmc4Q_AawQ,world-of-women-nft,3.0,316889.7559264648,2.9948988505660865
33210469,5144,Woman #5144,https://lh3.googleusercontent.com/xrmqHJFTTgp6Vl6jqgFTG22cWbd_QalPjYiyaUcfwicmkpT6IBH_k3PpHp4ckvm13xnASxldCWHMPyQkSpGd50jvPsUfvvqlz6XlMA,world-of-women-nft,1.69,71762.76568645498,1.7803860151830428
33204950,4004,Woman #4004,https://lh3.googleusercontent.com/u6-Jrxa2Po33b4JzhTqDe78YnwYg8QNYxvG77pLsQF4RxOOPCiMIQmlMYa5gnWJEzdrWlzut9FV0ayezVScj568HMtO1Nn7Jp2yEZA,world-of-women-nft,2.25,152694.0111839257,2.181370159540114
33215150,6379,Woman #6379,https://lh3.googleusercontent.com/TunX5svkDVWQH5f438m9OGXpJtN2GumtfSIiD6WyQ1UFmVrY0cFYgHzGvG5Aw033tm4JjVeYlLwlajSZ_9eg-BD03nL56O-oQLLKXQ,world-of-women-nft,1.666,97502.8679614626,1.9079186241644528
33220671,9381,Woman #9381,https://lh3.googleusercontent.com/jHofQhoddC-hTBROHDSEGQco-rJDpCdBXNGWrnFcH1QGriPYPPCbo1-tEBII4-VnbzbCu1U1ur-74J8h_dMR7NnJbd7duAxLvdmk,world-of-women-nft,2.899,379619.448615254,3.305701087625224
33209871,4981,Woman #4981,https://lh3.googleusercontent.com/Eik_E33HXSq17j1LM-KuisEd5X13eid_iJHPlcxjI1Nn8mUVlQC4OaxIFbmlcBwo-Qm9BKRZ9Tbmnh8nsGVgtZTTO0c4dTD0qUInXQ,world-of-women-nft,3.25,265835.6786826586,2.741944934514131
33127792,307,Woman #307,https://lh3.googleusercontent.com/9UCRH_eET5pDOLSxUdno8wAaZ3xDdJdI3rv7kAnrRktFOHSKe0T7Eel-1uGlL3xfZRJZ84j1dfnYT21bHiF4cnpU4z0EAXkSLtpA,world-of-women-nft,2.088,131604.7257225176,2.0768806137056925
33127913,384,Woman #384,https://lh3.googleusercontent.com/uF0OQ5-lIxguTrOsAE-w5JHTU0OxeBOF2--AXLoUo78T63Jpyk6YsuMhD3ezCxyMtDKipgMsa33H73F7TjC3MsRKXGiXz48LU7ogRvM,world-of-women-nft,2.3,132847.27856686115,2.083036999734907
33206633,4302,Woman #4302,https://lh3.googleusercontent.com/tNL04U1KBvZz1K8lMqXn123sualb0TOwmneK2fRXLV2zJ992bZEt7lTC-8xELbPZqV_5vIuClf0V_9fbtiBiEc0BOrGzr2mrZvzP,world-of-women-nft,1.21,51495.99724394778,1.6799717344828207
33212753,5665,Woman #5665,https://lh3.googleusercontent.com/Xl4WSI14s7MgeRPawBUPZ5v_j_HkE54tjiZhAYk_4IMgtC6wn6BvxlSOpgp0MrLAbTjUeeUVh-9TlN-YXC03dmtmJ9J6qkhyeoDwDuc,world-of-women-nft,2.38,142699.2383805836,2.1318497870812876
33219117,8639,Woman #8639,https://lh3.googleusercontent.com/keDrAifkPsDSi9P7ib6C_Iy_rDAXNG47watJkLTDue7Fk4UEFbHWo6RSrE5hIERmmBVBVQwDx4_ruF7XavjlCQShX8tnSSfgqGH1yA,world-of-women-nft,2.5236,256256.42071517865,2.6944832831327044
33201117,2977,Woman #2977,https://lh3.googleusercontent.com/DVzckrT7AQ-XFC4y1UKDh-9P1XRbXc33T3qlbIQ6FoG1y1raMh-zlRkLOaL1qMlyQc4eQZUcRAHem_sYuzhdDCrIa_1a1ESDSIuWQmc,world-of-women-nft,6.0,908837.8360328164,5.927780865988353
33201478,3068,Woman #3068,https://lh3.googleusercontent.com/sTEDGQYLFU5Jt97kU_d4fvMjlPg_lseJCAAR7XQNNpOpxBbJpDHVTioLkPjmQhZDYNWya4qT-WjRBDQ6ND-FhCPiqzR2EeRoHXm0vw,world-of-women-nft,1.385,67408.87506571693,1.758814110605898
33217438,7854,Woman #7854,https://lh3.googleusercontent.com/aSRzOoTsk71QTWLBtRzvsmdwuyX90qtnf4eNizEHC4r2-Vz_yUPaqN-N_upcrv-i3v6WhVvWGidW8Rh4bK80LhASMux7l41qs0JdIA,world-of-women-nft,3.1,290241.5266961341,2.862866811137147
33210838,5254,Woman #5254,https://lh3.googleusercontent.com/VJLRMQL60uDpAYGsNZgEg1z6bC2xtqLR_wgNBVz0xrS3dLV2BjNVJucxr62e7G6DA4Am9minphKtj_OEKs9crRVGJ9q3s9OW9_GZ,world-of-women-nft,3.99,401589.4774718513,3.4145543885773035
33212518,5606,Woman #5606,https://lh3.googleusercontent.com/JtZBJKC0JsCtvx_NBG42EFlO20LxtPs5YNC32ztghj2fMFgO5xeVe6ww1d6vsdI4nF3XQVdlZhmFdQ5XN2qE22qGO18sZqQNYQW71g,world-of-women-nft,2.99,314168.9442660911,2.9814182433063627
33215039,6347,Woman #6347,https://lh3.googleusercontent.com/f_3Jx4lQQdrBbXru6COa-UhLzYWlcnCaqovTZIGTaw5LuwVuEOywt5Aue9q14kBXPxITi_ODGGXOi5ecLllmhlx5cG6WvXD6zI6IVzI,world-of-women-nft,3.35,339081.1170912519,3.1048487705763868
