id,token_id,nft_name,image_url,slug,last_sale_total_price,rarity,predicted_price
2946000,145,Purple Rain,https://storage.opensea.io/files/5817643c343315c02bf9ce8c565be733.svg,zed-run,10.0,1010627.2078987496,2.316312585848958
3711840,3529,Priors Gate,https://storage.opensea.io/files/5817643c343315c02bf9ce8c565be733.svg,zed-run,0.25,631.6147790187824,2.1573408698507364
3686641,3406,Hsss Goes The Snake,https://storage.opensea.io/files/d3ccd74e3d96cdff2ac9fb1d5e7ad1e3.svg,zed-run,0.122,150.81398728718386,2.157265192563196
3249241,964,Perky Chicken,https://storage.opensea.io/files/26a2f82a09efa85b593eee22e8543224.svg,zed-run,0.9,8224.051589339679,2.158535907449481
3275042,1278,Royal Flush,https://storage.opensea.io/files/2298002e0dd1bfd5e1e0d551df075b5e.svg,zed-run,0.5,1276.5452451263789,2.1574423808905814
2942522,118,Boomba,https://storage.opensea.io/files/fede05df650958d901de47e5e9af6712.svg,zed-run,4.25,93356.90052118918,2.1719356838195045
3475203,2612,Dollar Bill,https://storage.opensea.io/files/304bdd2c1c59fbf5de9da3784a8ba82f.svg,zed-run,0.15,226.5837326926048,2.1572771186018143
3706444,3489,Casino Empress,https://storage.opensea.io/files/dc4c82c07b2274f9be96a63327a2774d.svg,zed-run,0.195,573.0687500789992,2.157331654797969
3011165,293,Curved Agony,https://storage.opensea.io/files/c431a593fca5b7905f17ec5da63acc99.svg,zed-run,3.3,109814.8849781704,2.174526144657969
3725525,3914,Oakfield Missile,https://storage.opensea.io/files/5817643c343315c02bf9ce8c565be733.svg,zed-run,0.04,16.156306354685587,2.157243997656252
3301446,1353,Lolly Chelsea,https://storage.opensea.io/files/b0b60f206b0490332acb325def9367b5.svg,zed-run,0.6,5454.145423824118,2.1580999285805773
3005167,277,Boiling Religion,https://storage.opensea.io/files/d4eff6e88286af4b50c16c8dc42fec53.svg,zed-run,1.0,10073.52031896301,2.1588270109153145
3012247,303,Blaring Vista,https://storage.opensea.io/files/c431a593fca5b7905f17ec5da63acc99.svg,zed-run,2.5,63025.07172760008,2.1671615017284847
3261487,1167,Limited Edition,https://storage.opensea.io/files/c4a7809ce83ef05a7ca29f62d9aa24b0.svg,zed-run,0.3,461.9604038182798,2.1573141665192206
3430448,2062,East Coast,https://storage.opensea.io/files/47a74af467177092c7110480d518909b.svg,zed-run,0.3,1361.2457891995346,2.1574557126228475
4057808,4266,Elusive In Paris,https://storage.opensea.io/files/18351e0d296d61a82630b09b48807b7e.svg,zed-run,50.0,25160310.05257606,6.117434639038013
3363849,1699,Mangelica,https://storage.opensea.io/files/d3ccd74e3d96cdff2ac9fb1d5e7ad1e3.svg,zed-run,0.4,1621.0209411601334,2.157496600822719
3237969,802,The Scent of Allure,https://storage.opensea.io/files/e77965981347017f8dc40b480bfafb99.svg,zed-run,2.75,76142.26278790183,2.1692261269467905
3255129,1055,Tirith Vigilance,https://storage.opensea.io/files/78ebf6a6e8ec4fbce75b0cbb08fa9782.svg,zed-run,0.77,5992.286573924741,2.158184631150236
3266529,1200,Transformed,https://storage.opensea.io/files/0ac5fd41c162b94055545bd0baf9a1ee.svg,zed-run,0.6,3650.3130650698977,2.1578160082076594
3135730,494,Dauntless,https://storage.opensea.io/files/be308d8d44d7e643bf6aa150db6584b6.svg,zed-run,3.35,226483.38309265848,2.1928895825526893
2852771,65,Ambassador,https://storage.opensea.io/files/ec30945f751456d12537383e6a3ed254.svg,zed-run,1.0,10143.309116024531,2.158837995562081
14000891,4928,Elusive,https://storage.opensea.io/files/30cd266972ab77f9bc21ffa955025685.svg,zed-run,0.3,1363.8960222919725,2.157456129765363
14878571,5418,Banana Boat,https://storage.opensea.io/files/5a96796256f6a51599b6d94735cd30ef.svg,zed-run,0.03,9.171307250764665,2.1572428982283918
3249252,968,Double Spend,https://storage.opensea.io/files/d2ed77286eea1408cc75b9f32928ddb3.svg,zed-run,2.5,63397.01489024796,2.1672200449966166
3096853,453,Can't See The Finish Line,https://storage.opensea.io/files/d1c2b3ad1d65ca3aeebb1fc60496391f.svg,zed-run,2.25,51472.12402149582,2.1653430859510414
3011173,294,Owner Mode,https://storage.opensea.io/files/02b9d3723c4c24ecc3e94adbde00f9d2.svg,zed-run,1.4,19779.07227516948,2.160354649510669
3301454,1354,Muse Hacker,https://storage.opensea.io/files/c4a7809ce83ef05a7ca29f62d9aa24b0.svg,zed-run,0.3,911.9763401037504,2.1573849983189883
2993414,229,Ruckus,https://storage.opensea.io/files/cc9a62a788d3d77e12390e3bbba95525.svg,zed-run,12.95,857546.5355124892,2.292217929059183
3235695,709,Skull Crusher,https://storage.opensea.io/files/d1c2b3ad1d65ca3aeebb1fc60496391f.svg,zed-run,1.6,26022.019304152684,2.1613372795427646
3394936,1776,Win Doctor,https://storage.opensea.io/files/e4d2a8254de9bbbd26c201d9b9c429a6.svg,zed-run,0.2,402.77865795285686,2.1573048514056103
3301457,1355,Tequila Mockingbird,https://storage.opensea.io/files/615b6d23091ced6fa787c06f12b44862.svg,zed-run,0.36,1312.9029419872722,2.1574481035348176
2930657,108,PS: I Don't Love You,https://storage.opensea.io/files/11bf7aba126589925d3af401008770bf.svg,zed-run,2.5,63496.19135364418,2.16723565521579
3081497,426,Bam Bam Boogie,https://storage.opensea.io/files/a2f4d9bd8829dad233d734bc572c8003.svg,zed-run,2.2,49133.03788584937,2.1649749174764614
3235938,769,Children Of Gambino,https://storage.opensea.io/files/0ac5fd41c162b94055545bd0baf9a1ee.svg,zed-run,1.25,15836.649160755573,2.159734118320277
3276499,1291,Tiny Potatoes,https://storage.opensea.io/files/78fa813d1d89c19ccd6aaaf9151c25e4.svg,zed-run,0.75,2863.6629527295763,2.1576921907186515
3005420,289,What Did Bongo Say,https://storage.opensea.io/files/169d85e5d6cd4440c191a80a1a5e217b.svg,zed-run,6.0,722977.309995065,2.271036944858076
3235940,771,Maverick Ray,https://storage.opensea.io/files/8106a22449df605fbabc06589b90d202.svg,zed-run,0.99,14817.591531825245,2.1595737202541114
3688460,3415,Wheeler Fortune,https://storage.opensea.io/files/d42e64e37e0df52e4430374b219f13f9.svg,zed-run,0.2,405.8801786187459,2.157305339580079
3243501,843,Omen,https://storage.opensea.io/files/744eda00657e99e833effe2a21217a08.svg,zed-run,1.6,25895.469426754684,2.16131736079133
3598221,2813,Calbanesco,https://storage.opensea.io/files/5d3aae1c11680d650910077576e881c7.svg,zed-run,0.15,339.4047665406935,2.1572948764548916
3724341,3854,Background Scalper,https://storage.opensea.io/files/dc4c82c07b2274f9be96a63327a2774d.svg,zed-run,0.33,1096.963023708032,2.157414114931704
2805261,29,Satoshi,https://storage.opensea.io/files/18351e0d296d61a82630b09b48807b7e.svg,zed-run,40.0,8115773.835973926,3.4346514772050813
3301461,1357,Doctor Pin Action,https://storage.opensea.io/files/7bfda0d4c09db6322f71e9c6155877ec.svg,zed-run,0.2,203.0685440191107,2.1572734173481445
3124342,476,Immortal Runner,https://storage.opensea.io/files/571a21ca35af66dc55e747d2157b7c5e.svg,zed-run,2.39,86387.95156955557,2.170838782227961
3724222,3851,Wicklow Brave,https://storage.opensea.io/files/e92991211506f3e3bf438e458e63f989.svg,zed-run,0.075,56.64079398755336,2.157250369850858
3003023,267,Fake It Till You Make It,https://storage.opensea.io/files/e92991211506f3e3bf438e458e63f989.svg,zed-run,2.5,63020.115081729295,2.1671607215602293
3114984,468,Whisper Land,https://storage.opensea.io/files/e91da940f3c4312a05ab3b5b0b85ae85.svg,zed-run,2.5,63370.95561578468,2.1672159433078493
3041545,362,Third Head,https://storage.opensea.io/files/24a5a425ea4fd608b9b89054bc82a562.svg,zed-run,5.5,457194.6403813296,2.229203171167466
3396986,1804,Marquee Club,https://storage.opensea.io/files/d42e64e37e0df52e4430374b219f13f9.svg,zed-run,0.5,2534.4481601982625,2.1576403728286953
3183626,550,Golden Laurëa,https://storage.opensea.io/files/640569dc9717f3179ea92c6a9a4fc754.svg,zed-run,1.1,12199.977712236068,2.159161711960654
3242907,819,Noisy Stirring,https://storage.opensea.io/files/dc4c82c07b2274f9be96a63327a2774d.svg,zed-run,0.99,14766.101129723813,2.1595656157458984
3712707,3620,Light Well,https://storage.opensea.io/files/8106a22449df605fbabc06589b90d202.svg,zed-run,0.12,145.73767629136293,2.1572643935598386
3243028,831,Hooray,https://storage.opensea.io/files/11bf7aba126589925d3af401008770bf.svg,zed-run,0.5,2533.863865720892,2.1576402808616644
15491308,6021,Serendiptous,https://storage.opensea.io/files/be308d8d44d7e643bf6aa150db6584b6.svg,zed-run,0.1,151.6021186914946,2.157265316613838
3410668,1963,Snippety Sip,https://storage.opensea.io/files/e91da940f3c4312a05ab3b5b0b85ae85.svg,zed-run,0.185,346.33234677864306,2.157295966845113
3096508,441,Bermuda Triangle,https://storage.opensea.io/files/c4a7809ce83ef05a7ca29f62d9aa24b0.svg,zed-run,2.5,63403.48472172013,2.1672210633379025
3243029,832,Good Investment,https://storage.opensea.io/files/70a53e51eed330ed7ce90572b69410ce.svg,zed-run,0.95,13633.451025389506,2.1593873384029694
3301469,1359,The Hedonist,https://storage.opensea.io/files/571a21ca35af66dc55e747d2157b7c5e.svg,zed-run,0.75,8495.925276673239,2.15857869993977
2944229,140,Grandeur,https://storage.opensea.io/files/d2ed77286eea1408cc75b9f32928ddb3.svg,zed-run,4.0,162596.70747276233,2.1828339204073273
3041310,361,Alpha and Omega,https://storage.opensea.io/files/5207910ceb7d28a9a4a4945e8b480f9e.svg,zed-run,1.5,34054.4042739418,2.1626015642890586
2758830,9,Climbing Thunder,https://storage.opensea.io/files/e77965981347017f8dc40b480bfafb99.svg,zed-run,2.33,54718.02005574546,2.165853984875781
3275670,1287,Dream Fire,https://storage.opensea.io/files/c9ba3ad858f4787dbfae08013f48870f.svg,zed-run,0.33,1102.3483784618984,2.1574149625780623
3644070,3303,Dark Illustrator,https://storage.opensea.io/files/270258a911a32858f605ca06a1bd67dd.svg,zed-run,0.1,101.26599761088028,2.1572573937876403
2786190,15,Starman,https://storage.opensea.io/files/ec30945f751456d12537383e6a3ed254.svg,zed-run,2.0,40573.23646409813,2.1636276182111085
2941830,115,One More Time,https://storage.opensea.io/files/dc4c82c07b2274f9be96a63327a2774d.svg,zed-run,3.75,71461.44781043164,2.1684893740398397
3430832,2110,Westside Magic,https://storage.opensea.io/files/615b6d23091ced6fa787c06f12b44862.svg,zed-run,0.25,633.1779483109506,2.1573411158911213
3243393,834,Dasher,https://storage.opensea.io/files/c0483f261da55d8d86be05c43b1fb388.svg,zed-run,1.5,22762.820830872537,2.160824286835068
3250593,982,Relax Mate,https://storage.opensea.io/files/c431a593fca5b7905f17ec5da63acc99.svg,zed-run,0.5,2518.3461586075173,2.1576378383989994
3276513,1292,Go Team,https://storage.opensea.io/files/78fa813d1d89c19ccd6aaaf9151c25e4.svg,zed-run,0.75,2863.762554513768,2.1576922063958155
3005314,281,Cryptomania,https://storage.opensea.io/files/c431a593fca5b7905f17ec5da63acc99.svg,zed-run,1.15,13336.105177560175,2.1593405366347276
2996557,240,Better With Bacon,https://storage.opensea.io/files/56b0b55764b8b34cdeabfc64d61aba13.svg,zed-run,1.4,10071.229137914575,2.158826650287025
3275558,1283,Norse Code,https://storage.opensea.io/files/70a53e51eed330ed7ce90572b69410ce.svg,zed-run,1.0,5105.2795879087325,2.1580450176473356
2991758,223,The Majestic,https://storage.opensea.io/files/169d85e5d6cd4440c191a80a1a5e217b.svg,zed-run,4.5,204174.73687222408,2.189378236765224
3096519,442,Glider,https://storage.opensea.io/files/1210bb2b85a405cbe3c71c2def45ee44.svg,zed-run,2.5,94531.71188442604,2.172120597278197
3034119,330,Any Victory Will Do,https://storage.opensea.io/files/fede05df650958d901de47e5e9af6712.svg,zed-run,2.25,51478.27488656168,2.1653440540875177
2986959,184,Common Pound,https://storage.opensea.io/files/f7a0ac2530ee42829c5c4057a61efd74.svg,zed-run,3.5,124120.6485855287,2.176777849323632
2996679,241,Behind Enemy Lines,https://storage.opensea.io/files/c431a593fca5b7905f17ec5da63acc99.svg,zed-run,2.2,24582.48209946914,2.161110698653471
3409840,1910,Miss Thought,https://storage.opensea.io/files/2953211f71fdaa355e15c5b90882f071.svg,zed-run,1.0,15150.433090231252,2.1596261089913056
3713920,3801,Seeking Asylum,https://storage.opensea.io/files/fad8aac3dc77f370aa9f3fdcb970fc13.svg,zed-run,0.153,236.81699152390817,2.157278729300641
14901040,5453,Tappy Tuesdays,https://storage.opensea.io/files/ec67c33650fb284165cab2a563e0afd6.svg,zed-run,0.04,24.22760973840149,2.157245268066695
3270640,1230,Three Six Five,https://storage.opensea.io/files/304bdd2c1c59fbf5de9da3784a8ba82f.svg,zed-run,1.25,7921.182489705007,2.1584882363301023
3409841,1911,Rhyme And Rendezvous,https://storage.opensea.io/files/fe209d16a0a4919f98f26e459044ae9a.svg,zed-run,0.6,3627.18662037273,2.157812368141679
3702161,3470,Windcharm,https://storage.opensea.io/files/9cfd6e71d9789f0774eb85c1a31c1c2e.svg,zed-run,0.3,912.7796040668428,2.157385124751471
3243404,835,Honor And Pride,https://storage.opensea.io/files/00773ce49ddd9e3b778041b5282b8186.svg,zed-run,0.99,9912.236667549438,2.158801625122542
3626684,3073,Tycoon Zip,https://storage.opensea.io/files/be91968951c070697ca443c7e3aac9a0.svg,zed-run,0.3,908.9621981857722,2.1573845238977967
3397004,1805,It's My Choice,https://storage.opensea.io/files/c431a593fca5b7905f17ec5da63acc99.svg,zed-run,0.4,1613.6626486969392,2.157495442639072
3264284,1195,It Was Never Ignored,https://storage.opensea.io/files/d3ccd74e3d96cdff2ac9fb1d5e7ad1e3.svg,zed-run,1.25,15830.695212981218,2.1597331811782725
3274004,1269,My First Time,https://storage.opensea.io/files/571a21ca35af66dc55e747d2157b7c5e.svg,zed-run,0.8,3266.474981459329,2.157755592697698
3235725,719,Orlando Eyes,https://storage.opensea.io/files/b1b4699ab65a0f62c868f2651e5e662d.svg,zed-run,1.25,23624.21973022047,2.16095986966545
3002685,264,Dank Dank Goose,https://storage.opensea.io/files/9da8918dc9e324cd0fdaf379e209fd0b.svg,zed-run,4.8,233350.1518886091,2.1939704011486234
2889885,78,Dark Fire,https://storage.opensea.io/files/50e4a4bd77ec27c8464a26841bff7fe3.svg,zed-run,4.95,248187.6724913917,2.1963058035280514
3110925,461,Don't Play Games,https://storage.opensea.io/files/42cab9eea774dfd7fef4011df281207f.svg,zed-run,1.85,34684.43236569374,2.162700729718646
3242805,818,Dreamer,https://storage.opensea.io/files/9de1a44d1f39fd303c3655eb5ed157ae.svg,zed-run,2.25,51366.42865794474,2.1653264496672486
3274846,1273,Imagination Overload,https://storage.opensea.io/files/26a2f82a09efa85b593eee22e8543224.svg,zed-run,0.45,1045.9977695664666,2.157406093080953
3725687,3929,Dutiful,https://storage.opensea.io/files/d8a322844ac1d6687f1b6ff34ffe6474.svg,zed-run,0.09,81.78324938680822,2.1572543272337477
3286487,1307,Translucent Attire,https://storage.opensea.io/files/9504f18d3f58f9a10b572ec961f00af1.svg,zed-run,0.65,2164.287786043636,2.157582110168665
3235848,746,Taken By Storm,https://storage.opensea.io/files/9da8918dc9e324cd0fdaf379e209fd0b.svg,zed-run,0.7,4957.621557195459,2.1580217765058065
2943049,129,Outrageous Thoughtlessness,https://storage.opensea.io/files/4e4dcd78011c9d1c262de5592db3a856.svg,zed-run,5.0,253084.14004535752,2.1970764998109718
3271249,1235,My Main Gallop,https://storage.opensea.io/files/42cab9eea774dfd7fef4011df281207f.svg,zed-run,0.55,3062.0788290608284,2.157723421065157
3276889,1296,Herbal Underground,https://storage.opensea.io/files/d8a322844ac1d6687f1b6ff34ffe6474.svg,zed-run,0.2,203.62528836893853,2.1572735049788285
2996329,236,Shift Enter,https://storage.opensea.io/files/9de1a44d1f39fd303c3655eb5ed157ae.svg,zed-run,2.85,41886.959365458446,2.163834396127169
3235850,745,Shy Excellence,https://storage.opensea.io/files/753f9ff7416a83035e59e4c4e03ca03a.svg,zed-run,1.6,25905.921605993222,2.1613190059478837
3237530,798,Chromatic Compassion,https://storage.opensea.io/files/9575f4630a13f6b4e7cda2fee3aca4fb.svg,zed-run,1.0,10136.51369166311,2.1588369259729867
3261410,1165,Been Working,https://storage.opensea.io/files/fe209d16a0a4919f98f26e459044ae9a.svg,zed-run,0.58,1711.9701302157823,2.157510916081866
3235971,783,Sonic Elegance,https://storage.opensea.io/files/9cfd6e71d9789f0774eb85c1a31c1c2e.svg,zed-run,1.0,10136.889771546792,2.158836985167368
3243411,836,Bumpy Glee,https://storage.opensea.io/files/0c072909c72a59d5249c0eb22ad596ca.svg,zed-run,2.66,71505.09821519538,2.1684962445448166
3583493,2776,Stellar Knight,https://storage.opensea.io/files/9cfd6e71d9789f0774eb85c1a31c1c2e.svg,zed-run,0.1,151.42024149006394,2.157265287986653
3404813,1891,Posh Omen,https://storage.opensea.io/files/c4a7809ce83ef05a7ca29f62d9aa24b0.svg,zed-run,0.45,2051.8574376445576,2.157564413808862
3235973,781,Crooked Snout,https://storage.opensea.io/files/d42e64e37e0df52e4430374b219f13f9.svg,zed-run,1.0,10128.767394397746,2.1588357067179946
3275574,1284,Atomic Conch,https://storage.opensea.io/files/5a96796256f6a51599b6d94735cd30ef.svg,zed-run,0.5,1282.9555015366354,2.157443389854847
3725456,3909,Wedgebrook,https://storage.opensea.io/files/5817643c343315c02bf9ce8c565be733.svg,zed-run,0.07,73.95338794767612,2.157253094825886
3397376,1841,Sennokian Star,https://storage.opensea.io/files/e77965981347017f8dc40b480bfafb99.svg,zed-run,0.45,2042.2917897570635,2.157562908190947
3235978,789,Calming Good,https://storage.opensea.io/files/1210bb2b85a405cbe3c71c2def45ee44.svg,zed-run,0.5,2528.611764880556,2.1576394541892623
3643378,3299,Our Momento,https://storage.opensea.io/files/70a53e51eed330ed7ce90572b69410ce.svg,zed-run,0.25,631.6301478690723,2.157340872269769
3243418,838,Steorra Star,https://storage.opensea.io/files/fede05df650958d901de47e5e9af6712.svg,zed-run,1.9,36622.69205118549,2.163005808741121
3363899,1702,Dagwood Fears,https://storage.opensea.io/files/268716881a462790df48a5030956d00c.svg,zed-run,0.4,2423.0245809762787,2.1576228349327753
3249179,950,Falcon Likeliness,https://storage.opensea.io/files/00773ce49ddd9e3b778041b5282b8186.svg,zed-run,1.0,10113.672292315288,2.158833330772696
3249180,949,Idol Meaning,https://storage.opensea.io/files/88f17c7125263f237a0419b2cd06946e.svg,zed-run,0.76,5867.215333496676,2.158164945133932
3363900,1703,Teaky Freaky,https://storage.opensea.io/files/42cab9eea774dfd7fef4011df281207f.svg,zed-run,0.17,292.5347759777748,2.1572874991921798
3198301,612,Almost Legal,https://storage.opensea.io/files/d8a322844ac1d6687f1b6ff34ffe6474.svg,zed-run,1.05,11129.35297058424,2.1589931973121446
3034141,337,Seventh Idiosyncrasy,https://storage.opensea.io/files/78fa813d1d89c19ccd6aaaf9151c25e4.svg,zed-run,2.0,40410.48216049876,2.1636020009399983
3679742,3394,Stamp Hill,https://storage.opensea.io/files/e91da940f3c4312a05ab3b5b0b85ae85.svg,zed-run,0.25,632.5327233763721,2.1573410143337326
3235863,751,Silver Spark,https://storage.opensea.io/files/26a2f82a09efa85b593eee22e8543224.svg,zed-run,0.7,4972.51352769014,2.158024120478513
2787543,17,Hammer,https://storage.opensea.io/files/ec30945f751456d12537383e6a3ed254.svg,zed-run,3.25,107138.70253800912,2.174104917755857
3011343,295,Embarrassed Friend,https://storage.opensea.io/files/e92991211506f3e3bf438e458e63f989.svg,zed-run,1.6,25800.27433938873,2.161302377234475
3242944,823,Glorious Victory,https://storage.opensea.io/files/78ebf6a6e8ec4fbce75b0cbb08fa9782.svg,zed-run,0.77,5997.730777590818,2.15818548805932
3712624,3607,Saga Bolton,https://storage.opensea.io/files/640569dc9717f3179ea92c6a9a4fc754.svg,zed-run,0.12,145.21928318116557,2.157264311965579
3205264,629,Take Caution,https://storage.opensea.io/files/dc4c82c07b2274f9be96a63327a2774d.svg,zed-run,1.2,14494.914423836635,2.159522931385408
3404105,1886,Sussex Muster,https://storage.opensea.io/files/7b518d7acfbbb3401213049d8945fa3e.svg,zed-run,0.333,1678.9011120116188,2.157505711070472
3048426,380,Stryker,https://storage.opensea.io/files/94649ddc7af17242a7082ec6cdd8d9e8.svg,zed-run,4.55,210448.01340647764,2.1903656406136913
3439626,2381,Nobbly Bobbly,https://storage.opensea.io/files/42cab9eea774dfd7fef4011df281207f.svg,zed-run,625.0,3959425438.0025873,625.364570807516
3297307,1336,Double Sided Coin,https://storage.opensea.io/files/1210bb2b85a405cbe3c71c2def45ee44.svg,zed-run,0.8,6476.000070861892,2.158260766892989
3048427,381,Shower Night,https://storage.opensea.io/files/2996f9104ce40ede47cfd2ddf6fb5c96.svg,zed-run,3.0,90988.70745383666,2.1715629339597062
3271267,1237,Principal Purpose,https://storage.opensea.io/files/1a870abc6a00d51c1757a5f09eb4a042.svg,zed-run,0.25,321.59586407480424,2.157292073361686
3435428,2317,Tempt Me,https://storage.opensea.io/files/d4eff6e88286af4b50c16c8dc42fec53.svg,zed-run,0.3,1355.589207656651,2.1574548222858194
3005349,282,Outrageous,https://storage.opensea.io/files/e4d2a8254de9bbbd26c201d9b9c429a6.svg,zed-run,1.32,17556.517001281947,2.1600048228102384
3005230,279,Cash Only,https://storage.opensea.io/files/fad8aac3dc77f370aa9f3fdcb970fc13.svg,zed-run,3.5,185284.32439899744,2.186404915587151
2921471,93,Only Kid I Know,https://storage.opensea.io/files/ec30945f751456d12537383e6a3ed254.svg,zed-run,1.7,43764.163345310895,2.1641298650777157
2851631,56,Famous,https://storage.opensea.io/files/ec30945f751456d12537383e6a3ed254.svg,zed-run,2.0,40605.816434586246,2.1636327462471625
3005351,283,Cached Up,https://storage.opensea.io/files/e92991211506f3e3bf438e458e63f989.svg,zed-run,0.701,4954.9036114042965,2.1580213487054185
2851632,57,Cyber,https://storage.opensea.io/files/d8a322844ac1d6687f1b6ff34ffe6474.svg,zed-run,4.5,204365.97311705924,2.1894083370490365
3274872,1274,Million Dollar Baby,https://storage.opensea.io/files/9575f4630a13f6b4e7cda2fee3aca4fb.svg,zed-run,0.7,2516.47017764782,2.1576375431225503
3041594,363,Super Spirit,https://storage.opensea.io/files/65d88bc2515c69196e3c18a4dd0e9181.svg,zed-run,2.5,63003.16989785865,2.1671580544149704
16072274,7093,Ripples,https://storage.opensea.io/files/4323be07038d412f6ba3e0a9a2c210e7.svg,zed-run,0.02,6.286477182170239,2.1572424441606812
3404474,1888,Grunt,https://storage.opensea.io/files/ec30945f751456d12537383e6a3ed254.svg,zed-run,0.22,490.3674048811268,2.157318637736458
7353434,4561,Traktor,https://storage.opensea.io/files/d4eff6e88286af4b50c16c8dc42fec53.svg,zed-run,0.225,509.99611961480974,2.1573217272652494
2827996,41,That's Joe To You,https://storage.opensea.io/files/ae048a90a4bd6ec7a041d2b8c71ebc70.svg,zed-run,11.0,1222417.0853550874,2.3496479790721003
3264556,1196,Give Me A Bit,https://storage.opensea.io/files/d3ccd74e3d96cdff2ac9fb1d5e7ad1e3.svg,zed-run,1.27,16341.615713713758,2.1598135992605823
3274877,1275,Locked and Loaded,https://storage.opensea.io/files/c431a593fca5b7905f17ec5da63acc99.svg,zed-run,0.7,4941.971248122377,2.1580193131718017
3696678,3457,Buckhound,https://storage.opensea.io/files/615b6d23091ced6fa787c06f12b44862.svg,zed-run,0.12,290.08130435707614,2.15728711301961
3243558,849,Meadow Run,https://storage.opensea.io/files/2996f9104ce40ede47cfd2ddf6fb5c96.svg,zed-run,0.7,4948.535711248209,2.158020346407961
3274879,1276,What's Your Problem,https://storage.opensea.io/files/2953211f71fdaa355e15c5b90882f071.svg,zed-run,1.0,5145.71089503543,2.158051381471413
3728480,3992,Two Bills,https://storage.opensea.io/files/9575f4630a13f6b4e7cda2fee3aca4fb.svg,zed-run,0.2,405.34294708348335,2.1573052550206815
3005361,284,Oscars Pet,https://storage.opensea.io/files/e4d2a8254de9bbbd26c201d9b9c429a6.svg,zed-run,4.1,169378.47267650912,2.183901359571697
2851641,59,Pegasus,https://storage.opensea.io/files/fe209d16a0a4919f98f26e459044ae9a.svg,zed-run,4.0,81399.14597916724,2.1700535520835045
3342922,1525,Minute Matriarch,https://storage.opensea.io/files/5817643c343315c02bf9ce8c565be733.svg,zed-run,1.5,22712.27365173104,2.1608163307886636
3249202,952,Salty Pudding,https://storage.opensea.io/files/70a53e51eed330ed7ce90572b69410ce.svg,zed-run,1.0,10101.330676386377,2.158831388221782
2851642,58,Shadow Hunter,https://storage.opensea.io/files/e77965981347017f8dc40b480bfafb99.svg,zed-run,3.0,45709.63341592034,2.1644360790034542
3275362,1279,Rail Jail,https://storage.opensea.io/files/e613feb45b68d11cbb9b89a3ea7abb40.svg,zed-run,0.5,1270.9562411093434,2.1574415011901498
2987243,192,Horus,https://storage.opensea.io/files/d2ed77286eea1408cc75b9f32928ddb3.svg,zed-run,2.0,60649.17686819058,2.166787539618744
3005363,285,Aim for Glory,https://storage.opensea.io/files/c431a593fca5b7905f17ec5da63acc99.svg,zed-run,1.8,32656.04173600827,2.1623814642274772
3242963,824,Revoke,https://storage.opensea.io/files/e91da940f3c4312a05ab3b5b0b85ae85.svg,zed-run,1.65,27539.706882924394,2.1615761611778828
3275963,1288,Prey For Piece,https://storage.opensea.io/files/2953211f71fdaa355e15c5b90882f071.svg,zed-run,1.0,5145.71089503543,2.158051381471413
3019764,314,Van Dickson,https://storage.opensea.io/files/73f0d63ed102e8e4f20a2b9b4ad685fa.svg,zed-run,2.6,68707.28656457421,2.1680558733964976
2989404,202,Tinder Romance,https://storage.opensea.io/files/b0b60f206b0490332acb325def9367b5.svg,zed-run,1.95,38621.63056166891,2.163320438515103
3693685,3440,Aerojet,https://storage.opensea.io/files/922cc0a46a832cc59e910fc9dc05c945.svg,zed-run,0.07,98.7501027837526,2.157256997789756
2851645,60,Enigma,https://storage.opensea.io/files/d8a322844ac1d6687f1b6ff34ffe6474.svg,zed-run,0.43,941.5052069149614,2.1573896461161275
3555926,2708,See Bling,https://storage.opensea.io/files/cc9a62a788d3d77e12390e3bbba95525.svg,zed-run,0.2,604.313171342266,2.1573365726206775
3096807,452,Airborne Magic,https://storage.opensea.io/files/9da8918dc9e324cd0fdaf379e209fd0b.svg,zed-run,6.0,616476.5932270292,2.2542738997368996
2849847,48,Long Fly,https://storage.opensea.io/files/dc4c82c07b2274f9be96a63327a2774d.svg,zed-run,4.3,279011.2885590839,2.201157392161637
3631287,3224,Ayas Gift,https://storage.opensea.io/files/e77965981347017f8dc40b480bfafb99.svg,zed-run,0.14,197.4372120328752,2.1572725309853573
3725247,3890,Jewel of Denmark,https://storage.opensea.io/files/cc9a62a788d3d77e12390e3bbba95525.svg,zed-run,0.35,1237.852480800037,2.157436290710403
2849849,51,Forged,https://storage.opensea.io/files/4323be07038d412f6ba3e0a9a2c210e7.svg,zed-run,3.74,141627.96048680952,2.1795334726495375
2947170,150,Autumn Star,https://storage.opensea.io/files/42cab9eea774dfd7fef4011df281207f.svg,zed-run,3.33,112467.87987353413,2.1749437218770415
2851650,61,Star Beam,https://storage.opensea.io/files/e77965981347017f8dc40b480bfafb99.svg,zed-run,3.0,45756.10328774412,2.164443393288107
3034171,346,Fern Of Gully,https://storage.opensea.io/files/2996f9104ce40ede47cfd2ddf6fb5c96.svg,zed-run,2.5,63185.49571200666,2.1671867522110237
3693691,3441,Chain Of Events,https://storage.opensea.io/files/11bf7aba126589925d3af401008770bf.svg,zed-run,0.11,122.85967966084908,2.157260792599193
2851652,62,Absolute Bullet Proof,https://storage.opensea.io/files/03bedbdf9c06e17ee491099211d0af76.svg,zed-run,3.0,45812.93242556159,2.1644523381049154
3340173,1499,Erie Coincidence,https://storage.opensea.io/files/e91da940f3c4312a05ab3b5b0b85ae85.svg,zed-run,0.52,2736.324623560956,2.15767214786615
2945974,142,The Weekend,https://storage.opensea.io/files/ae048a90a4bd6ec7a041d2b8c71ebc70.svg,zed-run,7.77,610416.2364319642,2.2533200091201127
3235534,670,Gigantic Bubble,https://storage.opensea.io/files/268716881a462790df48a5030956d00c.svg,zed-run,0.35,1242.155108715251,2.1574369679372616
2849857,54,Pointless,https://storage.opensea.io/files/fe209d16a0a4919f98f26e459044ae9a.svg,zed-run,2.5,63097.44760199988,2.167172893577151
3096697,447,Four Legged Pride,https://storage.opensea.io/files/5207910ceb7d28a9a4a4945e8b480f9e.svg,zed-run,2.05,42593.55953832906,2.1639456138817525
3276458,1290,Babylon Cheyney,https://storage.opensea.io/files/78fa813d1d89c19ccd6aaaf9151c25e4.svg,zed-run,0.75,2863.762554513768,2.1576922063958155
3235538,671,Cryptic Gambit,https://storage.opensea.io/files/1e002e07145fa60478d85b9e51d3cc96.svg,zed-run,1.7,29287.41866868589,2.16185124826098
3240339,810,Ninth Sequence,https://storage.opensea.io/files/d4eff6e88286af4b50c16c8dc42fec53.svg,zed-run,1.0,10062.893476977066,2.158825338267119
3034179,349,Blink And You'll Miss It,https://storage.opensea.io/files/0748e46ef0f3c3d97d4dfdd1b9362f8d.svg,zed-run,2.25,51397.94215891034,2.1653314098426786
2996259,235,Ghost Rain,https://storage.opensea.io/files/c4a7809ce83ef05a7ca29f62d9aa24b0.svg,zed-run,5.0,128489.28265555632,2.177465465447318
3096701,448,Outrageous Aeon,https://storage.opensea.io/files/c4a7809ce83ef05a7ca29f62d9aa24b0.svg,zed-run,2.1,44773.41823710887,2.1642887202084924
15491381,6023,Social Drinker,https://storage.opensea.io/files/73f0d63ed102e8e4f20a2b9b4ad685fa.svg,zed-run,0.09,122.76466839456788,2.157260777644569
3701742,3466,Secret Place,https://storage.opensea.io/files/2953211f71fdaa355e15c5b90882f071.svg,zed-run,0.15,228.40874825140847,2.1572774058563895
2851663,64,Maybach And Diamonds,https://storage.opensea.io/files/0748e46ef0f3c3d97d4dfdd1b9362f8d.svg,zed-run,3.5,124307.07851577604,2.1768071931010966
3034184,351,Terms Of Engagement,https://storage.opensea.io/files/9da8918dc9e324cd0fdaf379e209fd0b.svg,zed-run,3.0,91198.87295331171,2.171596013678393
3005146,276,Autumn Gold,https://storage.opensea.io/files/640569dc9717f3179ea92c6a9a4fc754.svg,zed-run,4.5,204118.88095932192,2.1893694451324848
3457066,2483,Heyington Place,https://storage.opensea.io/files/9de1a44d1f39fd303c3655eb5ed157ae.svg,zed-run,0.15,228.38962777012495,2.157277402846856
2942988,120,Okay Thanks,https://storage.opensea.io/files/30cd266972ab77f9bc21ffa955025685.svg,zed-run,2.4,58580.42761385613,2.166461921743605
3034189,352,Cruising For A Bruising,https://storage.opensea.io/files/b0b60f206b0490332acb325def9367b5.svg,zed-run,4.0,242723.41003848927,2.195445737222099
2828389,42,Taco Tuesday,https://storage.opensea.io/files/dc4c82c07b2274f9be96a63327a2774d.svg,zed-run,3.5,123600.63736337362,2.1766960003760847
